ARM GAS  /tmp/ccXeXMPx.s 			page 1


   1              		.cpu cortex-m3
   2              		.arch armv7-m
   3              		.fpu softvfp
   4              		.eabi_attribute 20, 1
   5              		.eabi_attribute 21, 1
   6              		.eabi_attribute 23, 3
   7              		.eabi_attribute 24, 1
   8              		.eabi_attribute 25, 1
   9              		.eabi_attribute 26, 1
  10              		.eabi_attribute 30, 1
  11              		.eabi_attribute 34, 1
  12              		.eabi_attribute 18, 4
  13              		.file	"fonts.c"
  14              		.text
  15              	.Ltext0:
  16              		.cfi_sections	.debug_frame
  17              		.file 1 "../ST7789/fonts.c"
  18              		.global	Font_16x26
  19              		.section	.data.Font_16x26,"aw"
  20              		.align	2
  23              	Font_16x26:
  24 0000 10       		.byte	16
  25 0001 1A       		.byte	26
  26 0002 0000     		.space	2
  27 0004 00000000 		.word	Font16x26
  28              		.global	Font_11x18
  29              		.section	.data.Font_11x18,"aw"
  30              		.align	2
  33              	Font_11x18:
  34 0000 0B       		.byte	11
  35 0001 12       		.byte	18
  36 0002 0000     		.space	2
  37 0004 00000000 		.word	Font11x18
  38              		.global	Font_7x10
  39              		.section	.data.Font_7x10,"aw"
  40              		.align	2
  43              	Font_7x10:
  44 0000 07       		.byte	7
  45 0001 0A       		.byte	10
  46 0002 0000     		.space	2
  47 0004 00000000 		.word	Font7x10
  48              		.global	Font_8x8
  49              		.section	.data.Font_8x8,"aw"
  50              		.align	2
  53              	Font_8x8:
  54 0000 08       		.byte	8
  55 0001 08       		.byte	8
  56 0002 0000     		.space	2
  57 0004 00000000 		.word	Font8x8
  58              		.global	saber
  59              		.section	.rodata.saber,"a"
  60              		.align	2
  63              	saber:
  64 0000 0000     		.short	0
  65 0002 0000     		.short	0
  66 0004 0021     		.short	8448
  67 0006 0000     		.short	0
ARM GAS  /tmp/ccXeXMPx.s 			page 2


  68 0008 0021     		.short	8448
  69 000a 0000     		.short	0
  70 000c 0000     		.short	0
  71 000e 0820     		.short	8200
  72 0010 0040     		.short	16384
  73 0012 0020     		.short	8192
  74 0014 0001     		.short	256
  75 0016 0841     		.short	16648
  76 0018 0000     		.short	0
  77 001a 0000     		.short	0
  78 001c 0040     		.short	16384
  79 001e 0000     		.short	0
  80 0020 0800     		.short	8
  81 0022 0800     		.short	8
  82 0024 0802     		.short	520
  83 0026 0000     		.short	0
  84 0028 0800     		.short	8
  85 002a 0800     		.short	8
  86 002c 0000     		.short	0
  87 002e 0800     		.short	8
  88 0030 0000     		.short	0
  89 0032 0800     		.short	8
  90 0034 0800     		.short	8
  91 0036 0800     		.short	8
  92 0038 1042     		.short	16912
  93 003a 0000     		.short	0
  94 003c 0000     		.short	0
  95 003e 0020     		.short	8192
  96 0040 0000     		.short	0
  97 0042 0841     		.short	16648
  98 0044 0000     		.short	0
  99 0046 0000     		.short	0
 100 0048 0821     		.short	8456
 101 004a 0000     		.short	0
 102 004c 0000     		.short	0
 103 004e 0840     		.short	16392
 104 0050 0000     		.short	0
 105 0052 0820     		.short	8200
 106 0054 0000     		.short	0
 107 0056 0000     		.short	0
 108 0058 0800     		.short	8
 109 005a 0000     		.short	0
 110 005c 0000     		.short	0
 111 005e 0820     		.short	8200
 112 0060 0800     		.short	8
 113 0062 0000     		.short	0
 114 0064 0000     		.short	0
 115 0066 0000     		.short	0
 116 0068 0000     		.short	0
 117 006a 0000     		.short	0
 118 006c 0000     		.short	0
 119 006e 0000     		.short	0
 120 0070 0802     		.short	520
 121 0072 0000     		.short	0
 122 0074 0000     		.short	0
 123 0076 0002     		.short	512
 124 0078 0002     		.short	512
ARM GAS  /tmp/ccXeXMPx.s 			page 3


 125 007a 0001     		.short	256
 126 007c 0000     		.short	0
 127 007e 0800     		.short	8
 128 0080 0800     		.short	8
 129 0082 0000     		.short	0
 130 0084 0000     		.short	0
 131 0086 0000     		.short	0
 132 0088 0800     		.short	8
 133 008a 0000     		.short	0
 134 008c 0821     		.short	8456
 135 008e 0001     		.short	256
 136 0090 0800     		.short	8
 137 0092 0821     		.short	8456
 138 0094 0000     		.short	0
 139 0096 0000     		.short	0
 140 0098 0000     		.short	0
 141 009a 0000     		.short	0
 142 009c 0800     		.short	8
 143 009e 0800     		.short	8
 144 00a0 0841     		.short	16648
 145 00a2 0000     		.short	0
 146 00a4 0000     		.short	0
 147 00a6 0020     		.short	8192
 148 00a8 0000     		.short	0
 149 00aa 0000     		.short	0
 150 00ac 0001     		.short	256
 151 00ae 0001     		.short	256
 152 00b0 0820     		.short	8200
 153 00b2 0000     		.short	0
 154 00b4 0060     		.short	24576
 155 00b6 0000     		.short	0
 156 00b8 1000     		.short	16
 157 00ba 0800     		.short	8
 158 00bc 0000     		.short	0
 159 00be 0020     		.short	8192
 160 00c0 0800     		.short	8
 161 00c2 0020     		.short	8192
 162 00c4 0000     		.short	0
 163 00c6 0000     		.short	0
 164 00c8 0800     		.short	8
 165 00ca 0800     		.short	8
 166 00cc 0000     		.short	0
 167 00ce 0020     		.short	8192
 168 00d0 0040     		.short	16384
 169 00d2 0000     		.short	0
 170 00d4 0021     		.short	8448
 171 00d6 0000     		.short	0
 172 00d8 0060     		.short	24576
 173 00da 0060     		.short	24576
 174 00dc 0000     		.short	0
 175 00de 1000     		.short	16
 176 00e0 0020     		.short	8192
 177 00e2 0000     		.short	0
 178 00e4 0820     		.short	8200
 179 00e6 0000     		.short	0
 180 00e8 0000     		.short	0
 181 00ea 1000     		.short	16
ARM GAS  /tmp/ccXeXMPx.s 			page 4


 182 00ec 0800     		.short	8
 183 00ee 0000     		.short	0
 184 00f0 0800     		.short	8
 185 00f2 0000     		.short	0
 186 00f4 0020     		.short	8192
 187 00f6 0000     		.short	0
 188 00f8 0800     		.short	8
 189 00fa 0800     		.short	8
 190 00fc 1042     		.short	16912
 191 00fe 0000     		.short	0
 192 0100 0861     		.short	24840
 193 0102 FFDF     		.short	-8193
 194 0104 F7BE     		.short	-16649
 195 0106 FFFF     		.short	-1
 196 0108 F7BD     		.short	-16905
 197 010a CE77     		.short	30670
 198 010c F79B     		.short	-25609
 199 010e FFBB     		.short	-17409
 200 0110 FFFB     		.short	-1025
 201 0112 E6F9     		.short	-1562
 202 0114 D637     		.short	14294
 203 0116 C5B5     		.short	-19003
 204 0118 C5B4     		.short	-19259
 205 011a F779     		.short	31223
 206 011c F799     		.short	-26121
 207 011e FFBA     		.short	-17665
 208 0120 FFDA     		.short	-9473
 209 0122 EF38     		.short	14575
 210 0124 BDB4     		.short	-19267
 211 0126 C5F4     		.short	-2875
 212 0128 EF58     		.short	22767
 213 012a F798     		.short	-26377
 214 012c F758     		.short	22775
 215 012e FF9A     		.short	-25857
 216 0130 E718     		.short	6375
 217 0132 C5F4     		.short	-2875
 218 0134 C5D3     		.short	-11323
 219 0136 DE96     		.short	-26914
 220 0138 D655     		.short	21974
 221 013a FFBA     		.short	-17665
 222 013c F7B9     		.short	-17929
 223 013e F7D9     		.short	-9737
 224 0140 F7B9     		.short	-17929
 225 0142 F799     		.short	-26121
 226 0144 F79A     		.short	-25865
 227 0146 F799     		.short	-26121
 228 0148 F799     		.short	-26121
 229 014a FFDA     		.short	-9473
 230 014c FFDA     		.short	-9473
 231 014e F7B9     		.short	-17929
 232 0150 FFBA     		.short	-17665
 233 0152 F799     		.short	-26121
 234 0154 FFBA     		.short	-17665
 235 0156 FFBA     		.short	-17665
 236 0158 FFB9     		.short	-17921
 237 015a FFBA     		.short	-17665
 238 015c F799     		.short	-26121
ARM GAS  /tmp/ccXeXMPx.s 			page 5


 239 015e FFDA     		.short	-9473
 240 0160 FFBA     		.short	-17665
 241 0162 FFBA     		.short	-17665
 242 0164 FFBA     		.short	-17665
 243 0166 FFBA     		.short	-17665
 244 0168 FFB9     		.short	-17921
 245 016a FFB9     		.short	-17921
 246 016c FFB9     		.short	-17921
 247 016e FFBA     		.short	-17665
 248 0170 F77A     		.short	31479
 249 0172 FFFA     		.short	-1281
 250 0174 CE74     		.short	29902
 251 0176 9CB1     		.short	-20068
 252 0178 AD54     		.short	21677
 253 017a C5D4     		.short	-11067
 254 017c DEB6     		.short	-18722
 255 017e FF9A     		.short	-25857
 256 0180 FFBA     		.short	-17665
 257 0182 F799     		.short	-26121
 258 0184 FFB9     		.short	-17921
 259 0186 FFB9     		.short	-17921
 260 0188 F7B9     		.short	-17929
 261 018a FFDA     		.short	-9473
 262 018c EF58     		.short	22767
 263 018e BDF3     		.short	-3139
 264 0190 F77A     		.short	31479
 265 0192 FFDB     		.short	-9217
 266 0194 FFFB     		.short	-1025
 267 0196 FFDA     		.short	-9473
 268 0198 FFDA     		.short	-9473
 269 019a EF58     		.short	22767
 270 019c EF58     		.short	22767
 271 019e FFFB     		.short	-1025
 272 01a0 F799     		.short	-26121
 273 01a2 FFDA     		.short	-9473
 274 01a4 FFDA     		.short	-9473
 275 01a6 F7B9     		.short	-17929
 276 01a8 FFFA     		.short	-1281
 277 01aa DEF7     		.short	-2082
 278 01ac BDF4     		.short	-2883
 279 01ae EF59     		.short	23023
 280 01b0 FFBC     		.short	-17153
 281 01b2 F7BB     		.short	-17417
 282 01b4 F7FC     		.short	-777
 283 01b6 F7BB     		.short	-17417
 284 01b8 F75A     		.short	23287
 285 01ba FF7B     		.short	31743
 286 01bc FFFC     		.short	-769
 287 01be F7BB     		.short	-17417
 288 01c0 F77B     		.short	31735
 289 01c2 E73A     		.short	15079
 290 01c4 BE15     		.short	5566
 291 01c6 CE36     		.short	14030
 292 01c8 FF7C     		.short	31999
 293 01ca F73A     		.short	15095
 294 01cc FFBC     		.short	-17153
 295 01ce FFFC     		.short	-769
ARM GAS  /tmp/ccXeXMPx.s 			page 6


 296 01d0 CE58     		.short	22734
 297 01d2 C5D5     		.short	-10811
 298 01d4 F75A     		.short	23287
 299 01d6 FFDD     		.short	-8705
 300 01d8 F79C     		.short	-25353
 301 01da B575     		.short	30133
 302 01dc 9410     		.short	4244
 303 01de A450     		.short	20644
 304 01e0 B431     		.short	12724
 305 01e2 C411     		.short	4548
 306 01e4 CC93     		.short	-27700
 307 01e6 BC92     		.short	-27972
 308 01e8 BC72     		.short	29372
 309 01ea CC72     		.short	29388
 310 01ec CC72     		.short	29388
 311 01ee BC92     		.short	-27972
 312 01f0 C472     		.short	29380
 313 01f2 BC92     		.short	-27972
 314 01f4 BCF4     		.short	-2884
 315 01f6 ACB2     		.short	-19796
 316 01f8 B4D3     		.short	-11340
 317 01fa C576     		.short	30405
 318 01fc 9CB3     		.short	-19556
 319 01fe 0862     		.short	25096
 320 0200 0000     		.short	0
 321 0202 FFFF     		.short	-1
 322 0204 FFFF     		.short	-1
 323 0206 F79D     		.short	-25097
 324 0208 C636     		.short	14022
 325 020a E6F7     		.short	-2074
 326 020c FFB9     		.short	-17921
 327 020e FF97     		.short	-26625
 328 0210 FF57     		.short	22527
 329 0212 DE34     		.short	13534
 330 0214 DE36     		.short	14046
 331 0216 B4F0     		.short	-3916
 332 0218 CDB1     		.short	-20019
 333 021a FF76     		.short	30463
 334 021c FF76     		.short	30463
 335 021e FFD7     		.short	-10241
 336 0220 F757     		.short	22519
 337 0222 D653     		.short	21462
 338 0224 9C8D     		.short	-29284
 339 0226 CE32     		.short	13006
 340 0228 FFB6     		.short	-18689
 341 022a F754     		.short	21751
 342 022c F775     		.short	30199
 343 022e FFB7     		.short	-18433
 344 0230 D633     		.short	13270
 345 0232 ACCE     		.short	-12628
 346 0234 C5B1     		.short	-20027
 347 0236 CDF2     		.short	-3379
 348 0238 E6B4     		.short	-19226
 349 023a FFF8     		.short	-1793
 350 023c FFD7     		.short	-10241
 351 023e FFF7     		.short	-2049
 352 0240 FFF7     		.short	-2049
ARM GAS  /tmp/ccXeXMPx.s 			page 7


 353 0242 FFD7     		.short	-10241
 354 0244 FFD7     		.short	-10241
 355 0246 FFB7     		.short	-18433
 356 0248 FFB6     		.short	-18689
 357 024a FFF7     		.short	-2049
 358 024c FFD7     		.short	-10241
 359 024e FFB6     		.short	-18689
 360 0250 FFB7     		.short	-18433
 361 0252 EF55     		.short	21999
 362 0254 FFD7     		.short	-10241
 363 0256 FFD7     		.short	-10241
 364 0258 FFB6     		.short	-18689
 365 025a FFD7     		.short	-10241
 366 025c FFB6     		.short	-18689
 367 025e FFD7     		.short	-10241
 368 0260 FFB7     		.short	-18433
 369 0262 FFD7     		.short	-10241
 370 0264 FFD7     		.short	-10241
 371 0266 FFB7     		.short	-18433
 372 0268 FFB7     		.short	-18433
 373 026a FFB6     		.short	-18689
 374 026c FFB7     		.short	-18433
 375 026e FFD7     		.short	-10241
 376 0270 FF97     		.short	-26625
 377 0272 FFF7     		.short	-2049
 378 0274 E734     		.short	13543
 379 0276 8C4D     		.short	19852
 380 0278 83CD     		.short	-12925
 381 027a 9CAE     		.short	-20836
 382 027c D653     		.short	21462
 383 027e EED5     		.short	-10770
 384 0280 FFD7     		.short	-10241
 385 0282 FFD7     		.short	-10241
 386 0284 FF96     		.short	-26881
 387 0286 FFD6     		.short	-10497
 388 0288 FFB6     		.short	-18689
 389 028a FFF7     		.short	-2049
 390 028c FFB6     		.short	-18689
 391 028e D692     		.short	-27946
 392 0290 BDB0     		.short	-20291
 393 0292 EF36     		.short	14063
 394 0294 FFF9     		.short	-1537
 395 0296 F776     		.short	30455
 396 0298 FFB6     		.short	-18689
 397 029a F755     		.short	22007
 398 029c E6F4     		.short	-2842
 399 029e EF36     		.short	14063
 400 02a0 FFF8     		.short	-1793
 401 02a2 F775     		.short	30199
 402 02a4 FFF7     		.short	-2049
 403 02a6 FFD7     		.short	-10241
 404 02a8 FFD7     		.short	-10241
 405 02aa F776     		.short	30455
 406 02ac BDD0     		.short	-12099
 407 02ae BDD1     		.short	-11843
 408 02b0 FF38     		.short	14591
 409 02b2 FFDA     		.short	-9473
ARM GAS  /tmp/ccXeXMPx.s 			page 8


 410 02b4 FFFB     		.short	-1025
 411 02b6 FFFA     		.short	-1281
 412 02b8 E736     		.short	14055
 413 02ba EF36     		.short	14063
 414 02bc FFD8     		.short	-9985
 415 02be FFD8     		.short	-9985
 416 02c0 FFB9     		.short	-17921
 417 02c2 FFFB     		.short	-1025
 418 02c4 BDD2     		.short	-11587
 419 02c6 BD92     		.short	-27971
 420 02c8 DE35     		.short	13790
 421 02ca FF79     		.short	31231
 422 02cc FFB9     		.short	-17921
 423 02ce F7F9     		.short	-1545
 424 02d0 F73C     		.short	15607
 425 02d2 BD72     		.short	29373
 426 02d4 DE54     		.short	21726
 427 02d6 FF58     		.short	22783
 428 02d8 FFDD     		.short	-8705
 429 02da E69A     		.short	-25882
 430 02dc 8BAE     		.short	-20853
 431 02de 832B     		.short	11139
 432 02e0 BB2E     		.short	11963
 433 02e2 CAEE     		.short	-4406
 434 02e4 CB2E     		.short	11979
 435 02e6 BB2E     		.short	11963
 436 02e8 BB4E     		.short	20155
 437 02ea C30E     		.short	3779
 438 02ec D32E     		.short	11987
 439 02ee C32E     		.short	11971
 440 02f0 CB0E     		.short	3787
 441 02f2 BB2E     		.short	11963
 442 02f4 B3AF     		.short	-20557
 443 02f6 ABEF     		.short	-4181
 444 02f8 A410     		.short	4260
 445 02fa B4F4     		.short	-2892
 446 02fc AD14     		.short	5293
 447 02fe 0000     		.short	0
 448 0300 1061     		.short	24848
 449 0302 F79E     		.short	-24841
 450 0304 FFFF     		.short	-1
 451 0306 F79D     		.short	-25097
 452 0308 A531     		.short	12709
 453 030a FFFA     		.short	-1281
 454 030c FFB7     		.short	-18433
 455 030e FFD6     		.short	-10497
 456 0310 FF35     		.short	13823
 457 0312 CD70     		.short	28877
 458 0314 BCD0     		.short	-12100
 459 0316 9C0C     		.short	3228
 460 0318 DE34     		.short	13534
 461 031a FF36     		.short	14079
 462 031c FF96     		.short	-26881
 463 031e FF56     		.short	22271
 464 0320 F6D7     		.short	-10250
 465 0322 B4EF     		.short	-4172
 466 0324 9C2C     		.short	11420
ARM GAS  /tmp/ccXeXMPx.s 			page 9


 467 0326 F716     		.short	5879
 468 0328 FF76     		.short	30463
 469 032a E6B2     		.short	-19738
 470 032c F735     		.short	13815
 471 032e E6B4     		.short	-19226
 472 0330 A44E     		.short	20132
 473 0332 ACAF     		.short	-20564
 474 0334 D5F3     		.short	-3115
 475 0336 D613     		.short	5078
 476 0338 FF77     		.short	30719
 477 033a FF77     		.short	30719
 478 033c F755     		.short	22007
 479 033e FFB7     		.short	-18433
 480 0340 F776     		.short	30455
 481 0342 FFD7     		.short	-10241
 482 0344 FFB7     		.short	-18433
 483 0346 FF96     		.short	-26881
 484 0348 FFB6     		.short	-18689
 485 034a FF96     		.short	-26881
 486 034c FF77     		.short	30719
 487 034e FFB8     		.short	-18177
 488 0350 E6D4     		.short	-11034
 489 0352 EF15     		.short	5615
 490 0354 FF96     		.short	-26881
 491 0356 FF96     		.short	-26881
 492 0358 FF76     		.short	30463
 493 035a FF96     		.short	-26881
 494 035c FF76     		.short	30463
 495 035e FF96     		.short	-26881
 496 0360 FF76     		.short	30463
 497 0362 FF76     		.short	30463
 498 0364 FF96     		.short	-26881
 499 0366 FF76     		.short	30463
 500 0368 FF76     		.short	30463
 501 036a FF76     		.short	30463
 502 036c FF76     		.short	30463
 503 036e FF76     		.short	30463
 504 0370 FFB7     		.short	-18433
 505 0372 F795     		.short	-27145
 506 0374 F796     		.short	-26889
 507 0376 7BAC     		.short	-21381
 508 0378 5208     		.short	2130
 509 037a 832B     		.short	11139
 510 037c B4CF     		.short	-12364
 511 037e D5D3     		.short	-11307
 512 0380 FF56     		.short	22271
 513 0382 FF97     		.short	-26625
 514 0384 FF55     		.short	22015
 515 0386 FF95     		.short	-27137
 516 0388 FF75     		.short	30207
 517 038a FF96     		.short	-26881
 518 038c FF96     		.short	-26881
 519 038e FFB7     		.short	-18433
 520 0390 AD0E     		.short	3757
 521 0392 BD90     		.short	-28483
 522 0394 F716     		.short	5879
 523 0396 FF76     		.short	30463
ARM GAS  /tmp/ccXeXMPx.s 			page 10


 524 0398 FFB6     		.short	-18689
 525 039a FF96     		.short	-26881
 526 039c EF15     		.short	5615
 527 039e CDF2     		.short	-3379
 528 03a0 FF56     		.short	22271
 529 03a2 FF76     		.short	30463
 530 03a4 F735     		.short	13815
 531 03a6 FFB7     		.short	-18433
 532 03a8 FF76     		.short	30463
 533 03aa FF97     		.short	-26625
 534 03ac F757     		.short	22519
 535 03ae A4AD     		.short	-21084
 536 03b0 CD71     		.short	29133
 537 03b2 F717     		.short	6135
 538 03b4 FFD9     		.short	-9729
 539 03b6 FFF9     		.short	-1537
 540 03b8 E736     		.short	14055
 541 03ba DEB3     		.short	-19490
 542 03bc E6D4     		.short	-11034
 543 03be FFD8     		.short	-9985
 544 03c0 F7B8     		.short	-18185
 545 03c2 FFF9     		.short	-1537
 546 03c4 F778     		.short	30967
 547 03c6 ACAE     		.short	-20820
 548 03c8 C530     		.short	12485
 549 03ca E613     		.short	5094
 550 03cc FF98     		.short	-26369
 551 03ce EF56     		.short	22255
 552 03d0 FFDC     		.short	-8961
 553 03d2 D654     		.short	21718
 554 03d4 A48C     		.short	-29532
 555 03d6 C570     		.short	28869
 556 03d8 FF19     		.short	6655
 557 03da FFBD     		.short	-16897
 558 03dc C594     		.short	-27451
 559 03de 6288     		.short	-30622
 560 03e0 B2CC     		.short	-13134
 561 03e2 C28C     		.short	-29502
 562 03e4 BA2A     		.short	10938
 563 03e6 AA4A     		.short	19114
 564 03e8 B2CB     		.short	-13390
 565 03ea B24A     		.short	19122
 566 03ec C26B     		.short	27586
 567 03ee B24A     		.short	19122
 568 03f0 CA4B     		.short	19402
 569 03f2 BA6B     		.short	27578
 570 03f4 9A6A     		.short	27290
 571 03f6 9B2D     		.short	11675
 572 03f8 9B8E     		.short	-29029
 573 03fa 9C30     		.short	12444
 574 03fc A4F3     		.short	-3164
 575 03fe 0061     		.short	24832
 576 0400 0000     		.short	0
 577 0402 FFFF     		.short	-1
 578 0404 FFDF     		.short	-8193
 579 0406 FFFE     		.short	-257
 580 0408 AD51     		.short	20909
ARM GAS  /tmp/ccXeXMPx.s 			page 11


 581 040a F757     		.short	22519
 582 040c F734     		.short	13559
 583 040e FFB4     		.short	-19201
 584 0410 D5AF     		.short	-20523
 585 0412 D5B1     		.short	-20011
 586 0414 93EC     		.short	-4973
 587 0416 83AB     		.short	-21629
 588 0418 A48E     		.short	-29020
 589 041a BD70     		.short	28861
 590 041c E6B5     		.short	-18970
 591 041e EEB6     		.short	-18706
 592 0420 E656     		.short	22246
 593 0422 8B8B     		.short	-29813
 594 0424 A46E     		.short	28324
 595 0426 FF57     		.short	22527
 596 0428 EEB3     		.short	-19474
 597 042a F6F3     		.short	-3082
 598 042c FF97     		.short	-26625
 599 042e BD30     		.short	12477
 600 0430 8B6B     		.short	27531
 601 0432 BD11     		.short	4541
 602 0434 C571     		.short	29125
 603 0436 F6F6     		.short	-2314
 604 0438 FF76     		.short	30463
 605 043a FF97     		.short	-26625
 606 043c FF56     		.short	22271
 607 043e FF56     		.short	22271
 608 0440 EED4     		.short	-11026
 609 0442 FF96     		.short	-26881
 610 0444 FF75     		.short	30207
 611 0446 FF75     		.short	30207
 612 0448 FF96     		.short	-26881
 613 044a FF76     		.short	30463
 614 044c FF98     		.short	-26369
 615 044e FF57     		.short	22527
 616 0450 DE51     		.short	20958
 617 0452 FF56     		.short	22271
 618 0454 FF96     		.short	-26881
 619 0456 FF76     		.short	30463
 620 0458 FF96     		.short	-26881
 621 045a FF96     		.short	-26881
 622 045c FF96     		.short	-26881
 623 045e FF76     		.short	30463
 624 0460 FF97     		.short	-26625
 625 0462 FF76     		.short	30463
 626 0464 FF96     		.short	-26881
 627 0466 FF76     		.short	30463
 628 0468 FF96     		.short	-26881
 629 046a FF76     		.short	30463
 630 046c FF76     		.short	30463
 631 046e F714     		.short	5367
 632 0470 FF35     		.short	13823
 633 0472 FFB5     		.short	-18945
 634 0474 FFF8     		.short	-1793
 635 0476 944E     		.short	20116
 636 0478 938E     		.short	-29037
 637 047a B470     		.short	28852
ARM GAS  /tmp/ccXeXMPx.s 			page 12


 638 047c 936B     		.short	27539
 639 047e CD73     		.short	29645
 640 0480 DE32     		.short	13022
 641 0482 FF36     		.short	14079
 642 0484 FF96     		.short	-26881
 643 0486 FF96     		.short	-26881
 644 0488 FF55     		.short	22015
 645 048a FF55     		.short	22015
 646 048c FF75     		.short	30207
 647 048e FF76     		.short	30463
 648 0490 EED5     		.short	-10770
 649 0492 A46C     		.short	27812
 650 0494 C571     		.short	29125
 651 0496 FF37     		.short	14335
 652 0498 FF76     		.short	30463
 653 049a FF75     		.short	30207
 654 049c FF56     		.short	22271
 655 049e BD50     		.short	20669
 656 04a0 CD6F     		.short	28621
 657 04a2 FF57     		.short	22527
 658 04a4 FF56     		.short	22271
 659 04a6 FF56     		.short	22271
 660 04a8 FF76     		.short	30463
 661 04aa FF77     		.short	30719
 662 04ac FFB8     		.short	-18177
 663 04ae D633     		.short	13270
 664 04b0 A40C     		.short	3236
 665 04b2 CD72     		.short	29389
 666 04b4 F717     		.short	6135
 667 04b6 FFFA     		.short	-1281
 668 04b8 FFF9     		.short	-1537
 669 04ba E715     		.short	5607
 670 04bc D632     		.short	13014
 671 04be FF37     		.short	14335
 672 04c0 FFD9     		.short	-9729
 673 04c2 EF78     		.short	30959
 674 04c4 FFFB     		.short	-1025
 675 04c6 CDD3     		.short	-11315
 676 04c8 A42D     		.short	11684
 677 04ca C530     		.short	12485
 678 04cc EEB5     		.short	-18962
 679 04ce FFB9     		.short	-17921
 680 04d0 F797     		.short	-26633
 681 04d2 FFFA     		.short	-1281
 682 04d4 B530     		.short	12469
 683 04d6 A4CE     		.short	-12636
 684 04d8 D632     		.short	13014
 685 04da F716     		.short	5879
 686 04dc FFBA     		.short	-17665
 687 04de 7BAC     		.short	-21381
 688 04e0 89C6     		.short	-14711
 689 04e2 B1E9     		.short	-5711
 690 04e4 B9A8     		.short	-22343
 691 04e6 A9C7     		.short	-14423
 692 04e8 AA29     		.short	10666
 693 04ea A987     		.short	-30807
 694 04ec B9E8     		.short	-5959
ARM GAS  /tmp/ccXeXMPx.s 			page 13


 695 04ee A9A7     		.short	-22615
 696 04f0 A967     		.short	26537
 697 04f2 AA09     		.short	2474
 698 04f4 89E7     		.short	-6263
 699 04f6 8289     		.short	-30334
 700 04f8 82EB     		.short	-5246
 701 04fa 93CF     		.short	-12397
 702 04fc A4D2     		.short	-11612
 703 04fe 0000     		.short	0
 704 0500 0000     		.short	0
 705 0502 FFFF     		.short	-1
 706 0504 F7BE     		.short	-16649
 707 0506 FFDE     		.short	-8449
 708 0508 AD32     		.short	12973
 709 050a E6D5     		.short	-10778
 710 050c FFD6     		.short	-10497
 711 050e FF52     		.short	21247
 712 0510 C52E     		.short	11973
 713 0512 C52F     		.short	12229
 714 0514 7308     		.short	2163
 715 0516 DE96     		.short	-26914
 716 0518 AD30     		.short	12461
 717 051a 7BA9     		.short	-22149
 718 051c 7B69     		.short	27003
 719 051e A48F     		.short	-28764
 720 0520 AC8E     		.short	-29012
 721 0522 72E7     		.short	-6286
 722 0524 D5D1     		.short	-11819
 723 0526 FF55     		.short	22015
 724 0528 DE4F     		.short	20446
 725 052a F733     		.short	13303
 726 052c EEB3     		.short	-19474
 727 052e 8B89     		.short	-30325
 728 0530 AC2C     		.short	11436
 729 0532 BD0E     		.short	3773
 730 0534 D5F0     		.short	-3883
 731 0536 FF74     		.short	29951
 732 0538 FF74     		.short	29951
 733 053a FF74     		.short	29951
 734 053c FFB6     		.short	-18689
 735 053e EE92     		.short	-27922
 736 0540 EED2     		.short	-11538
 737 0542 FF74     		.short	29951
 738 0544 FF74     		.short	29951
 739 0546 FF73     		.short	29695
 740 0548 FF53     		.short	21503
 741 054a FF95     		.short	-27137
 742 054c FF76     		.short	30463
 743 054e D611     		.short	4566
 744 0550 DE2F     		.short	12254
 745 0552 FF94     		.short	-27393
 746 0554 FF94     		.short	-27393
 747 0556 FF74     		.short	29951
 748 0558 FF94     		.short	-27393
 749 055a FF74     		.short	29951
 750 055c FF74     		.short	29951
 751 055e FF73     		.short	29695
ARM GAS  /tmp/ccXeXMPx.s 			page 14


 752 0560 FF74     		.short	29951
 753 0562 FF33     		.short	13311
 754 0564 FF95     		.short	-27137
 755 0566 FF54     		.short	21759
 756 0568 FF74     		.short	29951
 757 056a FF74     		.short	29951
 758 056c FF54     		.short	21759
 759 056e E691     		.short	-28186
 760 0570 FEF3     		.short	-3074
 761 0572 F773     		.short	29687
 762 0574 FFF5     		.short	-2561
 763 0576 B54F     		.short	20405
 764 0578 AC4F     		.short	20396
 765 057a E593     		.short	-27675
 766 057c 9B6A     		.short	27291
 767 057e B48E     		.short	-29004
 768 0580 C52D     		.short	11717
 769 0582 EE92     		.short	-27922
 770 0584 FFB6     		.short	-18689
 771 0586 FF54     		.short	21759
 772 0588 EED1     		.short	-11794
 773 058a F712     		.short	4855
 774 058c FFB5     		.short	-18945
 775 058e FF53     		.short	21503
 776 0590 FFD6     		.short	-10497
 777 0592 B50D     		.short	3509
 778 0594 A42B     		.short	11172
 779 0596 D590     		.short	-28459
 780 0598 F6B2     		.short	-19722
 781 059a FF74     		.short	29951
 782 059c FF75     		.short	30207
 783 059e BD8F     		.short	-28739
 784 05a0 AC4B     		.short	19372
 785 05a2 CD6F     		.short	28621
 786 05a4 FF35     		.short	13823
 787 05a6 FF75     		.short	30207
 788 05a8 FF54     		.short	21759
 789 05aa FF95     		.short	-27137
 790 05ac F733     		.short	13303
 791 05ae FFD6     		.short	-10497
 792 05b0 A46E     		.short	28324
 793 05b2 9C0C     		.short	3228
 794 05b4 D5D3     		.short	-11307
 795 05b6 FF79     		.short	31231
 796 05b8 FFFB     		.short	-1025
 797 05ba F778     		.short	30967
 798 05bc D633     		.short	13270
 799 05be D5B1     		.short	-20011
 800 05c0 FFFA     		.short	-1281
 801 05c2 FFBA     		.short	-17665
 802 05c4 F799     		.short	-26121
 803 05c6 FFBB     		.short	-17409
 804 05c8 93EC     		.short	-4973
 805 05ca BCAF     		.short	-20548
 806 05cc BD0F     		.short	4029
 807 05ce FF37     		.short	14335
 808 05d0 FFF7     		.short	-2049
ARM GAS  /tmp/ccXeXMPx.s 			page 15


 809 05d2 FFFA     		.short	-1281
 810 05d4 E739     		.short	14823
 811 05d6 946D     		.short	28052
 812 05d8 A4AC     		.short	-21340
 813 05da D631     		.short	12758
 814 05dc FFB9     		.short	-17921
 815 05de D676     		.short	30422
 816 05e0 7144     		.short	17521
 817 05e2 9105     		.short	1425
 818 05e4 B947     		.short	18361
 819 05e6 B126     		.short	9905
 820 05e8 A946     		.short	18089
 821 05ea A0C5     		.short	-14944
 822 05ec B926     		.short	9913
 823 05ee B126     		.short	9905
 824 05f0 A966     		.short	26281
 825 05f2 99C7     		.short	-14439
 826 05f4 79A6     		.short	-22919
 827 05f6 7228     		.short	10354
 828 05f8 7269     		.short	26994
 829 05fa 834D     		.short	19843
 830 05fc A492     		.short	-27996
 831 05fe 0000     		.short	0
 832 0600 0020     		.short	8192
 833 0602 EF9E     		.short	-24849
 834 0604 FFFF     		.short	-1
 835 0606 FFFF     		.short	-1
 836 0608 BD94     		.short	-27459
 837 060a C5D2     		.short	-11579
 838 060c FFF7     		.short	-2049
 839 060e E690     		.short	-28442
 840 0610 BCAD     		.short	-21060
 841 0612 BCCE     		.short	-12612
 842 0614 8388     		.short	-30589
 843 0616 FFB8     		.short	-18177
 844 0618 F796     		.short	-26889
 845 061a F775     		.short	30199
 846 061c C5B0     		.short	-20283
 847 061e 8BCA     		.short	-13685
 848 0620 6A85     		.short	-31382
 849 0622 6AA5     		.short	-23190
 850 0624 F6D4     		.short	-11018
 851 0626 EED2     		.short	-11538
 852 0628 EED0     		.short	-12050
 853 062a FF53     		.short	21503
 854 062c C54E     		.short	20165
 855 062e 8B69     		.short	27019
 856 0630 C4ED     		.short	-4668
 857 0632 C52D     		.short	11717
 858 0634 F6F3     		.short	-3082
 859 0636 FF73     		.short	29695
 860 0638 FFB4     		.short	-19201
 861 063a FF53     		.short	21503
 862 063c FF34     		.short	13567
 863 063e D5EF     		.short	-4139
 864 0640 FF54     		.short	21759
 865 0642 FF74     		.short	29951
ARM GAS  /tmp/ccXeXMPx.s 			page 16


 866 0644 FFB4     		.short	-19201
 867 0646 FF93     		.short	-27649
 868 0648 FF73     		.short	29695
 869 064a FF95     		.short	-27137
 870 064c E692     		.short	-27930
 871 064e ACCC     		.short	-13140
 872 0650 EEF1     		.short	-3602
 873 0652 FF94     		.short	-27393
 874 0654 FF73     		.short	29695
 875 0656 FF73     		.short	29695
 876 0658 FF94     		.short	-27393
 877 065a FF73     		.short	29695
 878 065c FF73     		.short	29695
 879 065e FF93     		.short	-27649
 880 0660 F6F2     		.short	-3338
 881 0662 EED1     		.short	-11794
 882 0664 FF74     		.short	29951
 883 0666 FF74     		.short	29951
 884 0668 FF53     		.short	21503
 885 066a FF74     		.short	29951
 886 066c FF74     		.short	29951
 887 066e DE2F     		.short	12254
 888 0670 F693     		.short	-27658
 889 0672 F752     		.short	21239
 890 0674 F7B3     		.short	-19465
 891 0676 DE72     		.short	29406
 892 0678 9349     		.short	18835
 893 067a E531     		.short	12773
 894 067c BC2C     		.short	11452
 895 067e 8B29     		.short	10635
 896 0680 BD0D     		.short	3517
 897 0682 D5CF     		.short	-12331
 898 0684 FF75     		.short	30207
 899 0686 FF54     		.short	21759
 900 0688 EED1     		.short	-11794
 901 068a DE2F     		.short	12254
 902 068c FF53     		.short	21503
 903 068e FF74     		.short	29951
 904 0690 FFB3     		.short	-19457
 905 0692 EEF4     		.short	-2834
 906 0694 A44C     		.short	19620
 907 0696 AC4C     		.short	19628
 908 0698 DDF0     		.short	-3875
 909 069a FF73     		.short	29695
 910 069c FFB5     		.short	-18945
 911 069e E6D3     		.short	-11290
 912 06a0 B46C     		.short	27828
 913 06a2 AC6B     		.short	27564
 914 06a4 D5D0     		.short	-12075
 915 06a6 FF54     		.short	21759
 916 06a8 FF94     		.short	-27393
 917 06aa FF73     		.short	29695
 918 06ac FF94     		.short	-27393
 919 06ae FFB4     		.short	-19201
 920 06b0 D653     		.short	21462
 921 06b2 93EA     		.short	-5485
 922 06b4 B4AD     		.short	-21068
ARM GAS  /tmp/ccXeXMPx.s 			page 17


 923 06b6 DE53     		.short	21470
 924 06b8 FF98     		.short	-26369
 925 06ba FFB9     		.short	-17921
 926 06bc EEF6     		.short	-2322
 927 06be BD0F     		.short	4029
 928 06c0 EED6     		.short	-10514
 929 06c2 FFFA     		.short	-1281
 930 06c4 FFFA     		.short	-1281
 931 06c6 FFDA     		.short	-9473
 932 06c8 CDF3     		.short	-3123
 933 06ca 93AA     		.short	-21869
 934 06cc B48D     		.short	-29260
 935 06ce CD50     		.short	20685
 936 06d0 FFB8     		.short	-18177
 937 06d2 F799     		.short	-26121
 938 06d4 FFFC     		.short	-769
 939 06d6 B592     		.short	-27979
 940 06d8 8BEA     		.short	-5493
 941 06da BD2E     		.short	11965
 942 06dc DE52     		.short	21214
 943 06de FFF9     		.short	-1537
 944 06e0 9B8C     		.short	-29541
 945 06e2 78C3     		.short	-15496
 946 06e4 B106     		.short	1713
 947 06e6 A8C5     		.short	-14936
 948 06e8 A0C4     		.short	-15200
 949 06ea A8A4     		.short	-23384
 950 06ec A8C4     		.short	-15192
 951 06ee A8E5     		.short	-6744
 952 06f0 A906     		.short	1705
 953 06f2 8904     		.short	1161
 954 06f4 60C3     		.short	-15520
 955 06f6 61A6     		.short	-22943
 956 06f8 7249     		.short	18802
 957 06fa 834D     		.short	19843
 958 06fc 9C51     		.short	20892
 959 06fe 0800     		.short	8
 960 0700 0000     		.short	0
 961 0702 FFFF     		.short	-1
 962 0704 FFDF     		.short	-8193
 963 0706 FFDF     		.short	-8193
 964 0708 D678     		.short	30934
 965 070a 942D     		.short	11668
 966 070c FF56     		.short	22271
 967 070e D630     		.short	12502
 968 0710 CCEE     		.short	-4404
 969 0712 9BC9     		.short	-13925
 970 0714 9C09     		.short	2460
 971 0716 FF95     		.short	-27137
 972 0718 FFF4     		.short	-2817
 973 071a F772     		.short	29431
 974 071c FFB5     		.short	-18945
 975 071e F6F4     		.short	-2826
 976 0720 8329     		.short	10627
 977 0722 8BAA     		.short	-21877
 978 0724 FF37     		.short	14335
 979 0726 D5F0     		.short	-3883
ARM GAS  /tmp/ccXeXMPx.s 			page 18


 980 0728 F713     		.short	5111
 981 072a F6F4     		.short	-2826
 982 072c 93AA     		.short	-21869
 983 072e 8B8C     		.short	-29557
 984 0730 BCCD     		.short	-12868
 985 0732 D58F     		.short	-28715
 986 0734 FF55     		.short	22015
 987 0736 FF95     		.short	-27137
 988 0738 F773     		.short	29687
 989 073a FFB6     		.short	-18689
 990 073c D610     		.short	4310
 991 073e E632     		.short	13030
 992 0740 FF75     		.short	30207
 993 0742 FF54     		.short	21759
 994 0744 FF94     		.short	-27393
 995 0746 FF53     		.short	21503
 996 0748 FF95     		.short	-27137
 997 074a FF75     		.short	30207
 998 074c C590     		.short	-28475
 999 074e 9C4B     		.short	19356
 1000 0750 FF96     		.short	-26881
 1001 0752 FF95     		.short	-27137
 1002 0754 FF75     		.short	30207
 1003 0756 FF75     		.short	30207
 1004 0758 FF95     		.short	-27137
 1005 075a FF74     		.short	29951
 1006 075c FF74     		.short	29951
 1007 075e FFB5     		.short	-18945
 1008 0760 E671     		.short	29158
 1009 0762 E691     		.short	-28186
 1010 0764 FF75     		.short	30207
 1011 0766 FF75     		.short	30207
 1012 0768 FF55     		.short	22015
 1013 076a FF75     		.short	30207
 1014 076c FF95     		.short	-27137
 1015 076e DE30     		.short	12510
 1016 0770 CD0F     		.short	4045
 1017 0772 FF95     		.short	-27137
 1018 0774 FFD4     		.short	-11009
 1019 0776 FF56     		.short	22271
 1020 0778 9308     		.short	2195
 1021 077a DCF0     		.short	-3876
 1022 077c CCD0     		.short	-12084
 1023 077e 82C9     		.short	-13950
 1024 0780 B4AD     		.short	-21068
 1025 0782 B4AD     		.short	-21068
 1026 0784 EE93     		.short	-27666
 1027 0786 FF96     		.short	-26881
 1028 0788 FF96     		.short	-26881
 1029 078a C58E     		.short	-28987
 1030 078c DE31     		.short	12766
 1031 078e FF55     		.short	22015
 1032 0790 F773     		.short	29687
 1033 0792 FF97     		.short	-26625
 1034 0794 AC6F     		.short	28588
 1035 0796 A3ED     		.short	-4701
 1036 0798 BCCD     		.short	-12868
ARM GAS  /tmp/ccXeXMPx.s 			page 19


 1037 079a E650     		.short	20710
 1038 079c FF95     		.short	-27137
 1039 079e FFB7     		.short	-18433
 1040 07a0 BCAF     		.short	-20548
 1041 07a2 B46D     		.short	28084
 1042 07a4 AC6C     		.short	27820
 1043 07a6 DE11     		.short	4574
 1044 07a8 FF55     		.short	22015
 1045 07aa FF74     		.short	29951
 1046 07ac FF94     		.short	-27393
 1047 07ae F774     		.short	29943
 1048 07b0 FFD7     		.short	-10241
 1049 07b2 9C4A     		.short	19100
 1050 07b4 93C9     		.short	-13933
 1051 07b6 BD0D     		.short	3517
 1052 07b8 EEF5     		.short	-2578
 1053 07ba FFD8     		.short	-9985
 1054 07bc FFD9     		.short	-9729
 1055 07be C590     		.short	-28475
 1056 07c0 B4EE     		.short	-4428
 1057 07c2 FFFA     		.short	-1281
 1058 07c4 F7F9     		.short	-1545
 1059 07c6 FFFA     		.short	-1281
 1060 07c8 FFD9     		.short	-9729
 1061 07ca 93A9     		.short	-22125
 1062 07cc B4AD     		.short	-21068
 1063 07ce AC6B     		.short	27564
 1064 07d0 D5B2     		.short	-19755
 1065 07d2 FFDA     		.short	-9473
 1066 07d4 F798     		.short	-26377
 1067 07d6 FFFB     		.short	-1025
 1068 07d8 9C0D     		.short	3484
 1069 07da 9BAB     		.short	-21605
 1070 07dc C52E     		.short	11973
 1071 07de FF33     		.short	13311
 1072 07e0 E6B7     		.short	-18458
 1073 07e2 7124     		.short	9329
 1074 07e4 98C4     		.short	-15208
 1075 07e6 A0C4     		.short	-15200
 1076 07e8 98E5     		.short	-6760
 1077 07ea A105     		.short	1441
 1078 07ec 98A4     		.short	-23400
 1079 07ee 98E4     		.short	-7016
 1080 07f0 A885     		.short	-31320
 1081 07f2 A106     		.short	1697
 1082 07f4 70E4     		.short	-7056
 1083 07f6 6145     		.short	17761
 1084 07f8 6A08     		.short	2154
 1085 07fa 832D     		.short	11651
 1086 07fc 9410     		.short	4244
 1087 07fe 0800     		.short	8
 1088 0800 0001     		.short	256
 1089 0802 FFFF     		.short	-1
 1090 0804 FFBE     		.short	-16641
 1091 0806 FFFF     		.short	-1
 1092 0808 E73C     		.short	15591
 1093 080a 7BAC     		.short	-21381
ARM GAS  /tmp/ccXeXMPx.s 			page 20


 1094 080c FEF6     		.short	-2306
 1095 080e DD4D     		.short	19933
 1096 0810 BCEE     		.short	-4420
 1097 0812 8B49     		.short	18827
 1098 0814 8B6A     		.short	27275
 1099 0816 DE12     		.short	4830
 1100 0818 FF96     		.short	-26881
 1101 081a FF33     		.short	13311
 1102 081c FF74     		.short	29951
 1103 081e CDCE     		.short	-12595
 1104 0820 6A68     		.short	26730
 1105 0822 C56D     		.short	28101
 1106 0824 F6F2     		.short	-3338
 1107 0826 D5EF     		.short	-4139
 1108 0828 FF75     		.short	30207
 1109 082a D5B1     		.short	-20011
 1110 082c 72A8     		.short	-22414
 1111 082e B4AC     		.short	-21324
 1112 0830 B4AC     		.short	-21324
 1113 0832 F6F3     		.short	-3082
 1114 0834 FF73     		.short	29695
 1115 0836 FFB4     		.short	-19201
 1116 0838 FF75     		.short	30207
 1117 083a FF56     		.short	22271
 1118 083c A46B     		.short	27556
 1119 083e FF15     		.short	5631
 1120 0840 FF76     		.short	30463
 1121 0842 FF92     		.short	-27905
 1122 0844 FF73     		.short	29695
 1123 0846 FF74     		.short	29951
 1124 0848 FF73     		.short	29695
 1125 084a F715     		.short	5623
 1126 084c 7B08     		.short	2171
 1127 084e DE52     		.short	21214
 1128 0850 FFB3     		.short	-19457
 1129 0852 F733     		.short	13303
 1130 0854 FF75     		.short	30207
 1131 0856 FF55     		.short	22015
 1132 0858 FF74     		.short	29951
 1133 085a FF73     		.short	29695
 1134 085c FF74     		.short	29951
 1135 085e FF95     		.short	-27137
 1136 0860 D590     		.short	-28459
 1137 0862 F6F3     		.short	-3082
 1138 0864 FF74     		.short	29951
 1139 0866 FF95     		.short	-27137
 1140 0868 FF53     		.short	21503
 1141 086a FF73     		.short	29695
 1142 086c FF75     		.short	30207
 1143 086e DE31     		.short	12766
 1144 0870 BCAD     		.short	-21060
 1145 0872 FF14     		.short	5375
 1146 0874 FF94     		.short	-27393
 1147 0876 FFF6     		.short	-2305
 1148 0878 9C4A     		.short	19100
 1149 087a C44D     		.short	19908
 1150 087c E4B0     		.short	-20252
ARM GAS  /tmp/ccXeXMPx.s 			page 21


 1151 087e BBEC     		.short	-4933
 1152 0880 7B29     		.short	10619
 1153 0882 BC8E     		.short	-28996
 1154 0884 D58F     		.short	-28715
 1155 0886 FFB5     		.short	-18945
 1156 0888 FFD5     		.short	-10753
 1157 088a EE51     		.short	20974
 1158 088c BCCC     		.short	-13124
 1159 088e F6F4     		.short	-2826
 1160 0890 FF53     		.short	21503
 1161 0892 FFD5     		.short	-10753
 1162 0894 E733     		.short	13287
 1163 0896 9429     		.short	10644
 1164 0898 B4AD     		.short	-21068
 1165 089a C4CE     		.short	-12604
 1166 089c F6B4     		.short	-19210
 1167 089e FF75     		.short	30207
 1168 08a0 E735     		.short	13799
 1169 08a2 9C2C     		.short	11420
 1170 08a4 B450     		.short	20660
 1171 08a6 C46F     		.short	28612
 1172 08a8 E5D0     		.short	-12059
 1173 08aa FF52     		.short	21247
 1174 08ac FFD4     		.short	-11009
 1175 08ae F713     		.short	5111
 1176 08b0 FF91     		.short	-28161
 1177 08b2 F713     		.short	5111
 1178 08b4 72A7     		.short	-22670
 1179 08b6 C4F0     		.short	-3900
 1180 08b8 C4EE     		.short	-4412
 1181 08ba FF15     		.short	5631
 1182 08bc FF97     		.short	-26625
 1183 08be EEF7     		.short	-2066
 1184 08c0 AC4C     		.short	19628
 1185 08c2 DE13     		.short	5086
 1186 08c4 FFDA     		.short	-9473
 1187 08c6 F7DA     		.short	-9481
 1188 08c8 FFFA     		.short	-1281
 1189 08ca CE13     		.short	5070
 1190 08cc 8B68     		.short	26763
 1191 08ce C4EF     		.short	-4156
 1192 08d0 B4AC     		.short	-21324
 1193 08d2 F6B4     		.short	-19210
 1194 08d4 FFD9     		.short	-9729
 1195 08d6 F7DB     		.short	-9225
 1196 08d8 CEB8     		.short	-18226
 1197 08da 6B2A     		.short	10859
 1198 08dc BCCF     		.short	-12356
 1199 08de E52E     		.short	12005
 1200 08e0 FF97     		.short	-26625
 1201 08e2 7C0A     		.short	2684
 1202 08e4 7884     		.short	-31624
 1203 08e6 B0A6     		.short	-22864
 1204 08e8 A8C5     		.short	-14936
 1205 08ea A082     		.short	-32096
 1206 08ec 90C3     		.short	-15472
 1207 08ee A8E4     		.short	-7000
ARM GAS  /tmp/ccXeXMPx.s 			page 22


 1208 08f0 A0A5     		.short	-23136
 1209 08f2 98C4     		.short	-15208
 1210 08f4 68C3     		.short	-15512
 1211 08f6 51C5     		.short	-15023
 1212 08f8 5A07     		.short	1882
 1213 08fa 930C     		.short	3219
 1214 08fc A411     		.short	4516
 1215 08fe 0000     		.short	0
 1216 0900 0021     		.short	8448
 1217 0902 EF7D     		.short	32239
 1218 0904 FFFF     		.short	-1
 1219 0906 FFFF     		.short	-1
 1220 0908 F7DE     		.short	-8457
 1221 090a 8C4E     		.short	20108
 1222 090c CD91     		.short	-28211
 1223 090e D52D     		.short	11733
 1224 0910 C530     		.short	12485
 1225 0912 72A6     		.short	-22926
 1226 0914 6225     		.short	9570
 1227 0916 B4CE     		.short	-12620
 1228 0918 EE93     		.short	-27666
 1229 091a FF54     		.short	21759
 1230 091c FF75     		.short	30207
 1231 091e BD0D     		.short	3517
 1232 0920 6A68     		.short	26730
 1233 0922 DE10     		.short	4318
 1234 0924 E670     		.short	28902
 1235 0926 E671     		.short	29158
 1236 0928 FF34     		.short	13567
 1237 092a AC8D     		.short	-29268
 1238 092c 832A     		.short	10883
 1239 092e B4CC     		.short	-13132
 1240 0930 C54E     		.short	20165
 1241 0932 FF54     		.short	21759
 1242 0934 FF73     		.short	29695
 1243 0936 FFB4     		.short	-19201
 1244 0938 FF96     		.short	-26881
 1245 093a C58F     		.short	-28731
 1246 093c BD0D     		.short	3517
 1247 093e FF35     		.short	13823
 1248 0940 FF56     		.short	22271
 1249 0942 FF72     		.short	29439
 1250 0944 FF73     		.short	29695
 1251 0946 FF75     		.short	30207
 1252 0948 FFB4     		.short	-19201
 1253 094a C56F     		.short	28613
 1254 094c 8B8A     		.short	-30069
 1255 094e F715     		.short	5623
 1256 0950 FFB3     		.short	-19457
 1257 0952 FF74     		.short	29951
 1258 0954 FF75     		.short	30207
 1259 0956 FF75     		.short	30207
 1260 0958 FF94     		.short	-27393
 1261 095a FF74     		.short	29951
 1262 095c FF95     		.short	-27137
 1263 095e F714     		.short	5367
 1264 0960 C52E     		.short	11973
ARM GAS  /tmp/ccXeXMPx.s 			page 23


 1265 0962 FF14     		.short	5375
 1266 0964 FF74     		.short	29951
 1267 0966 FF74     		.short	29951
 1268 0968 FF74     		.short	29951
 1269 096a FF73     		.short	29695
 1270 096c FF74     		.short	29951
 1271 096e DE31     		.short	12766
 1272 0970 B48C     		.short	-29516
 1273 0972 F693     		.short	-27658
 1274 0974 FF74     		.short	29951
 1275 0976 FFD5     		.short	-10753
 1276 0978 ACCC     		.short	-13140
 1277 097a B3EC     		.short	-4941
 1278 097c E4F1     		.short	-3612
 1279 097e D4CF     		.short	-12332
 1280 0980 8B2A     		.short	10891
 1281 0982 AC2D     		.short	11692
 1282 0984 C50E     		.short	3781
 1283 0986 EEF3     		.short	-3090
 1284 0988 FF74     		.short	29951
 1285 098a F6F3     		.short	-3082
 1286 098c C52D     		.short	11717
 1287 098e CDAF     		.short	-20531
 1288 0990 FF75     		.short	30207
 1289 0992 F753     		.short	21495
 1290 0994 FFB5     		.short	-18945
 1291 0996 ACCC     		.short	-13140
 1292 0998 9BEB     		.short	-5221
 1293 099a BCAE     		.short	-20804
 1294 099c CD6F     		.short	28621
 1295 099e FF34     		.short	13567
 1296 09a0 FFD5     		.short	-10753
 1297 09a2 BD4E     		.short	20157
 1298 09a4 A44D     		.short	19876
 1299 09a6 C4CE     		.short	-12604
 1300 09a8 C4CC     		.short	-13116
 1301 09aa FEF2     		.short	-3330
 1302 09ac FF33     		.short	13311
 1303 09ae FF96     		.short	-26881
 1304 09b0 FFB4     		.short	-19201
 1305 09b2 FF77     		.short	30719
 1306 09b4 AC8F     		.short	-28756
 1307 09b6 9BCC     		.short	-13157
 1308 09b8 BCEE     		.short	-4420
 1309 09ba D610     		.short	4310
 1310 09bc FF75     		.short	30207
 1311 09be FF56     		.short	22271
 1312 09c0 CD30     		.short	12493
 1313 09c2 AC8D     		.short	-29268
 1314 09c4 F757     		.short	22519
 1315 09c6 FFFA     		.short	-1281
 1316 09c8 FFFA     		.short	-1281
 1317 09ca FF99     		.short	-26113
 1318 09cc 8B89     		.short	-30325
 1319 09ce B48D     		.short	-29260
 1320 09d0 BCAD     		.short	-21060
 1321 09d2 CD6F     		.short	28621
ARM GAS  /tmp/ccXeXMPx.s 			page 24


 1322 09d4 FF98     		.short	-26369
 1323 09d6 FFFA     		.short	-1281
 1324 09d8 F7DB     		.short	-9225
 1325 09da 944E     		.short	20116
 1326 09dc 8B6A     		.short	27275
 1327 09de D4CE     		.short	-12588
 1328 09e0 EEB4     		.short	-19218
 1329 09e2 D6B5     		.short	-18986
 1330 09e4 68E3     		.short	-7320
 1331 09e6 A085     		.short	-31328
 1332 09e8 A8C5     		.short	-14936
 1333 09ea A8E4     		.short	-7000
 1334 09ec A0E4     		.short	-7008
 1335 09ee 98A3     		.short	-23656
 1336 09f0 A0A5     		.short	-23136
 1337 09f2 98C4     		.short	-15208
 1338 09f4 68C3     		.short	-15512
 1339 09f6 59A5     		.short	-23207
 1340 09f8 6207     		.short	1890
 1341 09fa 930C     		.short	3219
 1342 09fc AC11     		.short	4524
 1343 09fe 0000     		.short	0
 1344 0a00 0000     		.short	0
 1345 0a02 F7BE     		.short	-16649
 1346 0a04 FFFF     		.short	-1
 1347 0a06 FFFF     		.short	-1
 1348 0a08 FFFF     		.short	-1
 1349 0a0a B574     		.short	29877
 1350 0a0c 836A     		.short	27267
 1351 0a0e CD2F     		.short	12237
 1352 0a10 AC8D     		.short	-29268
 1353 0a12 93CA     		.short	-13677
 1354 0a14 93EB     		.short	-5229
 1355 0a16 6243     		.short	17250
 1356 0a18 B4ED     		.short	-4684
 1357 0a1a EEB3     		.short	-19474
 1358 0a1c FF36     		.short	14079
 1359 0a1e AC4C     		.short	19628
 1360 0a20 7AE9     		.short	-5766
 1361 0a22 F6D4     		.short	-11018
 1362 0a24 D5CE     		.short	-12587
 1363 0a26 FF14     		.short	5375
 1364 0a28 EEB3     		.short	-19474
 1365 0a2a 8B68     		.short	26763
 1366 0a2c A3EC     		.short	-4957
 1367 0a2e BCCC     		.short	-13124
 1368 0a30 E651     		.short	20966
 1369 0a32 FF95     		.short	-27137
 1370 0a34 FF53     		.short	21503
 1371 0a36 FF95     		.short	-27137
 1372 0a38 F714     		.short	5367
 1373 0a3a 8BC8     		.short	-14197
 1374 0a3c DE31     		.short	12766
 1375 0a3e FF75     		.short	30207
 1376 0a40 FF55     		.short	22015
 1377 0a42 FF52     		.short	21247
 1378 0a44 FF73     		.short	29695
ARM GAS  /tmp/ccXeXMPx.s 			page 25


 1379 0a46 FF75     		.short	30207
 1380 0a48 FF75     		.short	30207
 1381 0a4a 8BA8     		.short	-22389
 1382 0a4c ACAD     		.short	-21076
 1383 0a4e FF97     		.short	-26625
 1384 0a50 FF93     		.short	-27649
 1385 0a52 FF94     		.short	-27393
 1386 0a54 FF54     		.short	21759
 1387 0a56 FF75     		.short	30207
 1388 0a58 FF74     		.short	29951
 1389 0a5a FF74     		.short	29951
 1390 0a5c FF95     		.short	-27137
 1391 0a5e D611     		.short	4566
 1392 0a60 B48C     		.short	-29516
 1393 0a62 FF34     		.short	13567
 1394 0a64 FF74     		.short	29951
 1395 0a66 FF54     		.short	21759
 1396 0a68 FF94     		.short	-27393
 1397 0a6a FF74     		.short	29951
 1398 0a6c FF75     		.short	30207
 1399 0a6e DE31     		.short	12766
 1400 0a70 B46C     		.short	27828
 1401 0a72 DDF0     		.short	-3875
 1402 0a74 FF75     		.short	30207
 1403 0a76 FFD5     		.short	-10753
 1404 0a78 C5AF     		.short	-20539
 1405 0a7a A369     		.short	27043
 1406 0a7c DCF0     		.short	-3876
 1407 0a7e D510     		.short	4309
 1408 0a80 B3ED     		.short	-4685
 1409 0a82 8B49     		.short	18827
 1410 0a84 B4CD     		.short	-12876
 1411 0a86 D5CF     		.short	-12331
 1412 0a88 FF34     		.short	13567
 1413 0a8a FF74     		.short	29951
 1414 0a8c CDAE     		.short	-20787
 1415 0a8e B4AB     		.short	-21580
 1416 0a90 EE91     		.short	-28178
 1417 0a92 FF74     		.short	29951
 1418 0a94 FFB5     		.short	-18945
 1419 0a96 E6B3     		.short	-19482
 1420 0a98 8B48     		.short	18571
 1421 0a9a C4CE     		.short	-12604
 1422 0a9c B48C     		.short	-29516
 1423 0a9e E631     		.short	12774
 1424 0aa0 FFB3     		.short	-19457
 1425 0aa2 F774     		.short	29943
 1426 0aa4 8C09     		.short	2444
 1427 0aa6 B4CD     		.short	-12876
 1428 0aa8 BCAC     		.short	-21316
 1429 0aaa CD2D     		.short	11725
 1430 0aac FF14     		.short	5375
 1431 0aae FFD8     		.short	-9985
 1432 0ab0 FFD8     		.short	-9985
 1433 0ab2 FFDA     		.short	-9473
 1434 0ab4 EEB8     		.short	-18194
 1435 0ab6 836A     		.short	27267
ARM GAS  /tmp/ccXeXMPx.s 			page 26


 1436 0ab8 B4EE     		.short	-4428
 1437 0aba BD0C     		.short	3261
 1438 0abc E691     		.short	-28186
 1439 0abe FFB6     		.short	-18689
 1440 0ac0 E5F1     		.short	-3611
 1441 0ac2 AC4B     		.short	19372
 1442 0ac4 C590     		.short	-28475
 1443 0ac6 FFFA     		.short	-1281
 1444 0ac8 FFFA     		.short	-1281
 1445 0aca FFFA     		.short	-1281
 1446 0acc BD50     		.short	20669
 1447 0ace 8BAA     		.short	-21877
 1448 0ad0 C4EE     		.short	-4412
 1449 0ad2 B46C     		.short	27828
 1450 0ad4 E653     		.short	21478
 1451 0ad6 FFFA     		.short	-1281
 1452 0ad8 FFFB     		.short	-1025
 1453 0ada DEB6     		.short	-18722
 1454 0adc 72C8     		.short	-14222
 1455 0ade BC8F     		.short	-28740
 1456 0ae0 C54E     		.short	20165
 1457 0ae2 FFB8     		.short	-18177
 1458 0ae4 8AE8     		.short	-6006
 1459 0ae6 88A3     		.short	-23672
 1460 0ae8 A8A4     		.short	-23384
 1461 0aea A8C4     		.short	-15192
 1462 0aec A883     		.short	-31832
 1463 0aee 90E4     		.short	-7024
 1464 0af0 A0C5     		.short	-14944
 1465 0af2 98C4     		.short	-15208
 1466 0af4 68C3     		.short	-15512
 1467 0af6 5985     		.short	-31399
 1468 0af8 6207     		.short	1890
 1469 0afa 9B2D     		.short	11675
 1470 0afc B431     		.short	12724
 1471 0afe 0000     		.short	0
 1472 0b00 0000     		.short	0
 1473 0b02 FFFF     		.short	-1
 1474 0b04 F7DF     		.short	-8201
 1475 0b06 FFFF     		.short	-1
 1476 0b08 FFFF     		.short	-1
 1477 0b0a BD94     		.short	-27459
 1478 0b0c 6266     		.short	26210
 1479 0b0e C530     		.short	12485
 1480 0b10 9C0C     		.short	3228
 1481 0b12 8BCA     		.short	-13685
 1482 0b14 FF77     		.short	30719
 1483 0b16 A48B     		.short	-29788
 1484 0b18 5A02     		.short	602
 1485 0b1a B4CD     		.short	-12876
 1486 0b1c CD71     		.short	29133
 1487 0b1e AC4E     		.short	20140
 1488 0b20 93CB     		.short	-13421
 1489 0b22 F6D4     		.short	-11018
 1490 0b24 CD8D     		.short	-29235
 1491 0b26 FF75     		.short	30207
 1492 0b28 D5B0     		.short	-20267
ARM GAS  /tmp/ccXeXMPx.s 			page 27


 1493 0b2a 7AE7     		.short	-6278
 1494 0b2c B48D     		.short	-29260
 1495 0b2e BD0D     		.short	3517
 1496 0b30 F713     		.short	5111
 1497 0b32 FF94     		.short	-27393
 1498 0b34 F733     		.short	13303
 1499 0b36 FFB6     		.short	-18689
 1500 0b38 CDAF     		.short	-20531
 1501 0b3a 8BA8     		.short	-22389
 1502 0b3c F714     		.short	5367
 1503 0b3e FF95     		.short	-27137
 1504 0b40 FF54     		.short	21759
 1505 0b42 FF73     		.short	29695
 1506 0b44 FF73     		.short	29695
 1507 0b46 FF75     		.short	30207
 1508 0b48 E672     		.short	29414
 1509 0b4a 7305     		.short	1395
 1510 0b4c D611     		.short	4566
 1511 0b4e FF96     		.short	-26881
 1512 0b50 FF73     		.short	29695
 1513 0b52 FF74     		.short	29951
 1514 0b54 FF34     		.short	13567
 1515 0b56 FF95     		.short	-27137
 1516 0b58 FF53     		.short	21503
 1517 0b5a FF74     		.short	29951
 1518 0b5c FF75     		.short	30207
 1519 0b5e ACCC     		.short	-13140
 1520 0b60 AC8B     		.short	-29780
 1521 0b62 FF55     		.short	22015
 1522 0b64 FF74     		.short	29951
 1523 0b66 FF54     		.short	21759
 1524 0b68 FF94     		.short	-27393
 1525 0b6a FF74     		.short	29951
 1526 0b6c FF75     		.short	30207
 1527 0b6e D5D0     		.short	-12075
 1528 0b70 AC6C     		.short	27820
 1529 0b72 CD4E     		.short	20173
 1530 0b74 FF54     		.short	21759
 1531 0b76 FFB5     		.short	-18945
 1532 0b78 DE92     		.short	-27938
 1533 0b7a 9B49     		.short	18843
 1534 0b7c DCF0     		.short	-3876
 1535 0b7e C4AE     		.short	-20796
 1536 0b80 DCF1     		.short	-3620
 1537 0b82 82C8     		.short	-14206
 1538 0b84 B4AD     		.short	-21068
 1539 0b86 C4CD     		.short	-12860
 1540 0b88 FF13     		.short	5119
 1541 0b8a FFB4     		.short	-19201
 1542 0b8c CE0F     		.short	4046
 1543 0b8e B48B     		.short	-29772
 1544 0b90 BCEC     		.short	-4932
 1545 0b92 FF75     		.short	30207
 1546 0b94 FF34     		.short	13567
 1547 0b96 FFB7     		.short	-18433
 1548 0b98 9C2B     		.short	11164
 1549 0b9a 9BEB     		.short	-5221
ARM GAS  /tmp/ccXeXMPx.s 			page 28


 1550 0b9c C4EE     		.short	-4412
 1551 0b9e C4ED     		.short	-4668
 1552 0ba0 FF12     		.short	4863
 1553 0ba2 FFB6     		.short	-18689
 1554 0ba4 BE11     		.short	4542
 1555 0ba6 83C9     		.short	-13949
 1556 0ba8 C4EE     		.short	-4412
 1557 0baa C48D     		.short	-29244
 1558 0bac D5D1     		.short	-11819
 1559 0bae FFF9     		.short	-1537
 1560 0bb0 FFFA     		.short	-1281
 1561 0bb2 FFFB     		.short	-1025
 1562 0bb4 FFDB     		.short	-9217
 1563 0bb6 9C6E     		.short	28316
 1564 0bb8 A46C     		.short	27812
 1565 0bba B4EC     		.short	-4940
 1566 0bbc BD4C     		.short	19645
 1567 0bbe FF54     		.short	21759
 1568 0bc0 F693     		.short	-27658
 1569 0bc2 C50D     		.short	3525
 1570 0bc4 A44B     		.short	19364
 1571 0bc6 EF16     		.short	5871
 1572 0bc8 FFB9     		.short	-17921
 1573 0bca FFB9     		.short	-17921
 1574 0bcc F758     		.short	22775
 1575 0bce 83A9     		.short	-22141
 1576 0bd0 BCCE     		.short	-12612
 1577 0bd2 B46D     		.short	28084
 1578 0bd4 C50E     		.short	3781
 1579 0bd6 F736     		.short	14071
 1580 0bd8 FFD9     		.short	-9729
 1581 0bda FFFB     		.short	-1025
 1582 0bdc 942E     		.short	11924
 1583 0bde 834B     		.short	19331
 1584 0be0 BCCC     		.short	-13124
 1585 0be2 EE53     		.short	21486
 1586 0be4 CDD1     		.short	-11827
 1587 0be6 70E2     		.short	-7568
 1588 0be8 A8C4     		.short	-15192
 1589 0bea A8A4     		.short	-23384
 1590 0bec A023     		.short	9120
 1591 0bee 9145     		.short	17809
 1592 0bf0 A0C5     		.short	-14944
 1593 0bf2 98C4     		.short	-15208
 1594 0bf4 70C3     		.short	-15504
 1595 0bf6 5984     		.short	-31655
 1596 0bf8 6A07     		.short	1898
 1597 0bfa A32D     		.short	11683
 1598 0bfc BC52     		.short	21180
 1599 0bfe 0000     		.short	0
 1600 0c00 0020     		.short	8192
 1601 0c02 FFFF     		.short	-1
 1602 0c04 FFFF     		.short	-1
 1603 0c06 FFDF     		.short	-8193
 1604 0c08 F77C     		.short	31991
 1605 0c0a A490     		.short	-28508
 1606 0c0c 7B29     		.short	10619
ARM GAS  /tmp/ccXeXMPx.s 			page 29


 1607 0c0e A44D     		.short	19876
 1608 0c10 8B8A     		.short	-30069
 1609 0c12 9C2B     		.short	11164
 1610 0c14 FF97     		.short	-26625
 1611 0c16 FF55     		.short	22015
 1612 0c18 B4ED     		.short	-4684
 1613 0c1a 5A03     		.short	858
 1614 0c1c A42D     		.short	11684
 1615 0c1e 8B6B     		.short	27531
 1616 0c20 B4AE     		.short	-20812
 1617 0c22 E652     		.short	21222
 1618 0c24 DE0F     		.short	4062
 1619 0c26 FF75     		.short	30207
 1620 0c28 AC6D     		.short	28076
 1621 0c2a 8308     		.short	2179
 1622 0c2c BCED     		.short	-4676
 1623 0c2e D5AF     		.short	-20523
 1624 0c30 FF94     		.short	-27393
 1625 0c32 FF53     		.short	21503
 1626 0c34 FF54     		.short	21759
 1627 0c36 FF76     		.short	30463
 1628 0c38 93C9     		.short	-13933
 1629 0c3a B4CD     		.short	-12876
 1630 0c3c FF75     		.short	30207
 1631 0c3e FF74     		.short	29951
 1632 0c40 FF74     		.short	29951
 1633 0c42 FF74     		.short	29951
 1634 0c44 FF74     		.short	29951
 1635 0c46 FF95     		.short	-27137
 1636 0c48 ACCD     		.short	-12884
 1637 0c4a 8367     		.short	26499
 1638 0c4c F734     		.short	13559
 1639 0c4e FF54     		.short	21759
 1640 0c50 FF73     		.short	29695
 1641 0c52 FF54     		.short	21759
 1642 0c54 FF54     		.short	21759
 1643 0c56 FF95     		.short	-27137
 1644 0c58 F6F2     		.short	-3338
 1645 0c5a FF74     		.short	29951
 1646 0c5c FF35     		.short	13823
 1647 0c5e 8BA9     		.short	-22133
 1648 0c60 BCED     		.short	-4676
 1649 0c62 FF75     		.short	30207
 1650 0c64 FF74     		.short	29951
 1651 0c66 FF74     		.short	29951
 1652 0c68 FF74     		.short	29951
 1653 0c6a FF53     		.short	21503
 1654 0c6c FF54     		.short	21759
 1655 0c6e C54E     		.short	20165
 1656 0c70 9BEB     		.short	-5221
 1657 0c72 BCCD     		.short	-12868
 1658 0c74 FEF3     		.short	-3074
 1659 0c76 F774     		.short	29943
 1660 0c78 F735     		.short	13815
 1661 0c7a 9BCA     		.short	-13669
 1662 0c7c DD51     		.short	20957
 1663 0c7e C4CF     		.short	-12348
ARM GAS  /tmp/ccXeXMPx.s 			page 30


 1664 0c80 E4F1     		.short	-3612
 1665 0c82 A3AB     		.short	-21597
 1666 0c84 9BCB     		.short	-13413
 1667 0c86 C4AD     		.short	-21052
 1668 0c88 EE31     		.short	12782
 1669 0c8a FFB5     		.short	-18945
 1670 0c8c DE91     		.short	-28194
 1671 0c8e AC4B     		.short	19372
 1672 0c90 B48B     		.short	-29772
 1673 0c92 E631     		.short	12774
 1674 0c94 FF55     		.short	22015
 1675 0c96 FF56     		.short	22271
 1676 0c98 D612     		.short	4822
 1677 0c9a 6A85     		.short	-31382
 1678 0c9c C50F     		.short	4037
 1679 0c9e BC8C     		.short	-29508
 1680 0ca0 DDB1     		.short	-20003
 1681 0ca2 FF78     		.short	30975
 1682 0ca4 F7DA     		.short	-9481
 1683 0ca6 7BCB     		.short	-13445
 1684 0ca8 B48E     		.short	-29004
 1685 0caa C4AE     		.short	-20796
 1686 0cac BCEE     		.short	-4420
 1687 0cae E6F5     		.short	-2586
 1688 0cb0 FFFA     		.short	-1281
 1689 0cb2 FFD8     		.short	-9985
 1690 0cb4 FFD9     		.short	-9729
 1691 0cb6 D633     		.short	13270
 1692 0cb8 7B48     		.short	18555
 1693 0cba BD0F     		.short	4029
 1694 0cbc B4AC     		.short	-21324
 1695 0cbe E631     		.short	12774
 1696 0cc0 FF55     		.short	22015
 1697 0cc2 CD6E     		.short	28365
 1698 0cc4 AC8B     		.short	-29780
 1699 0cc6 C590     		.short	-28475
 1700 0cc8 F736     		.short	14071
 1701 0cca FFD9     		.short	-9729
 1702 0ccc FFFA     		.short	-1281
 1703 0cce AD4F     		.short	20397
 1704 0cd0 93CA     		.short	-13677
 1705 0cd2 BCCE     		.short	-12612
 1706 0cd4 C4EE     		.short	-4412
 1707 0cd6 CD90     		.short	-28467
 1708 0cd8 FFF8     		.short	-1793
 1709 0cda FFFA     		.short	-1281
 1710 0cdc D676     		.short	30422
 1711 0cde 49C5     		.short	-15031
 1712 0ce0 B48C     		.short	-29516
 1713 0ce2 CD2F     		.short	12237
 1714 0ce4 F777     		.short	30711
 1715 0ce6 79E4     		.short	-7047
 1716 0ce8 98C3     		.short	-15464
 1717 0cea A8C5     		.short	-14936
 1718 0cec A864     		.short	25768
 1719 0cee 8904     		.short	1161
 1720 0cf0 A0C5     		.short	-14944
ARM GAS  /tmp/ccXeXMPx.s 			page 31


 1721 0cf2 98C5     		.short	-14952
 1722 0cf4 78C3     		.short	-15496
 1723 0cf6 6164     		.short	25697
 1724 0cf8 7207     		.short	1906
 1725 0cfa AB4E     		.short	20139
 1726 0cfc BC72     		.short	29372
 1727 0cfe 0000     		.short	0
 1728 0d00 0020     		.short	8192
 1729 0d02 F7DF     		.short	-8201
 1730 0d04 FFFF     		.short	-1
 1731 0d06 FFFF     		.short	-1
 1732 0d08 C5B4     		.short	-19259
 1733 0d0a ACAF     		.short	-20564
 1734 0d0c A44D     		.short	19876
 1735 0d0e 7B08     		.short	2171
 1736 0d10 7B29     		.short	10619
 1737 0d12 CDB1     		.short	-20019
 1738 0d14 FF55     		.short	22015
 1739 0d16 FF95     		.short	-27137
 1740 0d18 FF55     		.short	22015
 1741 0d1a CD90     		.short	-28467
 1742 0d1c 6A86     		.short	-31126
 1743 0d1e 6246     		.short	18018
 1744 0d20 C56F     		.short	28613
 1745 0d22 CDB0     		.short	-20275
 1746 0d24 F6D2     		.short	-11530
 1747 0d26 F6D3     		.short	-11274
 1748 0d28 8B6A     		.short	27275
 1749 0d2a 93AB     		.short	-21613
 1750 0d2c BD0D     		.short	3517
 1751 0d2e EE72     		.short	29422
 1752 0d30 FF94     		.short	-27393
 1753 0d32 FF53     		.short	21503
 1754 0d34 FF75     		.short	30207
 1755 0d36 E652     		.short	21222
 1756 0d38 72C6     		.short	-14734
 1757 0d3a DE12     		.short	4830
 1758 0d3c FF75     		.short	30207
 1759 0d3e FF73     		.short	29695
 1760 0d40 FF73     		.short	29695
 1761 0d42 FF74     		.short	29951
 1762 0d44 FF74     		.short	29951
 1763 0d46 FF55     		.short	22015
 1764 0d48 8369     		.short	27011
 1765 0d4a A44B     		.short	19364
 1766 0d4c FF95     		.short	-27137
 1767 0d4e FF54     		.short	21759
 1768 0d50 FF94     		.short	-27393
 1769 0d52 FF54     		.short	21759
 1770 0d54 FF75     		.short	30207
 1771 0d56 FF74     		.short	29951
 1772 0d58 EED1     		.short	-11794
 1773 0d5a FF75     		.short	30207
 1774 0d5c EE93     		.short	-27666
 1775 0d5e 7B07     		.short	1915
 1776 0d60 C52E     		.short	11973
 1777 0d62 FF55     		.short	22015
ARM GAS  /tmp/ccXeXMPx.s 			page 32


 1778 0d64 FF74     		.short	29951
 1779 0d66 FF74     		.short	29951
 1780 0d68 FF74     		.short	29951
 1781 0d6a FF73     		.short	29695
 1782 0d6c FF75     		.short	30207
 1783 0d6e C56E     		.short	28357
 1784 0d70 838A     		.short	-30077
 1785 0d72 BCCD     		.short	-12868
 1786 0d74 F672     		.short	29430
 1787 0d76 FF74     		.short	29951
 1788 0d78 F775     		.short	30199
 1789 0d7a A42B     		.short	11172
 1790 0d7c DD72     		.short	29405
 1791 0d7e DDB3     		.short	-19491
 1792 0d80 CC6D     		.short	28108
 1793 0d82 D4F0     		.short	-3884
 1794 0d84 82C8     		.short	-14206
 1795 0d86 C4AE     		.short	-20796
 1796 0d88 C52E     		.short	11973
 1797 0d8a FF55     		.short	22015
 1798 0d8c EF15     		.short	5615
 1799 0d8e 93EB     		.short	-5229
 1800 0d90 BCCE     		.short	-12612
 1801 0d92 BCCD     		.short	-12868
 1802 0d94 FF35     		.short	13823
 1803 0d96 FF97     		.short	-26625
 1804 0d98 F778     		.short	30967
 1805 0d9a 7348     		.short	18547
 1806 0d9c 9BCB     		.short	-13413
 1807 0d9e C4AE     		.short	-20796
 1808 0da0 BCAF     		.short	-20548
 1809 0da2 F718     		.short	6391
 1810 0da4 FFFC     		.short	-769
 1811 0da6 B551     		.short	20917
 1812 0da8 8B8A     		.short	-30069
 1813 0daa BCAF     		.short	-20548
 1814 0dac BCCE     		.short	-12612
 1815 0dae C54F     		.short	20421
 1816 0db0 FF96     		.short	-26881
 1817 0db2 FF95     		.short	-27137
 1818 0db4 FF75     		.short	30207
 1819 0db6 FF76     		.short	30463
 1820 0db8 6AC6     		.short	-14742
 1821 0dba AC6E     		.short	28332
 1822 0dbc BCCF     		.short	-12356
 1823 0dbe C50E     		.short	3781
 1824 0dc0 FF55     		.short	22015
 1825 0dc2 DDF0     		.short	-3875
 1826 0dc4 B4AC     		.short	-21324
 1827 0dc6 B4AC     		.short	-21324
 1828 0dc8 EE94     		.short	-27410
 1829 0dca FF97     		.short	-26625
 1830 0dcc FFF9     		.short	-1537
 1831 0dce E736     		.short	14055
 1832 0dd0 7B08     		.short	2171
 1833 0dd2 B48E     		.short	-29004
 1834 0dd4 C4CE     		.short	-12604
ARM GAS  /tmp/ccXeXMPx.s 			page 33


 1835 0dd6 BCED     		.short	-4676
 1836 0dd8 F735     		.short	13815
 1837 0dda FFF8     		.short	-1793
 1838 0ddc FFDA     		.short	-9473
 1839 0dde 5A88     		.short	-30630
 1840 0de0 7265     		.short	25970
 1841 0de2 C4AE     		.short	-20796
 1842 0de4 EF15     		.short	5615
 1843 0de6 A3EB     		.short	-5213
 1844 0de8 7882     		.short	-32136
 1845 0dea A8A5     		.short	-23128
 1846 0dec B0E6     		.short	-6480
 1847 0dee 90C3     		.short	-15472
 1848 0df0 A0C4     		.short	-15200
 1849 0df2 A0E5     		.short	-6752
 1850 0df4 78E4     		.short	-7048
 1851 0df6 6164     		.short	25697
 1852 0df8 7A08     		.short	2170
 1853 0dfa B34E     		.short	20147
 1854 0dfc C472     		.short	29380
 1855 0dfe 0800     		.short	8
 1856 0e00 0000     		.short	0
 1857 0e02 FFFF     		.short	-1
 1858 0e04 FFFF     		.short	-1
 1859 0e06 EF3B     		.short	15343
 1860 0e08 A48F     		.short	-28764
 1861 0e0a D5D2     		.short	-11563
 1862 0e0c BCEE     		.short	-4420
 1863 0e0e 7B27     		.short	10107
 1864 0e10 51C4     		.short	-15279
 1865 0e12 DE32     		.short	13022
 1866 0e14 FFB5     		.short	-18945
 1867 0e16 EF11     		.short	4591
 1868 0e18 FFB5     		.short	-18945
 1869 0e1a FFB7     		.short	-18433
 1870 0e1c B4CF     		.short	-12364
 1871 0e1e 6245     		.short	17762
 1872 0e20 D5D0     		.short	-12075
 1873 0e22 C54F     		.short	20421
 1874 0e24 FF13     		.short	5119
 1875 0e26 E630     		.short	12518
 1876 0e28 82C9     		.short	-13950
 1877 0e2a AC2D     		.short	11692
 1878 0e2c C52D     		.short	11717
 1879 0e2e FF14     		.short	5375
 1880 0e30 FF93     		.short	-27649
 1881 0e32 FF73     		.short	29695
 1882 0e34 FF55     		.short	22015
 1883 0e36 AC8C     		.short	-29524
 1884 0e38 8307     		.short	1923
 1885 0e3a F6B5     		.short	-18954
 1886 0e3c FF75     		.short	30207
 1887 0e3e FF92     		.short	-27905
 1888 0e40 FF72     		.short	29439
 1889 0e42 FF55     		.short	22015
 1890 0e44 FF95     		.short	-27137
 1891 0e46 E692     		.short	-27930
ARM GAS  /tmp/ccXeXMPx.s 			page 34


 1892 0e48 72C7     		.short	-14478
 1893 0e4a C590     		.short	-28475
 1894 0e4c FF73     		.short	29695
 1895 0e4e FF94     		.short	-27393
 1896 0e50 FF74     		.short	29951
 1897 0e52 FF54     		.short	21759
 1898 0e54 FF75     		.short	30207
 1899 0e56 F6F2     		.short	-3338
 1900 0e58 E690     		.short	-28442
 1901 0e5a FF75     		.short	30207
 1902 0e5c CDB0     		.short	-20275
 1903 0e5e 72A6     		.short	-22926
 1904 0e60 C54E     		.short	20165
 1905 0e62 FF55     		.short	22015
 1906 0e64 FF53     		.short	21503
 1907 0e66 FF74     		.short	29951
 1908 0e68 FF74     		.short	29951
 1909 0e6a FF74     		.short	29951
 1910 0e6c FF95     		.short	-27137
 1911 0e6e CDCF     		.short	-12339
 1912 0e70 6AE8     		.short	-6038
 1913 0e72 BCCE     		.short	-12612
 1914 0e74 E5EF     		.short	-4123
 1915 0e76 FF74     		.short	29951
 1916 0e78 FF95     		.short	-27137
 1917 0e7a A42B     		.short	11172
 1918 0e7c CD10     		.short	4301
 1919 0e7e FE96     		.short	-26882
 1920 0e80 D4CD     		.short	-12844
 1921 0e82 E511     		.short	4581
 1922 0e84 9B4B     		.short	19355
 1923 0e86 A3EC     		.short	-4957
 1924 0e88 B4ED     		.short	-4684
 1925 0e8a EEB3     		.short	-19474
 1926 0e8c FF78     		.short	30975
 1927 0e8e 9C8F     		.short	-28772
 1928 0e90 B46D     		.short	28084
 1929 0e92 B48C     		.short	-29516
 1930 0e94 DE11     		.short	4574
 1931 0e96 FFF9     		.short	-1537
 1932 0e98 FFDA     		.short	-9473
 1933 0e9a B592     		.short	-27979
 1934 0e9c 72C8     		.short	-14222
 1935 0e9e B42D     		.short	11700
 1936 0ea0 BCCD     		.short	-12868
 1937 0ea2 CD91     		.short	-28211
 1938 0ea4 FFBA     		.short	-17665
 1939 0ea6 E6B6     		.short	-18714
 1940 0ea8 6AC7     		.short	-14486
 1941 0eaa BD0F     		.short	4029
 1942 0eac B46C     		.short	27828
 1943 0eae C4AD     		.short	-21052
 1944 0eb0 E651     		.short	20966
 1945 0eb2 FF33     		.short	13311
 1946 0eb4 F752     		.short	21239
 1947 0eb6 FFB6     		.short	-18689
 1948 0eb8 9C2B     		.short	11164
ARM GAS  /tmp/ccXeXMPx.s 			page 35


 1949 0eba 72C8     		.short	-14222
 1950 0ebc C4F0     		.short	-3900
 1951 0ebe BC8C     		.short	-29508
 1952 0ec0 E651     		.short	20966
 1953 0ec2 F6F4     		.short	-2826
 1954 0ec4 BCAC     		.short	-21316
 1955 0ec6 BCAD     		.short	-21060
 1956 0ec8 CD90     		.short	-28467
 1957 0eca EED4     		.short	-11026
 1958 0ecc FFF8     		.short	-1793
 1959 0ece FFF7     		.short	-2049
 1960 0ed0 944C     		.short	19604
 1961 0ed2 8B6A     		.short	27275
 1962 0ed4 BC8E     		.short	-28996
 1963 0ed6 C4CE     		.short	-12604
 1964 0ed8 D5D0     		.short	-12075
 1965 0eda FFD7     		.short	-10241
 1966 0edc FFFA     		.short	-1281
 1967 0ede AD51     		.short	20909
 1968 0ee0 40C1     		.short	-16064
 1969 0ee2 A38B     		.short	-29789
 1970 0ee4 D5D2     		.short	-11563
 1971 0ee6 CDF2     		.short	-3379
 1972 0ee8 70E3     		.short	-7312
 1973 0eea A064     		.short	25760
 1974 0eec A0E5     		.short	-6752
 1975 0eee A0C3     		.short	-15456
 1976 0ef0 A0C4     		.short	-15200
 1977 0ef2 A105     		.short	1441
 1978 0ef4 8104     		.short	1153
 1979 0ef6 6965     		.short	25961
 1980 0ef8 8208     		.short	2178
 1981 0efa BB4E     		.short	20155
 1982 0efc CC93     		.short	-27700
 1983 0efe 0800     		.short	8
 1984 0f00 0800     		.short	8
 1985 0f02 FFDF     		.short	-8193
 1986 0f04 FFFF     		.short	-1
 1987 0f06 BD95     		.short	-27203
 1988 0f08 BD31     		.short	12733
 1989 0f0a E633     		.short	13286
 1990 0f0c BCEE     		.short	-4420
 1991 0f0e 9C2B     		.short	11164
 1992 0f10 5A05     		.short	1370
 1993 0f12 FF77     		.short	30719
 1994 0f14 FF53     		.short	21503
 1995 0f16 FF71     		.short	29183
 1996 0f18 FF73     		.short	29695
 1997 0f1a F6F4     		.short	-2826
 1998 0f1c 9C4B     		.short	19356
 1999 0f1e 72E7     		.short	-6286
 2000 0f20 D5F0     		.short	-3883
 2001 0f22 C54F     		.short	20421
 2002 0f24 FF13     		.short	5119
 2003 0f26 D58E     		.short	-28971
 2004 0f28 7AC9     		.short	-13958
 2005 0f2a BCAF     		.short	-20548
ARM GAS  /tmp/ccXeXMPx.s 			page 36


 2006 0f2c CD6D     		.short	28109
 2007 0f2e FF55     		.short	22015
 2008 0f30 FF92     		.short	-27905
 2009 0f32 FF73     		.short	29695
 2010 0f34 FF14     		.short	5375
 2011 0f36 7B06     		.short	1659
 2012 0f38 9BEB     		.short	-5221
 2013 0f3a F6D6     		.short	-10506
 2014 0f3c FF95     		.short	-27137
 2015 0f3e FF92     		.short	-27905
 2016 0f40 FF72     		.short	29439
 2017 0f42 FF55     		.short	22015
 2018 0f44 FF95     		.short	-27137
 2019 0f46 CDCE     		.short	-12595
 2020 0f48 6AA7     		.short	-22678
 2021 0f4a DE53     		.short	21470
 2022 0f4c F732     		.short	13047
 2023 0f4e FF94     		.short	-27393
 2024 0f50 FF54     		.short	21759
 2025 0f52 FF54     		.short	21759
 2026 0f54 FF75     		.short	30207
 2027 0f56 E670     		.short	28902
 2028 0f58 DE70     		.short	28894
 2029 0f5a FF54     		.short	21759
 2030 0f5c BD0E     		.short	3773
 2031 0f5e 6A86     		.short	-31126
 2032 0f60 CD90     		.short	-28467
 2033 0f62 FF96     		.short	-26881
 2034 0f64 FF74     		.short	29951
 2035 0f66 FF74     		.short	29951
 2036 0f68 FF74     		.short	29951
 2037 0f6a F753     		.short	21495
 2038 0f6c FF54     		.short	21759
 2039 0f6e D5D0     		.short	-12075
 2040 0f70 5225     		.short	9554
 2041 0f72 BC8D     		.short	-29252
 2042 0f74 D54D     		.short	19925
 2043 0f76 FF74     		.short	29951
 2044 0f78 FFD6     		.short	-10497
 2045 0f7a A44B     		.short	19364
 2046 0f7c BC8E     		.short	-28996
 2047 0f7e FF39     		.short	14847
 2048 0f80 EDD0     		.short	-12051
 2049 0f82 CC6E     		.short	28364
 2050 0f84 CC70     		.short	28876
 2051 0f86 7AE8     		.short	-6022
 2052 0f88 AD0E     		.short	3757
 2053 0f8a DE12     		.short	4830
 2054 0f8c FFBA     		.short	-17665
 2055 0f8e B5B4     		.short	-19275
 2056 0f90 93AB     		.short	-21613
 2057 0f92 B4AE     		.short	-20812
 2058 0f94 BD0E     		.short	3773
 2059 0f96 F777     		.short	30711
 2060 0f98 FFFA     		.short	-1281
 2061 0f9a DEF8     		.short	-1826
 2062 0f9c 7B09     		.short	2427
ARM GAS  /tmp/ccXeXMPx.s 			page 37


 2063 0f9e 932A     		.short	10899
 2064 0fa0 B4CB     		.short	-13388
 2065 0fa2 BD0D     		.short	3517
 2066 0fa4 E673     		.short	29670
 2067 0fa6 FFB8     		.short	-18177
 2068 0fa8 7347     		.short	18291
 2069 0faa 940A     		.short	2708
 2070 0fac CD0F     		.short	4045
 2071 0fae CC8C     		.short	-29492
 2072 0fb0 C50D     		.short	3525
 2073 0fb2 FF13     		.short	5119
 2074 0fb4 F731     		.short	12791
 2075 0fb6 FF95     		.short	-27137
 2076 0fb8 D613     		.short	5078
 2077 0fba 4122     		.short	8769
 2078 0fbc B48E     		.short	-29004
 2079 0fbe BC8C     		.short	-29508
 2080 0fc0 BD4D     		.short	19901
 2081 0fc2 FF56     		.short	22271
 2082 0fc4 CD4F     		.short	20429
 2083 0fc6 BCAC     		.short	-21316
 2084 0fc8 AC4B     		.short	19372
 2085 0fca F6D4     		.short	-11018
 2086 0fcc F775     		.short	30199
 2087 0fce FFF7     		.short	-2049
 2088 0fd0 CE54     		.short	21710
 2089 0fd2 51E4     		.short	-7087
 2090 0fd4 C4D0     		.short	-12092
 2091 0fd6 BC6D     		.short	28092
 2092 0fd8 BD0D     		.short	3517
 2093 0fda F734     		.short	13559
 2094 0fdc FFD8     		.short	-9985
 2095 0fde EF58     		.short	22767
 2096 0fe0 4943     		.short	17225
 2097 0fe2 7A67     		.short	26490
 2098 0fe4 C4CE     		.short	-12604
 2099 0fe6 DEB5     		.short	-18978
 2100 0fe8 81C5     		.short	-14975
 2101 0fea A8A5     		.short	-23128
 2102 0fec 90A4     		.short	-23408
 2103 0fee A8A4     		.short	-23384
 2104 0ff0 A0C4     		.short	-15200
 2105 0ff2 A105     		.short	1441
 2106 0ff4 8925     		.short	9609
 2107 0ff6 7185     		.short	-31375
 2108 0ff8 8228     		.short	10370
 2109 0ffa BB4E     		.short	20155
 2110 0ffc CC93     		.short	-27700
 2111 0ffe 0800     		.short	8
 2112 1000 0021     		.short	8448
 2113 1002 F7BF     		.short	-16393
 2114 1004 FFFE     		.short	-257
 2115 1006 A4AF     		.short	-20572
 2116 1008 EED5     		.short	-10770
 2117 100a DE31     		.short	12766
 2118 100c B4CD     		.short	-12876
 2119 100e AC6C     		.short	27820
ARM GAS  /tmp/ccXeXMPx.s 			page 38


 2120 1010 832A     		.short	10883
 2121 1012 FF14     		.short	5375
 2122 1014 FF33     		.short	13311
 2123 1016 FF33     		.short	13311
 2124 1018 FF53     		.short	21503
 2125 101a EEB3     		.short	-19474
 2126 101c 8BAB     		.short	-21621
 2127 101e 8389     		.short	-30333
 2128 1020 DD8F     		.short	-28707
 2129 1022 CD6D     		.short	28109
 2130 1024 FF35     		.short	13823
 2131 1026 A44D     		.short	19876
 2132 1028 8B49     		.short	18827
 2133 102a BCEC     		.short	-4932
 2134 102c DE30     		.short	12510
 2135 102e FF75     		.short	30207
 2136 1030 FF54     		.short	21759
 2137 1032 FFB5     		.short	-18945
 2138 1034 D58F     		.short	-28715
 2139 1036 7286     		.short	-31118
 2140 1038 C4EE     		.short	-4412
 2141 103a FF52     		.short	21247
 2142 103c FF71     		.short	29183
 2143 103e FF94     		.short	-27393
 2144 1040 FF74     		.short	29951
 2145 1042 FF53     		.short	21503
 2146 1044 FF55     		.short	22015
 2147 1046 A3EC     		.short	-4957
 2148 1048 8309     		.short	2435
 2149 104a EE73     		.short	29678
 2150 104c FF94     		.short	-27393
 2151 104e FF74     		.short	29951
 2152 1050 FF93     		.short	-27649
 2153 1052 FF73     		.short	29695
 2154 1054 FF91     		.short	-28161
 2155 1056 CDCF     		.short	-12339
 2156 1058 F6F4     		.short	-2826
 2157 105a F731     		.short	12791
 2158 105c 93AB     		.short	-21613
 2159 105e 59E6     		.short	-6567
 2160 1060 DDEE     		.short	-4387
 2161 1062 FF74     		.short	29951
 2162 1064 FF54     		.short	21759
 2163 1066 FF34     		.short	13567
 2164 1068 FF55     		.short	22015
 2165 106a FF75     		.short	30207
 2166 106c FF75     		.short	30207
 2167 106e D58E     		.short	-28971
 2168 1070 51C5     		.short	-15023
 2169 1072 9BEC     		.short	-4965
 2170 1074 BD0F     		.short	4029
 2171 1076 FF57     		.short	22527
 2172 1078 FFDA     		.short	-9473
 2173 107a A4CF     		.short	-12380
 2174 107c A46E     		.short	28324
 2175 107e FF18     		.short	6399
 2176 1080 F716     		.short	5879
ARM GAS  /tmp/ccXeXMPx.s 			page 39


 2177 1082 CC8E     		.short	-28980
 2178 1084 ECF1     		.short	-3604
 2179 1086 932A     		.short	10899
 2180 1088 93AC     		.short	-21357
 2181 108a C511     		.short	4549
 2182 108c FF98     		.short	-26369
 2183 108e E733     		.short	13287
 2184 1090 834A     		.short	19075
 2185 1092 CD0E     		.short	3789
 2186 1094 BC6B     		.short	27580
 2187 1096 E612     		.short	4838
 2188 1098 F775     		.short	30199
 2189 109a FFF5     		.short	-2561
 2190 109c 9429     		.short	10644
 2191 109e ABEE     		.short	-4437
 2192 10a0 8B48     		.short	18571
 2193 10a2 BCCF     		.short	-12356
 2194 10a4 CD70     		.short	28877
 2195 10a6 FF95     		.short	-27137
 2196 10a8 B56D     		.short	28085
 2197 10aa 51E4     		.short	-7087
 2198 10ac C4F1     		.short	-3644
 2199 10ae C4AC     		.short	-21308
 2200 10b0 C4AC     		.short	-21308
 2201 10b2 E630     		.short	12518
 2202 10b4 FF35     		.short	13823
 2203 10b6 FF75     		.short	30207
 2204 10b8 FF53     		.short	21503
 2205 10ba 5203     		.short	850
 2206 10bc 6A89     		.short	-30358
 2207 10be C551     		.short	20933
 2208 10c0 AC8C     		.short	-29524
 2209 10c2 EE73     		.short	29678
 2210 10c4 DDAF     		.short	-20515
 2211 10c6 BC8B     		.short	-29764
 2212 10c8 BCAD     		.short	-21060
 2213 10ca BCEE     		.short	-4420
 2214 10cc FF77     		.short	30719
 2215 10ce FFB6     		.short	-18689
 2216 10d0 FFB7     		.short	-18433
 2217 10d2 6AC6     		.short	-14742
 2218 10d4 836B     		.short	27523
 2219 10d6 C4D0     		.short	-12092
 2220 10d8 BC6C     		.short	27836
 2221 10da DDD0     		.short	-12067
 2222 10dc FFB7     		.short	-18433
 2223 10de F7FA     		.short	-1289
 2224 10e0 7B27     		.short	10107
 2225 10e2 5841     		.short	16728
 2226 10e4 ABCE     		.short	-12629
 2227 10e6 EE54     		.short	21742
 2228 10e8 8347     		.short	18307
 2229 10ea 9021     		.short	8592
 2230 10ec B085     		.short	-31312
 2231 10ee A8E5     		.short	-6744
 2232 10f0 B0C5     		.short	-14928
 2233 10f2 B0C5     		.short	-14928
ARM GAS  /tmp/ccXeXMPx.s 			page 40


 2234 10f4 9945     		.short	17817
 2235 10f6 6964     		.short	25705
 2236 10f8 9249     		.short	18834
 2237 10fa D34F     		.short	20435
 2238 10fc C3F1     		.short	-3645
 2239 10fe 0040     		.short	16384
 2240 1100 0000     		.short	0
 2241 1102 FFFF     		.short	-1
 2242 1104 DE98     		.short	-26402
 2243 1106 B551     		.short	20917
 2244 1108 FF56     		.short	22271
 2245 110a CDAF     		.short	-20531
 2246 110c BCED     		.short	-4676
 2247 110e AC4C     		.short	19628
 2248 1110 7AE9     		.short	-5766
 2249 1112 FF35     		.short	13823
 2250 1114 EE91     		.short	-28178
 2251 1116 FF33     		.short	13311
 2252 1118 FF73     		.short	29695
 2253 111a E652     		.short	21222
 2254 111c 8B8A     		.short	-30069
 2255 111e 93CA     		.short	-13677
 2256 1120 D54E     		.short	20181
 2257 1122 CD8E     		.short	-28979
 2258 1124 FF15     		.short	5631
 2259 1126 9BEB     		.short	-5221
 2260 1128 93AA     		.short	-21869
 2261 112a BCCC     		.short	-13124
 2262 112c E670     		.short	28902
 2263 112e FF75     		.short	30207
 2264 1130 FF54     		.short	21759
 2265 1132 FF54     		.short	21759
 2266 1134 B4CC     		.short	-13132
 2267 1136 7AC7     		.short	-14470
 2268 1138 CD70     		.short	28877
 2269 113a FF53     		.short	21503
 2270 113c FF72     		.short	29439
 2271 113e FF75     		.short	30207
 2272 1140 FF93     		.short	-27649
 2273 1142 FF73     		.short	29695
 2274 1144 F713     		.short	5111
 2275 1146 93A9     		.short	-22125
 2276 1148 93CA     		.short	-13677
 2277 114a F6F2     		.short	-3338
 2278 114c FF73     		.short	29695
 2279 114e F773     		.short	29687
 2280 1150 FF53     		.short	21503
 2281 1152 FF54     		.short	21759
 2282 1154 F751     		.short	20983
 2283 1156 BD2E     		.short	11965
 2284 1158 FF56     		.short	22271
 2285 115a EED1     		.short	-11794
 2286 115c 72E7     		.short	-6286
 2287 115e 6227     		.short	10082
 2288 1160 D5CF     		.short	-12331
 2289 1162 FF96     		.short	-26881
 2290 1164 FF96     		.short	-26881
ARM GAS  /tmp/ccXeXMPx.s 			page 41


 2291 1166 FF76     		.short	30463
 2292 1168 FF76     		.short	30463
 2293 116a FF97     		.short	-26625
 2294 116c FF97     		.short	-26625
 2295 116e C56E     		.short	28357
 2296 1170 6226     		.short	9826
 2297 1172 93CB     		.short	-13421
 2298 1174 BD0E     		.short	3773
 2299 1176 F6F5     		.short	-2570
 2300 1178 FFDA     		.short	-9473
 2301 117a AD30     		.short	12461
 2302 117c 9C4D     		.short	19868
 2303 117e FF18     		.short	6399
 2304 1180 FF57     		.short	22527
 2305 1182 EDB2     		.short	-19731
 2306 1184 D48F     		.short	-28716
 2307 1186 B40D     		.short	3508
 2308 1188 7AC9     		.short	-13958
 2309 118a C4F0     		.short	-3900
 2310 118c EE94     		.short	-27410
 2311 118e F795     		.short	-27145
 2312 1190 8BAB     		.short	-21621
 2313 1192 BCCD     		.short	-12868
 2314 1194 C48C     		.short	-29500
 2315 1196 C4ED     		.short	-4668
 2316 1198 F734     		.short	13559
 2317 119a F794     		.short	-27401
 2318 119c C58E     		.short	-28987
 2319 119e A3CD     		.short	-12893
 2320 11a0 9BCB     		.short	-13413
 2321 11a2 A3EC     		.short	-4957
 2322 11a4 C4EE     		.short	-4412
 2323 11a6 EED3     		.short	-11282
 2324 11a8 EF14     		.short	5359
 2325 11aa 49C3     		.short	-15543
 2326 11ac AC6E     		.short	28332
 2327 11ae C4AD     		.short	-21052
 2328 11b0 BC6B     		.short	27580
 2329 11b2 CD2D     		.short	11725
 2330 11b4 FF36     		.short	14079
 2331 11b6 F754     		.short	21751
 2332 11b8 FFB4     		.short	-19201
 2333 11ba 8BAA     		.short	-21877
 2334 11bc 6228     		.short	10338
 2335 11be AC6E     		.short	28332
 2336 11c0 B4CD     		.short	-12876
 2337 11c2 D58F     		.short	-28715
 2338 11c4 E5F0     		.short	-3867
 2339 11c6 B46B     		.short	27572
 2340 11c8 BCCD     		.short	-12868
 2341 11ca B4CE     		.short	-12620
 2342 11cc E693     		.short	-27674
 2343 11ce FFD7     		.short	-10241
 2344 11d0 FFD7     		.short	-10241
 2345 11d2 A4AD     		.short	-21084
 2346 11d4 51E4     		.short	-7087
 2347 11d6 BCD0     		.short	-12100
ARM GAS  /tmp/ccXeXMPx.s 			page 42


 2348 11d8 BCAD     		.short	-21060
 2349 11da C50D     		.short	3525
 2350 11dc F756     		.short	22263
 2351 11de FFF9     		.short	-1537
 2352 11e0 A4AD     		.short	-21084
 2353 11e2 5882     		.short	-32168
 2354 11e4 7A28     		.short	10362
 2355 11e6 CDB1     		.short	-20019
 2356 11e8 B44C     		.short	19636
 2357 11ea 88C3     		.short	-15480
 2358 11ec 8864     		.short	25736
 2359 11ee 8083     		.short	-31872
 2360 11f0 6882     		.short	-32152
 2361 11f2 8883     		.short	-31864
 2362 11f4 A187     		.short	-30815
 2363 11f6 89E7     		.short	-6263
 2364 11f8 89C7     		.short	-14455
 2365 11fa C30E     		.short	3779
 2366 11fc D4D4     		.short	-11052
 2367 11fe 0000     		.short	0
 2368 1200 0001     		.short	256
 2369 1202 FFFF     		.short	-1
 2370 1204 B573     		.short	29621
 2371 1206 CE13     		.short	5070
 2372 1208 FFB6     		.short	-18689
 2373 120a CD8E     		.short	-28979
 2374 120c BCED     		.short	-4676
 2375 120e AC4D     		.short	19884
 2376 1210 6226     		.short	9826
 2377 1212 F6F5     		.short	-2570
 2378 1214 DE30     		.short	12510
 2379 1216 EEB2     		.short	-19730
 2380 1218 FF94     		.short	-27393
 2381 121a DE11     		.short	4574
 2382 121c 7B09     		.short	2427
 2383 121e 9C2B     		.short	11164
 2384 1220 CCED     		.short	-4660
 2385 1222 D5CF     		.short	-12331
 2386 1224 EED3     		.short	-11282
 2387 1226 8349     		.short	18819
 2388 1228 A40C     		.short	3236
 2389 122a BCEC     		.short	-4932
 2390 122c EED2     		.short	-11538
 2391 122e FF95     		.short	-27137
 2392 1230 FF75     		.short	30207
 2393 1232 F6F3     		.short	-3082
 2394 1234 93C9     		.short	-13933
 2395 1236 8B69     		.short	27019
 2396 1238 E633     		.short	13286
 2397 123a FF95     		.short	-27137
 2398 123c FF95     		.short	-27137
 2399 123e F796     		.short	-26889
 2400 1240 FF95     		.short	-27137
 2401 1242 FF94     		.short	-27393
 2402 1244 DE51     		.short	20958
 2403 1246 7B07     		.short	1915
 2404 1248 AC8C     		.short	-29524
ARM GAS  /tmp/ccXeXMPx.s 			page 43


 2405 124a FF54     		.short	21759
 2406 124c FF94     		.short	-27393
 2407 124e FF75     		.short	30207
 2408 1250 FF96     		.short	-26881
 2409 1252 FF76     		.short	30463
 2410 1254 EEF2     		.short	-3346
 2411 1256 ACCD     		.short	-12884
 2412 1258 FFB8     		.short	-18177
 2413 125a DE30     		.short	12510
 2414 125c 6A86     		.short	-31126
 2415 125e 72CA     		.short	-13710
 2416 1260 CDD1     		.short	-11827
 2417 1262 FFD8     		.short	-9985
 2418 1264 FFD9     		.short	-9729
 2419 1266 FFD9     		.short	-9729
 2420 1268 FFB8     		.short	-18177
 2421 126a FFF9     		.short	-1537
 2422 126c FFD9     		.short	-9729
 2423 126e BD70     		.short	28861
 2424 1270 7AC8     		.short	-14214
 2425 1272 938A     		.short	-30061
 2426 1274 BCCD     		.short	-12868
 2427 1276 E673     		.short	29670
 2428 1278 FFD9     		.short	-9729
 2429 127a BDB1     		.short	-20035
 2430 127c 940B     		.short	2964
 2431 127e FF18     		.short	6399
 2432 1280 FF77     		.short	30719
 2433 1282 FEB5     		.short	-18946
 2434 1284 D4AE     		.short	-20780
 2435 1286 CCD0     		.short	-12084
 2436 1288 7AA8     		.short	-22406
 2437 128a AC2D     		.short	11692
 2438 128c CD90     		.short	-28467
 2439 128e FFD6     		.short	-10497
 2440 1290 944C     		.short	19604
 2441 1292 AC4B     		.short	19372
 2442 1294 C4AD     		.short	-21052
 2443 1296 BC4C     		.short	19644
 2444 1298 E672     		.short	29414
 2445 129a FF94     		.short	-27393
 2446 129c EEF4     		.short	-2834
 2447 129e 93AB     		.short	-21613
 2448 12a0 BCAF     		.short	-20548
 2449 12a2 8AE8     		.short	-6006
 2450 12a4 BC8D     		.short	-29252
 2451 12a6 CDAF     		.short	-20531
 2452 12a8 FFB7     		.short	-18433
 2453 12aa 7348     		.short	18547
 2454 12ac 7AE8     		.short	-6022
 2455 12ae C4EE     		.short	-4412
 2456 12b0 BCAC     		.short	-21316
 2457 12b2 B48B     		.short	-29772
 2458 12b4 F694     		.short	-27402
 2459 12b6 FF34     		.short	13567
 2460 12b8 FFD5     		.short	-10753
 2461 12ba BD2F     		.short	12221
ARM GAS  /tmp/ccXeXMPx.s 			page 44


 2462 12bc 7289     		.short	-30350
 2463 12be 8B49     		.short	18827
 2464 12c0 C50F     		.short	4037
 2465 12c2 B4AC     		.short	-21324
 2466 12c4 E611     		.short	4582
 2467 12c6 AC2A     		.short	10924
 2468 12c8 BCCD     		.short	-12868
 2469 12ca B4AD     		.short	-21068
 2470 12cc CD8F     		.short	-28723
 2471 12ce FF97     		.short	-26625
 2472 12d0 FFF7     		.short	-2049
 2473 12d2 D694     		.short	-27434
 2474 12d4 4182     		.short	-32191
 2475 12d6 9BEC     		.short	-4965
 2476 12d8 C4EE     		.short	-4412
 2477 12da B46B     		.short	27572
 2478 12dc E673     		.short	29670
 2479 12de FFD9     		.short	-9729
 2480 12e0 C5F1     		.short	-3643
 2481 12e2 60C3     		.short	-15520
 2482 12e4 60E4     		.short	-7072
 2483 12e6 A4EF     		.short	-4188
 2484 12e8 C4CF     		.short	-12348
 2485 12ea 58A1     		.short	-24232
 2486 12ec 7166     		.short	26225
 2487 12ee 92EB     		.short	-5230
 2488 12f0 A490     		.short	-28508
 2489 12f2 A30C     		.short	3235
 2490 12f4 8146     		.short	18049
 2491 12f6 7986     		.short	-31111
 2492 12f8 A2AB     		.short	-21598
 2493 12fa BB0E     		.short	3771
 2494 12fc C452     		.short	21188
 2495 12fe 0000     		.short	0
 2496 1300 0021     		.short	8448
 2497 1302 FFDF     		.short	-8193
 2498 1304 B573     		.short	29621
 2499 1306 EF36     		.short	14063
 2500 1308 FF75     		.short	30207
 2501 130a C56D     		.short	28101
 2502 130c BCCD     		.short	-12868
 2503 130e B46E     		.short	28340
 2504 1310 4163     		.short	25409
 2505 1312 CDB0     		.short	-20275
 2506 1314 DE31     		.short	12766
 2507 1316 D5CF     		.short	-12331
 2508 1318 FF34     		.short	13567
 2509 131a D5D1     		.short	-11819
 2510 131c 72A7     		.short	-22670
 2511 131e AC8C     		.short	-29524
 2512 1320 BCAC     		.short	-21316
 2513 1322 DE10     		.short	4318
 2514 1324 E652     		.short	21222
 2515 1326 72C7     		.short	-14478
 2516 1328 B48E     		.short	-29004
 2517 132a BCEC     		.short	-4932
 2518 132c FF13     		.short	5119
ARM GAS  /tmp/ccXeXMPx.s 			page 45


 2519 132e FF95     		.short	-27137
 2520 1330 FF75     		.short	30207
 2521 1332 E672     		.short	29414
 2522 1334 7B07     		.short	1915
 2523 1336 9C0C     		.short	3228
 2524 1338 F6D6     		.short	-10506
 2525 133a FFB7     		.short	-18433
 2526 133c FFB7     		.short	-18433
 2527 133e FFD8     		.short	-9985
 2528 1340 FFB9     		.short	-17921
 2529 1342 FFB9     		.short	-17921
 2530 1344 CDB2     		.short	-19763
 2531 1346 72A8     		.short	-22414
 2532 1348 C551     		.short	20933
 2533 134a FFB8     		.short	-18177
 2534 134c FFD8     		.short	-9985
 2535 134e FFBA     		.short	-17665
 2536 1350 FFD8     		.short	-9985
 2537 1352 FFB9     		.short	-17921
 2538 1354 C5D1     		.short	-11835
 2539 1356 ACAD     		.short	-21076
 2540 1358 FFB9     		.short	-17921
 2541 135a B50E     		.short	3765
 2542 135c 7B29     		.short	10619
 2543 135e 834B     		.short	19331
 2544 1360 CDB1     		.short	-20019
 2545 1362 FFD8     		.short	-9985
 2546 1364 FFD8     		.short	-9985
 2547 1366 FFD8     		.short	-9985
 2548 1368 F757     		.short	22519
 2549 136a FFB8     		.short	-18177
 2550 136c FF98     		.short	-26369
 2551 136e B4EE     		.short	-4428
 2552 1370 8329     		.short	10627
 2553 1372 8B69     		.short	27019
 2554 1374 B4AC     		.short	-21324
 2555 1376 D5F0     		.short	-3883
 2556 1378 FFD7     		.short	-10241
 2557 137a CE11     		.short	4558
 2558 137c 8BA9     		.short	-22133
 2559 137e FF18     		.short	6399
 2560 1380 FF57     		.short	22527
 2561 1382 FEF6     		.short	-2306
 2562 1384 E591     		.short	-28187
 2563 1386 CCCF     		.short	-12340
 2564 1388 A3CC     		.short	-13149
 2565 138a 9349     		.short	18835
 2566 138c C52F     		.short	12229
 2567 138e FF75     		.short	30207
 2568 1390 AD4F     		.short	20397
 2569 1392 93EA     		.short	-5485
 2570 1394 CCCF     		.short	-12340
 2571 1396 C48D     		.short	-29244
 2572 1398 C52D     		.short	11717
 2573 139a FF95     		.short	-27137
 2574 139c FF76     		.short	30463
 2575 139e 940B     		.short	2964
ARM GAS  /tmp/ccXeXMPx.s 			page 46


 2576 13a0 C4D0     		.short	-12092
 2577 13a2 9B4A     		.short	19099
 2578 13a4 A3AA     		.short	-21853
 2579 13a6 BCED     		.short	-4676
 2580 13a8 F6F5     		.short	-2570
 2581 13aa B54F     		.short	20405
 2582 13ac 5A24     		.short	9306
 2583 13ae AC6D     		.short	28076
 2584 13b0 C50E     		.short	3781
 2585 13b2 B48C     		.short	-29516
 2586 13b4 CD6F     		.short	28621
 2587 13b6 FF35     		.short	13823
 2588 13b8 FFB4     		.short	-19201
 2589 13ba C590     		.short	-28475
 2590 13bc 8B6C     		.short	27787
 2591 13be 82C7     		.short	-14462
 2592 13c0 BCAE     		.short	-20804
 2593 13c2 B4AD     		.short	-21068
 2594 13c4 DDD0     		.short	-12067
 2595 13c6 A40A     		.short	2724
 2596 13c8 B46C     		.short	27828
 2597 13ca BCCE     		.short	-12612
 2598 13cc B4CD     		.short	-12876
 2599 13ce FF15     		.short	5631
 2600 13d0 FFF7     		.short	-2049
 2601 13d2 EF57     		.short	22511
 2602 13d4 6B08     		.short	2155
 2603 13d6 6AA7     		.short	-22678
 2604 13d8 C4CF     		.short	-12348
 2605 13da B44B     		.short	19380
 2606 13dc CD6F     		.short	28621
 2607 13de FF57     		.short	22527
 2608 13e0 DF15     		.short	5599
 2609 13e2 7165     		.short	25969
 2610 13e4 6883     		.short	-31896
 2611 13e6 7B49     		.short	18811
 2612 13e8 CC8F     		.short	-28724
 2613 13ea 51C5     		.short	-15023
 2614 13ec C575     		.short	30149
 2615 13ee F77B     		.short	31735
 2616 13f0 F7FD     		.short	-521
 2617 13f2 FF5C     		.short	23807
 2618 13f4 C4D2     		.short	-11580
 2619 13f6 7A49     		.short	18810
 2620 13f8 9A8B     		.short	-29798
 2621 13fa C34F     		.short	20419
 2622 13fc BC11     		.short	4540
 2623 13fe 0000     		.short	0
 2624 1400 0000     		.short	0
 2625 1402 EF7D     		.short	32239
 2626 1404 B572     		.short	29365
 2627 1406 FFB8     		.short	-18177
 2628 1408 FF75     		.short	30207
 2629 140a BD2C     		.short	11453
 2630 140c BD0E     		.short	3773
 2631 140e A40D     		.short	3492
 2632 1410 3903     		.short	825
ARM GAS  /tmp/ccXeXMPx.s 			page 47


 2633 1412 8BC9     		.short	-13941
 2634 1414 DE31     		.short	12766
 2635 1416 C52E     		.short	11973
 2636 1418 EE92     		.short	-27922
 2637 141a D590     		.short	-28459
 2638 141c 7287     		.short	-30862
 2639 141e B4AD     		.short	-21068
 2640 1420 BC8C     		.short	-29508
 2641 1422 E651     		.short	20966
 2642 1424 D5D0     		.short	-12075
 2643 1426 72A6     		.short	-22926
 2644 1428 BCCF     		.short	-12356
 2645 142a C50C     		.short	3269
 2646 142c FF53     		.short	21503
 2647 142e FF74     		.short	29951
 2648 1430 FF55     		.short	22015
 2649 1432 CDB0     		.short	-20275
 2650 1434 72A6     		.short	-22926
 2651 1436 B4AD     		.short	-21068
 2652 1438 FF36     		.short	14079
 2653 143a FF97     		.short	-26625
 2654 143c FFD7     		.short	-10241
 2655 143e FFF8     		.short	-1793
 2656 1440 FF99     		.short	-26113
 2657 1442 FF98     		.short	-26369
 2658 1444 BD31     		.short	12733
 2659 1446 72A9     		.short	-22158
 2660 1448 CDB2     		.short	-19763
 2661 144a FF97     		.short	-26625
 2662 144c FFD8     		.short	-9985
 2663 144e FFBA     		.short	-17665
 2664 1450 FFB7     		.short	-18433
 2665 1452 FFB9     		.short	-17921
 2666 1454 942C     		.short	11412
 2667 1456 ACEE     		.short	-4436
 2668 1458 FF98     		.short	-26369
 2669 145a 93CA     		.short	-13677
 2670 145c 93CB     		.short	-13421
 2671 145e 830A     		.short	2691
 2672 1460 CD4F     		.short	20429
 2673 1462 FF76     		.short	30463
 2674 1464 FF75     		.short	30207
 2675 1466 FF75     		.short	30207
 2676 1468 EEB3     		.short	-19474
 2677 146a F755     		.short	22007
 2678 146c F715     		.short	5623
 2679 146e AC6C     		.short	27820
 2680 1470 8B4A     		.short	19083
 2681 1472 936A     		.short	27283
 2682 1474 AC4C     		.short	19628
 2683 1476 CD8F     		.short	-28723
 2684 1478 FF96     		.short	-26881
 2685 147a D651     		.short	20950
 2686 147c 8368     		.short	26755
 2687 147e FEF7     		.short	-2050
 2688 1480 FF37     		.short	14335
 2689 1482 FF16     		.short	5887
ARM GAS  /tmp/ccXeXMPx.s 			page 48


 2690 1484 F694     		.short	-27402
 2691 1486 CCCF     		.short	-12340
 2692 1488 CCAF     		.short	-20532
 2693 148a 8AE8     		.short	-6006
 2694 148c B4CD     		.short	-12876
 2695 148e EED3     		.short	-11282
 2696 1490 D6B3     		.short	-19498
 2697 1492 7B27     		.short	10107
 2698 1494 CD10     		.short	4301
 2699 1496 C4AE     		.short	-20796
 2700 1498 B46A     		.short	27316
 2701 149a F6F4     		.short	-2826
 2702 149c FF96     		.short	-26881
 2703 149e B52D     		.short	11701
 2704 14a0 BC6F     		.short	28604
 2705 14a2 CCF0     		.short	-3892
 2706 14a4 8AC7     		.short	-14454
 2707 14a6 B46D     		.short	28084
 2708 14a8 DE33     		.short	13278
 2709 14aa D612     		.short	4822
 2710 14ac 7B07     		.short	1915
 2711 14ae 832A     		.short	10883
 2712 14b0 BCEF     		.short	-4164
 2713 14b2 C4ED     		.short	-4668
 2714 14b4 BC8D     		.short	-29252
 2715 14b6 F6B3     		.short	-19466
 2716 14b8 FFB5     		.short	-18945
 2717 14ba C5B1     		.short	-20027
 2718 14bc 9BAD     		.short	-21093
 2719 14be A38A     		.short	-30045
 2720 14c0 938A     		.short	-30061
 2721 14c2 BCEE     		.short	-4420
 2722 14c4 CD4F     		.short	20429
 2723 14c6 AC6B     		.short	27564
 2724 14c8 9BEB     		.short	-5221
 2725 14ca BCCE     		.short	-12612
 2726 14cc B48C     		.short	-29516
 2727 14ce E632     		.short	13030
 2728 14d0 FFD6     		.short	-10497
 2729 14d2 FFB7     		.short	-18433
 2730 14d4 9CCE     		.short	-12644
 2731 14d6 5A46     		.short	18010
 2732 14d8 A3EC     		.short	-4957
 2733 14da C4AE     		.short	-20796
 2734 14dc BCCD     		.short	-12868
 2735 14de F6B4     		.short	-19210
 2736 14e0 F7F8     		.short	-1801
 2737 14e2 8248     		.short	18562
 2738 14e4 7884     		.short	-31624
 2739 14e6 59A4     		.short	-23463
 2740 14e8 BC4E     		.short	20156
 2741 14ea 736B     		.short	27507
 2742 14ec F7DE     		.short	-8457
 2743 14ee E79C     		.short	-25369
 2744 14f0 EF3B     		.short	15343
 2745 14f2 EF7C     		.short	31983
 2746 14f4 EFDC     		.short	-8977
ARM GAS  /tmp/ccXeXMPx.s 			page 49


 2747 14f6 9C2F     		.short	12188
 2748 14f8 8A2A     		.short	10890
 2749 14fa CB2F     		.short	12235
 2750 14fc C432     		.short	12996
 2751 14fe 0000     		.short	0
 2752 1500 0000     		.short	0
 2753 1502 EF5C     		.short	23791
 2754 1504 A4F1     		.short	-3676
 2755 1506 F737     		.short	14327
 2756 1508 FFB7     		.short	-18433
 2757 150a BD2D     		.short	11709
 2758 150c CD50     		.short	20685
 2759 150e 8B09     		.short	2443
 2760 1510 49A5     		.short	-23223
 2761 1512 72E6     		.short	-6542
 2762 1514 C54F     		.short	20421
 2763 1516 BCEE     		.short	-4420
 2764 1518 D5AF     		.short	-20523
 2765 151a C50F     		.short	4037
 2766 151c 72A7     		.short	-22670
 2767 151e B4CD     		.short	-12876
 2768 1520 BC8C     		.short	-29508
 2769 1522 EE52     		.short	21230
 2770 1524 BD4E     		.short	20157
 2771 1526 72C7     		.short	-14478
 2772 1528 BCCF     		.short	-12356
 2773 152a CD4D     		.short	19917
 2774 152c FF73     		.short	29695
 2775 152e FF74     		.short	29951
 2776 1530 F6D3     		.short	-11274
 2777 1532 B4AD     		.short	-21068
 2778 1534 72A7     		.short	-22670
 2779 1536 BD0E     		.short	3773
 2780 1538 FF35     		.short	13823
 2781 153a FF76     		.short	30463
 2782 153c FF96     		.short	-26881
 2783 153e FFB6     		.short	-18689
 2784 1540 EEF3     		.short	-3090
 2785 1542 F734     		.short	13559
 2786 1544 AC8C     		.short	-29524
 2787 1546 72E7     		.short	-6286
 2788 1548 D5D1     		.short	-11819
 2789 154a FF93     		.short	-27649
 2790 154c FF93     		.short	-27649
 2791 154e F756     		.short	22263
 2792 1550 F755     		.short	22007
 2793 1552 F756     		.short	22263
 2794 1554 6AC8     		.short	-14230
 2795 1556 C570     		.short	28869
 2796 1558 FF56     		.short	22271
 2797 155a 8309     		.short	2435
 2798 155c AC4D     		.short	19884
 2799 155e 7AC8     		.short	-14214
 2800 1560 CD2D     		.short	11725
 2801 1562 FF34     		.short	13567
 2802 1564 FF54     		.short	21759
 2803 1566 FF53     		.short	21503
ARM GAS  /tmp/ccXeXMPx.s 			page 50


 2804 1568 E670     		.short	28902
 2805 156a FF54     		.short	21759
 2806 156c FF14     		.short	5375
 2807 156e B44A     		.short	19124
 2808 1570 8B4A     		.short	19083
 2809 1572 A3CC     		.short	-13149
 2810 1574 A3CA     		.short	-13661
 2811 1576 CD4E     		.short	20173
 2812 1578 FF74     		.short	29951
 2813 157a DE71     		.short	29150
 2814 157c 8B68     		.short	26763
 2815 157e FEB7     		.short	-18434
 2816 1580 FF38     		.short	14591
 2817 1582 FF57     		.short	22527
 2818 1584 F6F5     		.short	-2570
 2819 1586 DD51     		.short	20957
 2820 1588 D4B0     		.short	-20268
 2821 158a 9B6A     		.short	27291
 2822 158c A42B     		.short	11172
 2823 158e DDF1     		.short	-3619
 2824 1590 EF55     		.short	21999
 2825 1592 6AA6     		.short	-22934
 2826 1594 C4D0     		.short	-12092
 2827 1596 C48D     		.short	-29244
 2828 1598 BCAC     		.short	-21316
 2829 159a DDD0     		.short	-12067
 2830 159c FF96     		.short	-26881
 2831 159e D650     		.short	20694
 2832 15a0 B48F     		.short	-28748
 2833 15a2 E5B3     		.short	-19483
 2834 15a4 A38A     		.short	-30045
 2835 15a6 9B6A     		.short	27291
 2836 15a8 C530     		.short	12485
 2837 15aa E673     		.short	29670
 2838 15ac 93CA     		.short	-13677
 2839 15ae 82EA     		.short	-5502
 2840 15b0 A44C     		.short	19620
 2841 15b2 BCCE     		.short	-12612
 2842 15b4 BC6D     		.short	28092
 2843 15b6 DDF0     		.short	-3875
 2844 15b8 FFD5     		.short	-10753
 2845 15ba D632     		.short	13014
 2846 15bc 936B     		.short	27539
 2847 15be CCAE     		.short	-20788
 2848 15c0 7A87     		.short	-30854
 2849 15c2 B48E     		.short	-29004
 2850 15c4 BCEE     		.short	-4420
 2851 15c6 B4CD     		.short	-12876
 2852 15c8 9389     		.short	-30317
 2853 15ca BCCE     		.short	-12612
 2854 15cc BC8D     		.short	-29252
 2855 15ce D54E     		.short	20181
 2856 15d0 FF75     		.short	30207
 2857 15d2 FFF8     		.short	-1793
 2858 15d4 B570     		.short	28853
 2859 15d6 7308     		.short	2163
 2860 15d8 72A7     		.short	-22670
ARM GAS  /tmp/ccXeXMPx.s 			page 51


 2861 15da BCAF     		.short	-20548
 2862 15dc BC8D     		.short	-29252
 2863 15de DDF1     		.short	-3619
 2864 15e0 FFF7     		.short	-2049
 2865 15e2 9B4A     		.short	19099
 2866 15e4 80C5     		.short	-14976
 2867 15e6 60A2     		.short	-23968
 2868 15e8 934B     		.short	19347
 2869 15ea 736B     		.short	27507
 2870 15ec EF5C     		.short	23791
 2871 15ee D719     		.short	6615
 2872 15f0 EEDB     		.short	-9234
 2873 15f2 DF1A     		.short	6879
 2874 15f4 EFFD     		.short	-529
 2875 15f6 A4B1     		.short	-20060
 2876 15f8 A26B     		.short	27554
 2877 15fa D30F     		.short	4051
 2878 15fc BBF1     		.short	-3653
 2879 15fe 0020     		.short	8192
 2880 1600 0000     		.short	0
 2881 1602 F7BD     		.short	-16905
 2882 1604 B573     		.short	29621
 2883 1606 C5B2     		.short	-19771
 2884 1608 FF57     		.short	22527
 2885 160a C54E     		.short	20165
 2886 160c CD30     		.short	12493
 2887 160e 7AC8     		.short	-14214
 2888 1610 5A48     		.short	18522
 2889 1612 940B     		.short	2964
 2890 1614 93C9     		.short	-13933
 2891 1616 B48D     		.short	-29260
 2892 1618 C50E     		.short	3781
 2893 161a B48E     		.short	-29004
 2894 161c 7AA7     		.short	-22662
 2895 161e BCEE     		.short	-4420
 2896 1620 BC8C     		.short	-29508
 2897 1622 EE52     		.short	21230
 2898 1624 B4CC     		.short	-13132
 2899 1626 8308     		.short	2179
 2900 1628 BCCF     		.short	-12356
 2901 162a D58E     		.short	-28971
 2902 162c FF74     		.short	29951
 2903 162e FF74     		.short	29951
 2904 1630 E651     		.short	20966
 2905 1632 93CB     		.short	-13421
 2906 1634 7AE8     		.short	-6022
 2907 1636 C54E     		.short	20165
 2908 1638 FF33     		.short	13311
 2909 163a FF55     		.short	22015
 2910 163c FF55     		.short	22015
 2911 163e F732     		.short	13047
 2912 1640 DE6F     		.short	28638
 2913 1642 F6F2     		.short	-3338
 2914 1644 9C0B     		.short	2972
 2915 1646 8309     		.short	2435
 2916 1648 DE11     		.short	4574
 2917 164a FF92     		.short	-27905
ARM GAS  /tmp/ccXeXMPx.s 			page 52


 2918 164c FF92     		.short	-27905
 2919 164e FF74     		.short	29951
 2920 1650 FF74     		.short	29951
 2921 1652 DE51     		.short	20958
 2922 1654 51E5     		.short	-6831
 2923 1656 E652     		.short	21222
 2924 1658 F6B3     		.short	-19466
 2925 165a 82EA     		.short	-5502
 2926 165c BCCF     		.short	-12356
 2927 165e 7AA7     		.short	-22662
 2928 1660 C4EC     		.short	-4924
 2929 1662 FF14     		.short	5375
 2930 1664 FF74     		.short	29951
 2931 1666 FF53     		.short	21503
 2932 1668 DE2F     		.short	12254
 2933 166a FF74     		.short	29951
 2934 166c F6F3     		.short	-3082
 2935 166e AC09     		.short	2476
 2936 1670 934B     		.short	19347
 2937 1672 B42E     		.short	11956
 2938 1674 9329     		.short	10643
 2939 1676 C52E     		.short	11973
 2940 1678 FF34     		.short	13567
 2941 167a E692     		.short	-27930
 2942 167c 8B89     		.short	-30325
 2943 167e FE98     		.short	-26370
 2944 1680 FF18     		.short	6399
 2945 1682 FF78     		.short	30975
 2946 1684 FF57     		.short	22527
 2947 1686 F5F3     		.short	-3083
 2948 1688 D48F     		.short	-28716
 2949 168a AC0D     		.short	3500
 2950 168c 8B89     		.short	-30325
 2951 168e CD4F     		.short	20429
 2952 1690 F775     		.short	30199
 2953 1692 72E7     		.short	-6286
 2954 1694 938C     		.short	-29549
 2955 1696 BCCE     		.short	-12612
 2956 1698 C4ED     		.short	-4668
 2957 169a C4ED     		.short	-4668
 2958 169c FF55     		.short	22015
 2959 169e EEF2     		.short	-3346
 2960 16a0 B48F     		.short	-28748
 2961 16a2 EE14     		.short	5358
 2962 16a4 CCF0     		.short	-3892
 2963 16a6 8B09     		.short	2443
 2964 16a8 A40B     		.short	2980
 2965 16aa E673     		.short	29670
 2966 16ac 9BEA     		.short	-5477
 2967 16ae A3AE     		.short	-20829
 2968 16b0 8369     		.short	27011
 2969 16b2 BCAD     		.short	-21060
 2970 16b4 BC8E     		.short	-28996
 2971 16b6 C52E     		.short	11973
 2972 16b8 FFB4     		.short	-19201
 2973 16ba DE73     		.short	29662
 2974 16bc 936B     		.short	27539
ARM GAS  /tmp/ccXeXMPx.s 			page 53


 2975 16be E530     		.short	12517
 2976 16c0 82E9     		.short	-5758
 2977 16c2 A3EB     		.short	-5213
 2978 16c4 B4CE     		.short	-12620
 2979 16c6 BCEE     		.short	-4420
 2980 16c8 8B49     		.short	18827
 2981 16ca BCAE     		.short	-20804
 2982 16cc BC8D     		.short	-29252
 2983 16ce C4AC     		.short	-21308
 2984 16d0 F6F3     		.short	-3082
 2985 16d2 FFD7     		.short	-10241
 2986 16d4 CE33     		.short	13262
 2987 16d6 83AA     		.short	-21885
 2988 16d8 51C4     		.short	-15279
 2989 16da A40C     		.short	3236
 2990 16dc BCAD     		.short	-21060
 2991 16de CD2E     		.short	11981
 2992 16e0 F7D5     		.short	-10761
 2993 16e2 AC4D     		.short	19884
 2994 16e4 80A4     		.short	-23424
 2995 16e6 8862     		.short	25224
 2996 16e8 6246     		.short	18018
 2997 16ea 62A9     		.short	-22174
 2998 16ec CD96     		.short	-26931
 2999 16ee FFFD     		.short	-513
 3000 16f0 F73C     		.short	15607
 3001 16f2 FFFE     		.short	-257
 3002 16f4 E73A     		.short	15079
 3003 16f6 9B4D     		.short	19867
 3004 16f8 B24B     		.short	19378
 3005 16fa D32F     		.short	12243
 3006 16fc BC31     		.short	12732
 3007 16fe 0020     		.short	8192
 3008 1700 0000     		.short	0
 3009 1702 FFFF     		.short	-1
 3010 1704 DEB9     		.short	-17954
 3011 1706 A46E     		.short	28324
 3012 1708 E674     		.short	29926
 3013 170a C54F     		.short	20421
 3014 170c BCCE     		.short	-12612
 3015 170e 8B4A     		.short	19083
 3016 1710 6AAA     		.short	-21910
 3017 1712 CDB1     		.short	-20019
 3018 1714 6AA5     		.short	-23190
 3019 1716 A42C     		.short	11428
 3020 1718 BCED     		.short	-4676
 3021 171a B46D     		.short	28084
 3022 171c 7287     		.short	-30862
 3023 171e BD0E     		.short	3773
 3024 1720 BC8D     		.short	-29252
 3025 1722 E652     		.short	21222
 3026 1724 A46B     		.short	27556
 3027 1726 8B49     		.short	18827
 3028 1728 BCAE     		.short	-20804
 3029 172a D5AE     		.short	-20779
 3030 172c FF93     		.short	-27649
 3031 172e FF94     		.short	-27393
ARM GAS  /tmp/ccXeXMPx.s 			page 54


 3032 1730 D610     		.short	4310
 3033 1732 8349     		.short	18819
 3034 1734 8B49     		.short	18827
 3035 1736 CD8E     		.short	-28979
 3036 1738 FF32     		.short	13055
 3037 173a FF74     		.short	29951
 3038 173c FF34     		.short	13567
 3039 173e EECF     		.short	-12306
 3040 1740 DE4F     		.short	20446
 3041 1742 F6D4     		.short	-11018
 3042 1744 9BAB     		.short	-21605
 3043 1746 82EB     		.short	-5246
 3044 1748 E5F3     		.short	-3099
 3045 174a FF74     		.short	29951
 3046 174c FF52     		.short	21247
 3047 174e FF76     		.short	30463
 3048 1750 FFB4     		.short	-19201
 3049 1752 BD4C     		.short	19645
 3050 1754 4963     		.short	25417
 3051 1756 F6B3     		.short	-19466
 3052 1758 DDCF     		.short	-12323
 3053 175a 8AEA     		.short	-5494
 3054 175c CCEF     		.short	-4148
 3055 175e 7A87     		.short	-30854
 3056 1760 BCCC     		.short	-13124
 3057 1762 F714     		.short	5367
 3058 1764 FF95     		.short	-27137
 3059 1766 F733     		.short	13303
 3060 1768 D60E     		.short	3798
 3061 176a FF74     		.short	29951
 3062 176c EEB3     		.short	-19474
 3063 176e 9BC9     		.short	-13925
 3064 1770 936B     		.short	27539
 3065 1772 C490     		.short	-28476
 3066 1774 8AC8     		.short	-14198
 3067 1776 C50E     		.short	3781
 3068 1778 FF33     		.short	13311
 3069 177a EEB2     		.short	-19730
 3070 177c 93AA     		.short	-21869
 3071 177e FE78     		.short	30974
 3072 1780 FEF8     		.short	-1794
 3073 1782 EF57     		.short	22511
 3074 1784 FFB8     		.short	-18177
 3075 1786 FE55     		.short	22014
 3076 1788 E4D1     		.short	-11804
 3077 178a BC4E     		.short	20156
 3078 178c 8348     		.short	18563
 3079 178e BCCD     		.short	-12868
 3080 1790 FF95     		.short	-27137
 3081 1792 8BAA     		.short	-21877
 3082 1794 6226     		.short	9826
 3083 1796 C4EF     		.short	-4156
 3084 1798 BCAC     		.short	-21316
 3085 179a BCAD     		.short	-21060
 3086 179c F6F4     		.short	-2826
 3087 179e FF93     		.short	-27649
 3088 17a0 9C0D     		.short	3484
ARM GAS  /tmp/ccXeXMPx.s 			page 55


 3089 17a2 FEF7     		.short	-2050
 3090 17a4 DD72     		.short	29405
 3091 17a6 9B8C     		.short	-29541
 3092 17a8 8B49     		.short	18827
 3093 17aa DE11     		.short	4574
 3094 17ac AC2C     		.short	11436
 3095 17ae BC31     		.short	12732
 3096 17b0 72E7     		.short	-6286
 3097 17b2 BCAE     		.short	-20804
 3098 17b4 BC6E     		.short	28348
 3099 17b6 BCED     		.short	-4676
 3100 17b8 F753     		.short	21495
 3101 17ba D673     		.short	29654
 3102 17bc A3CD     		.short	-12893
 3103 17be E510     		.short	4325
 3104 17c0 A3CD     		.short	-12893
 3105 17c2 936A     		.short	27283
 3106 17c4 BCEE     		.short	-4420
 3107 17c6 B4CE     		.short	-12620
 3108 17c8 8348     		.short	18563
 3109 17ca BCAE     		.short	-20804
 3110 17cc C4AE     		.short	-20796
 3111 17ce C46B     		.short	27588
 3112 17d0 F692     		.short	-27914
 3113 17d2 FF35     		.short	13823
 3114 17d4 EF36     		.short	14063
 3115 17d6 7B8A     		.short	-30085
 3116 17d8 4983     		.short	-31927
 3117 17da 8B4A     		.short	19083
 3118 17dc BCCE     		.short	-12612
 3119 17de BCCC     		.short	-13124
 3120 17e0 EF94     		.short	-27409
 3121 17e2 BD0F     		.short	4029
 3122 17e4 7883     		.short	-31880
 3123 17e6 A8A5     		.short	-23128
 3124 17e8 5205     		.short	1362
 3125 17ea 4985     		.short	-31415
 3126 17ec 61A7     		.short	-22687
 3127 17ee B513     		.short	5045
 3128 17f0 C637     		.short	14278
 3129 17f2 AD33     		.short	13229
 3130 17f4 830B     		.short	2947
 3131 17f6 8987     		.short	-30839
 3132 17f8 C24C     		.short	19650
 3133 17fa CB2F     		.short	12235
 3134 17fc BCB3     		.short	-19524
 3135 17fe 0000     		.short	0
 3136 1800 0000     		.short	0
 3137 1802 FFFE     		.short	-257
 3138 1804 FFDF     		.short	-8193
 3139 1806 BD96     		.short	-26947
 3140 1808 9C4F     		.short	20380
 3141 180a CDB0     		.short	-20275
 3142 180c C4ED     		.short	-4668
 3143 180e 9329     		.short	10643
 3144 1810 93CC     		.short	-13165
 3145 1812 93E9     		.short	-5741
ARM GAS  /tmp/ccXeXMPx.s 			page 56


 3146 1814 EE95     		.short	-27154
 3147 1816 6A86     		.short	-31126
 3148 1818 AC8D     		.short	-29268
 3149 181a AC6D     		.short	28076
 3150 181c 7AE8     		.short	-6022
 3151 181e BD0D     		.short	3517
 3152 1820 B4AB     		.short	-21580
 3153 1822 EE53     		.short	21486
 3154 1824 93AA     		.short	-21869
 3155 1826 9BAA     		.short	-21861
 3156 1828 BCCD     		.short	-12868
 3157 182a DDEF     		.short	-4131
 3158 182c FF54     		.short	21759
 3159 182e FF54     		.short	21759
 3160 1830 CD50     		.short	20685
 3161 1832 82E7     		.short	-6270
 3162 1834 A3CA     		.short	-13661
 3163 1836 D5B0     		.short	-20267
 3164 1838 FF74     		.short	29951
 3165 183a FF74     		.short	29951
 3166 183c FF95     		.short	-27137
 3167 183e D58F     		.short	-28715
 3168 1840 F6B1     		.short	-19978
 3169 1842 E633     		.short	13286
 3170 1844 938A     		.short	-30061
 3171 1846 8B8A     		.short	-30069
 3172 1848 DE31     		.short	12766
 3173 184a FF74     		.short	29951
 3174 184c FF53     		.short	21503
 3175 184e FF74     		.short	29951
 3176 1850 FF94     		.short	-27393
 3177 1852 7B8C     		.short	-29573
 3178 1854 49E3     		.short	-7351
 3179 1856 FF35     		.short	13823
 3180 1858 B4AF     		.short	-20556
 3181 185a 9B6A     		.short	27291
 3182 185c D50F     		.short	4053
 3183 185e 6247     		.short	18274
 3184 1860 B48D     		.short	-29260
 3185 1862 FE92     		.short	-27906
 3186 1864 FF93     		.short	-27649
 3187 1866 FF14     		.short	5375
 3188 1868 D5CF     		.short	-12331
 3189 186a FFB4     		.short	-19201
 3190 186c F651     		.short	20982
 3191 186e 9BAA     		.short	-21861
 3192 1870 9B6C     		.short	27803
 3193 1872 D4D0     		.short	-12076
 3194 1874 8AE8     		.short	-6006
 3195 1876 BC8D     		.short	-29252
 3196 1878 F6D2     		.short	-11530
 3197 187a E713     		.short	5095
 3198 187c 9B6A     		.short	27291
 3199 187e FEB7     		.short	-18434
 3200 1880 FF58     		.short	22783
 3201 1882 FF17     		.short	6143
 3202 1884 FF37     		.short	14335
ARM GAS  /tmp/ccXeXMPx.s 			page 57


 3203 1886 F717     		.short	6135
 3204 1888 E5B2     		.short	-19739
 3205 188a DC6F     		.short	28636
 3206 188c 9B29     		.short	10651
 3207 188e A48E     		.short	-29020
 3208 1890 EED4     		.short	-11026
 3209 1892 BD2F     		.short	12221
 3210 1894 7286     		.short	-31118
 3211 1896 B46E     		.short	28340
 3212 1898 BCCF     		.short	-12356
 3213 189a AC8C     		.short	-29524
 3214 189c D630     		.short	12502
 3215 189e FFB5     		.short	-18945
 3216 18a0 9CCD     		.short	-12900
 3217 18a2 DE55     		.short	21982
 3218 18a4 F676     		.short	30454
 3219 18a6 CCEF     		.short	-4148
 3220 18a8 82C6     		.short	-14718
 3221 18aa BCCD     		.short	-12868
 3222 18ac AC2D     		.short	11692
 3223 18ae B3EE     		.short	-4429
 3224 18b0 ABCB     		.short	-13397
 3225 18b2 8AE8     		.short	-6006
 3226 18b4 CCEF     		.short	-4148
 3227 18b6 BCAB     		.short	-21572
 3228 18b8 F692     		.short	-27914
 3229 18ba EE34     		.short	13550
 3230 18bc AC2D     		.short	11692
 3231 18be DDD2     		.short	-11555
 3232 18c0 D4AF     		.short	-20524
 3233 18c2 6A24     		.short	9322
 3234 18c4 B48E     		.short	-29004
 3235 18c6 CCEF     		.short	-4148
 3236 18c8 8B48     		.short	18571
 3237 18ca 9C4B     		.short	19356
 3238 18cc C50D     		.short	3525
 3239 18ce C40A     		.short	2756
 3240 18d0 E591     		.short	-28187
 3241 18d2 FF35     		.short	13823
 3242 18d4 FF95     		.short	-27137
 3243 18d6 9C2A     		.short	10908
 3244 18d8 72E8     		.short	-6030
 3245 18da 3963     		.short	25401
 3246 18dc BD30     		.short	12477
 3247 18de BC6C     		.short	27836
 3248 18e0 EEB2     		.short	-19730
 3249 18e2 CDB1     		.short	-20019
 3250 18e4 4861     		.short	24904
 3251 18e6 B067     		.short	26544
 3252 18e8 7905     		.short	1401
 3253 18ea 4183     		.short	-31935
 3254 18ec 90C4     		.short	-15216
 3255 18ee 7042     		.short	17008
 3256 18f0 80E3     		.short	-7296
 3257 18f2 8842     		.short	17032
 3258 18f4 A0C5     		.short	-14944
 3259 18f6 B1A8     		.short	-22351
ARM GAS  /tmp/ccXeXMPx.s 			page 58


 3260 18f8 BA2B     		.short	11194
 3261 18fa D30F     		.short	4051
 3262 18fc BBF1     		.short	-3653
 3263 18fe 0020     		.short	8192
 3264 1900 0000     		.short	0
 3265 1902 FFFF     		.short	-1
 3266 1904 FFFF     		.short	-1
 3267 1906 F77E     		.short	32503
 3268 1908 942F     		.short	12180
 3269 190a A48C     		.short	-29532
 3270 190c C52F     		.short	12229
 3271 190e 8309     		.short	2435
 3272 1910 BCF0     		.short	-3908
 3273 1912 8367     		.short	26499
 3274 1914 CD90     		.short	-28467
 3275 1916 D5B3     		.short	-19499
 3276 1918 7B07     		.short	1915
 3277 191a 8349     		.short	18819
 3278 191c 8329     		.short	10627
 3279 191e BD0D     		.short	3517
 3280 1920 B4AC     		.short	-21324
 3281 1922 E613     		.short	5094
 3282 1924 938A     		.short	-30061
 3283 1926 9BCA     		.short	-13669
 3284 1928 BCCD     		.short	-12868
 3285 192a DE10     		.short	4318
 3286 192c FF75     		.short	30207
 3287 192e F713     		.short	5111
 3288 1930 C4EF     		.short	-4156
 3289 1932 7AC6     		.short	-14726
 3290 1934 A3EB     		.short	-5213
 3291 1936 DDF1     		.short	-3619
 3292 1938 FFB5     		.short	-18945
 3293 193a FF94     		.short	-27393
 3294 193c FF34     		.short	13567
 3295 193e C50D     		.short	3525
 3296 1940 F6B2     		.short	-19722
 3297 1942 DE12     		.short	4830
 3298 1944 8B6A     		.short	27275
 3299 1946 8B8A     		.short	-30069
 3300 1948 DE31     		.short	12766
 3301 194a FF94     		.short	-27393
 3302 194c FF73     		.short	29695
 3303 194e FF74     		.short	29951
 3304 1950 FF33     		.short	13311
 3305 1952 62C8     		.short	-14238
 3306 1954 5A45     		.short	17754
 3307 1956 FF35     		.short	13823
 3308 1958 AC4D     		.short	19884
 3309 195a AC0D     		.short	3500
 3310 195c DD2F     		.short	12253
 3311 195e 7288     		.short	-30606
 3312 1960 AC4C     		.short	19628
 3313 1962 F672     		.short	29430
 3314 1964 FF93     		.short	-27649
 3315 1966 F6F4     		.short	-2826
 3316 1968 CD8F     		.short	-28723
ARM GAS  /tmp/ccXeXMPx.s 			page 59


 3317 196a FF94     		.short	-27393
 3318 196c EE30     		.short	12526
 3319 196e 938A     		.short	-30061
 3320 1970 A3AD     		.short	-21085
 3321 1972 DCD0     		.short	-12068
 3322 1974 8AE8     		.short	-6006
 3323 1976 BC6D     		.short	28092
 3324 1978 F6B1     		.short	-19978
 3325 197a E6F3     		.short	-3098
 3326 197c 936A     		.short	27283
 3327 197e FEB7     		.short	-18434
 3328 1980 FF38     		.short	14591
 3329 1982 FF17     		.short	6143
 3330 1984 FF58     		.short	22783
 3331 1986 FF57     		.short	22527
 3332 1988 EE14     		.short	5358
 3333 198a DCB0     		.short	-20260
 3334 198c A36A     		.short	27299
 3335 198e 93EB     		.short	-5229
 3336 1990 DE32     		.short	13022
 3337 1992 DE12     		.short	4830
 3338 1994 8328     		.short	10371
 3339 1996 938A     		.short	-30061
 3340 1998 C4EF     		.short	-4156
 3341 199a B48C     		.short	-29516
 3342 199c C54D     		.short	19909
 3343 199e FFB5     		.short	-18945
 3344 19a0 A4ED     		.short	-4700
 3345 19a2 D5F3     		.short	-3115
 3346 19a4 FF39     		.short	14847
 3347 19a6 DDB3     		.short	-19491
 3348 19a8 8B69     		.short	27019
 3349 19aa 93CA     		.short	-13677
 3350 19ac BCAF     		.short	-20548
 3351 19ae A3AD     		.short	-21085
 3352 19b0 C511     		.short	4549
 3353 19b2 830A     		.short	2691
 3354 19b4 BCD0     		.short	-12100
 3355 19b6 B4ED     		.short	-4684
 3356 19b8 DE32     		.short	13022
 3357 19ba DE14     		.short	5342
 3358 19bc BD12     		.short	4797
 3359 19be F718     		.short	6391
 3360 19c0 DD52     		.short	21213
 3361 19c2 93AB     		.short	-21613
 3362 19c4 93CC     		.short	-13165
 3363 19c6 C4F1     		.short	-3644
 3364 19c8 8349     		.short	18819
 3365 19ca 5A84     		.short	-31654
 3366 19cc BD4F     		.short	20413
 3367 19ce C46D     		.short	28100
 3368 19d0 C4AD     		.short	-21052
 3369 19d2 FF96     		.short	-26881
 3370 19d4 FFB5     		.short	-18945
 3371 19d6 B4ED     		.short	-4684
 3372 19d8 832A     		.short	10883
 3373 19da 49C5     		.short	-15031
ARM GAS  /tmp/ccXeXMPx.s 			page 60


 3374 19dc 940C     		.short	3220
 3375 19de BC8C     		.short	-29508
 3376 19e0 D5EF     		.short	-4139
 3377 19e2 D653     		.short	21462
 3378 19e4 4963     		.short	25417
 3379 19e6 8065     		.short	25984
 3380 19e8 50C3     		.short	-15536
 3381 19ea 3122     		.short	8753
 3382 19ec 8802     		.short	648
 3383 19ee B107     		.short	1969
 3384 19f0 90C4     		.short	-15216
 3385 19f2 A0C4     		.short	-15200
 3386 19f4 B187     		.short	-30799
 3387 19f6 A9E8     		.short	-5975
 3388 19f8 B28B     		.short	-29774
 3389 19fa D3B0     		.short	-20269
 3390 19fc C493     		.short	-27708
 3391 19fe 0000     		.short	0
 3392 1a00 0000     		.short	0
 3393 1a02 FFFF     		.short	-1
 3394 1a04 FFFF     		.short	-1
 3395 1a06 FFFF     		.short	-1
 3396 1a08 CE16     		.short	5838
 3397 1a0a 8BEA     		.short	-5493
 3398 1a0c CDB1     		.short	-20019
 3399 1a0e 7AC9     		.short	-13958
 3400 1a10 C551     		.short	20933
 3401 1a12 BD2D     		.short	11709
 3402 1a14 7B06     		.short	1659
 3403 1a16 FED7     		.short	-10242
 3404 1a18 BD0E     		.short	3773
 3405 1a1a 7AE8     		.short	-6022
 3406 1a1c 8309     		.short	2435
 3407 1a1e BCED     		.short	-4676
 3408 1a20 B4AC     		.short	-21324
 3409 1a22 DDD1     		.short	-11811
 3410 1a24 938A     		.short	-30061
 3411 1a26 9BCA     		.short	-13669
 3412 1a28 BCCD     		.short	-12868
 3413 1a2a DE10     		.short	4318
 3414 1a2c FF75     		.short	30207
 3415 1a2e EEB2     		.short	-19730
 3416 1a30 B4AE     		.short	-20812
 3417 1a32 7A86     		.short	-31110
 3418 1a34 AC4C     		.short	19628
 3419 1a36 DDF1     		.short	-3619
 3420 1a38 FFB5     		.short	-18945
 3421 1a3a FFB4     		.short	-19201
 3422 1a3c EEB2     		.short	-19730
 3423 1a3e BCAC     		.short	-21316
 3424 1a40 F6D2     		.short	-11530
 3425 1a42 D5B1     		.short	-20011
 3426 1a44 8329     		.short	10627
 3427 1a46 938A     		.short	-30061
 3428 1a48 DE31     		.short	12766
 3429 1a4a FF94     		.short	-27393
 3430 1a4c FF73     		.short	29695
ARM GAS  /tmp/ccXeXMPx.s 			page 61


 3431 1a4e FF54     		.short	21759
 3432 1a50 F6B2     		.short	-19722
 3433 1a52 41C5     		.short	-15039
 3434 1a54 6AC7     		.short	-14486
 3435 1a56 FF35     		.short	13823
 3436 1a58 93EB     		.short	-5229
 3437 1a5a CCF1     		.short	-3636
 3438 1a5c DD2F     		.short	12253
 3439 1a5e 7AC8     		.short	-14214
 3440 1a60 9BEB     		.short	-5221
 3441 1a62 EE31     		.short	12782
 3442 1a64 FF74     		.short	29951
 3443 1a66 F6B3     		.short	-19466
 3444 1a68 C56E     		.short	28357
 3445 1a6a FF94     		.short	-27393
 3446 1a6c E5F0     		.short	-3867
 3447 1a6e 8B49     		.short	18827
 3448 1a70 AC0E     		.short	3756
 3449 1a72 DCF0     		.short	-3876
 3450 1a74 8AE8     		.short	-6006
 3451 1a76 B44D     		.short	19892
 3452 1a78 EE91     		.short	-28178
 3453 1a7a E6D3     		.short	-11290
 3454 1a7c 934A     		.short	19091
 3455 1a7e FED7     		.short	-10242
 3456 1a80 FF38     		.short	14591
 3457 1a82 FF38     		.short	14591
 3458 1a84 FF58     		.short	22783
 3459 1a86 FF58     		.short	22783
 3460 1a88 FEB6     		.short	-18690
 3461 1a8a E511     		.short	4581
 3462 1a8c B3CC     		.short	-13133
 3463 1a8e 8349     		.short	18819
 3464 1a90 CDB0     		.short	-20275
 3465 1a92 DE12     		.short	4830
 3466 1a94 9BAA     		.short	-21861
 3467 1a96 9349     		.short	18835
 3468 1a98 BC6D     		.short	28092
 3469 1a9a B4AD     		.short	-21068
 3470 1a9c C52D     		.short	11717
 3471 1a9e FF54     		.short	21759
 3472 1aa0 CE11     		.short	4558
 3473 1aa2 B4EF     		.short	-4172
 3474 1aa4 FF3A     		.short	15103
 3475 1aa6 EE98     		.short	-26386
 3476 1aa8 B510     		.short	4277
 3477 1aaa 7308     		.short	2163
 3478 1aac 9C0D     		.short	3484
 3479 1aae 6227     		.short	10082
 3480 1ab0 9BCD     		.short	-12901
 3481 1ab2 5185     		.short	-31407
 3482 1ab4 72A9     		.short	-22158
 3483 1ab6 7B28     		.short	10363
 3484 1ab8 7307     		.short	1907
 3485 1aba 6288     		.short	-30622
 3486 1abc 41A5     		.short	-23231
 3487 1abe 734A     		.short	19059
ARM GAS  /tmp/ccXeXMPx.s 			page 62


 3488 1ac0 6206     		.short	1634
 3489 1ac2 51C5     		.short	-15023
 3490 1ac4 4984     		.short	-31671
 3491 1ac6 AC70     		.short	28844
 3492 1ac8 93ED     		.short	-4717
 3493 1aca 3182     		.short	-32207
 3494 1acc A4AF     		.short	-20572
 3495 1ace BC8E     		.short	-28996
 3496 1ad0 BC6C     		.short	27836
 3497 1ad2 FF55     		.short	22015
 3498 1ad4 FF75     		.short	30207
 3499 1ad6 BD0E     		.short	3773
 3500 1ad8 93CC     		.short	-13165
 3501 1ada 83AC     		.short	-21373
 3502 1adc 838A     		.short	-30077
 3503 1ade BCAE     		.short	-20804
 3504 1ae0 D5AF     		.short	-20523
 3505 1ae2 CE32     		.short	13006
 3506 1ae4 94D0     		.short	-12140
 3507 1ae6 BC11     		.short	4540
 3508 1ae8 2080     		.short	-32736
 3509 1aea 1860     		.short	24600
 3510 1aec A8A6     		.short	-22872
 3511 1aee B845     		.short	17848
 3512 1af0 A8C5     		.short	-14936
 3513 1af2 A8C4     		.short	-15192
 3514 1af4 A946     		.short	18089
 3515 1af6 A1C7     		.short	-14431
 3516 1af8 AAAB     		.short	-21590
 3517 1afa AB2D     		.short	11691
 3518 1afc BCB3     		.short	-19524
 3519 1afe 0000     		.short	0
 3520 1b00 0000     		.short	0
 3521 1b02 FFFF     		.short	-1
 3522 1b04 FFDF     		.short	-8193
 3523 1b06 FFDF     		.short	-8193
 3524 1b08 FFFE     		.short	-257
 3525 1b0a 83CA     		.short	-13693
 3526 1b0c 9C6D     		.short	28060
 3527 1b0e 93CD     		.short	-12909
 3528 1b10 A44D     		.short	19876
 3529 1b12 FF55     		.short	22015
 3530 1b14 7AE5     		.short	-6790
 3531 1b16 A42C     		.short	11428
 3532 1b18 F6D5     		.short	-10762
 3533 1b1a 9BCB     		.short	-13413
 3534 1b1c 7AE9     		.short	-5766
 3535 1b1e C50F     		.short	4037
 3536 1b20 B4CC     		.short	-13132
 3537 1b22 CD70     		.short	28877
 3538 1b24 9369     		.short	27027
 3539 1b26 9BCB     		.short	-13413
 3540 1b28 B4CD     		.short	-12876
 3541 1b2a DE10     		.short	4318
 3542 1b2c FF75     		.short	30207
 3543 1b2e DE30     		.short	12510
 3544 1b30 B4AE     		.short	-20812
ARM GAS  /tmp/ccXeXMPx.s 			page 63


 3545 1b32 7266     		.short	26226
 3546 1b34 B48D     		.short	-29260
 3547 1b36 D5F0     		.short	-3883
 3548 1b38 FF94     		.short	-27393
 3549 1b3a FF94     		.short	-27393
 3550 1b3c DE30     		.short	12510
 3551 1b3e BCAC     		.short	-21316
 3552 1b40 FEF2     		.short	-3330
 3553 1b42 D590     		.short	-28459
 3554 1b44 8329     		.short	10627
 3555 1b46 93AA     		.short	-21869
 3556 1b48 DE31     		.short	12766
 3557 1b4a FF94     		.short	-27393
 3558 1b4c FF74     		.short	29951
 3559 1b4e FF54     		.short	21759
 3560 1b50 E631     		.short	12774
 3561 1b52 3943     		.short	17209
 3562 1b54 8349     		.short	18819
 3563 1b56 FF14     		.short	5375
 3564 1b58 8BAB     		.short	-21621
 3565 1b5a DDD4     		.short	-11043
 3566 1b5c DD2F     		.short	12253
 3567 1b5e 8B09     		.short	2443
 3568 1b60 93AB     		.short	-21613
 3569 1b62 E5F0     		.short	-3867
 3570 1b64 FF94     		.short	-27393
 3571 1b66 F693     		.short	-27658
 3572 1b68 C54D     		.short	19909
 3573 1b6a FF94     		.short	-27393
 3574 1b6c DDAF     		.short	-20515
 3575 1b6e 834A     		.short	19075
 3576 1b70 BC8F     		.short	-28740
 3577 1b72 DD10     		.short	4317
 3578 1b74 8B09     		.short	2443
 3579 1b76 AC0C     		.short	3244
 3580 1b78 EE71     		.short	29166
 3581 1b7a DEB2     		.short	-19746
 3582 1b7c 934A     		.short	19091
 3583 1b7e FED7     		.short	-10242
 3584 1b80 FF58     		.short	22783
 3585 1b82 FF38     		.short	14591
 3586 1b84 FF37     		.short	14335
 3587 1b86 FF57     		.short	22527
 3588 1b88 FEF7     		.short	-2050
 3589 1b8a ED72     		.short	29421
 3590 1b8c C44E     		.short	20164
 3591 1b8e 7AE8     		.short	-6022
 3592 1b90 C54E     		.short	20165
 3593 1b92 DDF2     		.short	-3363
 3594 1b94 AC0B     		.short	2988
 3595 1b96 AC0C     		.short	3244
 3596 1b98 A3CB     		.short	-13405
 3597 1b9a BC8D     		.short	-29252
 3598 1b9c BCAC     		.short	-21316
 3599 1b9e EE92     		.short	-27922
 3600 1ba0 E6B3     		.short	-19482
 3601 1ba2 ACAE     		.short	-20820
ARM GAS  /tmp/ccXeXMPx.s 			page 64


 3602 1ba4 FF9C     		.short	-25345
 3603 1ba6 EEB9     		.short	-17938
 3604 1ba8 A48F     		.short	-28764
 3605 1baa 3962     		.short	25145
 3606 1bac 5A47     		.short	18266
 3607 1bae 3923     		.short	9017
 3608 1bb0 59A4     		.short	-23463
 3609 1bb2 38C3     		.short	-15560
 3610 1bb4 4123     		.short	9025
 3611 1bb6 7B08     		.short	2171
 3612 1bb8 8369     		.short	27011
 3613 1bba 8BAD     		.short	-21109
 3614 1bbc 7B8C     		.short	-29573
 3615 1bbe BDB3     		.short	-19523
 3616 1bc0 C552     		.short	21189
 3617 1bc2 938B     		.short	-29805
 3618 1bc4 4983     		.short	-31927
 3619 1bc6 6A47     		.short	18282
 3620 1bc8 6287     		.short	-30878
 3621 1bca 1860     		.short	24600
 3622 1bcc 7B29     		.short	10619
 3623 1bce C4F0     		.short	-3900
 3624 1bd0 BC8D     		.short	-29252
 3625 1bd2 E672     		.short	29414
 3626 1bd4 FFB7     		.short	-18433
 3627 1bd6 A44B     		.short	19364
 3628 1bd8 93CC     		.short	-13165
 3629 1bda 944E     		.short	20116
 3630 1bdc 940D     		.short	3476
 3631 1bde B48E     		.short	-29004
 3632 1be0 D54E     		.short	20181
 3633 1be2 B54F     		.short	20405
 3634 1be4 A5B3     		.short	-19547
 3635 1be6 FF5D     		.short	24063
 3636 1be8 842E     		.short	11908
 3637 1bea 0860     		.short	24584
 3638 1bec 88A4     		.short	-23416
 3639 1bee 9865     		.short	26008
 3640 1bf0 A0C4     		.short	-15200
 3641 1bf2 B105     		.short	1457
 3642 1bf4 B126     		.short	9905
 3643 1bf6 B1A8     		.short	-22351
 3644 1bf8 BAAB     		.short	-21574
 3645 1bfa A30C     		.short	3235
 3646 1bfc C555     		.short	21957
 3647 1bfe 0020     		.short	8192
 3648 1c00 0000     		.short	0
 3649 1c02 FFFF     		.short	-1
 3650 1c04 FFDF     		.short	-8193
 3651 1c06 FFFF     		.short	-1
 3652 1c08 F79D     		.short	-25097
 3653 1c0a 7BCA     		.short	-13701
 3654 1c0c 62C6     		.short	-14750
 3655 1c0e 9C0E     		.short	3740
 3656 1c10 93CB     		.short	-13421
 3657 1c12 FF35     		.short	13823
 3658 1c14 D5D0     		.short	-12075
ARM GAS  /tmp/ccXeXMPx.s 			page 65


 3659 1c16 6A64     		.short	25706
 3660 1c18 B4CD     		.short	-12876
 3661 1c1a A42D     		.short	11684
 3662 1c1c 8B4B     		.short	19339
 3663 1c1e C50F     		.short	4037
 3664 1c20 BCCD     		.short	-12868
 3665 1c22 C52F     		.short	12229
 3666 1c24 936A     		.short	27283
 3667 1c26 9BEB     		.short	-5221
 3668 1c28 B4AD     		.short	-21068
 3669 1c2a DE10     		.short	4318
 3670 1c2c FF75     		.short	30207
 3671 1c2e CDCF     		.short	-12339
 3672 1c30 B48E     		.short	-29004
 3673 1c32 7266     		.short	26226
 3674 1c34 BCCE     		.short	-12612
 3675 1c36 DDF0     		.short	-3875
 3676 1c38 FF94     		.short	-27393
 3677 1c3a FF74     		.short	29951
 3678 1c3c D5AF     		.short	-20523
 3679 1c3e C4AD     		.short	-21052
 3680 1c40 FEF3     		.short	-3074
 3681 1c42 CD6F     		.short	28621
 3682 1c44 8329     		.short	10627
 3683 1c46 93AA     		.short	-21869
 3684 1c48 D5F1     		.short	-3627
 3685 1c4a FF74     		.short	29951
 3686 1c4c FF73     		.short	29695
 3687 1c4e FF75     		.short	30207
 3688 1c50 CD6F     		.short	28621
 3689 1c52 49A5     		.short	-23223
 3690 1c54 8B89     		.short	-30325
 3691 1c56 F6D3     		.short	-11274
 3692 1c58 83AB     		.short	-21629
 3693 1c5a EE77     		.short	30702
 3694 1c5c D50F     		.short	4053
 3695 1c5e 9B4A     		.short	19099
 3696 1c60 8B6A     		.short	27275
 3697 1c62 DDAF     		.short	-20515
 3698 1c64 FF94     		.short	-27393
 3699 1c66 EE72     		.short	29422
 3700 1c68 C52D     		.short	11717
 3701 1c6a FF74     		.short	29951
 3702 1c6c D56F     		.short	28629
 3703 1c6e 836A     		.short	27267
 3704 1c70 D531     		.short	12757
 3705 1c72 DD10     		.short	4317
 3706 1c74 934A     		.short	19091
 3707 1c76 A3CB     		.short	-13405
 3708 1c78 E651     		.short	20966
 3709 1c7a D652     		.short	21206
 3710 1c7c 936A     		.short	27283
 3711 1c7e FED7     		.short	-10242
 3712 1c80 FF58     		.short	22783
 3713 1c82 FF38     		.short	14591
 3714 1c84 FF17     		.short	6143
 3715 1c86 F737     		.short	14327
ARM GAS  /tmp/ccXeXMPx.s 			page 66


 3716 1c88 FF37     		.short	14335
 3717 1c8a F5D3     		.short	-11275
 3718 1c8c D4D0     		.short	-12076
 3719 1c8e 7AC8     		.short	-14214
 3720 1c90 AC6B     		.short	27564
 3721 1c92 EE53     		.short	21486
 3722 1c94 AC4C     		.short	19628
 3723 1c96 C4AE     		.short	-20796
 3724 1c98 9B69     		.short	27035
 3725 1c9a BCAD     		.short	-21060
 3726 1c9c AC4B     		.short	19372
 3727 1c9e EE73     		.short	29678
 3728 1ca0 FF77     		.short	30719
 3729 1ca2 8BCA     		.short	-13685
 3730 1ca4 AC90     		.short	-28500
 3731 1ca6 72EA     		.short	-5518
 3732 1ca8 5A47     		.short	18266
 3733 1caa 49C4     		.short	-15287
 3734 1cac 51E6     		.short	-6575
 3735 1cae 4185     		.short	-31423
 3736 1cb0 8B09     		.short	2443
 3737 1cb2 9B8C     		.short	-29541
 3738 1cb4 7247     		.short	18290
 3739 1cb6 BCCE     		.short	-12612
 3740 1cb8 C550     		.short	20677
 3741 1cba C552     		.short	21189
 3742 1cbc BD73     		.short	29629
 3743 1cbe FFBA     		.short	-17665
 3744 1cc0 FF38     		.short	14591
 3745 1cc2 D551     		.short	20949
 3746 1cc4 A3AB     		.short	-21597
 3747 1cc6 936A     		.short	27283
 3748 1cc8 AC8F     		.short	-28756
 3749 1cca 6A86     		.short	-31126
 3750 1ccc 8308     		.short	2179
 3751 1cce BCAF     		.short	-20548
 3752 1cd0 BC8C     		.short	-29508
 3753 1cd2 C5AF     		.short	-20539
 3754 1cd4 FFD8     		.short	-9985
 3755 1cd6 A40B     		.short	2980
 3756 1cd8 A44D     		.short	19876
 3757 1cda 83AB     		.short	-21629
 3758 1cdc AD11     		.short	4525
 3759 1cde 8B8C     		.short	-29557
 3760 1ce0 DD2F     		.short	12253
 3761 1ce2 BD0F     		.short	4029
 3762 1ce4 A4F1     		.short	-3676
 3763 1ce6 FFDE     		.short	-8449
 3764 1ce8 E73B     		.short	15335
 3765 1cea 31A4     		.short	-23503
 3766 1cec 7A28     		.short	10362
 3767 1cee 6104     		.short	1121
 3768 1cf0 7883     		.short	-31880
 3769 1cf2 9925     		.short	9625
 3770 1cf4 B147     		.short	18353
 3771 1cf6 C9A9     		.short	-22071
 3772 1cf8 BA2A     		.short	10938
ARM GAS  /tmp/ccXeXMPx.s 			page 67


 3773 1cfa AB2D     		.short	11691
 3774 1cfc DE59     		.short	23006
 3775 1cfe 0020     		.short	8192
 3776 1d00 0000     		.short	0
 3777 1d02 FFFF     		.short	-1
 3778 1d04 FFFF     		.short	-1
 3779 1d06 FFFF     		.short	-1
 3780 1d08 D678     		.short	30934
 3781 1d0a 83CA     		.short	-13693
 3782 1d0c 83AA     		.short	-21885
 3783 1d0e 5A06     		.short	1626
 3784 1d10 8329     		.short	10627
 3785 1d12 DE11     		.short	4574
 3786 1d14 FF56     		.short	22271
 3787 1d16 B4AD     		.short	-21068
 3788 1d18 8BA7     		.short	-22645
 3789 1d1a 82E7     		.short	-6270
 3790 1d1c 938B     		.short	-29805
 3791 1d1e BCEE     		.short	-4420
 3792 1d20 BCED     		.short	-4676
 3793 1d22 C50F     		.short	4037
 3794 1d24 936A     		.short	27283
 3795 1d26 A3EB     		.short	-5213
 3796 1d28 B4AD     		.short	-21068
 3797 1d2a DE10     		.short	4318
 3798 1d2c FF55     		.short	22015
 3799 1d2e C58E     		.short	-28987
 3800 1d30 A44E     		.short	20132
 3801 1d32 6A25     		.short	9578
 3802 1d34 C4EF     		.short	-4156
 3803 1d36 DE31     		.short	12766
 3804 1d38 FFB4     		.short	-19201
 3805 1d3a F753     		.short	21495
 3806 1d3c C52D     		.short	11717
 3807 1d3e C4AE     		.short	-20796
 3808 1d40 FEF3     		.short	-3074
 3809 1d42 CD4F     		.short	20429
 3810 1d44 8309     		.short	2435
 3811 1d46 8B6A     		.short	27275
 3812 1d48 CDB0     		.short	-20275
 3813 1d4a FF53     		.short	21503
 3814 1d4c FF53     		.short	21503
 3815 1d4e FF75     		.short	30207
 3816 1d50 BCCD     		.short	-12868
 3817 1d52 6248     		.short	18530
 3818 1d54 93A9     		.short	-22125
 3819 1d56 EE91     		.short	-28178
 3820 1d58 83EC     		.short	-4989
 3821 1d5a F6F9     		.short	-1546
 3822 1d5c D50F     		.short	4053
 3823 1d5e ABAB     		.short	-21589
 3824 1d60 832A     		.short	10883
 3825 1d62 CD2E     		.short	11981
 3826 1d64 FF74     		.short	29951
 3827 1d66 EE52     		.short	21230
 3828 1d68 C50D     		.short	3525
 3829 1d6a FF53     		.short	21503
ARM GAS  /tmp/ccXeXMPx.s 			page 68


 3830 1d6c C50E     		.short	3781
 3831 1d6e 838C     		.short	-29565
 3832 1d70 E5F3     		.short	-3099
 3833 1d72 DD0F     		.short	4061
 3834 1d74 9BAB     		.short	-21605
 3835 1d76 9B8B     		.short	-29797
 3836 1d78 E652     		.short	21222
 3837 1d7a CE11     		.short	4558
 3838 1d7c 9B8B     		.short	-29797
 3839 1d7e FED7     		.short	-10242
 3840 1d80 FF38     		.short	14591
 3841 1d82 FF17     		.short	6143
 3842 1d84 FF17     		.short	6143
 3843 1d86 F757     		.short	22519
 3844 1d88 FF58     		.short	22783
 3845 1d8a FE55     		.short	22014
 3846 1d8c D4F1     		.short	-3628
 3847 1d8e 8B09     		.short	2443
 3848 1d90 9BEA     		.short	-5477
 3849 1d92 DDF2     		.short	-3363
 3850 1d94 AC4C     		.short	19628
 3851 1d96 DD92     		.short	-27939
 3852 1d98 9329     		.short	10643
 3853 1d9a BC8D     		.short	-29252
 3854 1d9c BCCE     		.short	-12612
 3855 1d9e D5B1     		.short	-20011
 3856 1da0 BD70     		.short	28861
 3857 1da2 4182     		.short	-32191
 3858 1da4 5A46     		.short	18010
 3859 1da6 51A5     		.short	-23215
 3860 1da8 61C5     		.short	-15007
 3861 1daa 7287     		.short	-30862
 3862 1dac 51C5     		.short	-15023
 3863 1dae 6AEA     		.short	-5526
 3864 1db0 D50F     		.short	4053
 3865 1db2 DD32     		.short	13021
 3866 1db4 82A8     		.short	-22398
 3867 1db6 AC2B     		.short	11180
 3868 1db8 C50E     		.short	3781
 3869 1dba A40D     		.short	3492
 3870 1dbc C572     		.short	29381
 3871 1dbe FF77     		.short	30719
 3872 1dc0 FF37     		.short	14335
 3873 1dc2 EDD3     		.short	-11283
 3874 1dc4 B3EC     		.short	-4941
 3875 1dc6 82E8     		.short	-6014
 3876 1dc8 AC8E     		.short	-29012
 3877 1dca 8B4A     		.short	19083
 3878 1dcc A3AB     		.short	-21597
 3879 1dce A3CB     		.short	-13405
 3880 1dd0 BCCD     		.short	-12868
 3881 1dd2 C58F     		.short	-28731
 3882 1dd4 FF97     		.short	-26625
 3883 1dd6 A42B     		.short	11172
 3884 1dd8 BCCF     		.short	-12356
 3885 1dda 734A     		.short	19059
 3886 1ddc C5F5     		.short	-2619
ARM GAS  /tmp/ccXeXMPx.s 			page 69


 3887 1dde 93CD     		.short	-12909
 3888 1de0 D50E     		.short	3797
 3889 1de2 B48E     		.short	-29004
 3890 1de4 B533     		.short	13237
 3891 1de6 F75C     		.short	23799
 3892 1de8 DEDA     		.short	-9506
 3893 1dea 73CD     		.short	-12941
 3894 1dec F79C     		.short	-25353
 3895 1dee B594     		.short	-27467
 3896 1df0 8A8A     		.short	-30070
 3897 1df2 6904     		.short	1129
 3898 1df4 80A4     		.short	-23424
 3899 1df6 C1CA     		.short	-13631
 3900 1df8 BA4B     		.short	19386
 3901 1dfa B3F0     		.short	-3917
 3902 1dfc EF1B     		.short	7151
 3903 1dfe 0020     		.short	8192
 3904 1e00 0001     		.short	256
 3905 1e02 FFFF     		.short	-1
 3906 1e04 FFFF     		.short	-1
 3907 1e06 F79E     		.short	-24841
 3908 1e08 BD94     		.short	-27459
 3909 1e0a 942B     		.short	11156
 3910 1e0c C52F     		.short	12229
 3911 1e0e 61C5     		.short	-15007
 3912 1e10 6226     		.short	9826
 3913 1e12 CD6F     		.short	28621
 3914 1e14 E632     		.short	13030
 3915 1e16 EE94     		.short	-27410
 3916 1e18 B4CC     		.short	-13132
 3917 1e1a 6A64     		.short	25706
 3918 1e1c 936B     		.short	27539
 3919 1e1e C50E     		.short	3781
 3920 1e20 C50E     		.short	3781
 3921 1e22 C50F     		.short	4037
 3922 1e24 938A     		.short	-30061
 3923 1e26 A3EC     		.short	-4957
 3924 1e28 B4AD     		.short	-21068
 3925 1e2a DE10     		.short	4318
 3926 1e2c FF55     		.short	22015
 3927 1e2e C56D     		.short	28101
 3928 1e30 9C0D     		.short	3484
 3929 1e32 6204     		.short	1122
 3930 1e34 C4EF     		.short	-4156
 3931 1e36 E651     		.short	20966
 3932 1e38 FFB4     		.short	-19201
 3933 1e3a F712     		.short	4855
 3934 1e3c BCCC     		.short	-13124
 3935 1e3e C4AE     		.short	-20796
 3936 1e40 F6D2     		.short	-11530
 3937 1e42 C52F     		.short	12229
 3938 1e44 7AC8     		.short	-14214
 3939 1e46 8308     		.short	2179
 3940 1e48 CD8F     		.short	-28723
 3941 1e4a FF53     		.short	21503
 3942 1e4c FF53     		.short	21503
 3943 1e4e FF54     		.short	21759
ARM GAS  /tmp/ccXeXMPx.s 			page 70


 3944 1e50 AC4B     		.short	19372
 3945 1e52 72CA     		.short	-13710
 3946 1e54 93A9     		.short	-22125
 3947 1e56 DE50     		.short	20702
 3948 1e58 8C2D     		.short	11660
 3949 1e5a FF5B     		.short	23551
 3950 1e5c DD50     		.short	20701
 3951 1e5e BC2C     		.short	11452
 3952 1e60 7AE9     		.short	-5766
 3953 1e62 BCCD     		.short	-12868
 3954 1e64 F733     		.short	13303
 3955 1e66 EE31     		.short	12782
 3956 1e68 C4EC     		.short	-4924
 3957 1e6a F713     		.short	5111
 3958 1e6c BCCD     		.short	-12868
 3959 1e6e 8BAC     		.short	-21365
 3960 1e70 FE95     		.short	-27138
 3961 1e72 DD0F     		.short	4061
 3962 1e74 A3EC     		.short	-4957
 3963 1e76 932A     		.short	10899
 3964 1e78 E652     		.short	21222
 3965 1e7a C5D0     		.short	-12091
 3966 1e7c A3CC     		.short	-13149
 3967 1e7e FEF7     		.short	-2050
 3968 1e80 F737     		.short	14327
 3969 1e82 FF17     		.short	6143
 3970 1e84 FF17     		.short	6143
 3971 1e86 F757     		.short	22519
 3972 1e88 FF58     		.short	22783
 3973 1e8a FEB7     		.short	-18434
 3974 1e8c DD31     		.short	12765
 3975 1e8e A38B     		.short	-29789
 3976 1e90 8BAA     		.short	-21877
 3977 1e92 CD51     		.short	20941
 3978 1e94 B48E     		.short	-29004
 3979 1e96 F675     		.short	30198
 3980 1e98 9BAB     		.short	-21605
 3981 1e9a 9BCB     		.short	-13413
 3982 1e9c AC8D     		.short	-29268
 3983 1e9e A42C     		.short	11428
 3984 1ea0 CDF3     		.short	-3123
 3985 1ea2 3962     		.short	25145
 3986 1ea4 59C5     		.short	-15015
 3987 1ea6 932A     		.short	10899
 3988 1ea8 CC8F     		.short	-28724
 3989 1eaa DD52     		.short	21213
 3990 1eac 7AA8     		.short	-22406
 3991 1eae 6AC9     		.short	-13974
 3992 1eb0 EE13     		.short	5102
 3993 1eb2 D531     		.short	12757
 3994 1eb4 932A     		.short	10899
 3995 1eb6 9389     		.short	-30317
 3996 1eb8 CD4F     		.short	20429
 3997 1eba 834A     		.short	19075
 3998 1ebc E675     		.short	30182
 3999 1ebe F756     		.short	22263
 4000 1ec0 F736     		.short	14071
ARM GAS  /tmp/ccXeXMPx.s 			page 71


 4001 1ec2 FE55     		.short	22014
 4002 1ec4 C44E     		.short	20164
 4003 1ec6 7286     		.short	-31118
 4004 1ec8 9BEC     		.short	-4965
 4005 1eca 9BCC     		.short	-13157
 4006 1ecc BC6F     		.short	28604
 4007 1ece 6A87     		.short	-30870
 4008 1ed0 BCCD     		.short	-12868
 4009 1ed2 CDB0     		.short	-20275
 4010 1ed4 FF97     		.short	-26625
 4011 1ed6 A40B     		.short	2980
 4012 1ed8 B4AE     		.short	-20812
 4013 1eda 7BAB     		.short	-21637
 4014 1edc 8C4F     		.short	20364
 4015 1ede 8BCE     		.short	-12661
 4016 1ee0 BCEE     		.short	-4420
 4017 1ee2 A44D     		.short	19876
 4018 1ee4 BD94     		.short	-27459
 4019 1ee6 F7BE     		.short	-16649
 4020 1ee8 E6FB     		.short	-1050
 4021 1eea 8C2F     		.short	12172
 4022 1eec EFBC     		.short	-17169
 4023 1eee E7BC     		.short	-17177
 4024 1ef0 FF9C     		.short	-25345
 4025 1ef2 B4D2     		.short	-11596
 4026 1ef4 8249     		.short	18818
 4027 1ef6 9187     		.short	-30831
 4028 1ef8 9A2A     		.short	10906
 4029 1efa C534     		.short	13509
 4030 1efc EF7C     		.short	31983
 4031 1efe 0821     		.short	8456
 4032 1f00 0021     		.short	8448
 4033 1f02 F7DE     		.short	-8457
 4034 1f04 FFFF     		.short	-1
 4035 1f06 FFFF     		.short	-1
 4036 1f08 A4B1     		.short	-20060
 4037 1f0a A48C     		.short	-29532
 4038 1f0c C50E     		.short	3781
 4039 1f0e BCAF     		.short	-20548
 4040 1f10 59E6     		.short	-6567
 4041 1f12 B4CD     		.short	-12876
 4042 1f14 AC8C     		.short	-29524
 4043 1f16 CD6F     		.short	28621
 4044 1f18 D5CF     		.short	-12331
 4045 1f1a 9BCA     		.short	-13669
 4046 1f1c 9BCB     		.short	-13413
 4047 1f1e BCCD     		.short	-12868
 4048 1f20 C52E     		.short	11973
 4049 1f22 C50F     		.short	4037
 4050 1f24 938A     		.short	-30061
 4051 1f26 A3EC     		.short	-4957
 4052 1f28 B4AD     		.short	-21068
 4053 1f2a DE10     		.short	4318
 4054 1f2c FF55     		.short	22015
 4055 1f2e C56D     		.short	28101
 4056 1f30 93EC     		.short	-4973
 4057 1f32 59E4     		.short	-7079
ARM GAS  /tmp/ccXeXMPx.s 			page 72


 4058 1f34 BCCE     		.short	-12612
 4059 1f36 DE30     		.short	12510
 4060 1f38 FF94     		.short	-27393
 4061 1f3a EED1     		.short	-11794
 4062 1f3c B4AB     		.short	-21580
 4063 1f3e CCCF     		.short	-12340
 4064 1f40 F6D2     		.short	-11530
 4065 1f42 C50E     		.short	3781
 4066 1f44 7287     		.short	-30862
 4067 1f46 72C7     		.short	-14478
 4068 1f48 C56F     		.short	28613
 4069 1f4a FF54     		.short	21759
 4070 1f4c FF53     		.short	21503
 4071 1f4e FF54     		.short	21759
 4072 1f50 9BEA     		.short	-5477
 4073 1f52 7AEB     		.short	-5254
 4074 1f54 8B89     		.short	-30325
 4075 1f56 DE30     		.short	12510
 4076 1f58 8C4D     		.short	19852
 4077 1f5a FF9C     		.short	-25345
 4078 1f5c E570     		.short	28901
 4079 1f5e CC6D     		.short	28108
 4080 1f60 72C9     		.short	-13966
 4081 1f62 B48B     		.short	-29772
 4082 1f64 F6F2     		.short	-3338
 4083 1f66 EE11     		.short	4590
 4084 1f68 C4CC     		.short	-13116
 4085 1f6a EEF2     		.short	-3346
 4086 1f6c B48C     		.short	-29516
 4087 1f6e 8BAD     		.short	-21109
 4088 1f70 FEF6     		.short	-2306
 4089 1f72 DCEE     		.short	-4388
 4090 1f74 AC0C     		.short	3244
 4091 1f76 8B09     		.short	2443
 4092 1f78 E652     		.short	21222
 4093 1f7a BD8F     		.short	-28739
 4094 1f7c ABED     		.short	-4693
 4095 1f7e FEF8     		.short	-1794
 4096 1f80 FF58     		.short	22783
 4097 1f82 FF18     		.short	6399
 4098 1f84 FF17     		.short	6143
 4099 1f86 F737     		.short	14327
 4100 1f88 FF37     		.short	14335
 4101 1f8a FEF7     		.short	-2050
 4102 1f8c E552     		.short	21221
 4103 1f8e B40D     		.short	3508
 4104 1f90 72C7     		.short	-14478
 4105 1f92 C571     		.short	29125
 4106 1f94 B48E     		.short	-29004
 4107 1f96 EE76     		.short	30446
 4108 1f98 BCCF     		.short	-12356
 4109 1f9a 8308     		.short	2179
 4110 1f9c 8B6A     		.short	27275
 4111 1f9e 8B8A     		.short	-30069
 4112 1fa0 9C4D     		.short	19868
 4113 1fa2 5A25     		.short	9562
 4114 1fa4 AC4E     		.short	20140
ARM GAS  /tmp/ccXeXMPx.s 			page 73


 4115 1fa6 DD11     		.short	4573
 4116 1fa8 DCCF     		.short	-12324
 4117 1faa D4AF     		.short	-20524
 4118 1fac 7AA8     		.short	-22406
 4119 1fae 72E9     		.short	-5774
 4120 1fb0 FF58     		.short	22783
 4121 1fb2 D552     		.short	21205
 4122 1fb4 AC0E     		.short	3756
 4123 1fb6 8328     		.short	10371
 4124 1fb8 C570     		.short	28869
 4125 1fba 7309     		.short	2419
 4126 1fbc FFBB     		.short	-17409
 4127 1fbe F777     		.short	30711
 4128 1fc0 FF98     		.short	-26369
 4129 1fc2 FEB7     		.short	-18434
 4130 1fc4 E552     		.short	21221
 4131 1fc6 72C8     		.short	-14222
 4132 1fc8 8BAC     		.short	-21365
 4133 1fca A3EE     		.short	-4445
 4134 1fcc AC2F     		.short	12204
 4135 1fce 2880     		.short	-32728
 4136 1fd0 B46C     		.short	27828
 4137 1fd2 B50E     		.short	3765
 4138 1fd4 FF77     		.short	30719
 4139 1fd6 9BEA     		.short	-5477
 4140 1fd8 B4CF     		.short	-12364
 4141 1fda 9CAF     		.short	-20580
 4142 1fdc 2102     		.short	545
 4143 1fde 4165     		.short	25921
 4144 1fe0 B52E     		.short	11957
 4145 1fe2 83AA     		.short	-21885
 4146 1fe4 A533     		.short	13221
 4147 1fe6 EFDE     		.short	-8465
 4148 1fe8 E6FB     		.short	-1050
 4149 1fea BD74     		.short	29885
 4150 1fec EF7B     		.short	31727
 4151 1fee E77B     		.short	31719
 4152 1ff0 DF5B     		.short	23519
 4153 1ff2 F7FE     		.short	-265
 4154 1ff4 DE38     		.short	14558
 4155 1ff6 8AAB     		.short	-21622
 4156 1ff8 82AA     		.short	-21886
 4157 1ffa DEDA     		.short	-9506
 4158 1ffc F7DE     		.short	-8457
 4159 1ffe 0800     		.short	8
 4160 2000 0000     		.short	0
 4161 2002 FFFF     		.short	-1
 4162 2004 FFFF     		.short	-1
 4163 2006 FFFF     		.short	-1
 4164 2008 A46E     		.short	28324
 4165 200a C4EF     		.short	-4156
 4166 200c BCCE     		.short	-12612
 4167 200e C4EE     		.short	-4412
 4168 2010 41E5     		.short	-6847
 4169 2012 93AD     		.short	-21101
 4170 2014 C4F0     		.short	-3900
 4171 2016 BCAC     		.short	-21316
ARM GAS  /tmp/ccXeXMPx.s 			page 74


 4172 2018 BCED     		.short	-4676
 4173 201a 9BEB     		.short	-5221
 4174 201c 8B69     		.short	27019
 4175 201e BD2D     		.short	11709
 4176 2020 D58F     		.short	-28715
 4177 2022 C50E     		.short	3781
 4178 2024 938A     		.short	-30061
 4179 2026 9BAA     		.short	-21861
 4180 2028 BCCC     		.short	-13124
 4181 202a DDCF     		.short	-12323
 4182 202c FEF4     		.short	-2818
 4183 202e C50C     		.short	3269
 4184 2030 938C     		.short	-29549
 4185 2032 5225     		.short	9554
 4186 2034 BCEE     		.short	-4420
 4187 2036 E631     		.short	12774
 4188 2038 FF94     		.short	-27393
 4189 203a E64F     		.short	20454
 4190 203c BC6B     		.short	27580
 4191 203e BCCF     		.short	-12356
 4192 2040 F6B1     		.short	-19978
 4193 2042 C52F     		.short	12229
 4194 2044 5A05     		.short	1370
 4195 2046 6A67     		.short	26474
 4196 2048 BD4E     		.short	20157
 4197 204a F6F2     		.short	-3338
 4198 204c FF74     		.short	29951
 4199 204e FF54     		.short	21759
 4200 2050 938B     		.short	-29805
 4201 2052 936A     		.short	27283
 4202 2054 8B4A     		.short	19083
 4203 2056 CDD3     		.short	-11315
 4204 2058 9C6D     		.short	28060
 4205 205a FF78     		.short	30975
 4206 205c EDF3     		.short	-3091
 4207 205e D4AE     		.short	-20780
 4208 2060 7AA8     		.short	-22406
 4209 2062 A42C     		.short	11428
 4210 2064 DE52     		.short	21214
 4211 2066 E651     		.short	20966
 4212 2068 BCAB     		.short	-21572
 4213 206a F653     		.short	21494
 4214 206c A40C     		.short	3236
 4215 206e A42E     		.short	11940
 4216 2070 F739     		.short	14839
 4217 2072 D511     		.short	4565
 4218 2074 BBCC     		.short	-13125
 4219 2076 8B27     		.short	10123
 4220 2078 DE94     		.short	-27426
 4221 207a B4EE     		.short	-4428
 4222 207c AC6D     		.short	28076
 4223 207e FF38     		.short	14591
 4224 2080 FF38     		.short	14591
 4225 2082 FF18     		.short	6399
 4226 2084 FF18     		.short	6399
 4227 2086 FF17     		.short	6143
 4228 2088 FF37     		.short	14335
ARM GAS  /tmp/ccXeXMPx.s 			page 75


 4229 208a FF17     		.short	6143
 4230 208c EDF3     		.short	-3091
 4231 208e CC4D     		.short	19916
 4232 2090 7AC6     		.short	-14726
 4233 2092 BD71     		.short	29117
 4234 2094 8C2C     		.short	11404
 4235 2096 FF5B     		.short	23551
 4236 2098 CD33     		.short	13261
 4237 209a 4123     		.short	9025
 4238 209c 5A46     		.short	18010
 4239 209e 72C8     		.short	-14222
 4240 20a0 DE32     		.short	13022
 4241 20a2 9389     		.short	-30317
 4242 20a4 C4CF     		.short	-12348
 4243 20a6 CCAE     		.short	-20788
 4244 20a8 C44C     		.short	19652
 4245 20aa CCEF     		.short	-4148
 4246 20ac 936B     		.short	27539
 4247 20ae 7AEA     		.short	-5510
 4248 20b0 FF9B     		.short	-25601
 4249 20b2 DE97     		.short	-26658
 4250 20b4 8BEC     		.short	-4981
 4251 20b6 5226     		.short	9810
 4252 20b8 730A     		.short	2675
 4253 20ba 4164     		.short	25665
 4254 20bc 940F     		.short	3988
 4255 20be A4B1     		.short	-20060
 4256 20c0 B595     		.short	-27211
 4257 20c2 F6B8     		.short	-18186
 4258 20c4 EDB3     		.short	-19475
 4259 20c6 A3AB     		.short	-21597
 4260 20c8 6A68     		.short	26730
 4261 20ca A470     		.short	28836
 4262 20cc 942E     		.short	11924
 4263 20ce 49A3     		.short	-23735
 4264 20d0 7B88     		.short	-30597
 4265 20d2 D4B0     		.short	-20268
 4266 20d4 FF96     		.short	-26881
 4267 20d6 93CA     		.short	-13677
 4268 20d8 BCAF     		.short	-20548
 4269 20da BD70     		.short	28861
 4270 20dc 58A3     		.short	-23720
 4271 20de 7882     		.short	-32136
 4272 20e0 B510     		.short	4277
 4273 20e2 7206     		.short	1650
 4274 20e4 50A2     		.short	-23984
 4275 20e6 7B0B     		.short	2939
 4276 20e8 CE98     		.short	-26418
 4277 20ea F7BD     		.short	-16905
 4278 20ec EF3B     		.short	15343
 4279 20ee EF3B     		.short	15343
 4280 20f0 F6DA     		.short	-9482
 4281 20f2 F71B     		.short	7159
 4282 20f4 FFBD     		.short	-16897
 4283 20f6 CE98     		.short	-26418
 4284 20f8 B5B5     		.short	-19019
 4285 20fa F75D     		.short	24055
ARM GAS  /tmp/ccXeXMPx.s 			page 76


 4286 20fc FF7E     		.short	32511
 4287 20fe 0000     		.short	0
 4288 2100 0000     		.short	0
 4289 2102 FFFF     		.short	-1
 4290 2104 F7DF     		.short	-8201
 4291 2106 F79D     		.short	-25097
 4292 2108 A44E     		.short	20132
 4293 210a C50F     		.short	4037
 4294 210c C4EE     		.short	-4412
 4295 210e C4CE     		.short	-12604
 4296 2110 5A87     		.short	-30886
 4297 2112 72C9     		.short	-13966
 4298 2114 C4F0     		.short	-3900
 4299 2116 BCAC     		.short	-21316
 4300 2118 C4ED     		.short	-4668
 4301 211a 8B6A     		.short	27275
 4302 211c 938A     		.short	-30061
 4303 211e BD0D     		.short	3517
 4304 2120 D5AF     		.short	-20523
 4305 2122 C50E     		.short	3781
 4306 2124 9BCB     		.short	-13413
 4307 2126 9389     		.short	-30317
 4308 2128 BCCD     		.short	-12868
 4309 212a D5AF     		.short	-20523
 4310 212c FEF3     		.short	-3074
 4311 212e C50D     		.short	3525
 4312 2130 830A     		.short	2691
 4313 2132 5225     		.short	9554
 4314 2134 BD0F     		.short	4029
 4315 2136 E611     		.short	4582
 4316 2138 FF94     		.short	-27393
 4317 213a DE2F     		.short	12254
 4318 213c BC8C     		.short	-29508
 4319 213e B48E     		.short	-29004
 4320 2140 EE50     		.short	20718
 4321 2142 C54F     		.short	20421
 4322 2144 6226     		.short	9826
 4323 2146 6A66     		.short	26218
 4324 2148 B4ED     		.short	-4684
 4325 214a EEB1     		.short	-19986
 4326 214c FF74     		.short	29951
 4327 214e FF34     		.short	13567
 4328 2150 7AA7     		.short	-22662
 4329 2152 AC0D     		.short	3500
 4330 2154 8B6A     		.short	27275
 4331 2156 C571     		.short	29125
 4332 2158 A48E     		.short	-29020
 4333 215a FF99     		.short	-26113
 4334 215c F654     		.short	21750
 4335 215e D4CF     		.short	-12332
 4336 2160 82E9     		.short	-5758
 4337 2162 93AA     		.short	-21869
 4338 2164 DE11     		.short	4574
 4339 2166 E610     		.short	4326
 4340 2168 BCAB     		.short	-21572
 4341 216a E5D1     		.short	-11803
 4342 216c A3EB     		.short	-5213
ARM GAS  /tmp/ccXeXMPx.s 			page 77


 4343 216e B511     		.short	4533
 4344 2170 FF79     		.short	31231
 4345 2172 DD52     		.short	21213
 4346 2174 C40C     		.short	3268
 4347 2176 8B07     		.short	1931
 4348 2178 DE73     		.short	29662
 4349 217a AC8D     		.short	-29268
 4350 217c B48E     		.short	-29004
 4351 217e FEF8     		.short	-1794
 4352 2180 FF38     		.short	14591
 4353 2182 FF18     		.short	6399
 4354 2184 FF18     		.short	6399
 4355 2186 FF17     		.short	6143
 4356 2188 FF37     		.short	14335
 4357 218a FF37     		.short	14335
 4358 218c F634     		.short	13558
 4359 218e D48E     		.short	-28972
 4360 2190 82C7     		.short	-14462
 4361 2192 9C4D     		.short	19868
 4362 2194 946E     		.short	28308
 4363 2196 FF1A     		.short	6911
 4364 2198 69E6     		.short	-6551
 4365 219a 38C0     		.short	-16328
 4366 219c 7B4A     		.short	19067
 4367 219e C531     		.short	12741
 4368 21a0 FF57     		.short	22527
 4369 21a2 93CA     		.short	-13677
 4370 21a4 AC0D     		.short	3500
 4371 21a6 9B4A     		.short	19099
 4372 21a8 ABEB     		.short	-5205
 4373 21aa F656     		.short	22262
 4374 21ac C533     		.short	13253
 4375 21ae 62AA     		.short	-21918
 4376 21b0 9CB1     		.short	-20068
 4377 21b2 2922     		.short	8745
 4378 21b4 1020     		.short	8208
 4379 21b6 20C1     		.short	-16096
 4380 21b8 732B     		.short	11123
 4381 21ba 1020     		.short	8208
 4382 21bc 0820     		.short	8200
 4383 21be 0000     		.short	0
 4384 21c0 0000     		.short	0
 4385 21c2 4163     		.short	25409
 4386 21c4 BC6E     		.short	28348
 4387 21c6 B42D     		.short	11700
 4388 21c8 5184     		.short	-31663
 4389 21ca ACD2     		.short	-11604
 4390 21cc 8BED     		.short	-4725
 4391 21ce 8BAA     		.short	-21877
 4392 21d0 6B06     		.short	1643
 4393 21d2 B3CD     		.short	-12877
 4394 21d4 F6F4     		.short	-2826
 4395 21d6 8B68     		.short	26763
 4396 21d8 B48E     		.short	-29004
 4397 21da C5B0     		.short	-20283
 4398 21dc 58C3     		.short	-15528
 4399 21de 78A3     		.short	-23688
ARM GAS  /tmp/ccXeXMPx.s 			page 78


 4400 21e0 7C0C     		.short	3196
 4401 21e2 8186     		.short	-31103
 4402 21e4 A0C6     		.short	-14688
 4403 21e6 8084     		.short	-31616
 4404 21e8 5945     		.short	17753
 4405 21ea 9450     		.short	20628
 4406 21ec DEF9     		.short	-1570
 4407 21ee F7BC     		.short	-17161
 4408 21f0 E73A     		.short	15079
 4409 21f2 EF9C     		.short	-25361
 4410 21f4 D6D9     		.short	-9770
 4411 21f6 EF9C     		.short	-25361
 4412 21f8 FF9D     		.short	-25089
 4413 21fa F75D     		.short	24055
 4414 21fc FF9E     		.short	-24833
 4415 21fe 0020     		.short	8192
 4416 2200 0000     		.short	0
 4417 2202 FFFF     		.short	-1
 4418 2204 F7DF     		.short	-8201
 4419 2206 EF3B     		.short	15343
 4420 2208 9C4D     		.short	19868
 4421 220a C50F     		.short	4037
 4422 220c C4EE     		.short	-4412
 4423 220e BCCD     		.short	-12868
 4424 2210 62A8     		.short	-22430
 4425 2212 7B0A     		.short	2683
 4426 2214 9BAB     		.short	-21605
 4427 2216 C4ED     		.short	-4668
 4428 2218 C52F     		.short	12229
 4429 221a 8B6A     		.short	27275
 4430 221c 938A     		.short	-30061
 4431 221e C50D     		.short	3525
 4432 2220 DDF0     		.short	-3875
 4433 2222 C50E     		.short	3781
 4434 2224 A42C     		.short	11428
 4435 2226 8B48     		.short	18571
 4436 2228 BCED     		.short	-4676
 4437 222a CD4E     		.short	20173
 4438 222c FED3     		.short	-11266
 4439 222e C50D     		.short	3525
 4440 2230 6A67     		.short	26474
 4441 2232 5225     		.short	9554
 4442 2234 BCEF     		.short	-4164
 4443 2236 E5F0     		.short	-3867
 4444 2238 FF73     		.short	29695
 4445 223a D5CE     		.short	-12587
 4446 223c BC8C     		.short	-29508
 4447 223e 9BEC     		.short	-4965
 4448 2240 D5CF     		.short	-12331
 4449 2242 C52F     		.short	12229
 4450 2244 7AA8     		.short	-22406
 4451 2246 7287     		.short	-30862
 4452 2248 AC6C     		.short	27820
 4453 224a E650     		.short	20710
 4454 224c FF74     		.short	29951
 4455 224e F6F2     		.short	-3338
 4456 2250 82A7     		.short	-22654
ARM GAS  /tmp/ccXeXMPx.s 			page 79


 4457 2252 BC8F     		.short	-28740
 4458 2254 82C8     		.short	-14206
 4459 2256 B4AF     		.short	-20556
 4460 2258 ACCF     		.short	-12372
 4461 225a FFB9     		.short	-17921
 4462 225c F6B5     		.short	-18954
 4463 225e D50F     		.short	4053
 4464 2260 9B6B     		.short	27547
 4465 2262 8B28     		.short	10379
 4466 2264 D5B0     		.short	-20267
 4467 2266 DDF0     		.short	-3875
 4468 2268 BCAB     		.short	-21572
 4469 226a CD2F     		.short	12237
 4470 226c 8349     		.short	18819
 4471 226e BD51     		.short	20925
 4472 2270 FF99     		.short	-26113
 4473 2272 E592     		.short	-27931
 4474 2274 C42C     		.short	11460
 4475 2276 8306     		.short	1667
 4476 2278 DE73     		.short	29662
 4477 227a 9C0B     		.short	2972
 4478 227c C4F0     		.short	-3900
 4479 227e FEF8     		.short	-1794
 4480 2280 FF38     		.short	14591
 4481 2282 FF17     		.short	6143
 4482 2284 FF18     		.short	6399
 4483 2286 FF17     		.short	6143
 4484 2288 FF37     		.short	14335
 4485 228a FF58     		.short	22783
 4486 228c FE75     		.short	30206
 4487 228e DCF0     		.short	-3876
 4488 2290 82A8     		.short	-22398
 4489 2292 A44E     		.short	20132
 4490 2294 942D     		.short	11668
 4491 2296 82C9     		.short	-13950
 4492 2298 8A88     		.short	-30582
 4493 229a B48F     		.short	-28748
 4494 229c 7AE8     		.short	-6022
 4495 229e C510     		.short	4293
 4496 22a0 EEB5     		.short	-18962
 4497 22a2 5A24     		.short	9306
 4498 22a4 8309     		.short	2435
 4499 22a6 CD32     		.short	13005
 4500 22a8 FF39     		.short	14847
 4501 22aa DE36     		.short	14046
 4502 22ac 5A89     		.short	-30374
 4503 22ae 0821     		.short	8456
 4504 22b0 0000     		.short	0
 4505 22b2 1040     		.short	16400
 4506 22b4 736C     		.short	27763
 4507 22b6 5269     		.short	26962
 4508 22b8 4A48     		.short	18506
 4509 22ba 5AEB     		.short	-5286
 4510 22bc 632D     		.short	11619
 4511 22be 31E7     		.short	-6351
 4512 22c0 0041     		.short	16640
 4513 22c2 0800     		.short	8
ARM GAS  /tmp/ccXeXMPx.s 			page 80


 4514 22c4 9BCC     		.short	-13157
 4515 22c6 BCB0     		.short	-20292
 4516 22c8 2880     		.short	-32728
 4517 22ca B513     		.short	5045
 4518 22cc 72C9     		.short	-13966
 4519 22ce AC4D     		.short	19884
 4520 22d0 7B47     		.short	18299
 4521 22d2 9B6B     		.short	27547
 4522 22d4 E694     		.short	-27418
 4523 22d6 8348     		.short	18563
 4524 22d8 B48E     		.short	-29004
 4525 22da D612     		.short	4822
 4526 22dc 5904     		.short	1113
 4527 22de 8083     		.short	-31872
 4528 22e0 72E9     		.short	-5774
 4529 22e2 8145     		.short	17793
 4530 22e4 A043     		.short	17312
 4531 22e6 A864     		.short	25768
 4532 22e8 9905     		.short	1433
 4533 22ea 68A3     		.short	-23704
 4534 22ec 5985     		.short	-31399
 4535 22ee B574     		.short	29877
 4536 22f0 EFBC     		.short	-17169
 4537 22f2 DF5A     		.short	23263
 4538 22f4 EFDC     		.short	-8977
 4539 22f6 EF5C     		.short	23791
 4540 22f8 EEDB     		.short	-9234
 4541 22fa FF5D     		.short	24063
 4542 22fc EF7D     		.short	32239
 4543 22fe 0020     		.short	8192
 4544 2300 0000     		.short	0
 4545 2302 FFFF     		.short	-1
 4546 2304 F7FF     		.short	-9
 4547 2306 E6FA     		.short	-1306
 4548 2308 9C2D     		.short	11676
 4549 230a C50F     		.short	4037
 4550 230c BCCD     		.short	-12868
 4551 230e BCCD     		.short	-12868
 4552 2310 5A66     		.short	26202
 4553 2312 A44E     		.short	20132
 4554 2314 7AA7     		.short	-22662
 4555 2316 B46B     		.short	27572
 4556 2318 D591     		.short	-28203
 4557 231a 8B8B     		.short	-29813
 4558 231c 93AB     		.short	-21613
 4559 231e BCED     		.short	-4676
 4560 2320 E631     		.short	12774
 4561 2322 BCED     		.short	-4676
 4562 2324 AC6D     		.short	28076
 4563 2326 8307     		.short	1923
 4564 2328 BCCD     		.short	-12868
 4565 232a C52D     		.short	11717
 4566 232c F693     		.short	-27658
 4567 232e BCED     		.short	-4676
 4568 2330 61E5     		.short	-6815
 4569 2332 5225     		.short	9554
 4570 2334 BCCE     		.short	-12612
ARM GAS  /tmp/ccXeXMPx.s 			page 81


 4571 2336 DDB0     		.short	-20259
 4572 2338 FF53     		.short	21503
 4573 233a CD8D     		.short	-29235
 4574 233c BC8D     		.short	-29252
 4575 233e 7B09     		.short	2427
 4576 2340 C54D     		.short	19909
 4577 2342 C52F     		.short	12229
 4578 2344 8B2A     		.short	10891
 4579 2346 8309     		.short	2435
 4580 2348 9BEB     		.short	-5221
 4581 234a D5D0     		.short	-12075
 4582 234c FF95     		.short	-27137
 4583 234e EEB1     		.short	-19986
 4584 2350 8AC7     		.short	-14454
 4585 2352 C48F     		.short	-28732
 4586 2354 82A7     		.short	-22654
 4587 2356 AC4D     		.short	19884
 4588 2358 ACCF     		.short	-12372
 4589 235a FF58     		.short	22783
 4590 235c FEF7     		.short	-2050
 4591 235e E5B2     		.short	-19739
 4592 2360 C44F     		.short	20420
 4593 2362 7A87     		.short	-30854
 4594 2364 BCEE     		.short	-4420
 4595 2366 CD4F     		.short	20429
 4596 2368 BCAC     		.short	-21316
 4597 236a C50F     		.short	4037
 4598 236c 7B28     		.short	10363
 4599 236e CDF4     		.short	-2867
 4600 2370 FF57     		.short	22527
 4601 2372 EDF3     		.short	-3091
 4602 2374 BC2C     		.short	11452
 4603 2376 8B48     		.short	18571
 4604 2378 EE95     		.short	-27154
 4605 237a 938A     		.short	-30061
 4606 237c D552     		.short	21205
 4607 237e FF18     		.short	6399
 4608 2380 FF38     		.short	14591
 4609 2382 FF18     		.short	6399
 4610 2384 FF17     		.short	6143
 4611 2386 FF17     		.short	6143
 4612 2388 FF37     		.short	14335
 4613 238a FF58     		.short	22783
 4614 238c FEB6     		.short	-18690
 4615 238e DD31     		.short	12765
 4616 2390 930A     		.short	2707
 4617 2392 8B8B     		.short	-29813
 4618 2394 6A67     		.short	26474
 4619 2396 A38C     		.short	-29533
 4620 2398 DD12     		.short	4829
 4621 239a C4B0     		.short	-20284
 4622 239c 7AC7     		.short	-14470
 4623 239e B46D     		.short	28084
 4624 23a0 93EB     		.short	-5229
 4625 23a2 6246     		.short	18018
 4626 23a4 E637     		.short	14310
 4627 23a6 EEB9     		.short	-17938
ARM GAS  /tmp/ccXeXMPx.s 			page 82


 4628 23a8 8BCD     		.short	-12917
 4629 23aa 1880     		.short	-32744
 4630 23ac 0000     		.short	0
 4631 23ae 0022     		.short	8704
 4632 23b0 0000     		.short	0
 4633 23b2 18E4     		.short	-7144
 4634 23b4 9492     		.short	-28012
 4635 23b6 8430     		.short	12420
 4636 23b8 4A69     		.short	26954
 4637 23ba BE38     		.short	14526
 4638 23bc C69A     		.short	-25914
 4639 23be B65A     		.short	23222
 4640 23c0 320A     		.short	2610
 4641 23c2 0820     		.short	8200
 4642 23c4 8B8B     		.short	-29813
 4643 23c6 BCF1     		.short	-3652
 4644 23c8 2881     		.short	-32472
 4645 23ca C595     		.short	-27195
 4646 23cc 6A87     		.short	-30870
 4647 23ce BCAE     		.short	-20804
 4648 23d0 93EA     		.short	-5485
 4649 23d2 8B2A     		.short	10891
 4650 23d4 D5F2     		.short	-3371
 4651 23d6 8B49     		.short	18827
 4652 23d8 BC8D     		.short	-29252
 4653 23da E693     		.short	-27674
 4654 23dc 6185     		.short	-31391
 4655 23de 8083     		.short	-31872
 4656 23e0 6A26     		.short	9834
 4657 23e2 68C3     		.short	-15512
 4658 23e4 A105     		.short	1441
 4659 23e6 A905     		.short	1449
 4660 23e8 9862     		.short	25240
 4661 23ea A0A4     		.short	-23392
 4662 23ec 90C5     		.short	-14960
 4663 23ee 7083     		.short	-31888
 4664 23f0 938D     		.short	-29293
 4665 23f2 E6FA     		.short	-1306
 4666 23f4 EFBC     		.short	-17169
 4667 23f6 EF3B     		.short	15343
 4668 23f8 FF7D     		.short	32255
 4669 23fa E6FB     		.short	-1050
 4670 23fc DF1B     		.short	7135
 4671 23fe 0000     		.short	0
 4672 2400 0000     		.short	0
 4673 2402 FFFF     		.short	-1
 4674 2404 FFFF     		.short	-1
 4675 2406 D698     		.short	-26410
 4676 2408 9C2C     		.short	11420
 4677 240a CD2F     		.short	12237
 4678 240c C4CD     		.short	-12860
 4679 240e BCCD     		.short	-12868
 4680 2410 5A65     		.short	25946
 4681 2412 A42E     		.short	11940
 4682 2414 9BAB     		.short	-21605
 4683 2416 7AE6     		.short	-6534
 4684 2418 BD0F     		.short	4029
ARM GAS  /tmp/ccXeXMPx.s 			page 83


 4685 241a 93AC     		.short	-21357
 4686 241c 9BCC     		.short	-13157
 4687 241e BCCD     		.short	-12868
 4688 2420 EE71     		.short	29166
 4689 2422 BCED     		.short	-4676
 4690 2424 B48D     		.short	-29260
 4691 2426 82E7     		.short	-6270
 4692 2428 B4AD     		.short	-21068
 4693 242a C50D     		.short	3525
 4694 242c EE52     		.short	21230
 4695 242e BCCD     		.short	-12868
 4696 2430 6206     		.short	1634
 4697 2432 5A66     		.short	26202
 4698 2434 B4AE     		.short	-20812
 4699 2436 D54F     		.short	20437
 4700 2438 FF34     		.short	13567
 4701 243a C56D     		.short	28101
 4702 243c BC8D     		.short	-29252
 4703 243e 5A46     		.short	18010
 4704 2440 BD0D     		.short	3517
 4705 2442 C50F     		.short	4037
 4706 2444 934A     		.short	19091
 4707 2446 9B8C     		.short	-29541
 4708 2448 9349     		.short	18835
 4709 244a CD4E     		.short	20173
 4710 244c FF75     		.short	30207
 4711 244e EEB1     		.short	-19986
 4712 2450 82A7     		.short	-22654
 4713 2452 CCF0     		.short	-3892
 4714 2454 9309     		.short	2451
 4715 2456 9BED     		.short	-4709
 4716 2458 ACEF     		.short	-4180
 4717 245a FF9A     		.short	-25857
 4718 245c FF38     		.short	14591
 4719 245e E614     		.short	5350
 4720 2460 D4F1     		.short	-3628
 4721 2462 82C8     		.short	-14206
 4722 2464 BCCF     		.short	-12356
 4723 2466 CD4F     		.short	20429
 4724 2468 BCCD     		.short	-12868
 4725 246a C50F     		.short	4037
 4726 246c 836A     		.short	27267
 4727 246e EF18     		.short	6383
 4728 2470 FF58     		.short	22783
 4729 2472 F634     		.short	13558
 4730 2474 A38A     		.short	-30045
 4731 2476 8308     		.short	2179
 4732 2478 DE34     		.short	13534
 4733 247a 9349     		.short	18835
 4734 247c DDB3     		.short	-19491
 4735 247e FEF8     		.short	-1794
 4736 2480 FF38     		.short	14591
 4737 2482 FF18     		.short	6399
 4738 2484 FF17     		.short	6143
 4739 2486 FF17     		.short	6143
 4740 2488 F737     		.short	14327
 4741 248a FF58     		.short	22783
ARM GAS  /tmp/ccXeXMPx.s 			page 84


 4742 248c FED6     		.short	-10498
 4743 248e E551     		.short	20965
 4744 2490 932B     		.short	11155
 4745 2492 93AC     		.short	-21357
 4746 2494 8B6B     		.short	27531
 4747 2496 DD32     		.short	13021
 4748 2498 D490     		.short	-28460
 4749 249a C48F     		.short	-28732
 4750 249c 7286     		.short	-31118
 4751 249e 7AE7     		.short	-6278
 4752 24a0 ACEF     		.short	-4180
 4753 24a2 B511     		.short	4533
 4754 24a4 BD54     		.short	21693
 4755 24a6 3165     		.short	25905
 4756 24a8 0000     		.short	0
 4757 24aa 0040     		.short	16384
 4758 24ac 0082     		.short	-32256
 4759 24ae 0042     		.short	16896
 4760 24b0 08A4     		.short	-23544
 4761 24b2 0001     		.short	256
 4762 24b4 10A3     		.short	-23792
 4763 24b6 3A08     		.short	2106
 4764 24b8 5B4D     		.short	19803
 4765 24ba BE59     		.short	22974
 4766 24bc ADF8     		.short	-1875
 4767 24be BE9B     		.short	-25666
 4768 24c0 5B6F     		.short	28507
 4769 24c2 0841     		.short	16648
 4770 24c4 A44F     		.short	20388
 4771 24c6 C532     		.short	12997
 4772 24c8 3943     		.short	17209
 4773 24ca D637     		.short	14294
 4774 24cc 6A67     		.short	26474
 4775 24ce BC8D     		.short	-29252
 4776 24d0 A42B     		.short	11172
 4777 24d2 72A8     		.short	-22414
 4778 24d4 B4CE     		.short	-12620
 4779 24d6 8B49     		.short	18827
 4780 24d8 BC6D     		.short	28092
 4781 24da EED4     		.short	-11026
 4782 24dc 6A06     		.short	1642
 4783 24de 8863     		.short	25480
 4784 24e0 4943     		.short	17225
 4785 24e2 7904     		.short	1145
 4786 24e4 A083     		.short	-31840
 4787 24e6 98A3     		.short	-23656
 4788 24e8 9924     		.short	9369
 4789 24ea A0E5     		.short	-6752
 4790 24ec A864     		.short	25768
 4791 24ee B045     		.short	17840
 4792 24f0 7043     		.short	17264
 4793 24f2 7A8A     		.short	-30086
 4794 24f4 D6B9     		.short	-17962
 4795 24f6 F79C     		.short	-25353
 4796 24f8 F73C     		.short	15607
 4797 24fa D679     		.short	31190
 4798 24fc CE58     		.short	22734
ARM GAS  /tmp/ccXeXMPx.s 			page 85


 4799 24fe 0800     		.short	8
 4800 2500 0000     		.short	0
 4801 2502 FFFF     		.short	-1
 4802 2504 FFFF     		.short	-1
 4803 2506 D678     		.short	30934
 4804 2508 9C4D     		.short	19868
 4805 250a CD2F     		.short	12237
 4806 250c CD0E     		.short	3789
 4807 250e BCCD     		.short	-12868
 4808 2510 72E7     		.short	-6286
 4809 2512 7B09     		.short	2427
 4810 2514 C4F0     		.short	-3900
 4811 2516 7AC6     		.short	-14726
 4812 2518 8369     		.short	27011
 4813 251a 93AC     		.short	-21357
 4814 251c 938B     		.short	-29805
 4815 251e C4CD     		.short	-12860
 4816 2520 EE92     		.short	-27922
 4817 2522 BCED     		.short	-4676
 4818 2524 B4AE     		.short	-20812
 4819 2526 8308     		.short	2179
 4820 2528 AC4C     		.short	19628
 4821 252a BCED     		.short	-4676
 4822 252c DDD1     		.short	-11811
 4823 252e B4AC     		.short	-21324
 4824 2530 6A67     		.short	26474
 4825 2532 62A7     		.short	-22686
 4826 2534 B48E     		.short	-29004
 4827 2536 CD0E     		.short	3789
 4828 2538 FF54     		.short	21759
 4829 253a CD6E     		.short	28365
 4830 253c BCAE     		.short	-20804
 4831 253e 41A4     		.short	-23487
 4832 2540 B4CD     		.short	-12876
 4833 2542 C50F     		.short	4037
 4834 2544 934A     		.short	19091
 4835 2546 B40E     		.short	3764
 4836 2548 8AE8     		.short	-6006
 4837 254a BCAD     		.short	-21060
 4838 254c FEF3     		.short	-3074
 4839 254e EEF2     		.short	-3346
 4840 2550 6A46     		.short	18026
 4841 2552 CD31     		.short	12749
 4842 2554 936B     		.short	27539
 4843 2556 8B4A     		.short	19083
 4844 2558 A48F     		.short	-28764
 4845 255a F739     		.short	14839
 4846 255c E676     		.short	30438
 4847 255e C531     		.short	12741
 4848 2560 8B2B     		.short	11147
 4849 2562 4942     		.short	16969
 4850 2564 5A04     		.short	1114
 4851 2566 72C7     		.short	-14478
 4852 2568 7286     		.short	-31118
 4853 256a 8329     		.short	10627
 4854 256c 5A25     		.short	9562
 4855 256e C5B4     		.short	-19259
ARM GAS  /tmp/ccXeXMPx.s 			page 86


 4856 2570 F718     		.short	6391
 4857 2572 F676     		.short	30454
 4858 2574 AC0D     		.short	3500
 4859 2576 8B8A     		.short	-30069
 4860 2578 BD31     		.short	12733
 4861 257a 8B29     		.short	10635
 4862 257c EE14     		.short	5358
 4863 257e FF79     		.short	31231
 4864 2580 FF38     		.short	14591
 4865 2582 FF37     		.short	14335
 4866 2584 FF17     		.short	6143
 4867 2586 FF37     		.short	14335
 4868 2588 F717     		.short	6135
 4869 258a FF57     		.short	22527
 4870 258c FEF7     		.short	-2050
 4871 258e E571     		.short	29157
 4872 2590 9B6B     		.short	27547
 4873 2592 72C8     		.short	-14222
 4874 2594 A42D     		.short	11684
 4875 2596 CC8F     		.short	-28724
 4876 2598 DCD0     		.short	-12068
 4877 259a BC4E     		.short	20156
 4878 259c 5182     		.short	-32175
 4879 259e AC4E     		.short	20140
 4880 25a0 CDF4     		.short	-2867
 4881 25a2 3984     		.short	-31687
 4882 25a4 1061     		.short	24848
 4883 25a6 0000     		.short	0
 4884 25a8 0060     		.short	24576
 4885 25aa 0060     		.short	24576
 4886 25ac 0081     		.short	-32512
 4887 25ae 0062     		.short	25088
 4888 25b0 0061     		.short	24832
 4889 25b2 10C3     		.short	-15600
 4890 25b4 0000     		.short	0
 4891 25b6 0020     		.short	8192
 4892 25b8 9D13     		.short	5021
 4893 25ba CEBA     		.short	-17714
 4894 25bc BE38     		.short	14526
 4895 25be B638     		.short	14518
 4896 25c0 7C52     		.short	21116
 4897 25c2 0800     		.short	8
 4898 25c4 CD93     		.short	-27699
 4899 25c6 B4D0     		.short	-12108
 4900 25c8 5A47     		.short	18266
 4901 25ca D657     		.short	22486
 4902 25cc 6A87     		.short	-30870
 4903 25ce C4AE     		.short	-20796
 4904 25d0 B46C     		.short	27828
 4905 25d2 6AC8     		.short	-14230
 4906 25d4 93AA     		.short	-21869
 4907 25d6 9BAB     		.short	-21605
 4908 25d8 B44C     		.short	19636
 4909 25da EED3     		.short	-11282
 4910 25dc 6A87     		.short	-30870
 4911 25de 9064     		.short	25744
 4912 25e0 5861     		.short	24920
ARM GAS  /tmp/ccXeXMPx.s 			page 87


 4913 25e2 90E4     		.short	-7024
 4914 25e4 A8C5     		.short	-14936
 4915 25e6 A0A4     		.short	-23392
 4916 25e8 98C4     		.short	-15208
 4917 25ea A0A4     		.short	-23392
 4918 25ec A8C5     		.short	-14936
 4919 25ee A0C5     		.short	-14944
 4920 25f0 A8C7     		.short	-14424
 4921 25f2 4862     		.short	25160
 4922 25f4 CE78     		.short	30926
 4923 25f6 F7BD     		.short	-16905
 4924 25f8 C5D7     		.short	-10299
 4925 25fa BDD6     		.short	-10563
 4926 25fc CE79     		.short	31182
 4927 25fe 0800     		.short	8
 4928 2600 0000     		.short	0
 4929 2602 FFFF     		.short	-1
 4930 2604 FFFF     		.short	-1
 4931 2606 EF1B     		.short	7151
 4932 2608 ACAF     		.short	-20564
 4933 260a B46D     		.short	28084
 4934 260c C4EE     		.short	-4412
 4935 260e C4CE     		.short	-12604
 4936 2610 8BAA     		.short	-21877
 4937 2612 6226     		.short	9826
 4938 2614 C510     		.short	4293
 4939 2616 A42B     		.short	11172
 4940 2618 72E7     		.short	-6286
 4941 261a 72A9     		.short	-22158
 4942 261c 8B4A     		.short	19083
 4943 261e CCEE     		.short	-4404
 4944 2620 F6B2     		.short	-19722
 4945 2622 C50E     		.short	3781
 4946 2624 BCCE     		.short	-12612
 4947 2626 9369     		.short	27027
 4948 2628 9BCA     		.short	-13669
 4949 262a BCED     		.short	-4676
 4950 262c D570     		.short	28885
 4951 262e B48C     		.short	-29516
 4952 2630 72C8     		.short	-14222
 4953 2632 6AC7     		.short	-14486
 4954 2634 B48E     		.short	-29004
 4955 2636 CCCD     		.short	-12852
 4956 2638 FF34     		.short	13567
 4957 263a C54E     		.short	20165
 4958 263c B4AE     		.short	-20812
 4959 263e 3142     		.short	16945
 4960 2640 A44B     		.short	19364
 4961 2642 C4EF     		.short	-4156
 4962 2644 8AE8     		.short	-6006
 4963 2646 C470     		.short	28868
 4964 2648 8AE9     		.short	-5750
 4965 264a AC4C     		.short	19628
 4966 264c DE30     		.short	12510
 4967 264e F6F2     		.short	-3338
 4968 2650 7B08     		.short	2171
 4969 2652 C532     		.short	12997
ARM GAS  /tmp/ccXeXMPx.s 			page 88


 4970 2654 8B4B     		.short	19339
 4971 2656 6247     		.short	18274
 4972 2658 51E5     		.short	-6831
 4973 265a 6B09     		.short	2411
 4974 265c 5A26     		.short	9818
 4975 265e 51A4     		.short	-23471
 4976 2660 59E6     		.short	-6567
 4977 2662 49A4     		.short	-23479
 4978 2664 5225     		.short	9554
 4979 2666 AC8E     		.short	-29012
 4980 2668 B4B0     		.short	-20300
 4981 266a 9BCC     		.short	-13157
 4982 266c 3902     		.short	569
 4983 266e 41C5     		.short	-15039
 4984 2670 6AA8     		.short	-22422
 4985 2672 938C     		.short	-29549
 4986 2674 8B4B     		.short	19339
 4987 2676 8BAC     		.short	-21365
 4988 2678 9C4E     		.short	20124
 4989 267a 9BAB     		.short	-21605
 4990 267c F676     		.short	30454
 4991 267e FF58     		.short	22783
 4992 2680 FF38     		.short	14591
 4993 2682 FF37     		.short	14335
 4994 2684 FF17     		.short	6143
 4995 2686 FF38     		.short	14591
 4996 2688 F737     		.short	14327
 4997 268a FF58     		.short	22783
 4998 268c FF17     		.short	6143
 4999 268e E592     		.short	-27931
 5000 2690 9B8B     		.short	-29797
 5001 2692 72C7     		.short	-14478
 5002 2694 CD91     		.short	-28211
 5003 2696 D4F0     		.short	-3884
 5004 2698 CC4E     		.short	20172
 5005 269a 9329     		.short	10643
 5006 269c 8309     		.short	2435
 5007 269e AC6F     		.short	28588
 5008 26a0 5267     		.short	26450
 5009 26a2 1040     		.short	16400
 5010 26a4 0000     		.short	0
 5011 26a6 0020     		.short	8192
 5012 26a8 08C2     		.short	-15864
 5013 26aa 00C1     		.short	-16128
 5014 26ac 0080     		.short	-32768
 5015 26ae 08C3     		.short	-15608
 5016 26b0 08E3     		.short	-7416
 5017 26b2 08E3     		.short	-7416
 5018 26b4 0060     		.short	24576
 5019 26b6 0040     		.short	16384
 5020 26b8 CE98     		.short	-26418
 5021 26ba FFFE     		.short	-257
 5022 26bc F7DE     		.short	-8457
 5023 26be F7BE     		.short	-16649
 5024 26c0 8C92     		.short	-28020
 5025 26c2 1860     		.short	24600
 5026 26c4 F697     		.short	-26634
ARM GAS  /tmp/ccXeXMPx.s 			page 89


 5027 26c6 B4CF     		.short	-12364
 5028 26c8 83CC     		.short	-13181
 5029 26ca BD94     		.short	-27459
 5030 26cc 6AA7     		.short	-22678
 5031 26ce C4CE     		.short	-12604
 5032 26d0 C4AD     		.short	-21052
 5033 26d2 732A     		.short	10867
 5034 26d4 7B08     		.short	2171
 5035 26d6 B44E     		.short	20148
 5036 26d8 BC4C     		.short	19644
 5037 26da E692     		.short	-27930
 5038 26dc 72C8     		.short	-14222
 5039 26de 9044     		.short	17552
 5040 26e0 98A4     		.short	-23400
 5041 26e2 9863     		.short	25496
 5042 26e4 A084     		.short	-31584
 5043 26e6 A0C5     		.short	-14944
 5044 26e8 A084     		.short	-31584
 5045 26ea A864     		.short	25768
 5046 26ec A0A4     		.short	-23392
 5047 26ee 9124     		.short	9361
 5048 26f0 9886     		.short	-31080
 5049 26f2 71E8     		.short	-6031
 5050 26f4 E77B     		.short	31719
 5051 26f6 C5D6     		.short	-10555
 5052 26f8 C596     		.short	-26939
 5053 26fa BDF7     		.short	-2115
 5054 26fc 8471     		.short	29060
 5055 26fe 0800     		.short	8
 5056 2700 0000     		.short	0
 5057 2702 FFFF     		.short	-1
 5058 2704 FFFF     		.short	-1
 5059 2706 FFFE     		.short	-257
 5060 2708 BD11     		.short	4541
 5061 270a 9BAA     		.short	-21861
 5062 270c BCAD     		.short	-21060
 5063 270e C4EF     		.short	-4156
 5064 2710 940B     		.short	2964
 5065 2712 59E4     		.short	-7079
 5066 2714 BCAF     		.short	-20548
 5067 2716 C52F     		.short	12229
 5068 2718 A44D     		.short	19876
 5069 271a 38E2     		.short	-7624
 5070 271c 938B     		.short	-29805
 5071 271e C4CD     		.short	-12860
 5072 2720 F6B2     		.short	-19722
 5073 2722 C52E     		.short	11973
 5074 2724 BCEF     		.short	-4164
 5075 2726 9BAB     		.short	-21605
 5076 2728 9369     		.short	27027
 5077 272a BCCD     		.short	-12868
 5078 272c C52F     		.short	12229
 5079 272e B46C     		.short	27828
 5080 2730 7AC9     		.short	-13958
 5081 2732 6AC7     		.short	-14486
 5082 2734 B46D     		.short	28084
 5083 2736 C48C     		.short	-29500
ARM GAS  /tmp/ccXeXMPx.s 			page 90


 5084 2738 FF14     		.short	5375
 5085 273a C52D     		.short	11717
 5086 273c B48E     		.short	-29004
 5087 273e 2902     		.short	553
 5088 2740 93C9     		.short	-13933
 5089 2742 C4EF     		.short	-4156
 5090 2744 82C8     		.short	-14206
 5091 2746 D4D1     		.short	-11820
 5092 2748 9B2A     		.short	10907
 5093 274a AC0B     		.short	2988
 5094 274c CD6E     		.short	28365
 5095 274e EED1     		.short	-11794
 5096 2750 49C4     		.short	-15287
 5097 2752 6AC8     		.short	-14230
 5098 2754 4143     		.short	17217
 5099 2756 4984     		.short	-31671
 5100 2758 3123     		.short	9009
 5101 275a 41C5     		.short	-15039
 5102 275c 51E6     		.short	-6575
 5103 275e 7288     		.short	-30606
 5104 2760 72AA     		.short	-21902
 5105 2762 62A8     		.short	-22430
 5106 2764 2901     		.short	297
 5107 2766 6AA8     		.short	-22422
 5108 2768 6A87     		.short	-30870
 5109 276a 6206     		.short	1634
 5110 276c 4143     		.short	17217
 5111 276e 6288     		.short	-30622
 5112 2770 5A47     		.short	18266
 5113 2772 59C6     		.short	-14759
 5114 2774 38C2     		.short	-15816
 5115 2776 3102     		.short	561
 5116 2778 5A05     		.short	1370
 5117 277a A3EC     		.short	-4957
 5118 277c FF17     		.short	6143
 5119 277e F736     		.short	14071
 5120 2780 FF37     		.short	14335
 5121 2782 FF38     		.short	14591
 5122 2784 FF17     		.short	6143
 5123 2786 FF58     		.short	22783
 5124 2788 F737     		.short	14327
 5125 278a FF58     		.short	22783
 5126 278c FF37     		.short	14335
 5127 278e E592     		.short	-27931
 5128 2790 938B     		.short	-29805
 5129 2792 6AE7     		.short	-6294
 5130 2794 F6B6     		.short	-18698
 5131 2796 EDD3     		.short	-11283
 5132 2798 C3ED     		.short	-4669
 5133 279a D552     		.short	21205
 5134 279c 93CC     		.short	-13165
 5135 279e 6227     		.short	10082
 5136 27a0 3163     		.short	25393
 5137 27a2 0000     		.short	0
 5138 27a4 0862     		.short	25096
 5139 27a6 08A3     		.short	-23800
 5140 27a8 0060     		.short	24576
ARM GAS  /tmp/ccXeXMPx.s 			page 91


 5141 27aa 00A0     		.short	-24576
 5142 27ac 08C1     		.short	-16120
 5143 27ae 0081     		.short	-32512
 5144 27b0 0902     		.short	521
 5145 27b2 08C1     		.short	-16120
 5146 27b4 2163     		.short	25377
 5147 27b6 0020     		.short	8192
 5148 27b8 8C6F     		.short	28556
 5149 27ba FFBD     		.short	-16897
 5150 27bc FFFE     		.short	-257
 5151 27be FFFE     		.short	-257
 5152 27c0 AD55     		.short	21933
 5153 27c2 49C5     		.short	-15031
 5154 27c4 FF18     		.short	6399
 5155 27c6 BD10     		.short	4285
 5156 27c8 C5B3     		.short	-19515
 5157 27ca B532     		.short	12981
 5158 27cc 7B09     		.short	2427
 5159 27ce C4CE     		.short	-12604
 5160 27d0 C48D     		.short	-29244
 5161 27d2 734A     		.short	19059
 5162 27d4 7286     		.short	-31118
 5163 27d6 C4B0     		.short	-20284
 5164 27d8 BC4C     		.short	19644
 5165 27da E651     		.short	20966
 5166 27dc 7309     		.short	2419
 5167 27de 9044     		.short	17552
 5168 27e0 A0C4     		.short	-15200
 5169 27e2 B064     		.short	25776
 5170 27e4 B045     		.short	17840
 5171 27e6 A085     		.short	-31328
 5172 27e8 9906     		.short	1689
 5173 27ea A0E5     		.short	-6752
 5174 27ec A063     		.short	25504
 5175 27ee B0C4     		.short	-15184
 5176 27f0 7003     		.short	880
 5177 27f2 BD13     		.short	5053
 5178 27f4 D73A     		.short	15063
 5179 27f6 AD13     		.short	5037
 5180 27f8 D596     		.short	-26923
 5181 27fa 8C50     		.short	20620
 5182 27fc 8491     		.short	-28284
 5183 27fe 0000     		.short	0
 5184 2800 0020     		.short	8192
 5185 2802 FFFF     		.short	-1
 5186 2804 F7BF     		.short	-16393
 5187 2806 FFFF     		.short	-1
 5188 2808 FFFF     		.short	-1
 5189 280a B574     		.short	29877
 5190 280c 83AC     		.short	-21373
 5191 280e 9C4E     		.short	20124
 5192 2810 ACED     		.short	-4692
 5193 2812 5A05     		.short	1370
 5194 2814 9BAB     		.short	-21605
 5195 2816 CD0E     		.short	3789
 5196 2818 BCED     		.short	-4676
 5197 281a 8B69     		.short	27019
ARM GAS  /tmp/ccXeXMPx.s 			page 92


 5198 281c 8308     		.short	2179
 5199 281e C50F     		.short	4037
 5200 2820 F6F4     		.short	-2826
 5201 2822 C50F     		.short	4037
 5202 2824 BCCC     		.short	-13124
 5203 2826 B46B     		.short	27572
 5204 2828 72A8     		.short	-22414
 5205 282a C531     		.short	12741
 5206 282c BCAC     		.short	-21316
 5207 282e B42B     		.short	11188
 5208 2830 7B09     		.short	2427
 5209 2832 6A87     		.short	-30870
 5210 2834 AC6D     		.short	28076
 5211 2836 BCCC     		.short	-13124
 5212 2838 F6B2     		.short	-19722
 5213 283a CD6E     		.short	28365
 5214 283c 938A     		.short	-30061
 5215 283e 61E5     		.short	-6815
 5216 2840 9B6A     		.short	27291
 5217 2842 BC8F     		.short	-28740
 5218 2844 82C8     		.short	-14206
 5219 2846 D512     		.short	4821
 5220 2848 BC50     		.short	20668
 5221 284a 8B0A     		.short	2699
 5222 284c 834B     		.short	19331
 5223 284e 738A     		.short	-30093
 5224 2850 2923     		.short	9001
 5225 2852 4945     		.short	17737
 5226 2854 61C6     		.short	-14751
 5227 2856 4964     		.short	25673
 5228 2858 61E5     		.short	-6815
 5229 285a BC0E     		.short	3772
 5230 285c C42D     		.short	11716
 5231 285e D510     		.short	4309
 5232 2860 DCF0     		.short	-3876
 5233 2862 E531     		.short	12773
 5234 2864 9B4A     		.short	19099
 5235 2866 938A     		.short	-30061
 5236 2868 BD30     		.short	12477
 5237 286a 9BCB     		.short	-13413
 5238 286c A38A     		.short	-30045
 5239 286e E531     		.short	12773
 5240 2870 D48D     		.short	-29228
 5241 2872 D531     		.short	12757
 5242 2874 93AD     		.short	-21101
 5243 2876 6248     		.short	18530
 5244 2878 30C1     		.short	-16080
 5245 287a 93AB     		.short	-21613
 5246 287c FF18     		.short	6399
 5247 287e FF38     		.short	14591
 5248 2880 FF17     		.short	6143
 5249 2882 FF37     		.short	14335
 5250 2884 FF37     		.short	14335
 5251 2886 FF57     		.short	22527
 5252 2888 FF17     		.short	6143
 5253 288a FF17     		.short	6143
 5254 288c FEF7     		.short	-2050
ARM GAS  /tmp/ccXeXMPx.s 			page 93


 5255 288e E5B2     		.short	-19739
 5256 2890 93ED     		.short	-4717
 5257 2892 8349     		.short	18819
 5258 2894 FF17     		.short	6143
 5259 2896 FF36     		.short	14079
 5260 2898 D633     		.short	13270
 5261 289a FF59     		.short	23039
 5262 289c 730A     		.short	2675
 5263 289e 41A6     		.short	-22975
 5264 28a0 1042     		.short	16912
 5265 28a2 0000     		.short	0
 5266 28a4 0881     		.short	-32504
 5267 28a6 08E2     		.short	-7672
 5268 28a8 00C1     		.short	-16128
 5269 28aa 00A1     		.short	-24320
 5270 28ac 0902     		.short	521
 5271 28ae 00C2     		.short	-15872
 5272 28b0 1123     		.short	8977
 5273 28b2 09E4     		.short	-7159
 5274 28b4 1266     		.short	26130
 5275 28b6 08E2     		.short	-7672
 5276 28b8 20E3     		.short	-7392
 5277 28ba F77C     		.short	31991
 5278 28bc FFFD     		.short	-513
 5279 28be FFFC     		.short	-769
 5280 28c0 A4F1     		.short	-3676
 5281 28c2 944D     		.short	19860
 5282 28c4 FF58     		.short	22783
 5283 28c6 DE13     		.short	5086
 5284 28c8 EEB6     		.short	-18706
 5285 28ca ACAE     		.short	-20820
 5286 28cc 8328     		.short	10371
 5287 28ce C50F     		.short	4037
 5288 28d0 D4D0     		.short	-12076
 5289 28d2 6287     		.short	-30878
 5290 28d4 8368     		.short	26755
 5291 28d6 BD0D     		.short	3517
 5292 28d8 B42C     		.short	11444
 5293 28da D5B2     		.short	-19755
 5294 28dc 93E9     		.short	-5741
 5295 28de 8042     		.short	17024
 5296 28e0 A8A4     		.short	-23384
 5297 28e2 A8A4     		.short	-23384
 5298 28e4 98C4     		.short	-15208
 5299 28e6 90C3     		.short	-15472
 5300 28e8 98C3     		.short	-15464
 5301 28ea A0C5     		.short	-14944
 5302 28ec A0A4     		.short	-23392
 5303 28ee 9843     		.short	17304
 5304 28f0 6249     		.short	18786
 5305 28f2 EF7C     		.short	31983
 5306 28f4 A533     		.short	13221
 5307 28f6 A574     		.short	29861
 5308 28f8 A574     		.short	29861
 5309 28fa 7ACC     		.short	-13190
 5310 28fc A3D0     		.short	-12125
 5311 28fe 0060     		.short	24576
ARM GAS  /tmp/ccXeXMPx.s 			page 94


 5312 2900 0000     		.short	0
 5313 2902 FFFF     		.short	-1
 5314 2904 FFFF     		.short	-1
 5315 2906 FFDF     		.short	-8193
 5316 2908 FFFF     		.short	-1
 5317 290a FFDE     		.short	-8449
 5318 290c CE16     		.short	5838
 5319 290e 734A     		.short	19059
 5320 2910 7B89     		.short	-30341
 5321 2912 7B09     		.short	2427
 5322 2914 82E9     		.short	-5758
 5323 2916 BCAD     		.short	-21060
 5324 2918 BCED     		.short	-4676
 5325 291a 9C0C     		.short	3228
 5326 291c 8329     		.short	10627
 5327 291e CD2F     		.short	12237
 5328 2920 EED3     		.short	-11282
 5329 2922 BCCE     		.short	-12612
 5330 2924 CD2E     		.short	11981
 5331 2926 C4ED     		.short	-4668
 5332 2928 7AC8     		.short	-14214
 5333 292a B48E     		.short	-29004
 5334 292c B4AC     		.short	-21324
 5335 292e B42B     		.short	11188
 5336 2930 832A     		.short	10883
 5337 2932 72A8     		.short	-22414
 5338 2934 9BEB     		.short	-5221
 5339 2936 B48C     		.short	-29516
 5340 2938 E610     		.short	4326
 5341 293a DDD0     		.short	-12067
 5342 293c 9BCB     		.short	-13413
 5343 293e 7AC9     		.short	-13958
 5344 2940 8309     		.short	2435
 5345 2942 CD72     		.short	29389
 5346 2944 832A     		.short	10883
 5347 2946 BCF1     		.short	-3652
 5348 2948 8B0A     		.short	2699
 5349 294a 2000     		.short	32
 5350 294c 4162     		.short	25153
 5351 294e 83AB     		.short	-21629
 5352 2950 6AC9     		.short	-13974
 5353 2952 9BCD     		.short	-12901
 5354 2954 E5F6     		.short	-2331
 5355 2956 938C     		.short	-29549
 5356 2958 6A06     		.short	1642
 5357 295a CCB0     		.short	-20276
 5358 295c D4F0     		.short	-3884
 5359 295e C48E     		.short	-28988
 5360 2960 CC8E     		.short	-28980
 5361 2962 CC6E     		.short	28364
 5362 2964 CCAF     		.short	-20532
 5363 2966 7266     		.short	26226
 5364 2968 C530     		.short	12485
 5365 296a 8B69     		.short	27019
 5366 296c 9B6A     		.short	27291
 5367 296e D48F     		.short	-28716
 5368 2970 DCAD     		.short	-21028
ARM GAS  /tmp/ccXeXMPx.s 			page 95


 5369 2972 CCAF     		.short	-20532
 5370 2974 9BAD     		.short	-21093
 5371 2976 7B0A     		.short	2683
 5372 2978 834A     		.short	19075
 5373 297a D592     		.short	-27947
 5374 297c FF38     		.short	14591
 5375 297e FF18     		.short	6399
 5376 2980 FF37     		.short	14335
 5377 2982 FF37     		.short	14335
 5378 2984 FF37     		.short	14335
 5379 2986 FF57     		.short	22527
 5380 2988 FF17     		.short	6143
 5381 298a FF17     		.short	6143
 5382 298c FEF7     		.short	-2050
 5383 298e E5D3     		.short	-11291
 5384 2990 8BCC     		.short	-13173
 5385 2992 93CB     		.short	-13421
 5386 2994 FF99     		.short	-26113
 5387 2996 F716     		.short	5879
 5388 2998 FFB9     		.short	-17921
 5389 299a C592     		.short	-27963
 5390 299c 20A0     		.short	-24544
 5391 299e 1881     		.short	-32488
 5392 29a0 18A2     		.short	-24040
 5393 29a2 2124     		.short	9249
 5394 29a4 0040     		.short	16384
 5395 29a6 00C1     		.short	-16128
 5396 29a8 00C1     		.short	-16128
 5397 29aa 0923     		.short	8969
 5398 29ac 00C2     		.short	-15872
 5399 29ae 00A2     		.short	-24064
 5400 29b0 21A5     		.short	-23263
 5401 29b2 1A67     		.short	26394
 5402 29b4 22E9     		.short	-5854
 5403 29b6 29E6     		.short	-6615
 5404 29b8 1881     		.short	-32488
 5405 29ba C5D6     		.short	-10555
 5406 29bc FFFE     		.short	-257
 5407 29be FFFD     		.short	-513
 5408 29c0 BDB4     		.short	-19267
 5409 29c2 CDD4     		.short	-11059
 5410 29c4 FF38     		.short	14591
 5411 29c6 FF17     		.short	6143
 5412 29c8 FF79     		.short	31231
 5413 29ca 940C     		.short	3220
 5414 29cc 9BEB     		.short	-5221
 5415 29ce B4AD     		.short	-21068
 5416 29d0 CC8E     		.short	-28980
 5417 29d2 7B49     		.short	18811
 5418 29d4 9C2A     		.short	10908
 5419 29d6 CD8F     		.short	-28723
 5420 29d8 A3CB     		.short	-13405
 5421 29da D5B1     		.short	-20011
 5422 29dc 9C6B     		.short	27548
 5423 29de 7842     		.short	17016
 5424 29e0 A884     		.short	-31576
 5425 29e2 A083     		.short	-31840
ARM GAS  /tmp/ccXeXMPx.s 			page 96


 5426 29e4 A0E4     		.short	-7008
 5427 29e6 90A3     		.short	-23664
 5428 29e8 A0E4     		.short	-7008
 5429 29ea A084     		.short	-31584
 5430 29ec A0C5     		.short	-14944
 5431 29ee 7863     		.short	25464
 5432 29f0 B554     		.short	21685
 5433 29f2 B574     		.short	29877
 5434 29f4 A554     		.short	21669
 5435 29f6 AD74     		.short	29869
 5436 29f8 72AB     		.short	-21646
 5437 29fa 932E     		.short	11923
 5438 29fc 9C10     		.short	4252
 5439 29fe 0020     		.short	8192
 5440 2a00 0000     		.short	0
 5441 2a02 FFDF     		.short	-8193
 5442 2a04 FFFF     		.short	-1
 5443 2a06 FFDF     		.short	-8193
 5444 2a08 FFFF     		.short	-1
 5445 2a0a FFFF     		.short	-1
 5446 2a0c FFDE     		.short	-8449
 5447 2a0e DEB9     		.short	-17954
 5448 2a10 840D     		.short	3460
 5449 2a12 6289     		.short	-30366
 5450 2a14 5184     		.short	-31663
 5451 2a16 BCEF     		.short	-4164
 5452 2a18 B4EE     		.short	-4428
 5453 2a1a 93EC     		.short	-4973
 5454 2a1c 7AC7     		.short	-14470
 5455 2a1e CD2F     		.short	12237
 5456 2a20 DE52     		.short	21214
 5457 2a22 A44C     		.short	19620
 5458 2a24 D56F     		.short	28629
 5459 2a26 CD6E     		.short	28365
 5460 2a28 8329     		.short	10627
 5461 2a2a 9BEC     		.short	-4965
 5462 2a2c BCED     		.short	-4676
 5463 2a2e B44C     		.short	19636
 5464 2a30 834A     		.short	19075
 5465 2a32 7AE9     		.short	-5766
 5466 2a34 8B8A     		.short	-30069
 5467 2a36 C50E     		.short	3781
 5468 2a38 DDCF     		.short	-12323
 5469 2a3a DDD0     		.short	-12067
 5470 2a3c 8B49     		.short	18827
 5471 2a3e 8B4B     		.short	19339
 5472 2a40 8369     		.short	27011
 5473 2a42 BD51     		.short	20925
 5474 2a44 4A05     		.short	1354
 5475 2a46 49A4     		.short	-23479
 5476 2a48 5183     		.short	-31919
 5477 2a4a 7AC8     		.short	-14214
 5478 2a4c 8B6A     		.short	27275
 5479 2a4e CDB2     		.short	-19763
 5480 2a50 B46E     		.short	28340
 5481 2a52 A44D     		.short	19876
 5482 2a54 E655     		.short	21990
ARM GAS  /tmp/ccXeXMPx.s 			page 97


 5483 2a56 9B6B     		.short	27547
 5484 2a58 61A4     		.short	-23455
 5485 2a5a B44E     		.short	20148
 5486 2a5c C4CF     		.short	-12348
 5487 2a5e D4CF     		.short	-12332
 5488 2a60 D4CF     		.short	-12332
 5489 2a62 C44E     		.short	20164
 5490 2a64 C48F     		.short	-28732
 5491 2a66 82E8     		.short	-6014
 5492 2a68 A42D     		.short	11684
 5493 2a6a 8B6A     		.short	27275
 5494 2a6c ABCB     		.short	-13397
 5495 2a6e ED32     		.short	13037
 5496 2a70 D46C     		.short	27860
 5497 2a72 DD10     		.short	4317
 5498 2a74 ABED     		.short	-4693
 5499 2a76 59C5     		.short	-15015
 5500 2a78 934B     		.short	19347
 5501 2a7a E614     		.short	5350
 5502 2a7c FF18     		.short	6399
 5503 2a7e FF59     		.short	23039
 5504 2a80 FF37     		.short	14335
 5505 2a82 FF37     		.short	14335
 5506 2a84 FF37     		.short	14335
 5507 2a86 FF37     		.short	14335
 5508 2a88 FF17     		.short	6143
 5509 2a8a FF37     		.short	14335
 5510 2a8c FEF7     		.short	-2050
 5511 2a8e E5F3     		.short	-3099
 5512 2a90 93EC     		.short	-4973
 5513 2a92 B4F0     		.short	-3916
 5514 2a94 FF79     		.short	31231
 5515 2a96 FF17     		.short	6143
 5516 2a98 E675     		.short	30182
 5517 2a9a 7B29     		.short	10619
 5518 2a9c 93ED     		.short	-4717
 5519 2a9e 0800     		.short	8
 5520 2aa0 7BCE     		.short	-12677
 5521 2aa2 52CA     		.short	-13742
 5522 2aa4 0040     		.short	16384
 5523 2aa6 0923     		.short	8969
 5524 2aa8 0923     		.short	8969
 5525 2aaa 0922     		.short	8713
 5526 2aac 00C1     		.short	-16128
 5527 2aae 08A1     		.short	-24312
 5528 2ab0 1964     		.short	25625
 5529 2ab2 334B     		.short	19251
 5530 2ab4 3B8C     		.short	-29637
 5531 2ab6 2A07     		.short	1834
 5532 2ab8 0000     		.short	0
 5533 2aba 9491     		.short	-28268
 5534 2abc FFFE     		.short	-257
 5535 2abe F7DD     		.short	-8713
 5536 2ac0 EF19     		.short	6639
 5537 2ac2 FF59     		.short	23039
 5538 2ac4 FF17     		.short	6143
 5539 2ac6 FF37     		.short	14335
ARM GAS  /tmp/ccXeXMPx.s 			page 98


 5540 2ac8 FF79     		.short	31231
 5541 2aca 7B69     		.short	27003
 5542 2acc AC8E     		.short	-29012
 5543 2ace BCCE     		.short	-12612
 5544 2ad0 C48D     		.short	-29244
 5545 2ad2 9C0D     		.short	3484
 5546 2ad4 B4ED     		.short	-4684
 5547 2ad6 E672     		.short	29414
 5548 2ad8 9BCA     		.short	-13669
 5549 2ada C550     		.short	20677
 5550 2adc B4EE     		.short	-4428
 5551 2ade 7042     		.short	17008
 5552 2ae0 A8C4     		.short	-15192
 5553 2ae2 A063     		.short	25504
 5554 2ae4 A8C4     		.short	-15192
 5555 2ae6 98A3     		.short	-23656
 5556 2ae8 A0A4     		.short	-23392
 5557 2aea B0A5     		.short	-23120
 5558 2aec 8083     		.short	-31872
 5559 2aee 7207     		.short	1906
 5560 2af0 C637     		.short	14278
 5561 2af2 ACF3     		.short	-3156
 5562 2af4 A573     		.short	29605
 5563 2af6 836D     		.short	28035
 5564 2af8 89E9     		.short	-5751
 5565 2afa A34E     		.short	20131
 5566 2afc 8C50     		.short	20620
 5567 2afe 0000     		.short	0
 5568 2b00 0000     		.short	0
 5569 2b02 FFFF     		.short	-1
 5570 2b04 FFFF     		.short	-1
 5571 2b06 FFDF     		.short	-8193
 5572 2b08 FFFF     		.short	-1
 5573 2b0a F79E     		.short	-24841
 5574 2b0c F7BE     		.short	-16649
 5575 2b0e FFFF     		.short	-1
 5576 2b10 D6D9     		.short	-9770
 5577 2b12 5249     		.short	18770
 5578 2b14 28A1     		.short	-24280
 5579 2b16 8B89     		.short	-30325
 5580 2b18 B4EF     		.short	-4172
 5581 2b1a 9C2D     		.short	11676
 5582 2b1c 7286     		.short	-31118
 5583 2b1e CD2E     		.short	11981
 5584 2b20 D611     		.short	4566
 5585 2b22 93CA     		.short	-13677
 5586 2b24 D56F     		.short	28629
 5587 2b26 DDF0     		.short	-3875
 5588 2b28 93AB     		.short	-21613
 5589 2b2a 8B6A     		.short	27275
 5590 2b2c C50E     		.short	3781
 5591 2b2e BC6D     		.short	28092
 5592 2b30 7B09     		.short	2427
 5593 2b32 8B6B     		.short	27531
 5594 2b34 7AE8     		.short	-6022
 5595 2b36 BCEE     		.short	-4420
 5596 2b38 C50D     		.short	3525
ARM GAS  /tmp/ccXeXMPx.s 			page 99


 5597 2b3a DDD1     		.short	-11811
 5598 2b3c 93AA     		.short	-21869
 5599 2b3e 9BED     		.short	-4709
 5600 2b40 7B49     		.short	18811
 5601 2b42 5A46     		.short	18010
 5602 2b44 28E1     		.short	-7896
 5603 2b46 ACB0     		.short	-20308
 5604 2b48 DDD4     		.short	-11043
 5605 2b4a CCF0     		.short	-3892
 5606 2b4c 7A86     		.short	-31110
 5607 2b4e B48E     		.short	-29004
 5608 2b50 BC8D     		.short	-29252
 5609 2b52 8BCA     		.short	-13685
 5610 2b54 EEB6     		.short	-18706
 5611 2b56 BC6E     		.short	28348
 5612 2b58 6183     		.short	-31903
 5613 2b5a 8B6A     		.short	27275
 5614 2b5c AC8E     		.short	-29012
 5615 2b5e 9B4A     		.short	19099
 5616 2b60 8AE8     		.short	-6006
 5617 2b62 9B4A     		.short	19099
 5618 2b64 82A8     		.short	-22398
 5619 2b66 7288     		.short	-30606
 5620 2b68 4122     		.short	8769
 5621 2b6a 4963     		.short	25417
 5622 2b6c 82A8     		.short	-22398
 5623 2b6e A34B     		.short	19363
 5624 2b70 CC2B     		.short	11212
 5625 2b72 D4EF     		.short	-4140
 5626 2b74 9B8B     		.short	-29797
 5627 2b76 4922     		.short	8777
 5628 2b78 B46E     		.short	28340
 5629 2b7a FEF7     		.short	-2050
 5630 2b7c FF17     		.short	6143
 5631 2b7e F6F7     		.short	-2058
 5632 2b80 FF37     		.short	14335
 5633 2b82 FF37     		.short	14335
 5634 2b84 FF37     		.short	14335
 5635 2b86 FF37     		.short	14335
 5636 2b88 FF37     		.short	14335
 5637 2b8a FF37     		.short	14335
 5638 2b8c FEF6     		.short	-2306
 5639 2b8e E5F3     		.short	-3099
 5640 2b90 93EC     		.short	-4973
 5641 2b92 E676     		.short	30438
 5642 2b94 F6F7     		.short	-2058
 5643 2b96 FF58     		.short	22783
 5644 2b98 D5F3     		.short	-3115
 5645 2b9a DE15     		.short	5598
 5646 2b9c 836B     		.short	27523
 5647 2b9e 30E2     		.short	-7632
 5648 2ba0 C657     		.short	22470
 5649 2ba2 5B0A     		.short	2651
 5650 2ba4 0040     		.short	16384
 5651 2ba6 19C5     		.short	-15079
 5652 2ba8 19E5     		.short	-6887
 5653 2baa 0102     		.short	513
ARM GAS  /tmp/ccXeXMPx.s 			page 100


 5654 2bac 0902     		.short	521
 5655 2bae 08A1     		.short	-24312
 5656 2bb0 1124     		.short	9233
 5657 2bb2 4C0E     		.short	3660
 5658 2bb4 54B0     		.short	-20396
 5659 2bb6 5BAD     		.short	-21157
 5660 2bb8 5AEB     		.short	-5286
 5661 2bba C5F7     		.short	-2107
 5662 2bbc FFFE     		.short	-257
 5663 2bbe FFFE     		.short	-257
 5664 2bc0 FF7A     		.short	31487
 5665 2bc2 FF38     		.short	14591
 5666 2bc4 FF17     		.short	6143
 5667 2bc6 FF37     		.short	14335
 5668 2bc8 FF59     		.short	23039
 5669 2bca 7B49     		.short	18811
 5670 2bcc A44D     		.short	19876
 5671 2bce BCAE     		.short	-20804
 5672 2bd0 C4AD     		.short	-21052
 5673 2bd2 AC8E     		.short	-29012
 5674 2bd4 C52E     		.short	11973
 5675 2bd6 FF34     		.short	13567
 5676 2bd8 A42B     		.short	11172
 5677 2bda BCEE     		.short	-4420
 5678 2bdc BD6F     		.short	28605
 5679 2bde 6882     		.short	-32152
 5680 2be0 A8E4     		.short	-7000
 5681 2be2 A063     		.short	25504
 5682 2be4 A083     		.short	-31840
 5683 2be6 A0E4     		.short	-7008
 5684 2be8 A063     		.short	25504
 5685 2bea B0C6     		.short	-14672
 5686 2bec 68A3     		.short	-23704
 5687 2bee 9CB0     		.short	-20324
 5688 2bf0 AD53     		.short	21421
 5689 2bf2 B594     		.short	-27467
 5690 2bf4 7BAD     		.short	-21125
 5691 2bf6 6166     		.short	26209
 5692 2bf8 BA8D     		.short	-29254
 5693 2bfa 9AED     		.short	-4710
 5694 2bfc 9491     		.short	-28268
 5695 2bfe 0020     		.short	8192
 5696 2c00 0000     		.short	0
 5697 2c02 FFDE     		.short	-8449
 5698 2c04 FFFF     		.short	-1
 5699 2c06 FFDF     		.short	-8193
 5700 2c08 FFFF     		.short	-1
 5701 2c0a FFFF     		.short	-1
 5702 2c0c FFFF     		.short	-1
 5703 2c0e F7BF     		.short	-16393
 5704 2c10 FFFF     		.short	-1
 5705 2c12 736D     		.short	28019
 5706 2c14 6268     		.short	26722
 5707 2c16 4981     		.short	-32439
 5708 2c18 A48E     		.short	-29020
 5709 2c1a B4D0     		.short	-12108
 5710 2c1c 6A86     		.short	-31126
ARM GAS  /tmp/ccXeXMPx.s 			page 101


 5711 2c1e CD4E     		.short	20173
 5712 2c20 D5F1     		.short	-3627
 5713 2c22 93CA     		.short	-13677
 5714 2c24 CD6E     		.short	28365
 5715 2c26 EE72     		.short	29422
 5716 2c28 A44D     		.short	19876
 5717 2c2a 7B28     		.short	10363
 5718 2c2c BCCD     		.short	-12868
 5719 2c2e BC6D     		.short	28092
 5720 2c30 72E8     		.short	-6030
 5721 2c32 8B8B     		.short	-29813
 5722 2c34 59E4     		.short	-7079
 5723 2c36 B4AE     		.short	-20812
 5724 2c38 C50E     		.short	3781
 5725 2c3a E612     		.short	4838
 5726 2c3c 93AA     		.short	-21869
 5727 2c3e 7AC9     		.short	-13958
 5728 2c40 59A3     		.short	-23719
 5729 2c42 72A8     		.short	-22414
 5730 2c44 730A     		.short	2675
 5731 2c46 D5D5     		.short	-10795
 5732 2c48 EE55     		.short	21998
 5733 2c4a CCCF     		.short	-12340
 5734 2c4c B3CB     		.short	-13389
 5735 2c4e 8A87     		.short	-30838
 5736 2c50 BCAE     		.short	-20804
 5737 2c52 7B48     		.short	18555
 5738 2c54 EED7     		.short	-10258
 5739 2c56 FED8     		.short	-9986
 5740 2c58 82C9     		.short	-13950
 5741 2c5a 83AB     		.short	-21629
 5742 2c5c F739     		.short	14839
 5743 2c5e F677     		.short	30710
 5744 2c60 EE77     		.short	30702
 5745 2c62 F677     		.short	30710
 5746 2c64 EE57     		.short	22510
 5747 2c66 E657     		.short	22502
 5748 2c68 9C2F     		.short	12188
 5749 2c6a 51E5     		.short	-6831
 5750 2c6c 9BAC     		.short	-21349
 5751 2c6e BC6F     		.short	28604
 5752 2c70 AB89     		.short	-30293
 5753 2c72 B42D     		.short	11700
 5754 2c74 7AA8     		.short	-22406
 5755 2c76 51A4     		.short	-23471
 5756 2c78 D552     		.short	21205
 5757 2c7a FED7     		.short	-10242
 5758 2c7c FEF7     		.short	-2050
 5759 2c7e FF59     		.short	23039
 5760 2c80 FF37     		.short	14335
 5761 2c82 FF37     		.short	14335
 5762 2c84 FF37     		.short	14335
 5763 2c86 FF37     		.short	14335
 5764 2c88 FF37     		.short	14335
 5765 2c8a FF37     		.short	14335
 5766 2c8c FED6     		.short	-10498
 5767 2c8e E613     		.short	5094
ARM GAS  /tmp/ccXeXMPx.s 			page 102


 5768 2c90 ACAF     		.short	-20564
 5769 2c92 F6F8     		.short	-1802
 5770 2c94 FF18     		.short	6399
 5771 2c96 FF38     		.short	14591
 5772 2c98 FF18     		.short	6399
 5773 2c9a EEB7     		.short	-18450
 5774 2c9c 4963     		.short	25417
 5775 2c9e A44F     		.short	20388
 5776 2ca0 EF9B     		.short	-25617
 5777 2ca2 7BEE     		.short	-4485
 5778 2ca4 0080     		.short	-32768
 5779 2ca6 2A27     		.short	10026
 5780 2ca8 32E9     		.short	-5838
 5781 2caa 09A4     		.short	-23543
 5782 2cac 00E1     		.short	-7936
 5783 2cae 10C1     		.short	-16112
 5784 2cb0 0923     		.short	8969
 5785 2cb2 3B8C     		.short	-29637
 5786 2cb4 6D73     		.short	29549
 5787 2cb6 BEDA     		.short	-9538
 5788 2cb8 F7BE     		.short	-16649
 5789 2cba FFFF     		.short	-1
 5790 2cbc F7BD     		.short	-16905
 5791 2cbe FFFE     		.short	-257
 5792 2cc0 FF59     		.short	23039
 5793 2cc2 F6F6     		.short	-2314
 5794 2cc4 FEF6     		.short	-2306
 5795 2cc6 FF57     		.short	22527
 5796 2cc8 FF58     		.short	22783
 5797 2cca 7B29     		.short	10619
 5798 2ccc A42C     		.short	11428
 5799 2cce BC8D     		.short	-29252
 5800 2cd0 BCCD     		.short	-12868
 5801 2cd2 B48D     		.short	-29260
 5802 2cd4 CD4E     		.short	20173
 5803 2cd6 FFB5     		.short	-18945
 5804 2cd8 BCCE     		.short	-12612
 5805 2cda AC6C     		.short	27820
 5806 2cdc C5D1     		.short	-11835
 5807 2cde 68C2     		.short	-15768
 5808 2ce0 A0A4     		.short	-23392
 5809 2ce2 A084     		.short	-31584
 5810 2ce4 A083     		.short	-31840
 5811 2ce6 A8E5     		.short	-6744
 5812 2ce8 A0A5     		.short	-23136
 5813 2cea 8884     		.short	-31608
 5814 2cec 8249     		.short	18818
 5815 2cee B616     		.short	5814
 5816 2cf0 B553     		.short	21429
 5817 2cf2 844F     		.short	20356
 5818 2cf4 5144     		.short	17489
 5819 2cf6 9167     		.short	26513
 5820 2cf8 AA6B     		.short	27562
 5821 2cfa 8A8B     		.short	-29814
 5822 2cfc ACD3     		.short	-11348
 5823 2cfe 0040     		.short	16384
 5824 2d00 0820     		.short	8200
ARM GAS  /tmp/ccXeXMPx.s 			page 103


 5825 2d02 FFFF     		.short	-1
 5826 2d04 FFFF     		.short	-1
 5827 2d06 FFFF     		.short	-1
 5828 2d08 FFFF     		.short	-1
 5829 2d0a FFFF     		.short	-1
 5830 2d0c FFFF     		.short	-1
 5831 2d0e FFFF     		.short	-1
 5832 2d10 F7DF     		.short	-8201
 5833 2d12 83AE     		.short	-20861
 5834 2d14 ACB0     		.short	-20308
 5835 2d16 51C2     		.short	-15791
 5836 2d18 7B29     		.short	10619
 5837 2d1a A44F     		.short	20388
 5838 2d1c 72A7     		.short	-22670
 5839 2d1e C54E     		.short	20165
 5840 2d20 CDF1     		.short	-3635
 5841 2d22 93A9     		.short	-22125
 5842 2d24 CD4D     		.short	19917
 5843 2d26 F6D3     		.short	-11274
 5844 2d28 B4AE     		.short	-20812
 5845 2d2a 8349     		.short	18819
 5846 2d2c AC4B     		.short	19372
 5847 2d2e C4CF     		.short	-12348
 5848 2d30 7309     		.short	2419
 5849 2d32 7B09     		.short	2427
 5850 2d34 4962     		.short	25161
 5851 2d36 B4CF     		.short	-12364
 5852 2d38 C50E     		.short	3781
 5853 2d3a B48C     		.short	-29516
 5854 2d3c 6A86     		.short	-31126
 5855 2d3e 6226     		.short	9826
 5856 2d40 D4EF     		.short	-4140
 5857 2d42 8AE9     		.short	-5750
 5858 2d44 7B2B     		.short	11131
 5859 2d46 B4D1     		.short	-11852
 5860 2d48 FF18     		.short	6399
 5861 2d4a D530     		.short	12501
 5862 2d4c CCAF     		.short	-20532
 5863 2d4e 92C9     		.short	-13934
 5864 2d50 AC8E     		.short	-29012
 5865 2d52 7B49     		.short	18811
 5866 2d54 9C6F     		.short	28572
 5867 2d56 BD33     		.short	13245
 5868 2d58 5A48     		.short	18522
 5869 2d5a 1860     		.short	24600
 5870 2d5c 39A5     		.short	-23239
 5871 2d5e 3964     		.short	25657
 5872 2d60 3963     		.short	25401
 5873 2d62 3964     		.short	25657
 5874 2d64 6268     		.short	26722
 5875 2d66 6ACA     		.short	-13718
 5876 2d68 62CA     		.short	-13726
 5877 2d6a 41C5     		.short	-15039
 5878 2d6c A490     		.short	-28508
 5879 2d6e FF1B     		.short	7167
 5880 2d70 FEB7     		.short	-18434
 5881 2d72 EE56     		.short	22254
ARM GAS  /tmp/ccXeXMPx.s 			page 104


 5882 2d74 8B8C     		.short	-29557
 5883 2d76 830A     		.short	2691
 5884 2d78 E634     		.short	13542
 5885 2d7a FF37     		.short	14335
 5886 2d7c FF58     		.short	22783
 5887 2d7e FF38     		.short	14591
 5888 2d80 FF37     		.short	14335
 5889 2d82 FF37     		.short	14335
 5890 2d84 FF37     		.short	14335
 5891 2d86 FF37     		.short	14335
 5892 2d88 FF37     		.short	14335
 5893 2d8a FF37     		.short	14335
 5894 2d8c FED6     		.short	-10498
 5895 2d8e EE54     		.short	21742
 5896 2d90 DE34     		.short	13534
 5897 2d92 FF18     		.short	6399
 5898 2d94 FF38     		.short	14591
 5899 2d96 FEF7     		.short	-2050
 5900 2d98 FF58     		.short	22783
 5901 2d9a A44D     		.short	19876
 5902 2d9c A42D     		.short	11684
 5903 2d9e FF18     		.short	6399
 5904 2da0 F7BB     		.short	-17417
 5905 2da2 B593     		.short	-27723
 5906 2da4 0040     		.short	16384
 5907 2da6 2A27     		.short	10026
 5908 2da8 542E     		.short	11860
 5909 2daa 3BAC     		.short	-21445
 5910 2dac 00E1     		.short	-7936
 5911 2dae 1102     		.short	529
 5912 2db0 0923     		.short	8969
 5913 2db2 336B     		.short	27443
 5914 2db4 75F4     		.short	-2955
 5915 2db6 D7FE     		.short	-297
 5916 2db8 FFFF     		.short	-1
 5917 2dba EF9D     		.short	-25105
 5918 2dbc F7BD     		.short	-16905
 5919 2dbe FFDD     		.short	-8705
 5920 2dc0 FF38     		.short	14591
 5921 2dc2 FF37     		.short	14335
 5922 2dc4 F6D5     		.short	-10762
 5923 2dc6 FF57     		.short	22527
 5924 2dc8 F738     		.short	14583
 5925 2dca 72E7     		.short	-6286
 5926 2dcc B4AE     		.short	-20812
 5927 2dce C4CD     		.short	-12860
 5928 2dd0 B4AC     		.short	-21324
 5929 2dd2 B48D     		.short	-29260
 5930 2dd4 DD8F     		.short	-28707
 5931 2dd6 FFB5     		.short	-18945
 5932 2dd8 CD90     		.short	-28467
 5933 2dda A40A     		.short	2724
 5934 2ddc CE32     		.short	13006
 5935 2dde 6943     		.short	17257
 5936 2de0 A083     		.short	-31840
 5937 2de2 A0C4     		.short	-15200
 5938 2de4 A0A4     		.short	-23392
ARM GAS  /tmp/ccXeXMPx.s 			page 105


 5939 2de6 A084     		.short	-31584
 5940 2de8 A0E5     		.short	-6752
 5941 2dea 6083     		.short	-31904
 5942 2dec B4D2     		.short	-11596
 5943 2dee B5D5     		.short	-10827
 5944 2df0 9CD1     		.short	-11876
 5945 2df2 5227     		.short	10066
 5946 2df4 7105     		.short	1393
 5947 2df6 A9A9     		.short	-22103
 5948 2df8 9229     		.short	10642
 5949 2dfa 82CB     		.short	-13438
 5950 2dfc BD35     		.short	13757
 5951 2dfe 0020     		.short	8192
 5952 2e00 0000     		.short	0
 5953 2e02 FFFF     		.short	-1
 5954 2e04 FFFF     		.short	-1
 5955 2e06 F7BE     		.short	-16649
 5956 2e08 FFFF     		.short	-1
 5957 2e0a FFFF     		.short	-1
 5958 2e0c FFFF     		.short	-1
 5959 2e0e FFFF     		.short	-1
 5960 2e10 FFFF     		.short	-1
 5961 2e12 838D     		.short	-29309
 5962 2e14 AC8F     		.short	-28756
 5963 2e16 8328     		.short	10371
 5964 2e18 51E4     		.short	-7087
 5965 2e1a 7B4C     		.short	19579
 5966 2e1c 6A87     		.short	-30870
 5967 2e1e C54E     		.short	20165
 5968 2e20 CDF1     		.short	-3635
 5969 2e22 8B89     		.short	-30325
 5970 2e24 C50C     		.short	3269
 5971 2e26 FF13     		.short	5119
 5972 2e28 C530     		.short	12485
 5973 2e2a 9C0B     		.short	2972
 5974 2e2c 9388     		.short	-30573
 5975 2e2e CD10     		.short	4301
 5976 2e30 7B29     		.short	10619
 5977 2e32 7B2A     		.short	10875
 5978 2e34 51A4     		.short	-23471
 5979 2e36 A42D     		.short	11684
 5980 2e38 A42B     		.short	11172
 5981 2e3a 8B48     		.short	18571
 5982 2e3c 7AC7     		.short	-14470
 5983 2e3e 8B8B     		.short	-29813
 5984 2e40 E530     		.short	12517
 5985 2e42 8AE8     		.short	-6006
 5986 2e44 834C     		.short	19587
 5987 2e46 940D     		.short	3476
 5988 2e48 FF59     		.short	23039
 5989 2e4a E633     		.short	13286
 5990 2e4c C4F0     		.short	-3900
 5991 2e4e BC91     		.short	-28228
 5992 2e50 41C5     		.short	-15039
 5993 2e52 6289     		.short	-30366
 5994 2e54 20A2     		.short	-24032
 5995 2e56 0000     		.short	0
ARM GAS  /tmp/ccXeXMPx.s 			page 106


 5996 2e58 0020     		.short	8192
 5997 2e5a 0000     		.short	0
 5998 2e5c 0000     		.short	0
 5999 2e5e 0040     		.short	16384
 6000 2e60 0020     		.short	8192
 6001 2e62 0860     		.short	24584
 6002 2e64 0800     		.short	8
 6003 2e66 0820     		.short	8200
 6004 2e68 0020     		.short	8192
 6005 2e6a 0000     		.short	0
 6006 2e6c 18C2     		.short	-15848
 6007 2e6e 51E7     		.short	-6319
 6008 2e70 940D     		.short	3476
 6009 2e72 C594     		.short	-27451
 6010 2e74 ACF2     		.short	-3412
 6011 2e76 DE36     		.short	14046
 6012 2e78 FF38     		.short	14591
 6013 2e7a FF17     		.short	6143
 6014 2e7c FF37     		.short	14335
 6015 2e7e F737     		.short	14327
 6016 2e80 FF17     		.short	6143
 6017 2e82 FF17     		.short	6143
 6018 2e84 FF57     		.short	22527
 6019 2e86 FF37     		.short	14335
 6020 2e88 FF37     		.short	14335
 6021 2e8a FF37     		.short	14335
 6022 2e8c FF17     		.short	6143
 6023 2e8e FED6     		.short	-10498
 6024 2e90 F717     		.short	6135
 6025 2e92 FF58     		.short	22783
 6026 2e94 FEF7     		.short	-2050
 6027 2e96 FF17     		.short	6143
 6028 2e98 FF38     		.short	14591
 6029 2e9a E634     		.short	13542
 6030 2e9c DE13     		.short	5086
 6031 2e9e FF18     		.short	6399
 6032 2ea0 F79A     		.short	-25865
 6033 2ea2 EEF9     		.short	-1554
 6034 2ea4 18A1     		.short	-24296
 6035 2ea6 19A5     		.short	-23271
 6036 2ea8 5CB0     		.short	-20388
 6037 2eaa 6511     		.short	4453
 6038 2eac 0183     		.short	-31999
 6039 2eae 0060     		.short	24576
 6040 2eb0 1143     		.short	17169
 6041 2eb2 43EC     		.short	-5053
 6042 2eb4 6DB3     		.short	-19603
 6043 2eb6 9E36     		.short	13982
 6044 2eb8 7C50     		.short	20604
 6045 2eba 7BEE     		.short	-4485
 6046 2ebc FFDD     		.short	-8705
 6047 2ebe FF9C     		.short	-25345
 6048 2ec0 FEF7     		.short	-2050
 6049 2ec2 FF37     		.short	14335
 6050 2ec4 FEF6     		.short	-2306
 6051 2ec6 FF58     		.short	22783
 6052 2ec8 F718     		.short	6391
ARM GAS  /tmp/ccXeXMPx.s 			page 107


 6053 2eca 6AE8     		.short	-6038
 6054 2ecc BCCE     		.short	-12612
 6055 2ece C4AD     		.short	-21052
 6056 2ed0 B4CB     		.short	-13388
 6057 2ed2 B46C     		.short	27828
 6058 2ed4 EDD0     		.short	-12051
 6059 2ed6 FF94     		.short	-27393
 6060 2ed8 E673     		.short	29670
 6061 2eda 9BC9     		.short	-13925
 6062 2edc D672     		.short	29398
 6063 2ede 69A4     		.short	-23447
 6064 2ee0 A084     		.short	-31584
 6065 2ee2 98C4     		.short	-15208
 6066 2ee4 A0C4     		.short	-15200
 6067 2ee6 A044     		.short	17568
 6068 2ee8 88A4     		.short	-23416
 6069 2eea 7A89     		.short	-30342
 6070 2eec CE16     		.short	5838
 6071 2eee ACD2     		.short	-11604
 6072 2ef0 73CD     		.short	-12941
 6073 2ef2 6125     		.short	9569
 6074 2ef4 A988     		.short	-30551
 6075 2ef6 9967     		.short	26521
 6076 2ef8 8269     		.short	27010
 6077 2efa 7B4C     		.short	19579
 6078 2efc B535     		.short	13749
 6079 2efe 0000     		.short	0
 6080 2f00 0021     		.short	8448
 6081 2f02 FFFF     		.short	-1
 6082 2f04 FFFF     		.short	-1
 6083 2f06 FFFF     		.short	-1
 6084 2f08 FFFE     		.short	-257
 6085 2f0a FFFE     		.short	-257
 6086 2f0c FFFF     		.short	-1
 6087 2f0e FFDE     		.short	-8449
 6088 2f10 FFBE     		.short	-16641
 6089 2f12 A470     		.short	28836
 6090 2f14 A40D     		.short	3492
 6091 2f16 AC6C     		.short	27820
 6092 2f18 51E4     		.short	-7087
 6093 2f1a 6ACA     		.short	-13718
 6094 2f1c 49A4     		.short	-23479
 6095 2f1e CD8F     		.short	-28723
 6096 2f20 DE53     		.short	21470
 6097 2f22 8B89     		.short	-30325
 6098 2f24 C50C     		.short	3269
 6099 2f26 FF14     		.short	5375
 6100 2f28 CD91     		.short	-28211
 6101 2f2a AC8D     		.short	-29268
 6102 2f2c 7AE6     		.short	-6534
 6103 2f2e CCF0     		.short	-3892
 6104 2f30 7B29     		.short	10619
 6105 2f32 8BAC     		.short	-21365
 6106 2f34 6A47     		.short	18282
 6107 2f36 938B     		.short	-29805
 6108 2f38 AC6D     		.short	28076
 6109 2f3a BCCE     		.short	-12612
ARM GAS  /tmp/ccXeXMPx.s 			page 108


 6110 2f3c AC4D     		.short	19884
 6111 2f3e 8B4A     		.short	19083
 6112 2f40 E50F     		.short	4069
 6113 2f42 BC6E     		.short	28348
 6114 2f44 6268     		.short	26722
 6115 2f46 6B4A     		.short	19051
 6116 2f48 FF99     		.short	-26113
 6117 2f4a FF57     		.short	22527
 6118 2f4c 93CB     		.short	-13421
 6119 2f4e 3903     		.short	825
 6120 2f50 0000     		.short	0
 6121 2f52 5A28     		.short	10330
 6122 2f54 28E4     		.short	-7128
 6123 2f56 0021     		.short	8448
 6124 2f58 0061     		.short	24832
 6125 2f5a 1062     		.short	25104
 6126 2f5c 0021     		.short	8448
 6127 2f5e 0081     		.short	-32512
 6128 2f60 0080     		.short	-32768
 6129 2f62 0020     		.short	8192
 6130 2f64 0862     		.short	25096
 6131 2f66 7C10     		.short	4220
 6132 2f68 8C92     		.short	-28020
 6133 2f6a 29A6     		.short	-22999
 6134 2f6c 0000     		.short	0
 6135 2f6e 0800     		.short	8
 6136 2f70 1880     		.short	-32744
 6137 2f72 2923     		.short	9001
 6138 2f74 2903     		.short	809
 6139 2f76 ACF1     		.short	-3668
 6140 2f78 F6B7     		.short	-18442
 6141 2f7a FEF6     		.short	-2306
 6142 2f7c FF57     		.short	22527
 6143 2f7e FF78     		.short	30975
 6144 2f80 FF17     		.short	6143
 6145 2f82 FF17     		.short	6143
 6146 2f84 FF57     		.short	22527
 6147 2f86 FF37     		.short	14335
 6148 2f88 FF37     		.short	14335
 6149 2f8a FF58     		.short	22783
 6150 2f8c FF37     		.short	14335
 6151 2f8e FF17     		.short	6143
 6152 2f90 FF58     		.short	22783
 6153 2f92 FF37     		.short	14335
 6154 2f94 FF37     		.short	14335
 6155 2f96 FF17     		.short	6143
 6156 2f98 FF17     		.short	6143
 6157 2f9a FEF7     		.short	-2050
 6158 2f9c FF17     		.short	6143
 6159 2f9e FF17     		.short	6143
 6160 2fa0 F739     		.short	14839
 6161 2fa2 FFDC     		.short	-8961
 6162 2fa4 39A5     		.short	-23239
 6163 2fa6 0903     		.short	777
 6164 2fa8 546F     		.short	28500
 6165 2faa 7E14     		.short	5246
 6166 2fac 43AB     		.short	-21693
ARM GAS  /tmp/ccXeXMPx.s 			page 109


 6167 2fae 0901     		.short	265
 6168 2fb0 2206     		.short	1570
 6169 2fb2 5CCF     		.short	-12452
 6170 2fb4 5D51     		.short	20829
 6171 2fb6 6CF0     		.short	-3988
 6172 2fb8 2164     		.short	25633
 6173 2fba 2122     		.short	8737
 6174 2fbc FFDC     		.short	-8961
 6175 2fbe FF9C     		.short	-25345
 6176 2fc0 FEF6     		.short	-2306
 6177 2fc2 FEF5     		.short	-2562
 6178 2fc4 FF36     		.short	14079
 6179 2fc6 FF17     		.short	6143
 6180 2fc8 E6D7     		.short	-10266
 6181 2fca 7308     		.short	2163
 6182 2fcc B4AD     		.short	-21068
 6183 2fce CCCD     		.short	-12852
 6184 2fd0 BCEC     		.short	-4932
 6185 2fd2 B44C     		.short	19636
 6186 2fd4 F5F0     		.short	-3851
 6187 2fd6 F773     		.short	29687
 6188 2fd8 F6F5     		.short	-2570
 6189 2fda 93A9     		.short	-22125
 6190 2fdc D673     		.short	29654
 6191 2fde 69E5     		.short	-6807
 6192 2fe0 A063     		.short	25504
 6193 2fe2 90C3     		.short	-15472
 6194 2fe4 A0E4     		.short	-7008
 6195 2fe6 B0A5     		.short	-23120
 6196 2fe8 7863     		.short	25464
 6197 2fea B512     		.short	4789
 6198 2fec B5F6     		.short	-2379
 6199 2fee AC31     		.short	12716
 6200 2ff0 63AC     		.short	-21405
 6201 2ff2 8967     		.short	26505
 6202 2ff4 A0C6     		.short	-14688
 6203 2ff6 99C8     		.short	-14183
 6204 2ff8 7A28     		.short	10362
 6205 2ffa 7B8D     		.short	-29317
 6206 2ffc A514     		.short	5285
 6207 2ffe 1001     		.short	272
 6208 3000 0000     		.short	0
 6209 3002 FFFF     		.short	-1
 6210 3004 FFFF     		.short	-1
 6211 3006 FFFF     		.short	-1
 6212 3008 FFFF     		.short	-1
 6213 300a FFFF     		.short	-1
 6214 300c FFFF     		.short	-1
 6215 300e FFFF     		.short	-1
 6216 3010 FFFF     		.short	-1
 6217 3012 AD54     		.short	21677
 6218 3014 83AB     		.short	-21629
 6219 3016 C50E     		.short	3781
 6220 3018 9368     		.short	26771
 6221 301a 4122     		.short	8769
 6222 301c 5206     		.short	1618
 6223 301e B551     		.short	20917
ARM GAS  /tmp/ccXeXMPx.s 			page 110


 6224 3020 E692     		.short	-27930
 6225 3022 8368     		.short	26755
 6226 3024 BD0F     		.short	4029
 6227 3026 FF14     		.short	5375
 6228 3028 E630     		.short	12518
 6229 302a B46C     		.short	27828
 6230 302c 9BCB     		.short	-13413
 6231 302e 9BCC     		.short	-13157
 6232 3030 93CE     		.short	-12653
 6233 3032 6AC4     		.short	-15254
 6234 3034 8BCB     		.short	-13429
 6235 3036 72CB     		.short	-13454
 6236 3038 C4CE     		.short	-12604
 6237 303a C4CC     		.short	-13116
 6238 303c B42C     		.short	11444
 6239 303e 8B29     		.short	10635
 6240 3040 F50F     		.short	4085
 6241 3042 D4EF     		.short	-4140
 6242 3044 7B29     		.short	10619
 6243 3046 49E5     		.short	-6839
 6244 3048 ACD2     		.short	-11604
 6245 304a 5249     		.short	18770
 6246 304c 0820     		.short	8200
 6247 304e 0020     		.short	8192
 6248 3050 0000     		.short	0
 6249 3052 0040     		.short	16384
 6250 3054 1943     		.short	17177
 6251 3056 00C1     		.short	-16128
 6252 3058 08A1     		.short	-24312
 6253 305a 0060     		.short	24576
 6254 305c 00C1     		.short	-16128
 6255 305e 00E1     		.short	-7936
 6256 3060 00C1     		.short	-16128
 6257 3062 08C1     		.short	-16120
 6258 3064 0020     		.short	8192
 6259 3066 31C7     		.short	-14543
 6260 3068 C659     		.short	22982
 6261 306a BE38     		.short	14526
 6262 306c 4AAA     		.short	-21942
 6263 306e 0041     		.short	16640
 6264 3070 4986     		.short	-31159
 6265 3072 C554     		.short	21701
 6266 3074 C594     		.short	-27451
 6267 3076 8BEC     		.short	-4981
 6268 3078 B530     		.short	12469
 6269 307a F6F7     		.short	-2058
 6270 307c FF17     		.short	6143
 6271 307e FF38     		.short	14591
 6272 3080 FF37     		.short	14335
 6273 3082 FF37     		.short	14335
 6274 3084 FF37     		.short	14335
 6275 3086 FF37     		.short	14335
 6276 3088 FF37     		.short	14335
 6277 308a FF37     		.short	14335
 6278 308c FF37     		.short	14335
 6279 308e FF37     		.short	14335
 6280 3090 FF37     		.short	14335
ARM GAS  /tmp/ccXeXMPx.s 			page 111


 6281 3092 FF37     		.short	14335
 6282 3094 FF37     		.short	14335
 6283 3096 FF37     		.short	14335
 6284 3098 FF37     		.short	14335
 6285 309a FF37     		.short	14335
 6286 309c FF37     		.short	14335
 6287 309e FF37     		.short	14335
 6288 30a0 F738     		.short	14583
 6289 30a2 FFBB     		.short	-17409
 6290 30a4 8C6F     		.short	28556
 6291 30a6 0060     		.short	24576
 6292 30a8 3AEB     		.short	-5318
 6293 30aa 6D32     		.short	12909
 6294 30ac 6572     		.short	29285
 6295 30ae 4CEF     		.short	-4276
 6296 30b0 4D71     		.short	29005
 6297 30b2 4CF0     		.short	-4020
 6298 30b4 6D74     		.short	29805
 6299 30b6 6CB1     		.short	-20116
 6300 30b8 08E2     		.short	-7672
 6301 30ba 5AC9     		.short	-13990
 6302 30bc FFDB     		.short	-9217
 6303 30be FF38     		.short	14591
 6304 30c0 FF38     		.short	14591
 6305 30c2 FF17     		.short	6143
 6306 30c4 FF37     		.short	14335
 6307 30c6 FF38     		.short	14591
 6308 30c8 E696     		.short	-26906
 6309 30ca 7308     		.short	2163
 6310 30cc BCAE     		.short	-20804
 6311 30ce CCED     		.short	-4660
 6312 30d0 CCEC     		.short	-4916
 6313 30d2 B44B     		.short	19380
 6314 30d4 E612     		.short	4838
 6315 30d6 FF54     		.short	21759
 6316 30d8 FF53     		.short	21503
 6317 30da 9C2A     		.short	10908
 6318 30dc D5B3     		.short	-19499
 6319 30de 7AC8     		.short	-14214
 6320 30e0 8862     		.short	25224
 6321 30e2 98E4     		.short	-7016
 6322 30e4 A884     		.short	-31576
 6323 30e6 90A4     		.short	-23408
 6324 30e8 6A47     		.short	18282
 6325 30ea D6B9     		.short	-17962
 6326 30ec ACD3     		.short	-11348
 6327 30ee 6B6D     		.short	28011
 6328 30f0 A32B     		.short	11171
 6329 30f2 9125     		.short	9617
 6330 30f4 A0E6     		.short	-6496
 6331 30f6 9187     		.short	-30831
 6332 30f8 6A28     		.short	10346
 6333 30fa 7B6D     		.short	28027
 6334 30fc ACF4     		.short	-2900
 6335 30fe 0000     		.short	0
 6336 3100 0000     		.short	0
 6337 3102 FFFF     		.short	-1
ARM GAS  /tmp/ccXeXMPx.s 			page 112


 6338 3104 FFFF     		.short	-1
 6339 3106 FFFF     		.short	-1
 6340 3108 FFFF     		.short	-1
 6341 310a FFFF     		.short	-1
 6342 310c FFFF     		.short	-1
 6343 310e FFFF     		.short	-1
 6344 3110 F77E     		.short	32503
 6345 3112 E6FB     		.short	-1050
 6346 3114 7329     		.short	10611
 6347 3116 C50E     		.short	3781
 6348 3118 A40B     		.short	2980
 6349 311a 6A67     		.short	26474
 6350 311c 3922     		.short	8761
 6351 311e BD50     		.short	20669
 6352 3120 E6B2     		.short	-19738
 6353 3122 8348     		.short	18563
 6354 3124 BCEE     		.short	-4420
 6355 3126 FEF3     		.short	-3074
 6356 3128 F6B2     		.short	-19722
 6357 312a BCED     		.short	-4676
 6358 312c B46E     		.short	28340
 6359 312e 8B69     		.short	27019
 6360 3130 9BED     		.short	-4709
 6361 3132 51E3     		.short	-7343
 6362 3134 93EC     		.short	-4973
 6363 3136 72CA     		.short	-13710
 6364 3138 AC2D     		.short	11692
 6365 313a C4AC     		.short	-21308
 6366 313c BCCE     		.short	-12612
 6367 313e 7AC8     		.short	-14214
 6368 3140 CC2D     		.short	11724
 6369 3142 FE76     		.short	30462
 6370 3144 BD52     		.short	21181
 6371 3146 20E2     		.short	-7648
 6372 3148 0000     		.short	0
 6373 314a 0800     		.short	8
 6374 314c 0000     		.short	0
 6375 314e 4289     		.short	-30398
 6376 3150 0820     		.short	8200
 6377 3152 0060     		.short	24576
 6378 3154 08E2     		.short	-7672
 6379 3156 0080     		.short	-32768
 6380 3158 08A1     		.short	-24312
 6381 315a 08A1     		.short	-24312
 6382 315c 00C1     		.short	-16128
 6383 315e 00C1     		.short	-16128
 6384 3160 00A1     		.short	-24320
 6385 3162 1123     		.short	8977
 6386 3164 1124     		.short	9233
 6387 3166 0000     		.short	0
 6388 3168 740F     		.short	3956
 6389 316a DF5C     		.short	23775
 6390 316c BE38     		.short	14526
 6391 316e 8C91     		.short	-28276
 6392 3170 30A2     		.short	-24016
 6393 3172 51C6     		.short	-14767
 6394 3174 BD52     		.short	21181
ARM GAS  /tmp/ccXeXMPx.s 			page 113


 6395 3176 FFBA     		.short	-17665
 6396 3178 FF58     		.short	22783
 6397 317a F717     		.short	6135
 6398 317c FF79     		.short	31231
 6399 317e F6D6     		.short	-10506
 6400 3180 FF37     		.short	14335
 6401 3182 FF37     		.short	14335
 6402 3184 FF37     		.short	14335
 6403 3186 FF37     		.short	14335
 6404 3188 FF37     		.short	14335
 6405 318a FF37     		.short	14335
 6406 318c FF37     		.short	14335
 6407 318e FF37     		.short	14335
 6408 3190 FF37     		.short	14335
 6409 3192 FF37     		.short	14335
 6410 3194 FF37     		.short	14335
 6411 3196 FF37     		.short	14335
 6412 3198 FF37     		.short	14335
 6413 319a FF37     		.short	14335
 6414 319c FF37     		.short	14335
 6415 319e FF37     		.short	14335
 6416 31a0 F717     		.short	6135
 6417 31a2 FFBA     		.short	-17665
 6418 31a4 CE56     		.short	22222
 6419 31a6 0060     		.short	24576
 6420 31a8 1985     		.short	-31463
 6421 31aa 5C4F     		.short	20316
 6422 31ac 7572     		.short	29301
 6423 31ae 6D72     		.short	29293
 6424 31b0 6551     		.short	20837
 6425 31b2 75B3     		.short	-19595
 6426 31b4 7D53     		.short	21373
 6427 31b6 430B     		.short	2883
 6428 31b8 0040     		.short	16384
 6429 31ba 6309     		.short	2403
 6430 31bc FF59     		.short	23039
 6431 31be FF38     		.short	14591
 6432 31c0 FF38     		.short	14591
 6433 31c2 FF17     		.short	6143
 6434 31c4 FF17     		.short	6143
 6435 31c6 FF38     		.short	14591
 6436 31c8 E697     		.short	-26650
 6437 31ca 7308     		.short	2163
 6438 31cc BCCE     		.short	-12612
 6439 31ce CCED     		.short	-4660
 6440 31d0 D56E     		.short	28373
 6441 31d2 B44C     		.short	19636
 6442 31d4 D5B1     		.short	-20011
 6443 31d6 FF54     		.short	21759
 6444 31d8 FF74     		.short	29951
 6445 31da A44B     		.short	19364
 6446 31dc CD92     		.short	-27955
 6447 31de 8B4A     		.short	19083
 6448 31e0 8862     		.short	25224
 6449 31e2 A0E5     		.short	-6752
 6450 31e4 A8C5     		.short	-14936
 6451 31e6 7062     		.short	25200
ARM GAS  /tmp/ccXeXMPx.s 			page 114


 6452 31e8 AC90     		.short	-28500
 6453 31ea D6B9     		.short	-17962
 6454 31ec 7B6D     		.short	28027
 6455 31ee 8C51     		.short	20876
 6456 31f0 89E7     		.short	-6263
 6457 31f2 90E5     		.short	-6768
 6458 31f4 A906     		.short	1705
 6459 31f6 8987     		.short	-30839
 6460 31f8 7249     		.short	18802
 6461 31fa 838D     		.short	-29309
 6462 31fc A4F4     		.short	-2908
 6463 31fe 0000     		.short	0
 6464 3200 0000     		.short	0
 6465 3202 FFFF     		.short	-1
 6466 3204 FFFF     		.short	-1
 6467 3206 FFFF     		.short	-1
 6468 3208 FFFF     		.short	-1
 6469 320a FFFF     		.short	-1
 6470 320c FFFF     		.short	-1
 6471 320e FFFF     		.short	-1
 6472 3210 FFFF     		.short	-1
 6473 3212 E6FC     		.short	-794
 6474 3214 62A8     		.short	-22430
 6475 3216 BD0F     		.short	4029
 6476 3218 B48D     		.short	-29260
 6477 321a 9BAC     		.short	-21349
 6478 321c 51C4     		.short	-15279
 6479 321e C52F     		.short	12229
 6480 3220 E6B2     		.short	-19738
 6481 3222 7B27     		.short	10107
 6482 3224 B4CE     		.short	-12620
 6483 3226 F6B3     		.short	-19466
 6484 3228 FF13     		.short	5119
 6485 322a C50E     		.short	3781
 6486 322c CD71     		.short	29133
 6487 322e 9389     		.short	-30317
 6488 3230 9C0D     		.short	3484
 6489 3232 4163     		.short	25409
 6490 3234 7B49     		.short	18811
 6491 3236 9C0D     		.short	3484
 6492 3238 82C9     		.short	-13950
 6493 323a C4AD     		.short	-21052
 6494 323c C4ED     		.short	-4668
 6495 323e 72A8     		.short	-22414
 6496 3240 C44E     		.short	20164
 6497 3242 E5D4     		.short	-11035
 6498 3244 ACD1     		.short	-11860
 6499 3246 0020     		.short	8192
 6500 3248 0041     		.short	16640
 6501 324a 18E4     		.short	-7144
 6502 324c 8C92     		.short	-28020
 6503 324e 8CB2     		.short	-19828
 6504 3250 0000     		.short	0
 6505 3252 0881     		.short	-32504
 6506 3254 00E1     		.short	-7936
 6507 3256 0080     		.short	-32768
 6508 3258 00A1     		.short	-24320
ARM GAS  /tmp/ccXeXMPx.s 			page 115


 6509 325a 08C2     		.short	-15864
 6510 325c 00C1     		.short	-16128
 6511 325e 0102     		.short	513
 6512 3260 0902     		.short	521
 6513 3262 00C2     		.short	-15872
 6514 3264 1123     		.short	8977
 6515 3266 0040     		.short	16384
 6516 3268 4A89     		.short	-30390
 6517 326a F7BD     		.short	-16905
 6518 326c F79C     		.short	-25353
 6519 326e E73A     		.short	15079
 6520 3270 D5D5     		.short	-10795
 6521 3272 940D     		.short	3476
 6522 3274 7308     		.short	2163
 6523 3276 A48D     		.short	-29276
 6524 3278 F6F6     		.short	-2314
 6525 327a FF79     		.short	31231
 6526 327c FEF7     		.short	-2050
 6527 327e FF38     		.short	14591
 6528 3280 FF37     		.short	14335
 6529 3282 FF37     		.short	14335
 6530 3284 FF37     		.short	14335
 6531 3286 FF37     		.short	14335
 6532 3288 FF37     		.short	14335
 6533 328a FF37     		.short	14335
 6534 328c FF37     		.short	14335
 6535 328e FF37     		.short	14335
 6536 3290 FF37     		.short	14335
 6537 3292 FF37     		.short	14335
 6538 3294 FF37     		.short	14335
 6539 3296 FF37     		.short	14335
 6540 3298 FF37     		.short	14335
 6541 329a FF37     		.short	14335
 6542 329c FF37     		.short	14335
 6543 329e FF37     		.short	14335
 6544 32a0 FF37     		.short	14335
 6545 32a2 FF58     		.short	22783
 6546 32a4 FFDC     		.short	-8961
 6547 32a6 7BAD     		.short	-21125
 6548 32a8 0020     		.short	8192
 6549 32aa 3268     		.short	26674
 6550 32ac 5C2E     		.short	11868
 6551 32ae 6CAF     		.short	-20628
 6552 32b0 648E     		.short	-29084
 6553 32b2 5C0C     		.short	3164
 6554 32b4 3287     		.short	-30926
 6555 32b6 10E1     		.short	-7920
 6556 32b8 31A4     		.short	-23503
 6557 32ba BD72     		.short	29373
 6558 32bc FF9A     		.short	-25857
 6559 32be F6D6     		.short	-10506
 6560 32c0 FF38     		.short	14591
 6561 32c2 FF17     		.short	6143
 6562 32c4 FF17     		.short	6143
 6563 32c6 FF38     		.short	14591
 6564 32c8 E697     		.short	-26650
 6565 32ca 7B29     		.short	10619
ARM GAS  /tmp/ccXeXMPx.s 			page 116


 6566 32cc BCCE     		.short	-12612
 6567 32ce CCED     		.short	-4660
 6568 32d0 E5F0     		.short	-3867
 6569 32d2 B46C     		.short	27828
 6570 32d4 C54F     		.short	20421
 6571 32d6 FF54     		.short	21759
 6572 32d8 FF94     		.short	-27393
 6573 32da ACCC     		.short	-13140
 6574 32dc C531     		.short	12741
 6575 32de A40D     		.short	3492
 6576 32e0 7841     		.short	16760
 6577 32e2 B8C6     		.short	-14664
 6578 32e4 9063     		.short	25488
 6579 32e6 69A5     		.short	-23191
 6580 32e8 EF1A     		.short	6895
 6581 32ea B594     		.short	-27467
 6582 32ec 6B4C     		.short	19563
 6583 32ee A492     		.short	-27996
 6584 32f0 78A3     		.short	-23688
 6585 32f2 98A4     		.short	-23400
 6586 32f4 A926     		.short	9897
 6587 32f6 8966     		.short	26249
 6588 32f8 7269     		.short	26994
 6589 32fa 838D     		.short	-29309
 6590 32fc A4D3     		.short	-11356
 6591 32fe 0000     		.short	0
 6592 3300 0000     		.short	0
 6593 3302 FFFF     		.short	-1
 6594 3304 FFFF     		.short	-1
 6595 3306 FFFF     		.short	-1
 6596 3308 FFFF     		.short	-1
 6597 330a FFFF     		.short	-1
 6598 330c FFFF     		.short	-1
 6599 330e FFFF     		.short	-1
 6600 3310 FFDF     		.short	-8193
 6601 3312 FFFF     		.short	-1
 6602 3314 9CB1     		.short	-20068
 6603 3316 9C2C     		.short	11420
 6604 3318 C510     		.short	4293
 6605 331a A42E     		.short	11940
 6606 331c 6225     		.short	9570
 6607 331e CD2E     		.short	11981
 6608 3320 EED3     		.short	-11282
 6609 3322 8348     		.short	18563
 6610 3324 B4CE     		.short	-12620
 6611 3326 E651     		.short	20966
 6612 3328 FF54     		.short	21759
 6613 332a C50D     		.short	3525
 6614 332c E633     		.short	13286
 6615 332e B4CD     		.short	-12876
 6616 3330 8B8A     		.short	-30069
 6617 3332 51E6     		.short	-6575
 6618 3334 6287     		.short	-30878
 6619 3336 BD30     		.short	12477
 6620 3338 6A47     		.short	18282
 6621 333a AC2C     		.short	11436
 6622 333c CD4F     		.short	20429
ARM GAS  /tmp/ccXeXMPx.s 			page 117


 6623 333e 72C9     		.short	-13966
 6624 3340 B42E     		.short	11956
 6625 3342 B4B1     		.short	-20044
 6626 3344 28C2     		.short	-15832
 6627 3346 0021     		.short	8448
 6628 3348 0000     		.short	0
 6629 334a 7431     		.short	12660
 6630 334c DF7E     		.short	32479
 6631 334e 638E     		.short	-29085
 6632 3350 0000     		.short	0
 6633 3352 08C2     		.short	-15864
 6634 3354 0102     		.short	513
 6635 3356 0102     		.short	513
 6636 3358 00E1     		.short	-7936
 6637 335a 08C2     		.short	-15864
 6638 335c 08E2     		.short	-7672
 6639 335e 0902     		.short	521
 6640 3360 1143     		.short	17169
 6641 3362 1184     		.short	-31727
 6642 3364 0964     		.short	25609
 6643 3366 0902     		.short	521
 6644 3368 0060     		.short	24576
 6645 336a D678     		.short	30934
 6646 336c FFFD     		.short	-513
 6647 336e FFDC     		.short	-8961
 6648 3370 FF9A     		.short	-25857
 6649 3372 F738     		.short	14583
 6650 3374 E695     		.short	-27162
 6651 3376 E674     		.short	29926
 6652 3378 F6F6     		.short	-2314
 6653 337a FF38     		.short	14591
 6654 337c FF38     		.short	14591
 6655 337e FF38     		.short	14591
 6656 3380 FF37     		.short	14335
 6657 3382 FF37     		.short	14335
 6658 3384 FF37     		.short	14335
 6659 3386 FF37     		.short	14335
 6660 3388 FF37     		.short	14335
 6661 338a FF37     		.short	14335
 6662 338c FF37     		.short	14335
 6663 338e FF37     		.short	14335
 6664 3390 FF37     		.short	14335
 6665 3392 FF37     		.short	14335
 6666 3394 FF37     		.short	14335
 6667 3396 FF37     		.short	14335
 6668 3398 FF37     		.short	14335
 6669 339a FF37     		.short	14335
 6670 339c FF37     		.short	14335
 6671 339e FF37     		.short	14335
 6672 33a0 FF37     		.short	14335
 6673 33a2 FEF6     		.short	-2306
 6674 33a4 FF39     		.short	14847
 6675 33a6 CE15     		.short	5582
 6676 33a8 1080     		.short	-32752
 6677 33aa 0040     		.short	16384
 6678 33ac 1963     		.short	25369
 6679 33ae 2184     		.short	-31711
ARM GAS  /tmp/ccXeXMPx.s 			page 118


 6680 33b0 3A45     		.short	17722
 6681 33b2 4245     		.short	17730
 6682 33b4 6B6A     		.short	27243
 6683 33b6 B593     		.short	-27723
 6684 33b8 F739     		.short	14839
 6685 33ba FF9A     		.short	-25857
 6686 33bc FF17     		.short	6143
 6687 33be FF37     		.short	14335
 6688 33c0 FF38     		.short	14591
 6689 33c2 FF17     		.short	6143
 6690 33c4 FF17     		.short	6143
 6691 33c6 FF38     		.short	14591
 6692 33c8 DE76     		.short	30430
 6693 33ca 7308     		.short	2163
 6694 33cc BCCE     		.short	-12612
 6695 33ce CCED     		.short	-4660
 6696 33d0 EE31     		.short	12782
 6697 33d2 B46C     		.short	27828
 6698 33d4 C50E     		.short	3781
 6699 33d6 FF54     		.short	21759
 6700 33d8 FF94     		.short	-27393
 6701 33da BD4E     		.short	20157
 6702 33dc ACAE     		.short	-20820
 6703 33de AC8E     		.short	-29012
 6704 33e0 7062     		.short	25200
 6705 33e2 B8C6     		.short	-14664
 6706 33e4 7063     		.short	25456
 6707 33e6 9C90     		.short	-28516
 6708 33e8 F79C     		.short	-25353
 6709 33ea 7BCD     		.short	-12933
 6710 33ec 94D1     		.short	-11884
 6711 33ee 8B2C     		.short	11403
 6712 33f0 8863     		.short	25480
 6713 33f2 A8A5     		.short	-23128
 6714 33f4 B127     		.short	10161
 6715 33f6 8146     		.short	18049
 6716 33f8 6A48     		.short	18538
 6717 33fa 7B6D     		.short	28027
 6718 33fc A4D3     		.short	-11356
 6719 33fe 0000     		.short	0
 6720 3400 0000     		.short	0
 6721 3402 FFFF     		.short	-1
 6722 3404 FFFF     		.short	-1
 6723 3406 FFFF     		.short	-1
 6724 3408 FFFF     		.short	-1
 6725 340a FFFF     		.short	-1
 6726 340c FFFF     		.short	-1
 6727 340e FFFF     		.short	-1
 6728 3410 FFFF     		.short	-1
 6729 3412 FFFF     		.short	-1
 6730 3414 CE37     		.short	14286
 6731 3416 6AE8     		.short	-6038
 6732 3418 834A     		.short	19075
 6733 341a 93CD     		.short	-12909
 6734 341c 72A7     		.short	-22670
 6735 341e BCCC     		.short	-13124
 6736 3420 F714     		.short	5367
ARM GAS  /tmp/ccXeXMPx.s 			page 119


 6737 3422 8348     		.short	18563
 6738 3424 B4CF     		.short	-12364
 6739 3426 DE31     		.short	12766
 6740 3428 FF75     		.short	30207
 6741 342a BD2D     		.short	11709
 6742 342c EE73     		.short	29678
 6743 342e DE31     		.short	12766
 6744 3430 8B89     		.short	-30325
 6745 3432 72C9     		.short	-13966
 6746 3434 5A66     		.short	26202
 6747 3436 C591     		.short	-28219
 6748 3438 8B6A     		.short	27275
 6749 343a 82C7     		.short	-14462
 6750 343c CD4F     		.short	20429
 6751 343e 834A     		.short	19075
 6752 3440 9BAD     		.short	-21093
 6753 3442 7289     		.short	-30350
 6754 3444 0800     		.short	8
 6755 3446 0000     		.short	0
 6756 3448 4ACB     		.short	-13494
 6757 344a 6BF0     		.short	-3989
 6758 344c CEBB     		.short	-17458
 6759 344e 6BCF     		.short	-12437
 6760 3450 0000     		.short	0
 6761 3452 08C2     		.short	-15864
 6762 3454 0943     		.short	17161
 6763 3456 0984     		.short	-31735
 6764 3458 0943     		.short	17161
 6765 345a 00E2     		.short	-7680
 6766 345c 08E2     		.short	-7672
 6767 345e 00E2     		.short	-7680
 6768 3460 00E2     		.short	-7680
 6769 3462 2247     		.short	18210
 6770 3464 2267     		.short	26402
 6771 3466 3AC9     		.short	-14022
 6772 3468 0020     		.short	8192
 6773 346a 9490     		.short	-28524
 6774 346c FFFD     		.short	-513
 6775 346e FFFD     		.short	-513
 6776 3470 FFBA     		.short	-17665
 6777 3472 F737     		.short	14327
 6778 3474 FF98     		.short	-26369
 6779 3476 FFB9     		.short	-17921
 6780 3478 FF17     		.short	6143
 6781 347a FF37     		.short	14335
 6782 347c FF79     		.short	31231
 6783 347e FF18     		.short	6399
 6784 3480 FF37     		.short	14335
 6785 3482 FF37     		.short	14335
 6786 3484 FF37     		.short	14335
 6787 3486 FF37     		.short	14335
 6788 3488 FF37     		.short	14335
 6789 348a FF37     		.short	14335
 6790 348c FF37     		.short	14335
 6791 348e FF37     		.short	14335
 6792 3490 FF37     		.short	14335
 6793 3492 FF37     		.short	14335
ARM GAS  /tmp/ccXeXMPx.s 			page 120


 6794 3494 FF37     		.short	14335
 6795 3496 FF37     		.short	14335
 6796 3498 FF37     		.short	14335
 6797 349a FF37     		.short	14335
 6798 349c FF37     		.short	14335
 6799 349e FF37     		.short	14335
 6800 34a0 FEF5     		.short	-2562
 6801 34a2 FF58     		.short	22783
 6802 34a4 FF38     		.short	14591
 6803 34a6 FF59     		.short	23039
 6804 34a8 DE56     		.short	22238
 6805 34aa BD93     		.short	-27715
 6806 34ac C5D4     		.short	-11067
 6807 34ae CE36     		.short	14030
 6808 34b0 E6D7     		.short	-10266
 6809 34b2 FF79     		.short	31231
 6810 34b4 FFBB     		.short	-17409
 6811 34b6 FF38     		.short	14591
 6812 34b8 F717     		.short	6135
 6813 34ba FF38     		.short	14591
 6814 34bc FF37     		.short	14335
 6815 34be FF16     		.short	5887
 6816 34c0 FF38     		.short	14591
 6817 34c2 FF17     		.short	6143
 6818 34c4 FF37     		.short	14335
 6819 34c6 FF38     		.short	14591
 6820 34c8 D635     		.short	13782
 6821 34ca 72E8     		.short	-6030
 6822 34cc BCCE     		.short	-12612
 6823 34ce CD0D     		.short	3533
 6824 34d0 E631     		.short	12774
 6825 34d2 B46D     		.short	28084
 6826 34d4 BCEE     		.short	-4420
 6827 34d6 FF13     		.short	5119
 6828 34d8 FF53     		.short	21503
 6829 34da CDB0     		.short	-20275
 6830 34dc A44C     		.short	19620
 6831 34de B4EF     		.short	-4172
 6832 34e0 78C3     		.short	-15496
 6833 34e2 A064     		.short	25760
 6834 34e4 7986     		.short	-31111
 6835 34e6 DF5B     		.short	23519
 6836 34e8 CE78     		.short	30926
 6837 34ea 736C     		.short	27763
 6838 34ec BDF5     		.short	-2627
 6839 34ee 6925     		.short	9577
 6840 34f0 A0A4     		.short	-23392
 6841 34f2 B0A5     		.short	-23120
 6842 34f4 B106     		.short	1713
 6843 34f6 8166     		.short	26241
 6844 34f8 6A27     		.short	10090
 6845 34fa 7B4C     		.short	19579
 6846 34fc ACF4     		.short	-2900
 6847 34fe 0000     		.short	0
 6848 3500 0000     		.short	0
 6849 3502 FFFF     		.short	-1
 6850 3504 FFFF     		.short	-1
ARM GAS  /tmp/ccXeXMPx.s 			page 121


 6851 3506 FFFF     		.short	-1
 6852 3508 FFFF     		.short	-1
 6853 350a FFFF     		.short	-1
 6854 350c FFFF     		.short	-1
 6855 350e FFFF     		.short	-1
 6856 3510 FFFF     		.short	-1
 6857 3512 F7BF     		.short	-16393
 6858 3514 FFFF     		.short	-1
 6859 3516 C5D5     		.short	-10811
 6860 3518 6AC9     		.short	-13974
 6861 351a 6289     		.short	-30366
 6862 351c 51E5     		.short	-6831
 6863 351e BCED     		.short	-4676
 6864 3520 FF55     		.short	22015
 6865 3522 7B28     		.short	10363
 6866 3524 B4AF     		.short	-20556
 6867 3526 DE11     		.short	4574
 6868 3528 FF95     		.short	-27137
 6869 352a CDAF     		.short	-20531
 6870 352c DE31     		.short	12766
 6871 352e F6F3     		.short	-3082
 6872 3530 AC8C     		.short	-29524
 6873 3532 834A     		.short	19075
 6874 3534 3942     		.short	16953
 6875 3536 D612     		.short	4822
 6876 3538 C550     		.short	20677
 6877 353a 6A45     		.short	17770
 6878 353c 9C0B     		.short	2972
 6879 353e A48D     		.short	-29276
 6880 3540 832A     		.short	10883
 6881 3542 8B6C     		.short	27787
 6882 3544 1000     		.short	16
 6883 3546 0841     		.short	16648
 6884 3548 B618     		.short	6326
 6885 354a 7C71     		.short	29052
 6886 354c 9D55     		.short	21917
 6887 354e 9D14     		.short	5277
 6888 3550 0020     		.short	8192
 6889 3552 0903     		.short	777
 6890 3554 11C5     		.short	-15087
 6891 3556 1A26     		.short	9754
 6892 3558 19C5     		.short	-15079
 6893 355a 00C1     		.short	-16128
 6894 355c 00E2     		.short	-7680
 6895 355e 00E2     		.short	-7680
 6896 3560 00A1     		.short	-24320
 6897 3562 2247     		.short	18210
 6898 3564 332A     		.short	10803
 6899 3566 3AE9     		.short	-5830
 6900 3568 0040     		.short	16384
 6901 356a 5268     		.short	26706
 6902 356c F77C     		.short	31991
 6903 356e FFFD     		.short	-513
 6904 3570 FFBA     		.short	-17665
 6905 3572 FF79     		.short	31231
 6906 3574 F717     		.short	6135
 6907 3576 FF17     		.short	6143
ARM GAS  /tmp/ccXeXMPx.s 			page 122


 6908 3578 FF58     		.short	22783
 6909 357a FF17     		.short	6143
 6910 357c F6F7     		.short	-2058
 6911 357e FF59     		.short	23039
 6912 3580 FF37     		.short	14335
 6913 3582 FF37     		.short	14335
 6914 3584 FF37     		.short	14335
 6915 3586 FF37     		.short	14335
 6916 3588 FF37     		.short	14335
 6917 358a FF37     		.short	14335
 6918 358c FF37     		.short	14335
 6919 358e FF37     		.short	14335
 6920 3590 FF37     		.short	14335
 6921 3592 FF37     		.short	14335
 6922 3594 FF37     		.short	14335
 6923 3596 FF37     		.short	14335
 6924 3598 FF37     		.short	14335
 6925 359a FF37     		.short	14335
 6926 359c FF37     		.short	14335
 6927 359e FF37     		.short	14335
 6928 35a0 FF17     		.short	6143
 6929 35a2 FF57     		.short	22527
 6930 35a4 F6F7     		.short	-2058
 6931 35a6 FF18     		.short	6399
 6932 35a8 FF59     		.short	23039
 6933 35aa FFBB     		.short	-17409
 6934 35ac F6F8     		.short	-1802
 6935 35ae FF9A     		.short	-25857
 6936 35b0 FF79     		.short	31231
 6937 35b2 FF17     		.short	6143
 6938 35b4 FF17     		.short	6143
 6939 35b6 FF58     		.short	22783
 6940 35b8 FF79     		.short	31231
 6941 35ba FF37     		.short	14335
 6942 35bc FF37     		.short	14335
 6943 35be FEF6     		.short	-2306
 6944 35c0 FF38     		.short	14591
 6945 35c2 FF17     		.short	6143
 6946 35c4 FF37     		.short	14335
 6947 35c6 FF38     		.short	14591
 6948 35c8 D635     		.short	13782
 6949 35ca 72E8     		.short	-6030
 6950 35cc BCCE     		.short	-12612
 6951 35ce CCED     		.short	-4660
 6952 35d0 DE11     		.short	4574
 6953 35d2 AC4C     		.short	19628
 6954 35d4 BCEE     		.short	-4420
 6955 35d6 F6D2     		.short	-11530
 6956 35d8 FF53     		.short	21503
 6957 35da DE31     		.short	12766
 6958 35dc 940B     		.short	2964
 6959 35de B52F     		.short	12213
 6960 35e0 70C3     		.short	-15504
 6961 35e2 7863     		.short	25464
 6962 35e4 9BCE     		.short	-12645
 6963 35e6 F7FE     		.short	-265
 6964 35e8 B554     		.short	21685
ARM GAS  /tmp/ccXeXMPx.s 			page 123


 6965 35ea A512     		.short	4773
 6966 35ec BD32     		.short	12989
 6967 35ee 7062     		.short	25200
 6968 35f0 A0C5     		.short	-14944
 6969 35f2 B085     		.short	-31312
 6970 35f4 A926     		.short	9897
 6971 35f6 89A7     		.short	-22647
 6972 35f8 6A48     		.short	18538
 6973 35fa 834C     		.short	19587
 6974 35fc ACF4     		.short	-2900
 6975 35fe 0000     		.short	0
 6976 3600 0000     		.short	0
 6977 3602 FFFF     		.short	-1
 6978 3604 FFFF     		.short	-1
 6979 3606 FFFF     		.short	-1
 6980 3608 FFFF     		.short	-1
 6981 360a FFFF     		.short	-1
 6982 360c FFFF     		.short	-1
 6983 360e FFFF     		.short	-1
 6984 3610 FFDE     		.short	-8449
 6985 3612 F7FF     		.short	-9
 6986 3614 FFFF     		.short	-1
 6987 3616 FFFE     		.short	-257
 6988 3618 EF3C     		.short	15599
 6989 361a BDB7     		.short	-18499
 6990 361c 5A68     		.short	26714
 6991 361e ACCE     		.short	-12628
 6992 3620 FF55     		.short	22015
 6993 3622 6AC6     		.short	-14742
 6994 3624 AC8E     		.short	-29012
 6995 3626 DE11     		.short	4574
 6996 3628 FF75     		.short	30207
 6997 362a EE92     		.short	-27922
 6998 362c D610     		.short	4310
 6999 362e FF74     		.short	29951
 7000 3630 D5B0     		.short	-20267
 7001 3632 8BAA     		.short	-21877
 7002 3634 28A0     		.short	-24536
 7003 3636 B50E     		.short	3765
 7004 3638 F6B3     		.short	-19466
 7005 363a 9BCA     		.short	-13669
 7006 363c 7B09     		.short	2427
 7007 363e B50E     		.short	3765
 7008 3640 72A7     		.short	-22670
 7009 3642 BCB1     		.short	-20036
 7010 3644 51C6     		.short	-14767
 7011 3646 0000     		.short	0
 7012 3648 8492     		.short	-28028
 7013 364a B658     		.short	22710
 7014 364c DF1B     		.short	7135
 7015 364e C5F7     		.short	-2107
 7016 3650 0040     		.short	16384
 7017 3652 1984     		.short	-31719
 7018 3654 2287     		.short	-30942
 7019 3656 22C8     		.short	-14302
 7020 3658 32C9     		.short	-14030
 7021 365a 00C1     		.short	-16128
ARM GAS  /tmp/ccXeXMPx.s 			page 124


 7022 365c 00C1     		.short	-16128
 7023 365e 0902     		.short	521
 7024 3660 0080     		.short	-32768
 7025 3662 32C8     		.short	-14286
 7026 3664 64F0     		.short	-3996
 7027 3666 540E     		.short	3668
 7028 3668 4AEA     		.short	-5558
 7029 366a 8C50     		.short	20620
 7030 366c FFFF     		.short	-1
 7031 366e F7FE     		.short	-265
 7032 3670 FFFB     		.short	-1025
 7033 3672 F759     		.short	23031
 7034 3674 FF58     		.short	22783
 7035 3676 FF58     		.short	22783
 7036 3678 FF37     		.short	14335
 7037 367a FF58     		.short	22783
 7038 367c FF78     		.short	30975
 7039 367e F6F7     		.short	-2058
 7040 3680 FF37     		.short	14335
 7041 3682 FF37     		.short	14335
 7042 3684 FF37     		.short	14335
 7043 3686 FF37     		.short	14335
 7044 3688 FF37     		.short	14335
 7045 368a FF37     		.short	14335
 7046 368c FF37     		.short	14335
 7047 368e FF37     		.short	14335
 7048 3690 FF37     		.short	14335
 7049 3692 FF37     		.short	14335
 7050 3694 FF37     		.short	14335
 7051 3696 FF37     		.short	14335
 7052 3698 FF37     		.short	14335
 7053 369a FF37     		.short	14335
 7054 369c FF37     		.short	14335
 7055 369e FF37     		.short	14335
 7056 36a0 FF58     		.short	22783
 7057 36a2 FF37     		.short	14335
 7058 36a4 FF58     		.short	22783
 7059 36a6 FF78     		.short	30975
 7060 36a8 EEB5     		.short	-18962
 7061 36aa FF78     		.short	30975
 7062 36ac F6F7     		.short	-2058
 7063 36ae FF38     		.short	14591
 7064 36b0 FEF7     		.short	-2050
 7065 36b2 FF17     		.short	6143
 7066 36b4 FF58     		.short	22783
 7067 36b6 F6F6     		.short	-2314
 7068 36b8 F6F6     		.short	-2314
 7069 36ba FF17     		.short	6143
 7070 36bc FF38     		.short	14591
 7071 36be FF58     		.short	22783
 7072 36c0 FF38     		.short	14591
 7073 36c2 FF17     		.short	6143
 7074 36c4 FF37     		.short	14335
 7075 36c6 FF59     		.short	23039
 7076 36c8 DE55     		.short	21982
 7077 36ca 7B29     		.short	10619
 7078 36cc BCEE     		.short	-4420
ARM GAS  /tmp/ccXeXMPx.s 			page 125


 7079 36ce CCCD     		.short	-12852
 7080 36d0 DE11     		.short	4574
 7081 36d2 9BEB     		.short	-5221
 7082 36d4 B4AD     		.short	-21068
 7083 36d6 EE91     		.short	-28178
 7084 36d8 FF74     		.short	29951
 7085 36da E672     		.short	29414
 7086 36dc 93EA     		.short	-5485
 7087 36de BD70     		.short	28861
 7088 36e0 6082     		.short	-32160
 7089 36e2 71C7     		.short	-14479
 7090 36e4 CE57     		.short	22478
 7091 36e6 EFBD     		.short	-16913
 7092 36e8 BD34     		.short	13501
 7093 36ea DEB8     		.short	-18210
 7094 36ec 8B2B     		.short	11147
 7095 36ee 9884     		.short	-31592
 7096 36f0 98A4     		.short	-23400
 7097 36f2 A8A5     		.short	-23128
 7098 36f4 A926     		.short	9897
 7099 36f6 89A7     		.short	-22647
 7100 36f8 7248     		.short	18546
 7101 36fa 832C     		.short	11395
 7102 36fc ACD3     		.short	-11348
 7103 36fe 0000     		.short	0
 7104 3700 0000     		.short	0
 7105 3702 FFFF     		.short	-1
 7106 3704 FFFF     		.short	-1
 7107 3706 FFFF     		.short	-1
 7108 3708 FFFF     		.short	-1
 7109 370a FFFF     		.short	-1
 7110 370c FFFF     		.short	-1
 7111 370e FFFF     		.short	-1
 7112 3710 FFDE     		.short	-8449
 7113 3712 FFFF     		.short	-1
 7114 3714 F7FF     		.short	-9
 7115 3716 F7BE     		.short	-16649
 7116 3718 FFFF     		.short	-1
 7117 371a FFDF     		.short	-8193
 7118 371c A512     		.short	4773
 7119 371e A4AD     		.short	-21084
 7120 3720 F735     		.short	13815
 7121 3722 6264     		.short	25698
 7122 3724 A46E     		.short	28324
 7123 3726 D5F1     		.short	-3627
 7124 3728 FF34     		.short	13567
 7125 372a FF14     		.short	5375
 7126 372c D60F     		.short	4054
 7127 372e FFB4     		.short	-19201
 7128 3730 F693     		.short	-27658
 7129 3732 ACAC     		.short	-21332
 7130 3734 49A3     		.short	-23735
 7131 3736 6AC6     		.short	-14742
 7132 3738 FF54     		.short	21759
 7133 373a CD70     		.short	28877
 7134 373c 7B0A     		.short	2683
 7135 373e 83A7     		.short	-22653
ARM GAS  /tmp/ccXeXMPx.s 			page 126


 7136 3740 936A     		.short	27283
 7137 3742 A3ED     		.short	-4701
 7138 3744 B4D1     		.short	-11852
 7139 3746 2903     		.short	809
 7140 3748 0081     		.short	-32512
 7141 374a B637     		.short	14262
 7142 374c FFFF     		.short	-1
 7143 374e E6BA     		.short	-17690
 7144 3750 0881     		.short	-32504
 7145 3752 21E6     		.short	-6623
 7146 3754 2AC8     		.short	-14294
 7147 3756 3329     		.short	10547
 7148 3758 4BCC     		.short	-13237
 7149 375a 0943     		.short	17161
 7150 375c 00C1     		.short	-16128
 7151 375e 0902     		.short	521
 7152 3760 08C1     		.short	-16120
 7153 3762 11C4     		.short	-15343
 7154 3764 6D31     		.short	12653
 7155 3766 AED9     		.short	-9810
 7156 3768 DFBD     		.short	-16929
 7157 376a FFFF     		.short	-1
 7158 376c FFFF     		.short	-1
 7159 376e F7FF     		.short	-9
 7160 3770 FFBB     		.short	-17409
 7161 3772 F759     		.short	23031
 7162 3774 FF38     		.short	14591
 7163 3776 FF38     		.short	14591
 7164 3778 FEF7     		.short	-2050
 7165 377a FEF7     		.short	-2050
 7166 377c FF58     		.short	22783
 7167 377e FF58     		.short	22783
 7168 3780 FF37     		.short	14335
 7169 3782 FF37     		.short	14335
 7170 3784 FF37     		.short	14335
 7171 3786 FF37     		.short	14335
 7172 3788 FF37     		.short	14335
 7173 378a FF37     		.short	14335
 7174 378c FF37     		.short	14335
 7175 378e FF37     		.short	14335
 7176 3790 FF37     		.short	14335
 7177 3792 FF37     		.short	14335
 7178 3794 FF37     		.short	14335
 7179 3796 FF37     		.short	14335
 7180 3798 FF37     		.short	14335
 7181 379a FF37     		.short	14335
 7182 379c FF37     		.short	14335
 7183 379e FF37     		.short	14335
 7184 37a0 F717     		.short	6135
 7185 37a2 FF58     		.short	22783
 7186 37a4 FF78     		.short	30975
 7187 37a6 F716     		.short	5879
 7188 37a8 FFB8     		.short	-18177
 7189 37aa F6F5     		.short	-2570
 7190 37ac FF57     		.short	22527
 7191 37ae FF16     		.short	5887
 7192 37b0 FF37     		.short	14335
ARM GAS  /tmp/ccXeXMPx.s 			page 127


 7193 37b2 FF17     		.short	6143
 7194 37b4 FF57     		.short	22527
 7195 37b6 F6F6     		.short	-2314
 7196 37b8 FF57     		.short	22527
 7197 37ba FF37     		.short	14335
 7198 37bc F6D6     		.short	-10506
 7199 37be FF17     		.short	6143
 7200 37c0 FF38     		.short	14591
 7201 37c2 FF17     		.short	6143
 7202 37c4 FF17     		.short	6143
 7203 37c6 FF59     		.short	23039
 7204 37c8 DE76     		.short	30430
 7205 37ca 836A     		.short	27267
 7206 37cc C4EF     		.short	-4156
 7207 37ce C4CC     		.short	-13116
 7208 37d0 DE32     		.short	13022
 7209 37d2 93AA     		.short	-21869
 7210 37d4 AC6D     		.short	28076
 7211 37d6 EE71     		.short	29166
 7212 37d8 FF94     		.short	-27393
 7213 37da EEB3     		.short	-19474
 7214 37dc 8BEA     		.short	-5493
 7215 37de C5B1     		.short	-20027
 7216 37e0 5862     		.short	25176
 7217 37e2 93CE     		.short	-12653
 7218 37e4 EFFD     		.short	-529
 7219 37e6 E71B     		.short	7143
 7220 37e8 CD96     		.short	-26931
 7221 37ea EF1A     		.short	6895
 7222 37ec 6185     		.short	-31391
 7223 37ee A864     		.short	25768
 7224 37f0 98A4     		.short	-23400
 7225 37f2 A8E5     		.short	-6744
 7226 37f4 A946     		.short	18089
 7227 37f6 89A6     		.short	-22903
 7228 37f8 7228     		.short	10354
 7229 37fa 7AEB     		.short	-5254
 7230 37fc A4B2     		.short	-19804
 7231 37fe 0020     		.short	8192
 7232 3800 0000     		.short	0
 7233 3802 FFFF     		.short	-1
 7234 3804 FFFF     		.short	-1
 7235 3806 FFFF     		.short	-1
 7236 3808 FFFF     		.short	-1
 7237 380a FFFF     		.short	-1
 7238 380c FFFF     		.short	-1
 7239 380e FFFF     		.short	-1
 7240 3810 FFFF     		.short	-1
 7241 3812 FFDF     		.short	-8193
 7242 3814 FFFF     		.short	-1
 7243 3816 FFFF     		.short	-1
 7244 3818 F7FF     		.short	-9
 7245 381a FFFF     		.short	-1
 7246 381c AD12     		.short	4781
 7247 381e 9C2E     		.short	11932
 7248 3820 FF53     		.short	21503
 7249 3822 49E6     		.short	-6583
ARM GAS  /tmp/ccXeXMPx.s 			page 128


 7250 3824 B48D     		.short	-29260
 7251 3826 D54E     		.short	20181
 7252 3828 FF75     		.short	30207
 7253 382a FF52     		.short	21247
 7254 382c EE30     		.short	12526
 7255 382e FF74     		.short	29951
 7256 3830 F713     		.short	5111
 7257 3832 C550     		.short	20677
 7258 3834 7B09     		.short	2427
 7259 3836 A44D     		.short	19876
 7260 3838 ACCB     		.short	-13396
 7261 383a DE50     		.short	20702
 7262 383c B4CE     		.short	-12620
 7263 383e 5185     		.short	-31407
 7264 3840 836A     		.short	27267
 7265 3842 7AC8     		.short	-14214
 7266 3844 CD32     		.short	13005
 7267 3846 CD93     		.short	-27699
 7268 3848 3122     		.short	8753
 7269 384a 4226     		.short	9794
 7270 384c FFFF     		.short	-1
 7271 384e FFFF     		.short	-1
 7272 3850 4207     		.short	1858
 7273 3852 1102     		.short	529
 7274 3854 32E8     		.short	-6094
 7275 3856 2B49     		.short	18731
 7276 3858 6D91     		.short	-28307
 7277 385a 1AA7     		.short	-22758
 7278 385c 00A0     		.short	-24576
 7279 385e 1123     		.short	8977
 7280 3860 08E1     		.short	-7928
 7281 3862 1A05     		.short	1306
 7282 3864 6D51     		.short	20845
 7283 3866 A6F8     		.short	-1882
 7284 3868 F7FF     		.short	-9
 7285 386a FF9E     		.short	-24833
 7286 386c FFBF     		.short	-16385
 7287 386e FFDF     		.short	-8193
 7288 3870 FFB9     		.short	-17921
 7289 3872 FF78     		.short	30975
 7290 3874 F737     		.short	14327
 7291 3876 FF37     		.short	14335
 7292 3878 FF38     		.short	14591
 7293 387a FF17     		.short	6143
 7294 387c FF17     		.short	6143
 7295 387e FF17     		.short	6143
 7296 3880 FF37     		.short	14335
 7297 3882 FF37     		.short	14335
 7298 3884 FF37     		.short	14335
 7299 3886 FF37     		.short	14335
 7300 3888 FF37     		.short	14335
 7301 388a FF37     		.short	14335
 7302 388c FF37     		.short	14335
 7303 388e FF37     		.short	14335
 7304 3890 FF37     		.short	14335
 7305 3892 FF58     		.short	22783
 7306 3894 FF37     		.short	14335
ARM GAS  /tmp/ccXeXMPx.s 			page 129


 7307 3896 FF16     		.short	5887
 7308 3898 FF78     		.short	30975
 7309 389a FF37     		.short	14335
 7310 389c FF78     		.short	30975
 7311 389e F738     		.short	14583
 7312 38a0 FF37     		.short	14335
 7313 38a2 FF37     		.short	14335
 7314 38a4 FF37     		.short	14335
 7315 38a6 FF37     		.short	14335
 7316 38a8 FF37     		.short	14335
 7317 38aa FF37     		.short	14335
 7318 38ac FF37     		.short	14335
 7319 38ae FF37     		.short	14335
 7320 38b0 FF37     		.short	14335
 7321 38b2 FF37     		.short	14335
 7322 38b4 FF37     		.short	14335
 7323 38b6 FF37     		.short	14335
 7324 38b8 FF37     		.short	14335
 7325 38ba FF37     		.short	14335
 7326 38bc FF37     		.short	14335
 7327 38be FF37     		.short	14335
 7328 38c0 FF38     		.short	14591
 7329 38c2 FF37     		.short	14335
 7330 38c4 FF16     		.short	5887
 7331 38c6 FF79     		.short	31231
 7332 38c8 D635     		.short	13782
 7333 38ca A46E     		.short	28324
 7334 38cc B4AD     		.short	-21068
 7335 38ce CCCD     		.short	-12852
 7336 38d0 E6D1     		.short	-11802
 7337 38d2 8B6A     		.short	27275
 7338 38d4 BCCE     		.short	-12612
 7339 38d6 DDD0     		.short	-12067
 7340 38d8 FF74     		.short	29951
 7341 38da FF94     		.short	-27393
 7342 38dc 8BAB     		.short	-21621
 7343 38de C530     		.short	12485
 7344 38e0 3164     		.short	25649
 7345 38e2 DE99     		.short	-26146
 7346 38e4 F71B     		.short	7159
 7347 38e6 DF1A     		.short	6879
 7348 38e8 E7FC     		.short	-793
 7349 38ea C553     		.short	21445
 7350 38ec 7883     		.short	-31880
 7351 38ee 90C4     		.short	-15216
 7352 38f0 A084     		.short	-31584
 7353 38f2 A8C5     		.short	-14936
 7354 38f4 A946     		.short	18089
 7355 38f6 A1A8     		.short	-22367
 7356 38f8 9229     		.short	10642
 7357 38fa 82EB     		.short	-5246
 7358 38fc 9C71     		.short	29084
 7359 38fe 0000     		.short	0
 7360 3900 0000     		.short	0
 7361 3902 FFFF     		.short	-1
 7362 3904 FFFF     		.short	-1
 7363 3906 FFFF     		.short	-1
ARM GAS  /tmp/ccXeXMPx.s 			page 130


 7364 3908 FFFF     		.short	-1
 7365 390a FFFF     		.short	-1
 7366 390c FFFF     		.short	-1
 7367 390e FFFF     		.short	-1
 7368 3910 FFFF     		.short	-1
 7369 3912 FFDF     		.short	-8193
 7370 3914 FFFF     		.short	-1
 7371 3916 FFFF     		.short	-1
 7372 3918 F7FF     		.short	-9
 7373 391a FFFF     		.short	-1
 7374 391c AD33     		.short	13229
 7375 391e 9C2E     		.short	11932
 7376 3920 FF53     		.short	21503
 7377 3922 41A5     		.short	-23231
 7378 3924 AC6D     		.short	28076
 7379 3926 CD4E     		.short	20173
 7380 3928 FF75     		.short	30207
 7381 392a FF52     		.short	21247
 7382 392c F691     		.short	-28170
 7383 392e FF74     		.short	29951
 7384 3930 FFB5     		.short	-18945
 7385 3932 D5D1     		.short	-11819
 7386 3934 6AA7     		.short	-22678
 7387 3936 C530     		.short	12485
 7388 3938 EEB2     		.short	-19730
 7389 393a E691     		.short	-28186
 7390 393c C54F     		.short	20421
 7391 393e 7AC9     		.short	-13958
 7392 3940 72C8     		.short	-14222
 7393 3942 59C4     		.short	-15271
 7394 3944 B44E     		.short	20148
 7395 3946 EE56     		.short	22254
 7396 3948 D636     		.short	14038
 7397 394a 39E5     		.short	-6855
 7398 394c 94B0     		.short	-20332
 7399 394e FFFE     		.short	-257
 7400 3950 7BCE     		.short	-12677
 7401 3952 00A1     		.short	-24320
 7402 3954 2A87     		.short	-30934
 7403 3956 4C4D     		.short	19788
 7404 3958 6530     		.short	12389
 7405 395a 5C6E     		.short	28252
 7406 395c 1184     		.short	-31727
 7407 395e 0060     		.short	24576
 7408 3960 00A0     		.short	-24576
 7409 3962 32E8     		.short	-6094
 7410 3964 6D51     		.short	20845
 7411 3966 7DB4     		.short	-19331
 7412 3968 6C4F     		.short	20332
 7413 396a 39C7     		.short	-14535
 7414 396c A4F3     		.short	-3164
 7415 396e FFDE     		.short	-8449
 7416 3970 FFB9     		.short	-17921
 7417 3972 FF78     		.short	30975
 7418 3974 FF38     		.short	14591
 7419 3976 FF37     		.short	14335
 7420 3978 FF38     		.short	14591
ARM GAS  /tmp/ccXeXMPx.s 			page 131


 7421 397a FF17     		.short	6143
 7422 397c FF17     		.short	6143
 7423 397e FF17     		.short	6143
 7424 3980 FF37     		.short	14335
 7425 3982 FF37     		.short	14335
 7426 3984 FF37     		.short	14335
 7427 3986 FF37     		.short	14335
 7428 3988 FF37     		.short	14335
 7429 398a FF37     		.short	14335
 7430 398c FF37     		.short	14335
 7431 398e FF37     		.short	14335
 7432 3990 FF17     		.short	6143
 7433 3992 FF58     		.short	22783
 7434 3994 F6F6     		.short	-2314
 7435 3996 FF57     		.short	22527
 7436 3998 F6D5     		.short	-10762
 7437 399a FF78     		.short	30975
 7438 399c F6D6     		.short	-10506
 7439 399e FF58     		.short	22783
 7440 39a0 FF37     		.short	14335
 7441 39a2 FF37     		.short	14335
 7442 39a4 FF37     		.short	14335
 7443 39a6 FF37     		.short	14335
 7444 39a8 FF37     		.short	14335
 7445 39aa FF37     		.short	14335
 7446 39ac FF37     		.short	14335
 7447 39ae FF37     		.short	14335
 7448 39b0 FF37     		.short	14335
 7449 39b2 FF37     		.short	14335
 7450 39b4 FF37     		.short	14335
 7451 39b6 FF37     		.short	14335
 7452 39b8 FF37     		.short	14335
 7453 39ba FF37     		.short	14335
 7454 39bc FF37     		.short	14335
 7455 39be FF37     		.short	14335
 7456 39c0 FF38     		.short	14591
 7457 39c2 FF37     		.short	14335
 7458 39c4 FF37     		.short	14335
 7459 39c6 FF18     		.short	6399
 7460 39c8 D635     		.short	13782
 7461 39ca A46E     		.short	28324
 7462 39cc C4EF     		.short	-4156
 7463 39ce CCCD     		.short	-12852
 7464 39d0 F712     		.short	4855
 7465 39d2 93AB     		.short	-21613
 7466 39d4 B48D     		.short	-29260
 7467 39d6 D5B0     		.short	-20267
 7468 39d8 FF74     		.short	29951
 7469 39da FF95     		.short	-27137
 7470 39dc 8BAB     		.short	-21621
 7471 39de B4AF     		.short	-20556
 7472 39e0 736C     		.short	27763
 7473 39e2 F77C     		.short	31991
 7474 39e4 FF3C     		.short	15615
 7475 39e6 E73A     		.short	15079
 7476 39e8 E7DC     		.short	-8985
 7477 39ea AC4F     		.short	20396
ARM GAS  /tmp/ccXeXMPx.s 			page 132


 7478 39ec 8062     		.short	25216
 7479 39ee 98C4     		.short	-15208
 7480 39f0 A084     		.short	-31584
 7481 39f2 A0C5     		.short	-14944
 7482 39f4 A926     		.short	9897
 7483 39f6 A1C7     		.short	-14431
 7484 39f8 9249     		.short	18834
 7485 39fa 8AEC     		.short	-4982
 7486 39fc 9C51     		.short	20892
 7487 39fe 0000     		.short	0
 7488 3a00 0000     		.short	0
 7489 3a02 FFFF     		.short	-1
 7490 3a04 FFFF     		.short	-1
 7491 3a06 FFFF     		.short	-1
 7492 3a08 FFFF     		.short	-1
 7493 3a0a FFFF     		.short	-1
 7494 3a0c FFFF     		.short	-1
 7495 3a0e FFFF     		.short	-1
 7496 3a10 FFFF     		.short	-1
 7497 3a12 FFFF     		.short	-1
 7498 3a14 FFFF     		.short	-1
 7499 3a16 FFFF     		.short	-1
 7500 3a18 FFFF     		.short	-1
 7501 3a1a FFFF     		.short	-1
 7502 3a1c B553     		.short	21429
 7503 3a1e 9C0D     		.short	3484
 7504 3a20 FF54     		.short	21759
 7505 3a22 41A5     		.short	-23231
 7506 3a24 A42C     		.short	11428
 7507 3a26 CD2D     		.short	11725
 7508 3a28 FF75     		.short	30207
 7509 3a2a FF72     		.short	29439
 7510 3a2c FEF3     		.short	-3074
 7511 3a2e F754     		.short	21751
 7512 3a30 FF74     		.short	29951
 7513 3a32 EED4     		.short	-11026
 7514 3a34 72C7     		.short	-14478
 7515 3a36 BD2F     		.short	12221
 7516 3a38 FF95     		.short	-27137
 7517 3a3a F733     		.short	13303
 7518 3a3c E673     		.short	29670
 7519 3a3e 8349     		.short	18819
 7520 3a40 B4B0     		.short	-20300
 7521 3a42 7A67     		.short	26490
 7522 3a44 5943     		.short	17241
 7523 3a46 CD11     		.short	4557
 7524 3a48 FFBB     		.short	-17409
 7525 3a4a E6D7     		.short	-10266
 7526 3a4c 9CAF     		.short	-20580
 7527 3a4e F77A     		.short	31479
 7528 3a50 C638     		.short	14534
 7529 3a52 0040     		.short	16384
 7530 3a54 2247     		.short	18210
 7531 3a56 5CAF     		.short	-20644
 7532 3a58 6D72     		.short	29293
 7533 3a5a 6D31     		.short	12653
 7534 3a5c 3B29     		.short	10555
ARM GAS  /tmp/ccXeXMPx.s 			page 133


 7535 3a5e 0122     		.short	8705
 7536 3a60 09A4     		.short	-23543
 7537 3a62 4C4D     		.short	19788
 7538 3a64 6551     		.short	20837
 7539 3a66 6D52     		.short	21101
 7540 3a68 430A     		.short	2627
 7541 3a6a 0060     		.short	24576
 7542 3a6c 94D1     		.short	-11884
 7543 3a6e FFFE     		.short	-257
 7544 3a70 FF79     		.short	31231
 7545 3a72 FF58     		.short	22783
 7546 3a74 FF38     		.short	14591
 7547 3a76 FF37     		.short	14335
 7548 3a78 FF38     		.short	14591
 7549 3a7a FF37     		.short	14335
 7550 3a7c FF17     		.short	6143
 7551 3a7e FF17     		.short	6143
 7552 3a80 FF37     		.short	14335
 7553 3a82 FF37     		.short	14335
 7554 3a84 FF37     		.short	14335
 7555 3a86 FF37     		.short	14335
 7556 3a88 FF37     		.short	14335
 7557 3a8a FF37     		.short	14335
 7558 3a8c FF37     		.short	14335
 7559 3a8e FF37     		.short	14335
 7560 3a90 FF37     		.short	14335
 7561 3a92 FF37     		.short	14335
 7562 3a94 FF78     		.short	30975
 7563 3a96 FF58     		.short	22783
 7564 3a98 FF37     		.short	14335
 7565 3a9a FF38     		.short	14591
 7566 3a9c F6F6     		.short	-2314
 7567 3a9e FF38     		.short	14591
 7568 3aa0 FF37     		.short	14335
 7569 3aa2 FF37     		.short	14335
 7570 3aa4 FF37     		.short	14335
 7571 3aa6 FF37     		.short	14335
 7572 3aa8 FF37     		.short	14335
 7573 3aaa FF37     		.short	14335
 7574 3aac FF37     		.short	14335
 7575 3aae FF37     		.short	14335
 7576 3ab0 FF37     		.short	14335
 7577 3ab2 FF37     		.short	14335
 7578 3ab4 FF37     		.short	14335
 7579 3ab6 FF37     		.short	14335
 7580 3ab8 FF37     		.short	14335
 7581 3aba FF37     		.short	14335
 7582 3abc FF37     		.short	14335
 7583 3abe FF37     		.short	14335
 7584 3ac0 FF57     		.short	22527
 7585 3ac2 FF37     		.short	14335
 7586 3ac4 FF38     		.short	14591
 7587 3ac6 F718     		.short	6391
 7588 3ac8 CDF4     		.short	-2867
 7589 3aca ACCF     		.short	-12372
 7590 3acc C52F     		.short	12229
 7591 3ace C4CC     		.short	-13116
ARM GAS  /tmp/ccXeXMPx.s 			page 134


 7592 3ad0 F774     		.short	29943
 7593 3ad2 9BCC     		.short	-13157
 7594 3ad4 AC6C     		.short	27820
 7595 3ad6 CD6F     		.short	28621
 7596 3ad8 FF74     		.short	29951
 7597 3ada FFB5     		.short	-18945
 7598 3adc 93CC     		.short	-13165
 7599 3ade A44D     		.short	19876
 7600 3ae0 8C2F     		.short	12172
 7601 3ae2 EF5B     		.short	23535
 7602 3ae4 EEFA     		.short	-1298
 7603 3ae6 E73B     		.short	15335
 7604 3ae8 EFBC     		.short	-17169
 7605 3aea 932B     		.short	11155
 7606 3aec 8863     		.short	25480
 7607 3aee A0C4     		.short	-15200
 7608 3af0 A8A4     		.short	-23384
 7609 3af2 A0C5     		.short	-14944
 7610 3af4 A126     		.short	9889
 7611 3af6 A1C7     		.short	-14431
 7612 3af8 A26A     		.short	27298
 7613 3afa 930C     		.short	3219
 7614 3afc 9C31     		.short	12700
 7615 3afe 0000     		.short	0
 7616 3b00 0000     		.short	0
 7617 3b02 FFFF     		.short	-1
 7618 3b04 FFFF     		.short	-1
 7619 3b06 FFFF     		.short	-1
 7620 3b08 FFFF     		.short	-1
 7621 3b0a FFFF     		.short	-1
 7622 3b0c FFFF     		.short	-1
 7623 3b0e FFFF     		.short	-1
 7624 3b10 FFFF     		.short	-1
 7625 3b12 FFFF     		.short	-1
 7626 3b14 FFFF     		.short	-1
 7627 3b16 FFFF     		.short	-1
 7628 3b18 FFFF     		.short	-1
 7629 3b1a FFFF     		.short	-1
 7630 3b1c BD94     		.short	-27459
 7631 3b1e 93EC     		.short	-4973
 7632 3b20 FF33     		.short	13311
 7633 3b22 4A06     		.short	1610
 7634 3b24 A40C     		.short	3236
 7635 3b26 C4ED     		.short	-4668
 7636 3b28 FF75     		.short	30207
 7637 3b2a FF72     		.short	29439
 7638 3b2c FF34     		.short	13567
 7639 3b2e F754     		.short	21751
 7640 3b30 F732     		.short	13047
 7641 3b32 FF56     		.short	22271
 7642 3b34 8368     		.short	26755
 7643 3b36 A46B     		.short	27556
 7644 3b38 FF54     		.short	21759
 7645 3b3a FF74     		.short	29951
 7646 3b3c FF96     		.short	-26881
 7647 3b3e 93C9     		.short	-13933
 7648 3b40 8B4A     		.short	19083
ARM GAS  /tmp/ccXeXMPx.s 			page 135


 7649 3b42 CD32     		.short	13005
 7650 3b44 8267     		.short	26498
 7651 3b46 A38B     		.short	-29789
 7652 3b48 E614     		.short	5350
 7653 3b4a FF58     		.short	22783
 7654 3b4c FF99     		.short	-26113
 7655 3b4e FFBA     		.short	-17665
 7656 3b50 FFBE     		.short	-16641
 7657 3b52 2144     		.short	17441
 7658 3b54 0102     		.short	513
 7659 3b56 43CC     		.short	-13245
 7660 3b58 7593     		.short	-27787
 7661 3b5a 6571     		.short	29029
 7662 3b5c 6530     		.short	12389
 7663 3b5e 54CE     		.short	-12716
 7664 3b60 5CCF     		.short	-12452
 7665 3b62 6592     		.short	-28059
 7666 3b64 6592     		.short	-28059
 7667 3b66 7592     		.short	-28043
 7668 3b68 430A     		.short	2627
 7669 3b6a 0020     		.short	8192
 7670 3b6c 840E     		.short	3716
 7671 3b6e F7DC     		.short	-8969
 7672 3b70 FF58     		.short	22783
 7673 3b72 FF38     		.short	14591
 7674 3b74 FF38     		.short	14591
 7675 3b76 FF38     		.short	14591
 7676 3b78 FF38     		.short	14591
 7677 3b7a FF37     		.short	14335
 7678 3b7c FF17     		.short	6143
 7679 3b7e FF17     		.short	6143
 7680 3b80 FF37     		.short	14335
 7681 3b82 FF37     		.short	14335
 7682 3b84 FF37     		.short	14335
 7683 3b86 FF37     		.short	14335
 7684 3b88 FF37     		.short	14335
 7685 3b8a FF37     		.short	14335
 7686 3b8c FF37     		.short	14335
 7687 3b8e FF37     		.short	14335
 7688 3b90 FF58     		.short	22783
 7689 3b92 FF37     		.short	14335
 7690 3b94 F717     		.short	6135
 7691 3b96 F717     		.short	6135
 7692 3b98 FF79     		.short	31231
 7693 3b9a F6F7     		.short	-2058
 7694 3b9c FF38     		.short	14591
 7695 3b9e FF17     		.short	6143
 7696 3ba0 FF37     		.short	14335
 7697 3ba2 FF37     		.short	14335
 7698 3ba4 FF37     		.short	14335
 7699 3ba6 FF37     		.short	14335
 7700 3ba8 FF37     		.short	14335
 7701 3baa FF37     		.short	14335
 7702 3bac FF37     		.short	14335
 7703 3bae FF37     		.short	14335
 7704 3bb0 FF37     		.short	14335
 7705 3bb2 FF37     		.short	14335
ARM GAS  /tmp/ccXeXMPx.s 			page 136


 7706 3bb4 FF37     		.short	14335
 7707 3bb6 FF37     		.short	14335
 7708 3bb8 FF37     		.short	14335
 7709 3bba FF37     		.short	14335
 7710 3bbc FF37     		.short	14335
 7711 3bbe FF37     		.short	14335
 7712 3bc0 FF57     		.short	22527
 7713 3bc2 FF17     		.short	6143
 7714 3bc4 FF18     		.short	6399
 7715 3bc6 FF9A     		.short	-25857
 7716 3bc8 B530     		.short	12469
 7717 3bca C5B1     		.short	-20027
 7718 3bcc C54F     		.short	20421
 7719 3bce C4CC     		.short	-13116
 7720 3bd0 FFB4     		.short	-19201
 7721 3bd2 9C0D     		.short	3484
 7722 3bd4 AC2C     		.short	11436
 7723 3bd6 CD2E     		.short	11981
 7724 3bd8 FF54     		.short	21759
 7725 3bda FFB5     		.short	-18945
 7726 3bdc 9C2D     		.short	11676
 7727 3bde 9C0C     		.short	3228
 7728 3be0 83EE     		.short	-4477
 7729 3be2 D6B9     		.short	-17962
 7730 3be4 E6DA     		.short	-9498
 7731 3be6 E73B     		.short	15335
 7732 3be8 EF7B     		.short	31727
 7733 3bea 8208     		.short	2178
 7734 3bec 9884     		.short	-31592
 7735 3bee A084     		.short	-31584
 7736 3bf0 A8A5     		.short	-23128
 7737 3bf2 A0C5     		.short	-14944
 7738 3bf4 A125     		.short	9633
 7739 3bf6 A9A8     		.short	-22359
 7740 3bf8 AA8B     		.short	-29782
 7741 3bfa A30C     		.short	3235
 7742 3bfc A431     		.short	12708
 7743 3bfe 0000     		.short	0
 7744 3c00 0000     		.short	0
 7745 3c02 FFFF     		.short	-1
 7746 3c04 FFFF     		.short	-1
 7747 3c06 FFFF     		.short	-1
 7748 3c08 FFFF     		.short	-1
 7749 3c0a FFFF     		.short	-1
 7750 3c0c FFFF     		.short	-1
 7751 3c0e FFFF     		.short	-1
 7752 3c10 FFFF     		.short	-1
 7753 3c12 FFFF     		.short	-1
 7754 3c14 FFFF     		.short	-1
 7755 3c16 FFFF     		.short	-1
 7756 3c18 FFFF     		.short	-1
 7757 3c1a FFFF     		.short	-1
 7758 3c1c C5D5     		.short	-10811
 7759 3c1e 8BAB     		.short	-21621
 7760 3c20 F713     		.short	5111
 7761 3c22 62C9     		.short	-13982
 7762 3c24 A42C     		.short	11428
ARM GAS  /tmp/ccXeXMPx.s 			page 137


 7763 3c26 BCCC     		.short	-13124
 7764 3c28 FF54     		.short	21759
 7765 3c2a FF72     		.short	29439
 7766 3c2c FF34     		.short	13567
 7767 3c2e F774     		.short	29943
 7768 3c30 FF94     		.short	-27393
 7769 3c32 FF55     		.short	22015
 7770 3c34 9C0A     		.short	2716
 7771 3c36 93C9     		.short	-13933
 7772 3c38 FF54     		.short	21759
 7773 3c3a FF74     		.short	29951
 7774 3c3c FF95     		.short	-27137
 7775 3c3e CDAF     		.short	-20531
 7776 3c40 6246     		.short	18018
 7777 3c42 D512     		.short	4821
 7778 3c44 D4D0     		.short	-12076
 7779 3c46 92E8     		.short	-5998
 7780 3c48 DD71     		.short	29149
 7781 3c4a FF37     		.short	14335
 7782 3c4c FF37     		.short	14335
 7783 3c4e FF78     		.short	30975
 7784 3c50 FFFD     		.short	-513
 7785 3c52 9490     		.short	-28524
 7786 3c54 0060     		.short	24576
 7787 3c56 2287     		.short	-30942
 7788 3c58 5CD0     		.short	-12196
 7789 3c5a 5D71     		.short	29021
 7790 3c5c 5570     		.short	28757
 7791 3c5e 5DD1     		.short	-11939
 7792 3c60 5530     		.short	12373
 7793 3c62 6DF3     		.short	-3219
 7794 3c64 6DB2     		.short	-19859
 7795 3c66 3B4A     		.short	19003
 7796 3c68 0901     		.short	265
 7797 3c6a 20E1     		.short	-7904
 7798 3c6c ACD0     		.short	-12116
 7799 3c6e FF9B     		.short	-25601
 7800 3c70 FF38     		.short	14591
 7801 3c72 FF38     		.short	14591
 7802 3c74 FF38     		.short	14591
 7803 3c76 FF38     		.short	14591
 7804 3c78 FF38     		.short	14591
 7805 3c7a FF38     		.short	14591
 7806 3c7c FF37     		.short	14335
 7807 3c7e FF17     		.short	6143
 7808 3c80 FF37     		.short	14335
 7809 3c82 FF37     		.short	14335
 7810 3c84 FF37     		.short	14335
 7811 3c86 FF37     		.short	14335
 7812 3c88 FF37     		.short	14335
 7813 3c8a FF37     		.short	14335
 7814 3c8c FF37     		.short	14335
 7815 3c8e FF37     		.short	14335
 7816 3c90 FF37     		.short	14335
 7817 3c92 FF79     		.short	31231
 7818 3c94 CDD3     		.short	-11315
 7819 3c96 DE34     		.short	13534
ARM GAS  /tmp/ccXeXMPx.s 			page 138


 7820 3c98 FF38     		.short	14591
 7821 3c9a FF38     		.short	14591
 7822 3c9c FF18     		.short	6399
 7823 3c9e FF17     		.short	6143
 7824 3ca0 FF37     		.short	14335
 7825 3ca2 FF37     		.short	14335
 7826 3ca4 FF37     		.short	14335
 7827 3ca6 FF37     		.short	14335
 7828 3ca8 FF37     		.short	14335
 7829 3caa FF37     		.short	14335
 7830 3cac FF37     		.short	14335
 7831 3cae FF37     		.short	14335
 7832 3cb0 FF37     		.short	14335
 7833 3cb2 FF37     		.short	14335
 7834 3cb4 FF37     		.short	14335
 7835 3cb6 FF37     		.short	14335
 7836 3cb8 FF37     		.short	14335
 7837 3cba FF37     		.short	14335
 7838 3cbc FF37     		.short	14335
 7839 3cbe FF37     		.short	14335
 7840 3cc0 FF37     		.short	14335
 7841 3cc2 FF17     		.short	6143
 7842 3cc4 FF18     		.short	6399
 7843 3cc6 FF9A     		.short	-25857
 7844 3cc8 942B     		.short	11156
 7845 3cca EEF5     		.short	-2578
 7846 3ccc C54E     		.short	20165
 7847 3cce C4CC     		.short	-13116
 7848 3cd0 FFB5     		.short	-18945
 7849 3cd2 A44D     		.short	19876
 7850 3cd4 AC2B     		.short	11180
 7851 3cd6 C50E     		.short	3781
 7852 3cd8 FF54     		.short	21759
 7853 3cda FFB5     		.short	-18945
 7854 3cdc A48E     		.short	-29020
 7855 3cde 93EB     		.short	-5229
 7856 3ce0 7B8D     		.short	-29317
 7857 3ce2 C637     		.short	14278
 7858 3ce4 E6FA     		.short	-1306
 7859 3ce6 E73B     		.short	15335
 7860 3ce8 E6FA     		.short	-1306
 7861 3cea 7165     		.short	25969
 7862 3cec A0A4     		.short	-23392
 7863 3cee A084     		.short	-31584
 7864 3cf0 A8A4     		.short	-23384
 7865 3cf2 A0E5     		.short	-6752
 7866 3cf4 A125     		.short	9633
 7867 3cf6 A9A8     		.short	-22359
 7868 3cf8 BA6B     		.short	27578
 7869 3cfa AB0D     		.short	3499
 7870 3cfc AC31     		.short	12716
 7871 3cfe 0000     		.short	0
 7872 3d00 0000     		.short	0
 7873 3d02 FFFF     		.short	-1
 7874 3d04 FFFF     		.short	-1
 7875 3d06 FFFF     		.short	-1
 7876 3d08 FFFF     		.short	-1
ARM GAS  /tmp/ccXeXMPx.s 			page 139


 7877 3d0a FFFF     		.short	-1
 7878 3d0c FFFF     		.short	-1
 7879 3d0e FFFF     		.short	-1
 7880 3d10 FFFF     		.short	-1
 7881 3d12 FFFF     		.short	-1
 7882 3d14 FFFF     		.short	-1
 7883 3d16 FFFF     		.short	-1
 7884 3d18 F7FF     		.short	-9
 7885 3d1a FFFF     		.short	-1
 7886 3d1c CE16     		.short	5838
 7887 3d1e 8B8B     		.short	-29813
 7888 3d20 EF13     		.short	5103
 7889 3d22 7B8D     		.short	-29317
 7890 3d24 A42D     		.short	11684
 7891 3d26 BCCC     		.short	-13124
 7892 3d28 F714     		.short	5367
 7893 3d2a FF73     		.short	29695
 7894 3d2c FF14     		.short	5375
 7895 3d2e F754     		.short	21751
 7896 3d30 FF53     		.short	21503
 7897 3d32 FF75     		.short	30207
 7898 3d34 BD0E     		.short	3773
 7899 3d36 8347     		.short	18307
 7900 3d38 FF55     		.short	22015
 7901 3d3a FF74     		.short	29951
 7902 3d3c FF53     		.short	21503
 7903 3d3e FF54     		.short	21759
 7904 3d40 5A05     		.short	1370
 7905 3d42 B42E     		.short	11956
 7906 3d44 DD11     		.short	4573
 7907 3d46 D48E     		.short	-28972
 7908 3d48 C4AE     		.short	-20796
 7909 3d4a F695     		.short	-27146
 7910 3d4c FF16     		.short	5887
 7911 3d4e FF37     		.short	14335
 7912 3d50 FF59     		.short	23039
 7913 3d52 F77A     		.short	31479
 7914 3d54 4226     		.short	9794
 7915 3d56 00A0     		.short	-24576
 7916 3d58 3B2A     		.short	10811
 7917 3d5a 5CF0     		.short	-4004
 7918 3d5c 6DB2     		.short	-19859
 7919 3d5e 5D70     		.short	28765
 7920 3d60 7DD3     		.short	-11395
 7921 3d62 5CAE     		.short	-20900
 7922 3d64 3B49     		.short	18747
 7923 3d66 2183     		.short	-31967
 7924 3d68 5AE9     		.short	-5798
 7925 3d6a D615     		.short	5590
 7926 3d6c FF9A     		.short	-25857
 7927 3d6e FF18     		.short	6399
 7928 3d70 FF17     		.short	6143
 7929 3d72 FF38     		.short	14591
 7930 3d74 FF38     		.short	14591
 7931 3d76 FF38     		.short	14591
 7932 3d78 FF38     		.short	14591
 7933 3d7a FF38     		.short	14591
ARM GAS  /tmp/ccXeXMPx.s 			page 140


 7934 3d7c FF37     		.short	14335
 7935 3d7e FF37     		.short	14335
 7936 3d80 FF37     		.short	14335
 7937 3d82 FF37     		.short	14335
 7938 3d84 FF37     		.short	14335
 7939 3d86 FF37     		.short	14335
 7940 3d88 FF37     		.short	14335
 7941 3d8a FF37     		.short	14335
 7942 3d8c FF37     		.short	14335
 7943 3d8e FF37     		.short	14335
 7944 3d90 F6B5     		.short	-18954
 7945 3d92 FF18     		.short	6399
 7946 3d94 CDB2     		.short	-19763
 7947 3d96 ACAF     		.short	-20564
 7948 3d98 FF59     		.short	23039
 7949 3d9a FF59     		.short	23039
 7950 3d9c FF17     		.short	6143
 7951 3d9e FF17     		.short	6143
 7952 3da0 FF37     		.short	14335
 7953 3da2 FF37     		.short	14335
 7954 3da4 FF37     		.short	14335
 7955 3da6 FF37     		.short	14335
 7956 3da8 FF37     		.short	14335
 7957 3daa FF37     		.short	14335
 7958 3dac FF37     		.short	14335
 7959 3dae FF37     		.short	14335
 7960 3db0 FF37     		.short	14335
 7961 3db2 FF37     		.short	14335
 7962 3db4 FF37     		.short	14335
 7963 3db6 FF37     		.short	14335
 7964 3db8 FF37     		.short	14335
 7965 3dba FF37     		.short	14335
 7966 3dbc FF37     		.short	14335
 7967 3dbe FF37     		.short	14335
 7968 3dc0 FF36     		.short	14079
 7969 3dc2 FF38     		.short	14591
 7970 3dc4 FF19     		.short	6655
 7971 3dc6 E696     		.short	-26906
 7972 3dc8 8C2B     		.short	11148
 7973 3dca FFB8     		.short	-18177
 7974 3dcc CD6E     		.short	28365
 7975 3dce CD0D     		.short	3533
 7976 3dd0 F7D5     		.short	-10761
 7977 3dd2 AC8E     		.short	-29012
 7978 3dd4 AC0B     		.short	2988
 7979 3dd6 C50D     		.short	3525
 7980 3dd8 FF34     		.short	13567
 7981 3dda FFB5     		.short	-18945
 7982 3ddc ACF0     		.short	-3924
 7983 3dde 8BCA     		.short	-13685
 7984 3de0 732B     		.short	11123
 7985 3de2 B574     		.short	29877
 7986 3de4 E6FA     		.short	-1306
 7987 3de6 E75B     		.short	23527
 7988 3de8 DEB9     		.short	-17954
 7989 3dea 7145     		.short	17777
 7990 3dec A0C5     		.short	-14944
ARM GAS  /tmp/ccXeXMPx.s 			page 141


 7991 3dee A0C4     		.short	-15200
 7992 3df0 A8A4     		.short	-23384
 7993 3df2 A0E4     		.short	-7008
 7994 3df4 A125     		.short	9633
 7995 3df6 B1A8     		.short	-22351
 7996 3df8 C26B     		.short	27586
 7997 3dfa BB0D     		.short	3515
 7998 3dfc B451     		.short	20916
 7999 3dfe 0000     		.short	0
 8000 3e00 0000     		.short	0
 8001 3e02 FFFF     		.short	-1
 8002 3e04 FFFF     		.short	-1
 8003 3e06 FFFF     		.short	-1
 8004 3e08 FFFF     		.short	-1
 8005 3e0a FFFF     		.short	-1
 8006 3e0c FFFF     		.short	-1
 8007 3e0e FFFF     		.short	-1
 8008 3e10 FFFF     		.short	-1
 8009 3e12 FFFF     		.short	-1
 8010 3e14 FFFF     		.short	-1
 8011 3e16 FFFF     		.short	-1
 8012 3e18 F7FF     		.short	-9
 8013 3e1a FFFF     		.short	-1
 8014 3e1c D657     		.short	22486
 8015 3e1e 8BAB     		.short	-21621
 8016 3e20 EF13     		.short	5103
 8017 3e22 8C0F     		.short	3980
 8018 3e24 A42D     		.short	11684
 8019 3e26 BCCC     		.short	-13124
 8020 3e28 E6D2     		.short	-11546
 8021 3e2a FF93     		.short	-27649
 8022 3e2c FF14     		.short	5375
 8023 3e2e EEF3     		.short	-3090
 8024 3e30 E690     		.short	-28442
 8025 3e32 FF96     		.short	-26881
 8026 3e34 DE12     		.short	4830
 8027 3e36 72C5     		.short	-14990
 8028 3e38 F6F4     		.short	-2826
 8029 3e3a FF74     		.short	29951
 8030 3e3c FF53     		.short	21503
 8031 3e3e FFB5     		.short	-18945
 8032 3e40 8BAA     		.short	-21877
 8033 3e42 6A25     		.short	9578
 8034 3e44 E552     		.short	21221
 8035 3e46 DCAF     		.short	-20516
 8036 3e48 C44D     		.short	19908
 8037 3e4a E5F2     		.short	-3355
 8038 3e4c FF17     		.short	6143
 8039 3e4e FF17     		.short	6143
 8040 3e50 FF37     		.short	14335
 8041 3e52 FFBA     		.short	-17665
 8042 3e54 9C8E     		.short	-29028
 8043 3e56 0840     		.short	16392
 8044 3e58 0060     		.short	24576
 8045 3e5a 1164     		.short	25617
 8046 3e5c 3AE9     		.short	-5830
 8047 3e5e 32C8     		.short	-14286
ARM GAS  /tmp/ccXeXMPx.s 			page 142


 8048 3e60 2205     		.short	1314
 8049 3e62 29E4     		.short	-7127
 8050 3e64 6B6B     		.short	27499
 8051 3e66 BD93     		.short	-27715
 8052 3e68 FF3A     		.short	15103
 8053 3e6a FF79     		.short	31231
 8054 3e6c FF17     		.short	6143
 8055 3e6e FF57     		.short	22527
 8056 3e70 FF17     		.short	6143
 8057 3e72 FF18     		.short	6399
 8058 3e74 FF38     		.short	14591
 8059 3e76 FF37     		.short	14335
 8060 3e78 FF38     		.short	14591
 8061 3e7a FF38     		.short	14591
 8062 3e7c FF37     		.short	14335
 8063 3e7e FF37     		.short	14335
 8064 3e80 FF37     		.short	14335
 8065 3e82 FF37     		.short	14335
 8066 3e84 FF37     		.short	14335
 8067 3e86 FF37     		.short	14335
 8068 3e88 FF37     		.short	14335
 8069 3e8a FF37     		.short	14335
 8070 3e8c FF37     		.short	14335
 8071 3e8e FF37     		.short	14335
 8072 3e90 EDD3     		.short	-11283
 8073 3e92 E5D3     		.short	-11291
 8074 3e94 F6B7     		.short	-18442
 8075 3e96 8BCC     		.short	-13173
 8076 3e98 EED8     		.short	-10002
 8077 3e9a FF59     		.short	23039
 8078 3e9c FF38     		.short	14591
 8079 3e9e FF37     		.short	14335
 8080 3ea0 FF37     		.short	14335
 8081 3ea2 FF37     		.short	14335
 8082 3ea4 FF37     		.short	14335
 8083 3ea6 FF37     		.short	14335
 8084 3ea8 FF37     		.short	14335
 8085 3eaa FF37     		.short	14335
 8086 3eac FF37     		.short	14335
 8087 3eae FF37     		.short	14335
 8088 3eb0 FF37     		.short	14335
 8089 3eb2 FF37     		.short	14335
 8090 3eb4 FF37     		.short	14335
 8091 3eb6 FF37     		.short	14335
 8092 3eb8 FF37     		.short	14335
 8093 3eba FF37     		.short	14335
 8094 3ebc FF37     		.short	14335
 8095 3ebe FF37     		.short	14335
 8096 3ec0 FF36     		.short	14079
 8097 3ec2 FF38     		.short	14591
 8098 3ec4 FF3A     		.short	15103
 8099 3ec6 ACD0     		.short	-12116
 8100 3ec8 BD90     		.short	-28483
 8101 3eca FFB7     		.short	-18433
 8102 3ecc CD8F     		.short	-28723
 8103 3ece D54E     		.short	20181
 8104 3ed0 FFF5     		.short	-2561
ARM GAS  /tmp/ccXeXMPx.s 			page 143


 8105 3ed2 ACAF     		.short	-20564
 8106 3ed4 A40B     		.short	2980
 8107 3ed6 C4ED     		.short	-4668
 8108 3ed8 FF33     		.short	13311
 8109 3eda FFB5     		.short	-18945
 8110 3edc B510     		.short	4277
 8111 3ede 7B69     		.short	27003
 8112 3ee0 7B4C     		.short	19579
 8113 3ee2 9CD1     		.short	-11876
 8114 3ee4 DED9     		.short	-9762
 8115 3ee6 EF7B     		.short	31727
 8116 3ee8 DED9     		.short	-9762
 8117 3eea 7165     		.short	25969
 8118 3eec 9884     		.short	-31592
 8119 3eee 98A4     		.short	-23400
 8120 3ef0 A084     		.short	-31584
 8121 3ef2 A0E4     		.short	-7008
 8122 3ef4 A145     		.short	17825
 8123 3ef6 B1A7     		.short	-22607
 8124 3ef8 C22A     		.short	10946
 8125 3efa C30E     		.short	3779
 8126 3efc BC72     		.short	29372
 8127 3efe 0000     		.short	0
 8128 3f00 0000     		.short	0
 8129 3f02 FFFF     		.short	-1
 8130 3f04 FFFF     		.short	-1
 8131 3f06 FFFF     		.short	-1
 8132 3f08 FFFF     		.short	-1
 8133 3f0a FFFF     		.short	-1
 8134 3f0c FFFF     		.short	-1
 8135 3f0e FFFF     		.short	-1
 8136 3f10 FFFF     		.short	-1
 8137 3f12 FFFF     		.short	-1
 8138 3f14 FFFE     		.short	-257
 8139 3f16 FFFF     		.short	-1
 8140 3f18 F7FF     		.short	-9
 8141 3f1a FFFF     		.short	-1
 8142 3f1c DE98     		.short	-26402
 8143 3f1e 93CC     		.short	-13165
 8144 3f20 EF13     		.short	5103
 8145 3f22 9450     		.short	20628
 8146 3f24 9C2C     		.short	11420
 8147 3f26 BCCC     		.short	-13124
 8148 3f28 DE72     		.short	29406
 8149 3f2a FF94     		.short	-27393
 8150 3f2c FF34     		.short	13567
 8151 3f2e E6D2     		.short	-11546
 8152 3f30 DE70     		.short	28894
 8153 3f32 FF96     		.short	-26881
 8154 3f34 F6D5     		.short	-10762
 8155 3f36 7B06     		.short	1659
 8156 3f38 EED4     		.short	-11026
 8157 3f3a FF75     		.short	30207
 8158 3f3c FF74     		.short	29951
 8159 3f3e FF94     		.short	-27393
 8160 3f40 BD51     		.short	20925
 8161 3f42 6A45     		.short	17770
ARM GAS  /tmp/ccXeXMPx.s 			page 144


 8162 3f44 BC0D     		.short	3516
 8163 3f46 DCAF     		.short	-20516
 8164 3f48 D4EF     		.short	-4140
 8165 3f4a C4CE     		.short	-12604
 8166 3f4c FF17     		.short	6143
 8167 3f4e FF37     		.short	14335
 8168 3f50 FF56     		.short	22271
 8169 3f52 FF37     		.short	14335
 8170 3f54 FF59     		.short	23039
 8171 3f56 C553     		.short	21445
 8172 3f58 628A     		.short	-30110
 8173 3f5a 5249     		.short	18770
 8174 3f5c 5AAA     		.short	-21926
 8175 3f5e 7BEE     		.short	-4485
 8176 3f60 9CD1     		.short	-11876
 8177 3f62 DEB8     		.short	-18210
 8178 3f64 FF5B     		.short	23551
 8179 3f66 FF3A     		.short	15103
 8180 3f68 FF39     		.short	14847
 8181 3f6a FF17     		.short	6143
 8182 3f6c FF77     		.short	30719
 8183 3f6e FF77     		.short	30719
 8184 3f70 FF17     		.short	6143
 8185 3f72 FF18     		.short	6399
 8186 3f74 FF38     		.short	14591
 8187 3f76 FF37     		.short	14335
 8188 3f78 FF38     		.short	14591
 8189 3f7a FF58     		.short	22783
 8190 3f7c FF57     		.short	22527
 8191 3f7e FF37     		.short	14335
 8192 3f80 FF37     		.short	14335
 8193 3f82 FF37     		.short	14335
 8194 3f84 FF37     		.short	14335
 8195 3f86 FF37     		.short	14335
 8196 3f88 FF37     		.short	14335
 8197 3f8a FF37     		.short	14335
 8198 3f8c FF37     		.short	14335
 8199 3f8e FF37     		.short	14335
 8200 3f90 DD30     		.short	12509
 8201 3f92 C4CF     		.short	-12348
 8202 3f94 FF39     		.short	14847
 8203 3f96 8BCC     		.short	-13173
 8204 3f98 B532     		.short	12981
 8205 3f9a FF7A     		.short	31487
 8206 3f9c F6F7     		.short	-2058
 8207 3f9e FF57     		.short	22527
 8208 3fa0 FF37     		.short	14335
 8209 3fa2 FF37     		.short	14335
 8210 3fa4 FF37     		.short	14335
 8211 3fa6 FF37     		.short	14335
 8212 3fa8 FF37     		.short	14335
 8213 3faa FF37     		.short	14335
 8214 3fac FF37     		.short	14335
 8215 3fae FF37     		.short	14335
 8216 3fb0 FF37     		.short	14335
 8217 3fb2 FF37     		.short	14335
 8218 3fb4 FF37     		.short	14335
ARM GAS  /tmp/ccXeXMPx.s 			page 145


 8219 3fb6 FF37     		.short	14335
 8220 3fb8 FF37     		.short	14335
 8221 3fba FF37     		.short	14335
 8222 3fbc FF37     		.short	14335
 8223 3fbe FF37     		.short	14335
 8224 3fc0 FF56     		.short	22271
 8225 3fc2 F6F7     		.short	-2058
 8226 3fc4 FF3A     		.short	15103
 8227 3fc6 838B     		.short	-29821
 8228 3fc8 EF36     		.short	14063
 8229 3fca F755     		.short	22007
 8230 3fcc CD8F     		.short	-28723
 8231 3fce DD8F     		.short	-28707
 8232 3fd0 FFF5     		.short	-2561
 8233 3fd2 B4CF     		.short	-12364
 8234 3fd4 A3EB     		.short	-5213
 8235 3fd6 C4CD     		.short	-12860
 8236 3fd8 FF33     		.short	13311
 8237 3fda FFB5     		.short	-18945
 8238 3fdc B510     		.short	4277
 8239 3fde 7327     		.short	10099
 8240 3fe0 8BAE     		.short	-20853
 8241 3fe2 9490     		.short	-28524
 8242 3fe4 DEB9     		.short	-17954
 8243 3fe6 EF9C     		.short	-25361
 8244 3fe8 E71A     		.short	6887
 8245 3fea 79A6     		.short	-22919
 8246 3fec 9084     		.short	-31600
 8247 3fee 98E4     		.short	-7016
 8248 3ff0 A084     		.short	-31584
 8249 3ff2 A0E4     		.short	-7008
 8250 3ff4 A146     		.short	18081
 8251 3ff6 B1A7     		.short	-22607
 8252 3ff8 C20A     		.short	2754
 8253 3ffa CB0E     		.short	3787
 8254 3ffc C493     		.short	-27708
 8255 3ffe 0000     		.short	0
 8256 4000 0000     		.short	0
 8257 4002 FFFF     		.short	-1
 8258 4004 FFFF     		.short	-1
 8259 4006 FFFF     		.short	-1
 8260 4008 FFFF     		.short	-1
 8261 400a FFFF     		.short	-1
 8262 400c FFFF     		.short	-1
 8263 400e FFFF     		.short	-1
 8264 4010 FFFF     		.short	-1
 8265 4012 FFFF     		.short	-1
 8266 4014 FFFF     		.short	-1
 8267 4016 F7DE     		.short	-8457
 8268 4018 FFFF     		.short	-1
 8269 401a FFDF     		.short	-8193
 8270 401c E6FA     		.short	-1306
 8271 401e 7BAC     		.short	-21381
 8272 4020 EED3     		.short	-11282
 8273 4022 AD11     		.short	4525
 8274 4024 8C2F     		.short	12172
 8275 4026 B4AE     		.short	-20812
ARM GAS  /tmp/ccXeXMPx.s 			page 146


 8276 4028 E5EF     		.short	-4123
 8277 402a FF74     		.short	29951
 8278 402c FF95     		.short	-27137
 8279 402e DE52     		.short	21214
 8280 4030 D5F1     		.short	-3627
 8281 4032 FF94     		.short	-27393
 8282 4034 FF73     		.short	29695
 8283 4036 93E8     		.short	-5997
 8284 4038 D5F1     		.short	-3627
 8285 403a FF96     		.short	-26881
 8286 403c FF53     		.short	21503
 8287 403e FF95     		.short	-27137
 8288 4040 E653     		.short	21478
 8289 4042 9BA9     		.short	-22117
 8290 4044 C46D     		.short	28100
 8291 4046 DC8F     		.short	-28708
 8292 4048 D44E     		.short	20180
 8293 404a D4CF     		.short	-12332
 8294 404c E5B2     		.short	-19739
 8295 404e FF58     		.short	22783
 8296 4050 FF37     		.short	14335
 8297 4052 FF17     		.short	6143
 8298 4054 FF57     		.short	22527
 8299 4056 FF78     		.short	30975
 8300 4058 FF98     		.short	-26369
 8301 405a FF98     		.short	-26369
 8302 405c FFB8     		.short	-18177
 8303 405e FFB9     		.short	-17921
 8304 4060 FF58     		.short	22783
 8305 4062 FF58     		.short	22783
 8306 4064 FF57     		.short	22527
 8307 4066 FF37     		.short	14335
 8308 4068 FF37     		.short	14335
 8309 406a FF37     		.short	14335
 8310 406c FF37     		.short	14335
 8311 406e FF37     		.short	14335
 8312 4070 FF37     		.short	14335
 8313 4072 FF37     		.short	14335
 8314 4074 FF37     		.short	14335
 8315 4076 FF37     		.short	14335
 8316 4078 FF37     		.short	14335
 8317 407a FF37     		.short	14335
 8318 407c FF37     		.short	14335
 8319 407e FF37     		.short	14335
 8320 4080 FF17     		.short	6143
 8321 4082 FF17     		.short	6143
 8322 4084 FF37     		.short	14335
 8323 4086 FF58     		.short	22783
 8324 4088 FF37     		.short	14335
 8325 408a FF57     		.short	22527
 8326 408c FF37     		.short	14335
 8327 408e F6B5     		.short	-18954
 8328 4090 D4CE     		.short	-12588
 8329 4092 CC8D     		.short	-29236
 8330 4094 EDD4     		.short	-11027
 8331 4096 D5B4     		.short	-19243
 8332 4098 5AA7     		.short	-22694
ARM GAS  /tmp/ccXeXMPx.s 			page 147


 8333 409a FFDB     		.short	-9217
 8334 409c F739     		.short	14839
 8335 409e FF18     		.short	6399
 8336 40a0 FF37     		.short	14335
 8337 40a2 FF37     		.short	14335
 8338 40a4 FF37     		.short	14335
 8339 40a6 FF37     		.short	14335
 8340 40a8 FF37     		.short	14335
 8341 40aa FF37     		.short	14335
 8342 40ac FF37     		.short	14335
 8343 40ae FF37     		.short	14335
 8344 40b0 FF59     		.short	23039
 8345 40b2 FF18     		.short	6399
 8346 40b4 FF58     		.short	22783
 8347 40b6 FF37     		.short	14335
 8348 40b8 FF16     		.short	5887
 8349 40ba FF37     		.short	14335
 8350 40bc FF17     		.short	6143
 8351 40be FF17     		.short	6143
 8352 40c0 FF78     		.short	30975
 8353 40c2 F758     		.short	22775
 8354 40c4 C5B2     		.short	-19771
 8355 40c6 B50E     		.short	3765
 8356 40c8 FF55     		.short	22015
 8357 40ca FF75     		.short	30207
 8358 40cc D5EF     		.short	-4139
 8359 40ce DDF1     		.short	-3619
 8360 40d0 FFF6     		.short	-2305
 8361 40d2 B50F     		.short	4021
 8362 40d4 9BEA     		.short	-5477
 8363 40d6 C4AE     		.short	-20796
 8364 40d8 FF33     		.short	13311
 8365 40da FF72     		.short	29439
 8366 40dc ACEF     		.short	-4180
 8367 40de 62A9     		.short	-22174
 8368 40e0 93EE     		.short	-4461
 8369 40e2 848F     		.short	-28796
 8370 40e4 CE37     		.short	14286
 8371 40e6 FF5C     		.short	23807
 8372 40e8 E79B     		.short	-25625
 8373 40ea 7309     		.short	2419
 8374 40ec 88A3     		.short	-23672
 8375 40ee B863     		.short	25528
 8376 40f0 A0A4     		.short	-23392
 8377 40f2 98E5     		.short	-6760
 8378 40f4 A926     		.short	9897
 8379 40f6 B1C8     		.short	-14159
 8380 40f8 BA8B     		.short	-29766
 8381 40fa CB0E     		.short	3787
 8382 40fc CC32     		.short	13004
 8383 40fe 0020     		.short	8192
 8384 4100 0000     		.short	0
 8385 4102 FFFF     		.short	-1
 8386 4104 FFFF     		.short	-1
 8387 4106 FFFF     		.short	-1
 8388 4108 FFFF     		.short	-1
 8389 410a FFFF     		.short	-1
ARM GAS  /tmp/ccXeXMPx.s 			page 148


 8390 410c FFFF     		.short	-1
 8391 410e FFFF     		.short	-1
 8392 4110 FFFF     		.short	-1
 8393 4112 FFFF     		.short	-1
 8394 4114 FFFF     		.short	-1
 8395 4116 F7FF     		.short	-9
 8396 4118 FFFF     		.short	-1
 8397 411a FFFF     		.short	-1
 8398 411c EF3B     		.short	15343
 8399 411e 7BAC     		.short	-21381
 8400 4120 EEB3     		.short	-19474
 8401 4122 A510     		.short	4261
 8402 4124 9430     		.short	12436
 8403 4126 AC6D     		.short	28076
 8404 4128 DDEF     		.short	-4131
 8405 412a FF74     		.short	29951
 8406 412c FF75     		.short	30207
 8407 412e DE31     		.short	12766
 8408 4130 CD90     		.short	-28467
 8409 4132 FF74     		.short	29951
 8410 4134 FFB4     		.short	-19201
 8411 4136 B4EC     		.short	-4940
 8412 4138 C590     		.short	-28475
 8413 413a FF75     		.short	30207
 8414 413c FF74     		.short	29951
 8415 413e EED2     		.short	-11538
 8416 4140 FF57     		.short	22527
 8417 4142 9BCA     		.short	-13669
 8418 4144 CCEF     		.short	-4148
 8419 4146 E510     		.short	4325
 8420 4148 D46E     		.short	28372
 8421 414a D4CF     		.short	-12332
 8422 414c CCEF     		.short	-4148
 8423 414e FEF6     		.short	-2306
 8424 4150 FF58     		.short	22783
 8425 4152 FF37     		.short	14335
 8426 4154 FF37     		.short	14335
 8427 4156 FF58     		.short	22783
 8428 4158 FF57     		.short	22527
 8429 415a F737     		.short	14327
 8430 415c FF78     		.short	30975
 8431 415e FF78     		.short	30975
 8432 4160 FF58     		.short	22783
 8433 4162 FF58     		.short	22783
 8434 4164 FF57     		.short	22527
 8435 4166 FF37     		.short	14335
 8436 4168 FF37     		.short	14335
 8437 416a FF37     		.short	14335
 8438 416c FF37     		.short	14335
 8439 416e FF37     		.short	14335
 8440 4170 FF37     		.short	14335
 8441 4172 FF37     		.short	14335
 8442 4174 FF37     		.short	14335
 8443 4176 FF37     		.short	14335
 8444 4178 FF37     		.short	14335
 8445 417a FF37     		.short	14335
 8446 417c FF37     		.short	14335
ARM GAS  /tmp/ccXeXMPx.s 			page 149


 8447 417e FF37     		.short	14335
 8448 4180 FF37     		.short	14335
 8449 4182 FF37     		.short	14335
 8450 4184 FF37     		.short	14335
 8451 4186 FF37     		.short	14335
 8452 4188 FF17     		.short	6143
 8453 418a FF58     		.short	22783
 8454 418c FF58     		.short	22783
 8455 418e EE95     		.short	-27154
 8456 4190 D48D     		.short	-29228
 8457 4192 D48E     		.short	-28972
 8458 4194 CCAF     		.short	-20532
 8459 4196 FF5A     		.short	23295
 8460 4198 6AE8     		.short	-6038
 8461 419a AD51     		.short	20909
 8462 419c FF79     		.short	31231
 8463 419e FF38     		.short	14591
 8464 41a0 FF37     		.short	14335
 8465 41a2 FF37     		.short	14335
 8466 41a4 FF37     		.short	14335
 8467 41a6 FF37     		.short	14335
 8468 41a8 FF37     		.short	14335
 8469 41aa FF37     		.short	14335
 8470 41ac FF37     		.short	14335
 8471 41ae FF37     		.short	14335
 8472 41b0 FF18     		.short	6399
 8473 41b2 FF58     		.short	22783
 8474 41b4 FF17     		.short	6143
 8475 41b6 FF57     		.short	22527
 8476 41b8 FF57     		.short	22527
 8477 41ba F6F6     		.short	-2314
 8478 41bc FF37     		.short	14335
 8479 41be FF38     		.short	14591
 8480 41c0 EF17     		.short	6127
 8481 41c2 FF9A     		.short	-25857
 8482 41c4 83AA     		.short	-21885
 8483 41c6 E694     		.short	-27418
 8484 41c8 EEF3     		.short	-3090
 8485 41ca FF74     		.short	29951
 8486 41cc CDAE     		.short	-20787
 8487 41ce EE72     		.short	29422
 8488 41d0 FFF5     		.short	-2561
 8489 41d2 ACCE     		.short	-12628
 8490 41d4 A3EA     		.short	-5469
 8491 41d6 C4CE     		.short	-12604
 8492 41d8 FF14     		.short	5375
 8493 41da FF93     		.short	-27649
 8494 41dc ACEF     		.short	-4180
 8495 41de 5A27     		.short	10074
 8496 41e0 8BCD     		.short	-12917
 8497 41e2 8C4F     		.short	20364
 8498 41e4 C5D6     		.short	-10555
 8499 41e6 E73B     		.short	15335
 8500 41e8 EFDC     		.short	-8977
 8501 41ea 936C     		.short	27795
 8502 41ec 88A3     		.short	-23672
 8503 41ee A0A3     		.short	-23648
ARM GAS  /tmp/ccXeXMPx.s 			page 150


 8504 41f0 A0A4     		.short	-23392
 8505 41f2 98E5     		.short	-6760
 8506 41f4 A925     		.short	9641
 8507 41f6 B1A7     		.short	-22607
 8508 41f8 BA8A     		.short	-30022
 8509 41fa CB0E     		.short	3787
 8510 41fc CC32     		.short	13004
 8511 41fe 0000     		.short	0
 8512 4200 0000     		.short	0
 8513 4202 FFFF     		.short	-1
 8514 4204 FFFF     		.short	-1
 8515 4206 FFFF     		.short	-1
 8516 4208 FFFF     		.short	-1
 8517 420a FFFF     		.short	-1
 8518 420c FFFF     		.short	-1
 8519 420e FFFF     		.short	-1
 8520 4210 FFFF     		.short	-1
 8521 4212 FFFF     		.short	-1
 8522 4214 FFFF     		.short	-1
 8523 4216 FFFF     		.short	-1
 8524 4218 FFFF     		.short	-1
 8525 421a FFFF     		.short	-1
 8526 421c F79D     		.short	-25097
 8527 421e 7BCD     		.short	-12933
 8528 4220 E692     		.short	-27930
 8529 4222 A4F0     		.short	-3932
 8530 4224 9470     		.short	28820
 8531 4226 9C2C     		.short	11420
 8532 4228 DDAE     		.short	-20771
 8533 422a FF74     		.short	29951
 8534 422c FF75     		.short	30207
 8535 422e D610     		.short	4310
 8536 4230 BD2F     		.short	12221
 8537 4232 FF74     		.short	29951
 8538 4234 FFB4     		.short	-19201
 8539 4236 DE51     		.short	20958
 8540 4238 BD4E     		.short	20157
 8541 423a FF75     		.short	30207
 8542 423c FF74     		.short	29951
 8543 423e D60F     		.short	4054
 8544 4240 EEF5     		.short	-2578
 8545 4242 B4EE     		.short	-4428
 8546 4244 B46D     		.short	28084
 8547 4246 C46E     		.short	28356
 8548 4248 E511     		.short	4581
 8549 424a C42D     		.short	11716
 8550 424c DD31     		.short	12765
 8551 424e DD51     		.short	20957
 8552 4250 FF58     		.short	22783
 8553 4252 FF58     		.short	22783
 8554 4254 FF17     		.short	6143
 8555 4256 FF57     		.short	22527
 8556 4258 FF57     		.short	22527
 8557 425a F737     		.short	14327
 8558 425c FF57     		.short	22527
 8559 425e FF37     		.short	14335
 8560 4260 FF57     		.short	22527
ARM GAS  /tmp/ccXeXMPx.s 			page 151


 8561 4262 FF57     		.short	22527
 8562 4264 FF57     		.short	22527
 8563 4266 FF57     		.short	22527
 8564 4268 FF37     		.short	14335
 8565 426a FF37     		.short	14335
 8566 426c FF37     		.short	14335
 8567 426e FF37     		.short	14335
 8568 4270 FF37     		.short	14335
 8569 4272 FF37     		.short	14335
 8570 4274 FF37     		.short	14335
 8571 4276 FF37     		.short	14335
 8572 4278 FF37     		.short	14335
 8573 427a FF37     		.short	14335
 8574 427c FF37     		.short	14335
 8575 427e FF37     		.short	14335
 8576 4280 FF37     		.short	14335
 8577 4282 FF37     		.short	14335
 8578 4284 FF37     		.short	14335
 8579 4286 FF37     		.short	14335
 8580 4288 FF17     		.short	6143
 8581 428a FF58     		.short	22783
 8582 428c FF17     		.short	6143
 8583 428e DE13     		.short	5086
 8584 4290 D46D     		.short	28116
 8585 4292 DC8E     		.short	-28964
 8586 4294 CC8F     		.short	-28724
 8587 4296 EE15     		.short	5614
 8588 4298 CDF4     		.short	-2867
 8589 429a 5AA7     		.short	-22694
 8590 429c EED7     		.short	-10258
 8591 429e FF18     		.short	6399
 8592 42a0 FF37     		.short	14335
 8593 42a2 FF37     		.short	14335
 8594 42a4 FF37     		.short	14335
 8595 42a6 FF37     		.short	14335
 8596 42a8 FF37     		.short	14335
 8597 42aa FF37     		.short	14335
 8598 42ac FF37     		.short	14335
 8599 42ae FF37     		.short	14335
 8600 42b0 FF18     		.short	6399
 8601 42b2 FF38     		.short	14591
 8602 42b4 FF37     		.short	14335
 8603 42b6 FF57     		.short	22527
 8604 42b8 FF37     		.short	14335
 8605 42ba FF17     		.short	6143
 8606 42bc FF38     		.short	14591
 8607 42be FF17     		.short	6143
 8608 42c0 FF9B     		.short	-25601
 8609 42c2 B530     		.short	12469
 8610 42c4 ACCE     		.short	-12628
 8611 42c6 FF96     		.short	-26881
 8612 42c8 E690     		.short	-28442
 8613 42ca FF94     		.short	-27393
 8614 42cc DE0F     		.short	4062
 8615 42ce EEB3     		.short	-19474
 8616 42d0 FFD5     		.short	-10753
 8617 42d2 A46D     		.short	28068
ARM GAS  /tmp/ccXeXMPx.s 			page 152


 8618 42d4 A40B     		.short	2980
 8619 42d6 C4EE     		.short	-4412
 8620 42d8 FF13     		.short	5119
 8621 42da FFB3     		.short	-19457
 8622 42dc ACCF     		.short	-12372
 8623 42de 4185     		.short	-31423
 8624 42e0 83AD     		.short	-21117
 8625 42e2 A4B1     		.short	-20060
 8626 42e4 942F     		.short	12180
 8627 42e6 F7BD     		.short	-16905
 8628 42e8 DED9     		.short	-9762
 8629 42ea 8A28     		.short	10378
 8630 42ec 9063     		.short	25488
 8631 42ee 90E3     		.short	-7280
 8632 42f0 A0A4     		.short	-23392
 8633 42f2 98E5     		.short	-6760
 8634 42f4 A925     		.short	9641
 8635 42f6 B1A7     		.short	-22607
 8636 42f8 B26A     		.short	27314
 8637 42fa CB0E     		.short	3787
 8638 42fc CC32     		.short	13004
 8639 42fe 0000     		.short	0
 8640 4300 0000     		.short	0
 8641 4302 FFFF     		.short	-1
 8642 4304 FFFF     		.short	-1
 8643 4306 FFFF     		.short	-1
 8644 4308 FFFF     		.short	-1
 8645 430a FFFF     		.short	-1
 8646 430c FFFF     		.short	-1
 8647 430e FFFF     		.short	-1
 8648 4310 FFFF     		.short	-1
 8649 4312 FFFF     		.short	-1
 8650 4314 FFFF     		.short	-1
 8651 4316 FFFF     		.short	-1
 8652 4318 FFFF     		.short	-1
 8653 431a FFFF     		.short	-1
 8654 431c FFDE     		.short	-8449
 8655 431e 7BCD     		.short	-12933
 8656 4320 E672     		.short	29414
 8657 4322 A4F0     		.short	-3932
 8658 4324 A4D2     		.short	-11612
 8659 4326 93CC     		.short	-13165
 8660 4328 D58E     		.short	-28971
 8661 432a FF74     		.short	29951
 8662 432c FF75     		.short	30207
 8663 432e D610     		.short	4310
 8664 4330 AC6C     		.short	27820
 8665 4332 FF54     		.short	21759
 8666 4334 FF73     		.short	29695
 8667 4336 F734     		.short	13559
 8668 4338 C54E     		.short	20165
 8669 433a FF75     		.short	30207
 8670 433c FF94     		.short	-27393
 8671 433e CDCE     		.short	-12595
 8672 4340 D673     		.short	29654
 8673 4342 C5B1     		.short	-20027
 8674 4344 4120     		.short	8257
ARM GAS  /tmp/ccXeXMPx.s 			page 153


 8675 4346 B42D     		.short	11700
 8676 4348 D4F1     		.short	-3628
 8677 434a D4B0     		.short	-20268
 8678 434c CC6E     		.short	28364
 8679 434e DCCF     		.short	-12324
 8680 4350 F6B5     		.short	-18954
 8681 4352 FF58     		.short	22783
 8682 4354 FF37     		.short	14335
 8683 4356 F737     		.short	14327
 8684 4358 FF78     		.short	30975
 8685 435a FF37     		.short	14335
 8686 435c FF37     		.short	14335
 8687 435e FF37     		.short	14335
 8688 4360 FF57     		.short	22527
 8689 4362 FF57     		.short	22527
 8690 4364 FF57     		.short	22527
 8691 4366 FF57     		.short	22527
 8692 4368 FF37     		.short	14335
 8693 436a FF37     		.short	14335
 8694 436c FF37     		.short	14335
 8695 436e FF37     		.short	14335
 8696 4370 FF37     		.short	14335
 8697 4372 FF37     		.short	14335
 8698 4374 FF37     		.short	14335
 8699 4376 FF37     		.short	14335
 8700 4378 FF37     		.short	14335
 8701 437a FF37     		.short	14335
 8702 437c FF37     		.short	14335
 8703 437e FF37     		.short	14335
 8704 4380 FF37     		.short	14335
 8705 4382 FF37     		.short	14335
 8706 4384 FF37     		.short	14335
 8707 4386 FF37     		.short	14335
 8708 4388 FF37     		.short	14335
 8709 438a FF78     		.short	30975
 8710 438c FEF6     		.short	-2306
 8711 438e CD71     		.short	29133
 8712 4390 D44D     		.short	19924
 8713 4392 ED10     		.short	4333
 8714 4394 CC4E     		.short	20172
 8715 4396 D531     		.short	12757
 8716 4398 FF9A     		.short	-25857
 8717 439a 9C8E     		.short	-29028
 8718 439c D654     		.short	21718
 8719 439e FF59     		.short	23039
 8720 43a0 FF37     		.short	14335
 8721 43a2 FF37     		.short	14335
 8722 43a4 FF37     		.short	14335
 8723 43a6 FF37     		.short	14335
 8724 43a8 FF37     		.short	14335
 8725 43aa FF37     		.short	14335
 8726 43ac FF37     		.short	14335
 8727 43ae FF37     		.short	14335
 8728 43b0 FF38     		.short	14591
 8729 43b2 FEF7     		.short	-2050
 8730 43b4 FF78     		.short	30975
 8731 43b6 FF17     		.short	6143
ARM GAS  /tmp/ccXeXMPx.s 			page 154


 8732 43b8 FF16     		.short	5887
 8733 43ba FF78     		.short	30975
 8734 43bc FF17     		.short	6143
 8735 43be FF79     		.short	31231
 8736 43c0 EEB8     		.short	-18194
 8737 43c2 72E8     		.short	-6030
 8738 43c4 FF57     		.short	22527
 8739 43c6 F754     		.short	21751
 8740 43c8 DE6F     		.short	28638
 8741 43ca FF73     		.short	29695
 8742 43cc E670     		.short	28902
 8743 43ce F6D3     		.short	-11274
 8744 43d0 FFB5     		.short	-18945
 8745 43d2 93EB     		.short	-5229
 8746 43d4 A40B     		.short	2980
 8747 43d6 C4EE     		.short	-4412
 8748 43d8 F713     		.short	5111
 8749 43da FFD4     		.short	-11009
 8750 43dc ACAF     		.short	-20564
 8751 43de 3923     		.short	9017
 8752 43e0 8BCD     		.short	-12917
 8753 43e2 9C90     		.short	-28516
 8754 43e4 73AD     		.short	-21133
 8755 43e6 B574     		.short	29877
 8756 43e8 934D     		.short	19859
 8757 43ea 7022     		.short	8816
 8758 43ec 9884     		.short	-31592
 8759 43ee A125     		.short	9633
 8760 43f0 A0A4     		.short	-23392
 8761 43f2 98E5     		.short	-6760
 8762 43f4 A926     		.short	9897
 8763 43f6 B1A7     		.short	-22607
 8764 43f8 B26A     		.short	27314
 8765 43fa CB0E     		.short	3787
 8766 43fc CC32     		.short	13004
 8767 43fe 0000     		.short	0
 8768 4400 0000     		.short	0
 8769 4402 FFFF     		.short	-1
 8770 4404 FFFF     		.short	-1
 8771 4406 FFFF     		.short	-1
 8772 4408 FFFF     		.short	-1
 8773 440a FFFF     		.short	-1
 8774 440c FFFF     		.short	-1
 8775 440e FFFF     		.short	-1
 8776 4410 FFFF     		.short	-1
 8777 4412 FFFF     		.short	-1
 8778 4414 FFFF     		.short	-1
 8779 4416 FFFF     		.short	-1
 8780 4418 FFFF     		.short	-1
 8781 441a FFFF     		.short	-1
 8782 441c FFFE     		.short	-257
 8783 441e 83ED     		.short	-4733
 8784 4420 DE51     		.short	20958
 8785 4422 A4F1     		.short	-3676
 8786 4424 AD34     		.short	13485
 8787 4426 8BAB     		.short	-21621
 8788 4428 CD4E     		.short	20173
ARM GAS  /tmp/ccXeXMPx.s 			page 155


 8789 442a FF54     		.short	21759
 8790 442c FF95     		.short	-27137
 8791 442e DE50     		.short	20702
 8792 4430 93AA     		.short	-21869
 8793 4432 FF34     		.short	13567
 8794 4434 FF73     		.short	29695
 8795 4436 FF75     		.short	30207
 8796 4438 CDAF     		.short	-20531
 8797 443a FF54     		.short	21759
 8798 443c FF74     		.short	29951
 8799 443e DE71     		.short	29150
 8800 4440 B58F     		.short	-28747
 8801 4442 EF16     		.short	5871
 8802 4444 5A24     		.short	9306
 8803 4446 6A26     		.short	9834
 8804 4448 9B4B     		.short	19355
 8805 444a E552     		.short	21221
 8806 444c DCD0     		.short	-12068
 8807 444e CC4D     		.short	19916
 8808 4450 D5B1     		.short	-20011
 8809 4452 FF17     		.short	6143
 8810 4454 FF57     		.short	22527
 8811 4456 F717     		.short	6135
 8812 4458 FF57     		.short	22527
 8813 445a FF37     		.short	14335
 8814 445c FF17     		.short	6143
 8815 445e FF17     		.short	6143
 8816 4460 FF37     		.short	14335
 8817 4462 FF57     		.short	22527
 8818 4464 FF57     		.short	22527
 8819 4466 FF57     		.short	22527
 8820 4468 FF57     		.short	22527
 8821 446a FF37     		.short	14335
 8822 446c FF37     		.short	14335
 8823 446e FF37     		.short	14335
 8824 4470 FF37     		.short	14335
 8825 4472 FF37     		.short	14335
 8826 4474 FF37     		.short	14335
 8827 4476 FF37     		.short	14335
 8828 4478 FF37     		.short	14335
 8829 447a FF37     		.short	14335
 8830 447c FF37     		.short	14335
 8831 447e FF37     		.short	14335
 8832 4480 FF17     		.short	6143
 8833 4482 FF37     		.short	14335
 8834 4484 FF58     		.short	22783
 8835 4486 FF37     		.short	14335
 8836 4488 FF17     		.short	6143
 8837 448a FF58     		.short	22783
 8838 448c FEF7     		.short	-2050
 8839 448e DDD2     		.short	-11555
 8840 4490 D46E     		.short	28372
 8841 4492 D48E     		.short	-28972
 8842 4494 C42D     		.short	11716
 8843 4496 E5D3     		.short	-11291
 8844 4498 FF17     		.short	6143
 8845 449a FF99     		.short	-26113
ARM GAS  /tmp/ccXeXMPx.s 			page 156


 8846 449c EEF7     		.short	-2066
 8847 449e FF58     		.short	22783
 8848 44a0 FF37     		.short	14335
 8849 44a2 FF37     		.short	14335
 8850 44a4 FF37     		.short	14335
 8851 44a6 FF37     		.short	14335
 8852 44a8 FF37     		.short	14335
 8853 44aa FF37     		.short	14335
 8854 44ac FF37     		.short	14335
 8855 44ae FF37     		.short	14335
 8856 44b0 FF38     		.short	14591
 8857 44b2 FF17     		.short	6143
 8858 44b4 FF37     		.short	14335
 8859 44b6 F716     		.short	5879
 8860 44b8 FF37     		.short	14335
 8861 44ba FF58     		.short	22783
 8862 44bc FF18     		.short	6399
 8863 44be FF79     		.short	31231
 8864 44c0 8B8C     		.short	-29557
 8865 44c2 9C2C     		.short	11420
 8866 44c4 FF56     		.short	22271
 8867 44c6 F713     		.short	5111
 8868 44c8 D62E     		.short	11990
 8869 44ca FF74     		.short	29951
 8870 44cc E671     		.short	29158
 8871 44ce FF54     		.short	21759
 8872 44d0 FFB5     		.short	-18945
 8873 44d2 93AB     		.short	-21613
 8874 44d4 AC2B     		.short	11180
 8875 44d6 BCEE     		.short	-4420
 8876 44d8 F713     		.short	5111
 8877 44da FFF4     		.short	-2817
 8878 44dc A46E     		.short	28324
 8879 44de 30C2     		.short	-15824
 8880 44e0 8B8C     		.short	-29557
 8881 44e2 738C     		.short	-29581
 8882 44e4 94B1     		.short	-20076
 8883 44e6 4904     		.short	1097
 8884 44e8 6863     		.short	25448
 8885 44ea 8043     		.short	17280
 8886 44ec A906     		.short	1705
 8887 44ee A022     		.short	8864
 8888 44f0 A0A4     		.short	-23392
 8889 44f2 A105     		.short	1441
 8890 44f4 A946     		.short	18089
 8891 44f6 B1A7     		.short	-22607
 8892 44f8 B28A     		.short	-30030
 8893 44fa CB2E     		.short	11979
 8894 44fc CC32     		.short	13004
 8895 44fe 0000     		.short	0
 8896 4500 0000     		.short	0
 8897 4502 FFFF     		.short	-1
 8898 4504 FFFF     		.short	-1
 8899 4506 FFFF     		.short	-1
 8900 4508 FFFF     		.short	-1
 8901 450a FFFF     		.short	-1
 8902 450c FFFF     		.short	-1
ARM GAS  /tmp/ccXeXMPx.s 			page 157


 8903 450e FFFF     		.short	-1
 8904 4510 FFFF     		.short	-1
 8905 4512 FFFF     		.short	-1
 8906 4514 FFFF     		.short	-1
 8907 4516 FFFF     		.short	-1
 8908 4518 FFFF     		.short	-1
 8909 451a FFDF     		.short	-8193
 8910 451c FFFE     		.short	-257
 8911 451e 8C2E     		.short	11916
 8912 4520 D610     		.short	4310
 8913 4522 A4F1     		.short	-3676
 8914 4524 BDB7     		.short	-18499
 8915 4526 8B8B     		.short	-29813
 8916 4528 C52D     		.short	11717
 8917 452a FF33     		.short	13311
 8918 452c FF95     		.short	-27137
 8919 452e EED2     		.short	-11538
 8920 4530 8329     		.short	10627
 8921 4532 F6F4     		.short	-2826
 8922 4534 FF73     		.short	29695
 8923 4536 FF75     		.short	30207
 8924 4538 DE31     		.short	12766
 8925 453a EED2     		.short	-11538
 8926 453c FF73     		.short	29695
 8927 453e F734     		.short	13559
 8928 4540 9C8B     		.short	-29796
 8929 4542 FFB9     		.short	-17921
 8930 4544 72E7     		.short	-6286
 8931 4546 832A     		.short	10883
 8932 4548 7247     		.short	18290
 8933 454a C48F     		.short	-28732
 8934 454c D4AF     		.short	-20524
 8935 454e D4AE     		.short	-20780
 8936 4550 CCCF     		.short	-12340
 8937 4552 F675     		.short	30198
 8938 4554 FF58     		.short	22783
 8939 4556 FF37     		.short	14335
 8940 4558 FF57     		.short	22527
 8941 455a FF37     		.short	14335
 8942 455c FF17     		.short	6143
 8943 455e FF37     		.short	14335
 8944 4560 FF37     		.short	14335
 8945 4562 FF37     		.short	14335
 8946 4564 FF57     		.short	22527
 8947 4566 FF57     		.short	22527
 8948 4568 FF57     		.short	22527
 8949 456a FF37     		.short	14335
 8950 456c FF37     		.short	14335
 8951 456e FF37     		.short	14335
 8952 4570 FF37     		.short	14335
 8953 4572 FF37     		.short	14335
 8954 4574 FF37     		.short	14335
 8955 4576 FF37     		.short	14335
 8956 4578 FF37     		.short	14335
 8957 457a FF37     		.short	14335
 8958 457c FF37     		.short	14335
 8959 457e FF37     		.short	14335
ARM GAS  /tmp/ccXeXMPx.s 			page 158


 8960 4580 FF17     		.short	6143
 8961 4582 FF58     		.short	22783
 8962 4584 FF78     		.short	30975
 8963 4586 FF37     		.short	14335
 8964 4588 F717     		.short	6135
 8965 458a FF37     		.short	14335
 8966 458c FF58     		.short	22783
 8967 458e F6B6     		.short	-18698
 8968 4590 E592     		.short	-27931
 8969 4592 C48E     		.short	-28988
 8970 4594 D510     		.short	4309
 8971 4596 F655     		.short	22006
 8972 4598 FF58     		.short	22783
 8973 459a FF99     		.short	-26113
 8974 459c FF58     		.short	22783
 8975 459e FF17     		.short	6143
 8976 45a0 FF37     		.short	14335
 8977 45a2 FF37     		.short	14335
 8978 45a4 FF37     		.short	14335
 8979 45a6 FF37     		.short	14335
 8980 45a8 FF37     		.short	14335
 8981 45aa FF37     		.short	14335
 8982 45ac FF37     		.short	14335
 8983 45ae FF37     		.short	14335
 8984 45b0 FF17     		.short	6143
 8985 45b2 FF38     		.short	14591
 8986 45b4 FF17     		.short	6143
 8987 45b6 FF58     		.short	22783
 8988 45b8 FF37     		.short	14335
 8989 45ba FF58     		.short	22783
 8990 45bc FF79     		.short	31231
 8991 45be BD51     		.short	20925
 8992 45c0 6A66     		.short	26218
 8993 45c2 D5F2     		.short	-3371
 8994 45c4 FF14     		.short	5375
 8995 45c6 F733     		.short	13303
 8996 45c8 CDAD     		.short	-21043
 8997 45ca FF95     		.short	-27137
 8998 45cc F6D2     		.short	-11530
 8999 45ce FF54     		.short	21759
 9000 45d0 FF95     		.short	-27137
 9001 45d2 8BAA     		.short	-21877
 9002 45d4 AC4C     		.short	19628
 9003 45d6 BCCE     		.short	-12612
 9004 45d8 F713     		.short	5111
 9005 45da FFD4     		.short	-11009
 9006 45dc 940C     		.short	3220
 9007 45de 30A2     		.short	-24016
 9008 45e0 838C     		.short	-29565
 9009 45e2 1880     		.short	-32744
 9010 45e4 3984     		.short	-31687
 9011 45e6 3800     		.short	56
 9012 45e8 88C6     		.short	-14712
 9013 45ea 7002     		.short	624
 9014 45ec 7001     		.short	368
 9015 45ee B0C5     		.short	-14928
 9016 45f0 A084     		.short	-31584
ARM GAS  /tmp/ccXeXMPx.s 			page 159


 9017 45f2 9905     		.short	1433
 9018 45f4 A946     		.short	18089
 9019 45f6 B1A7     		.short	-22607
 9020 45f8 B26A     		.short	27314
 9021 45fa CB2E     		.short	11979
 9022 45fc CC32     		.short	13004
 9023 45fe 0020     		.short	8192
 9024 4600 0000     		.short	0
 9025 4602 FFFF     		.short	-1
 9026 4604 FFFF     		.short	-1
 9027 4606 FFFF     		.short	-1
 9028 4608 FFFF     		.short	-1
 9029 460a FFFF     		.short	-1
 9030 460c FFFF     		.short	-1
 9031 460e FFFF     		.short	-1
 9032 4610 FFFF     		.short	-1
 9033 4612 FFFF     		.short	-1
 9034 4614 FFFF     		.short	-1
 9035 4616 FFFF     		.short	-1
 9036 4618 FFFF     		.short	-1
 9037 461a FFFF     		.short	-1
 9038 461c FFFE     		.short	-257
 9039 461e 9490     		.short	-28524
 9040 4620 CDEF     		.short	-4147
 9041 4622 A4F1     		.short	-3676
 9042 4624 CE19     		.short	6606
 9043 4626 8B6B     		.short	27531
 9044 4628 C50D     		.short	3525
 9045 462a EEF2     		.short	-3346
 9046 462c FF94     		.short	-27393
 9047 462e FF53     		.short	21503
 9048 4630 8B4A     		.short	19083
 9049 4632 E672     		.short	29414
 9050 4634 FF74     		.short	29951
 9051 4636 FF54     		.short	21759
 9052 4638 EED3     		.short	-11282
 9053 463a E690     		.short	-28442
 9054 463c FF74     		.short	29951
 9055 463e FF95     		.short	-27137
 9056 4640 A4AC     		.short	-21340
 9057 4642 FF37     		.short	14335
 9058 4644 940C     		.short	3220
 9059 4646 5A05     		.short	1370
 9060 4648 7268     		.short	26738
 9061 464a 8288     		.short	-30590
 9062 464c E531     		.short	12773
 9063 464e DCCF     		.short	-12324
 9064 4650 D4AF     		.short	-20524
 9065 4652 DD71     		.short	29149
 9066 4654 FEF7     		.short	-2050
 9067 4656 FF78     		.short	30975
 9068 4658 FF37     		.short	14335
 9069 465a FF57     		.short	22527
 9070 465c FF37     		.short	14335
 9071 465e FF37     		.short	14335
 9072 4660 FF37     		.short	14335
 9073 4662 FF37     		.short	14335
ARM GAS  /tmp/ccXeXMPx.s 			page 160


 9074 4664 FF37     		.short	14335
 9075 4666 FF37     		.short	14335
 9076 4668 FF37     		.short	14335
 9077 466a FF37     		.short	14335
 9078 466c FF57     		.short	22527
 9079 466e FF57     		.short	22527
 9080 4670 FF37     		.short	14335
 9081 4672 FF37     		.short	14335
 9082 4674 FF37     		.short	14335
 9083 4676 FF37     		.short	14335
 9084 4678 FF37     		.short	14335
 9085 467a FF37     		.short	14335
 9086 467c FF37     		.short	14335
 9087 467e FF37     		.short	14335
 9088 4680 FF17     		.short	6143
 9089 4682 FF58     		.short	22783
 9090 4684 FF57     		.short	22527
 9091 4686 FF37     		.short	14335
 9092 4688 FF37     		.short	14335
 9093 468a FF37     		.short	14335
 9094 468c FF58     		.short	22783
 9095 468e FF37     		.short	14335
 9096 4690 FED6     		.short	-10498
 9097 4692 EE34     		.short	13550
 9098 4694 EE14     		.short	5358
 9099 4696 FF37     		.short	14335
 9100 4698 FF58     		.short	22783
 9101 469a F757     		.short	22519
 9102 469c F6F6     		.short	-2314
 9103 469e FF38     		.short	14591
 9104 46a0 FF37     		.short	14335
 9105 46a2 FF37     		.short	14335
 9106 46a4 FF37     		.short	14335
 9107 46a6 FF37     		.short	14335
 9108 46a8 FF37     		.short	14335
 9109 46aa FF37     		.short	14335
 9110 46ac FF37     		.short	14335
 9111 46ae FF37     		.short	14335
 9112 46b0 FF17     		.short	6143
 9113 46b2 FF37     		.short	14335
 9114 46b4 FF37     		.short	14335
 9115 46b6 FF58     		.short	22783
 9116 46b8 FF37     		.short	14335
 9117 46ba FF79     		.short	31231
 9118 46bc E696     		.short	-26906
 9119 46be 7B4A     		.short	19067
 9120 46c0 9BCA     		.short	-13669
 9121 46c2 E652     		.short	21222
 9122 46c4 FFB6     		.short	-18689
 9123 46c6 E691     		.short	-28186
 9124 46c8 C58D     		.short	-29243
 9125 46ca FF76     		.short	30463
 9126 46cc FF34     		.short	13567
 9127 46ce FF33     		.short	13311
 9128 46d0 FF95     		.short	-27137
 9129 46d2 93AA     		.short	-21869
 9130 46d4 AC4C     		.short	19628
ARM GAS  /tmp/ccXeXMPx.s 			page 161


 9131 46d6 BCCE     		.short	-12612
 9132 46d8 FF54     		.short	21759
 9133 46da FFB4     		.short	-19201
 9134 46dc 838A     		.short	-30077
 9135 46de 3061     		.short	24880
 9136 46e0 7BAB     		.short	-21637
 9137 46e2 38C1     		.short	-16072
 9138 46e4 2840     		.short	16424
 9139 46e6 3821     		.short	8504
 9140 46e8 6843     		.short	17256
 9141 46ea 78C4     		.short	-15240
 9142 46ec 5841     		.short	16728
 9143 46ee 7062     		.short	25200
 9144 46f0 9864     		.short	25752
 9145 46f2 98E5     		.short	-6760
 9146 46f4 A946     		.short	18089
 9147 46f6 A9A7     		.short	-22615
 9148 46f8 B26A     		.short	27314
 9149 46fa C30E     		.short	3779
 9150 46fc CC32     		.short	13004
 9151 46fe 0020     		.short	8192
 9152 4700 0000     		.short	0
 9153 4702 FFFF     		.short	-1
 9154 4704 FFFF     		.short	-1
 9155 4706 FFFF     		.short	-1
 9156 4708 FFFF     		.short	-1
 9157 470a FFFF     		.short	-1
 9158 470c FFFF     		.short	-1
 9159 470e FFFF     		.short	-1
 9160 4710 FFFF     		.short	-1
 9161 4712 FFFF     		.short	-1
 9162 4714 FFFF     		.short	-1
 9163 4716 FFFF     		.short	-1
 9164 4718 FFFF     		.short	-1
 9165 471a FFFF     		.short	-1
 9166 471c FFFE     		.short	-257
 9167 471e 9CD1     		.short	-11876
 9168 4720 CDCF     		.short	-12339
 9169 4722 9CF1     		.short	-3684
 9170 4724 CE5A     		.short	23246
 9171 4726 8B6B     		.short	27531
 9172 4728 BCEC     		.short	-4932
 9173 472a EED2     		.short	-11538
 9174 472c FF94     		.short	-27393
 9175 472e FF94     		.short	-27393
 9176 4730 93AC     		.short	-21357
 9177 4732 D5F0     		.short	-3883
 9178 4734 FF73     		.short	29695
 9179 4736 FF54     		.short	21759
 9180 4738 FF34     		.short	13567
 9181 473a E670     		.short	28902
 9182 473c FF94     		.short	-27393
 9183 473e FF95     		.short	-27137
 9184 4740 C54F     		.short	20421
 9185 4742 CDD1     		.short	-11827
 9186 4744 CDB3     		.short	-19507
 9187 4746 834A     		.short	19075
ARM GAS  /tmp/ccXeXMPx.s 			page 162


 9188 4748 A40E     		.short	3748
 9189 474a 5163     		.short	25425
 9190 474c 9B29     		.short	10651
 9191 474e DCEF     		.short	-4132
 9192 4750 DCAF     		.short	-20516
 9193 4752 CC6E     		.short	28364
 9194 4754 EE34     		.short	13550
 9195 4756 FF58     		.short	22783
 9196 4758 F737     		.short	14327
 9197 475a FF78     		.short	30975
 9198 475c FF78     		.short	30975
 9199 475e FF17     		.short	6143
 9200 4760 FF37     		.short	14335
 9201 4762 FF37     		.short	14335
 9202 4764 FF37     		.short	14335
 9203 4766 FF37     		.short	14335
 9204 4768 FF37     		.short	14335
 9205 476a FF37     		.short	14335
 9206 476c FF57     		.short	22527
 9207 476e FF57     		.short	22527
 9208 4770 FF37     		.short	14335
 9209 4772 FF37     		.short	14335
 9210 4774 FF37     		.short	14335
 9211 4776 FF37     		.short	14335
 9212 4778 FF37     		.short	14335
 9213 477a FF37     		.short	14335
 9214 477c FF37     		.short	14335
 9215 477e FF37     		.short	14335
 9216 4780 FF17     		.short	6143
 9217 4782 FF37     		.short	14335
 9218 4784 FF17     		.short	6143
 9219 4786 FF37     		.short	14335
 9220 4788 FF58     		.short	22783
 9221 478a FF37     		.short	14335
 9222 478c FF17     		.short	6143
 9223 478e FF17     		.short	6143
 9224 4790 FF79     		.short	31231
 9225 4792 F6F7     		.short	-2058
 9226 4794 FF38     		.short	14591
 9227 4796 FF17     		.short	6143
 9228 4798 F736     		.short	14071
 9229 479a FF57     		.short	22527
 9230 479c FF58     		.short	22783
 9231 479e FEF7     		.short	-2050
 9232 47a0 FF37     		.short	14335
 9233 47a2 FF37     		.short	14335
 9234 47a4 FF37     		.short	14335
 9235 47a6 FF37     		.short	14335
 9236 47a8 FF37     		.short	14335
 9237 47aa FF37     		.short	14335
 9238 47ac FF37     		.short	14335
 9239 47ae FF37     		.short	14335
 9240 47b0 FF37     		.short	14335
 9241 47b2 FF17     		.short	6143
 9242 47b4 FF58     		.short	22783
 9243 47b6 F6F6     		.short	-2314
 9244 47b8 FF78     		.short	30975
ARM GAS  /tmp/ccXeXMPx.s 			page 163


 9245 47ba FF58     		.short	22783
 9246 47bc ACCF     		.short	-12372
 9247 47be 7B29     		.short	10619
 9248 47c0 BCED     		.short	-4676
 9249 47c2 EE72     		.short	29422
 9250 47c4 FF74     		.short	29951
 9251 47c6 CDAD     		.short	-21043
 9252 47c8 D5F0     		.short	-3883
 9253 47ca FF55     		.short	22015
 9254 47cc FF55     		.short	22015
 9255 47ce FF53     		.short	21503
 9256 47d0 FF75     		.short	30207
 9257 47d2 93AA     		.short	-21869
 9258 47d4 B46D     		.short	28084
 9259 47d6 BCCE     		.short	-12612
 9260 47d8 FF75     		.short	30207
 9261 47da FFB3     		.short	-19457
 9262 47dc 7B09     		.short	2427
 9263 47de 2841     		.short	16680
 9264 47e0 6BAA     		.short	-21909
 9265 47e2 3000     		.short	48
 9266 47e4 4062     		.short	25152
 9267 47e6 2821     		.short	8488
 9268 47e8 4000     		.short	64
 9269 47ea 68E4     		.short	-7064
 9270 47ec 3820     		.short	8248
 9271 47ee 4040     		.short	16448
 9272 47f0 9863     		.short	25496
 9273 47f2 98E5     		.short	-6760
 9274 47f4 A926     		.short	9897
 9275 47f6 A9A7     		.short	-22615
 9276 47f8 AA6A     		.short	27306
 9277 47fa C30D     		.short	3523
 9278 47fc CC32     		.short	13004
 9279 47fe 0020     		.short	8192
 9280 4800 0000     		.short	0
 9281 4802 FFFF     		.short	-1
 9282 4804 FFFF     		.short	-1
 9283 4806 FFFF     		.short	-1
 9284 4808 FFFF     		.short	-1
 9285 480a FFFF     		.short	-1
 9286 480c FFFF     		.short	-1
 9287 480e FFFF     		.short	-1
 9288 4810 FFFF     		.short	-1
 9289 4812 FFFF     		.short	-1
 9290 4814 FFFF     		.short	-1
 9291 4816 FFFF     		.short	-1
 9292 4818 FFDF     		.short	-8193
 9293 481a FFFF     		.short	-1
 9294 481c FFFF     		.short	-1
 9295 481e AD75     		.short	30125
 9296 4820 BD6F     		.short	28605
 9297 4822 AD2F     		.short	12205
 9298 4824 DEBB     		.short	-17442
 9299 4826 838C     		.short	-29565
 9300 4828 B48D     		.short	-29260
 9301 482a EE32     		.short	13038
ARM GAS  /tmp/ccXeXMPx.s 			page 164


 9302 482c FFB3     		.short	-19457
 9303 482e F7D5     		.short	-10761
 9304 4830 9C2C     		.short	11420
 9305 4832 BD2F     		.short	12221
 9306 4834 FF94     		.short	-27393
 9307 4836 FFB2     		.short	-19713
 9308 4838 FF54     		.short	21759
 9309 483a EEB2     		.short	-19730
 9310 483c FF53     		.short	21503
 9311 483e FF55     		.short	22015
 9312 4840 DE6F     		.short	28638
 9313 4842 940C     		.short	3220
 9314 4844 FF78     		.short	30975
 9315 4846 8309     		.short	2435
 9316 4848 CCF1     		.short	-3636
 9317 484a C4AE     		.short	-20796
 9318 484c 5966     		.short	26201
 9319 484e A3ED     		.short	-4701
 9320 4850 E4B1     		.short	-19996
 9321 4852 D44E     		.short	20180
 9322 4854 DCCF     		.short	-12324
 9323 4856 FEF5     		.short	-2562
 9324 4858 FF97     		.short	-26625
 9325 485a F777     		.short	30711
 9326 485c F757     		.short	22519
 9327 485e FF39     		.short	14847
 9328 4860 FF58     		.short	22783
 9329 4862 FF37     		.short	14335
 9330 4864 FF58     		.short	22783
 9331 4866 FF57     		.short	22527
 9332 4868 FF17     		.short	6143
 9333 486a FF37     		.short	14335
 9334 486c FF37     		.short	14335
 9335 486e FF17     		.short	6143
 9336 4870 FF37     		.short	14335
 9337 4872 FF37     		.short	14335
 9338 4874 FF37     		.short	14335
 9339 4876 FF37     		.short	14335
 9340 4878 FF37     		.short	14335
 9341 487a FF37     		.short	14335
 9342 487c FF37     		.short	14335
 9343 487e FF37     		.short	14335
 9344 4880 FEF7     		.short	-2050
 9345 4882 FF17     		.short	6143
 9346 4884 FF37     		.short	14335
 9347 4886 FF17     		.short	6143
 9348 4888 FF37     		.short	14335
 9349 488a FF37     		.short	14335
 9350 488c FF57     		.short	22527
 9351 488e FF37     		.short	14335
 9352 4890 FF37     		.short	14335
 9353 4892 FF58     		.short	22783
 9354 4894 FF58     		.short	22783
 9355 4896 FF37     		.short	14335
 9356 4898 FF38     		.short	14591
 9357 489a FF58     		.short	22783
 9358 489c FF58     		.short	22783
ARM GAS  /tmp/ccXeXMPx.s 			page 165


 9359 489e FF18     		.short	6399
 9360 48a0 FF58     		.short	22783
 9361 48a2 FF79     		.short	31231
 9362 48a4 F717     		.short	6135
 9363 48a6 FF17     		.short	6143
 9364 48a8 FF38     		.short	14591
 9365 48aa FF38     		.short	14591
 9366 48ac FF78     		.short	30975
 9367 48ae FF37     		.short	14335
 9368 48b0 FF38     		.short	14591
 9369 48b2 FF58     		.short	22783
 9370 48b4 FF37     		.short	14335
 9371 48b6 F737     		.short	14327
 9372 48b8 FF99     		.short	-26113
 9373 48ba CDF4     		.short	-2867
 9374 48bc 51A3     		.short	-23727
 9375 48be C4B1     		.short	-20028
 9376 48c0 BCAC     		.short	-21316
 9377 48c2 FED3     		.short	-11266
 9378 48c4 FF75     		.short	30207
 9379 48c6 C54F     		.short	20421
 9380 48c8 D5D0     		.short	-12075
 9381 48ca FF74     		.short	29951
 9382 48cc FF73     		.short	29695
 9383 48ce FF34     		.short	13567
 9384 48d0 FF93     		.short	-27649
 9385 48d2 834A     		.short	19075
 9386 48d4 AC4D     		.short	19884
 9387 48d6 CD4F     		.short	20429
 9388 48d8 FF33     		.short	13311
 9389 48da FF94     		.short	-27393
 9390 48dc 7288     		.short	-30606
 9391 48de 3000     		.short	48
 9392 48e0 7B0B     		.short	2939
 9393 48e2 40A2     		.short	-24000
 9394 48e4 3801     		.short	312
 9395 48e6 3000     		.short	48
 9396 48e8 2800     		.short	40
 9397 48ea 2841     		.short	16680
 9398 48ec 4041     		.short	16704
 9399 48ee 5821     		.short	8536
 9400 48f0 4800     		.short	72
 9401 48f2 70A3     		.short	-23696
 9402 48f4 9966     		.short	26265
 9403 48f6 B1C8     		.short	-14159
 9404 48f8 AA09     		.short	2474
 9405 48fa AB0C     		.short	3243
 9406 48fc C4B3     		.short	-19516
 9407 48fe 0800     		.short	8
 9408 4900 0000     		.short	0
 9409 4902 FFFF     		.short	-1
 9410 4904 FFFF     		.short	-1
 9411 4906 FFFF     		.short	-1
 9412 4908 FFFF     		.short	-1
 9413 490a FFFF     		.short	-1
 9414 490c FFFF     		.short	-1
 9415 490e FFFF     		.short	-1
ARM GAS  /tmp/ccXeXMPx.s 			page 166


 9416 4910 FFFF     		.short	-1
 9417 4912 FFFF     		.short	-1
 9418 4914 FFFF     		.short	-1
 9419 4916 FFFF     		.short	-1
 9420 4918 FFDF     		.short	-8193
 9421 491a FFFF     		.short	-1
 9422 491c FFFF     		.short	-1
 9423 491e B596     		.short	-26955
 9424 4920 BD4E     		.short	20157
 9425 4922 AD2F     		.short	12205
 9426 4924 E6FC     		.short	-794
 9427 4926 8BCD     		.short	-12917
 9428 4928 B46D     		.short	28084
 9429 492a E5F1     		.short	-3611
 9430 492c FF92     		.short	-27905
 9431 492e FFD5     		.short	-10753
 9432 4930 AC8D     		.short	-29268
 9433 4932 ACAD     		.short	-21076
 9434 4934 FF74     		.short	29951
 9435 4936 FF92     		.short	-27905
 9436 4938 FF54     		.short	21759
 9437 493a F6F3     		.short	-3082
 9438 493c FF53     		.short	21503
 9439 493e FF54     		.short	21759
 9440 4940 FF74     		.short	29951
 9441 4942 8C0B     		.short	2956
 9442 4944 EEF4     		.short	-2834
 9443 4946 9BCB     		.short	-13413
 9444 4948 CCB0     		.short	-20276
 9445 494a E570     		.short	28901
 9446 494c B3AC     		.short	-21325
 9447 494e 8288     		.short	-30590
 9448 4950 DCCF     		.short	-12324
 9449 4952 D48E     		.short	-28972
 9450 4954 DCCF     		.short	-12324
 9451 4956 DD71     		.short	29149
 9452 4958 FF78     		.short	30975
 9453 495a F737     		.short	14327
 9454 495c FF58     		.short	22783
 9455 495e FF38     		.short	14591
 9456 4960 FF37     		.short	14335
 9457 4962 FF37     		.short	14335
 9458 4964 FF57     		.short	22527
 9459 4966 FF57     		.short	22527
 9460 4968 FF37     		.short	14335
 9461 496a FF58     		.short	22783
 9462 496c FF78     		.short	30975
 9463 496e FF37     		.short	14335
 9464 4970 FF37     		.short	14335
 9465 4972 FF37     		.short	14335
 9466 4974 FF37     		.short	14335
 9467 4976 FF37     		.short	14335
 9468 4978 FF37     		.short	14335
 9469 497a FF37     		.short	14335
 9470 497c FF37     		.short	14335
 9471 497e FF37     		.short	14335
 9472 4980 FF58     		.short	22783
ARM GAS  /tmp/ccXeXMPx.s 			page 167


 9473 4982 FF37     		.short	14335
 9474 4984 FF17     		.short	6143
 9475 4986 FF17     		.short	6143
 9476 4988 FF37     		.short	14335
 9477 498a FF58     		.short	22783
 9478 498c FF37     		.short	14335
 9479 498e F6F7     		.short	-2058
 9480 4990 FF58     		.short	22783
 9481 4992 FF37     		.short	14335
 9482 4994 FF37     		.short	14335
 9483 4996 FF58     		.short	22783
 9484 4998 FF38     		.short	14591
 9485 499a F6F7     		.short	-2058
 9486 499c FF18     		.short	6399
 9487 499e FF79     		.short	31231
 9488 49a0 C570     		.short	28869
 9489 49a2 F6F7     		.short	-2058
 9490 49a4 FF79     		.short	31231
 9491 49a6 FF58     		.short	22783
 9492 49a8 FF37     		.short	14335
 9493 49aa F6F7     		.short	-2058
 9494 49ac FF17     		.short	6143
 9495 49ae FF17     		.short	6143
 9496 49b0 FF58     		.short	22783
 9497 49b2 FF37     		.short	14335
 9498 49b4 FF37     		.short	14335
 9499 49b6 FF9A     		.short	-25857
 9500 49b8 EF19     		.short	6639
 9501 49ba 3984     		.short	-31687
 9502 49bc 51A4     		.short	-23471
 9503 49be CD10     		.short	4301
 9504 49c0 BCED     		.short	-4676
 9505 49c2 FF14     		.short	5375
 9506 49c4 FF54     		.short	21759
 9507 49c6 C52E     		.short	11973
 9508 49c8 D5F1     		.short	-3627
 9509 49ca FF94     		.short	-27393
 9510 49cc FF73     		.short	29695
 9511 49ce FF54     		.short	21759
 9512 49d0 EF12     		.short	4847
 9513 49d2 7B09     		.short	2427
 9514 49d4 B48E     		.short	-29004
 9515 49d6 C50E     		.short	3781
 9516 49d8 FF33     		.short	13311
 9517 49da FF74     		.short	29951
 9518 49dc 59E6     		.short	-6567
 9519 49de 3041     		.short	16688
 9520 49e0 730A     		.short	2675
 9521 49e2 3060     		.short	24624
 9522 49e4 3800     		.short	56
 9523 49e6 3821     		.short	8504
 9524 49e8 2820     		.short	8232
 9525 49ea 2840     		.short	16424
 9526 49ec 3841     		.short	16696
 9527 49ee 4000     		.short	64
 9528 49f0 5082     		.short	-32176
 9529 49f2 5021     		.short	8528
ARM GAS  /tmp/ccXeXMPx.s 			page 168


 9530 49f4 6862     		.short	25192
 9531 49f6 9166     		.short	26257
 9532 49f8 AA8A     		.short	-30038
 9533 49fa A32C     		.short	11427
 9534 49fc 9C10     		.short	4252
 9535 49fe 0820     		.short	8200
 9536 4a00 0000     		.short	0
 9537 4a02 FFFF     		.short	-1
 9538 4a04 FFFF     		.short	-1
 9539 4a06 FFFF     		.short	-1
 9540 4a08 FFFF     		.short	-1
 9541 4a0a FFFF     		.short	-1
 9542 4a0c FFFF     		.short	-1
 9543 4a0e FFFF     		.short	-1
 9544 4a10 FFFF     		.short	-1
 9545 4a12 FFFF     		.short	-1
 9546 4a14 FFFF     		.short	-1
 9547 4a16 FFFF     		.short	-1
 9548 4a18 FFFF     		.short	-1
 9549 4a1a FFFF     		.short	-1
 9550 4a1c FFFF     		.short	-1
 9551 4a1e B5B6     		.short	-18763
 9552 4a20 ACED     		.short	-4692
 9553 4a22 AD50     		.short	20653
 9554 4a24 EF3D     		.short	15855
 9555 4a26 942F     		.short	12180
 9556 4a28 AC4C     		.short	19628
 9557 4a2a DD90     		.short	-28451
 9558 4a2c FF72     		.short	29439
 9559 4a2e FFD5     		.short	-10753
 9560 4a30 BD2F     		.short	12221
 9561 4a32 93EA     		.short	-5485
 9562 4a34 FF74     		.short	29951
 9563 4a36 FF92     		.short	-27905
 9564 4a38 FF54     		.short	21759
 9565 4a3a FF54     		.short	21759
 9566 4a3c FF73     		.short	29695
 9567 4a3e FF34     		.short	13567
 9568 4a40 FFD7     		.short	-10241
 9569 4a42 8C2B     		.short	11148
 9570 4a44 CE2E     		.short	11982
 9571 4a46 CD90     		.short	-28467
 9572 4a48 9B4C     		.short	19611
 9573 4a4a E530     		.short	12517
 9574 4a4c EDB2     		.short	-19731
 9575 4a4e ABCD     		.short	-12885
 9576 4a50 8B07     		.short	1931
 9577 4a52 DD31     		.short	12765
 9578 4a54 D48F     		.short	-28716
 9579 4a56 CC8F     		.short	-28724
 9580 4a58 EDF4     		.short	-2835
 9581 4a5a FF79     		.short	31231
 9582 4a5c F6F7     		.short	-2058
 9583 4a5e FF58     		.short	22783
 9584 4a60 FF58     		.short	22783
 9585 4a62 FF57     		.short	22527
 9586 4a64 FF57     		.short	22527
ARM GAS  /tmp/ccXeXMPx.s 			page 169


 9587 4a66 FF37     		.short	14335
 9588 4a68 FF37     		.short	14335
 9589 4a6a FF57     		.short	22527
 9590 4a6c FF58     		.short	22783
 9591 4a6e FF37     		.short	14335
 9592 4a70 FF37     		.short	14335
 9593 4a72 FF37     		.short	14335
 9594 4a74 FF37     		.short	14335
 9595 4a76 FF37     		.short	14335
 9596 4a78 FF37     		.short	14335
 9597 4a7a FF37     		.short	14335
 9598 4a7c FF37     		.short	14335
 9599 4a7e FF37     		.short	14335
 9600 4a80 FF37     		.short	14335
 9601 4a82 FF37     		.short	14335
 9602 4a84 FF58     		.short	22783
 9603 4a86 FF38     		.short	14591
 9604 4a88 FF38     		.short	14591
 9605 4a8a FF38     		.short	14591
 9606 4a8c FF59     		.short	23039
 9607 4a8e FF59     		.short	23039
 9608 4a90 F717     		.short	6135
 9609 4a92 FF38     		.short	14591
 9610 4a94 FF38     		.short	14591
 9611 4a96 FF38     		.short	14591
 9612 4a98 FF79     		.short	31231
 9613 4a9a FF18     		.short	6399
 9614 4a9c CDB2     		.short	-19763
 9615 4a9e 940C     		.short	3220
 9616 4aa0 B50F     		.short	4021
 9617 4aa2 EED6     		.short	-10514
 9618 4aa4 FF58     		.short	22783
 9619 4aa6 FF37     		.short	14335
 9620 4aa8 FF38     		.short	14591
 9621 4aaa FF38     		.short	14591
 9622 4aac FF58     		.short	22783
 9623 4aae FF58     		.short	22783
 9624 4ab0 FEF7     		.short	-2050
 9625 4ab2 FF57     		.short	22527
 9626 4ab4 FF57     		.short	22527
 9627 4ab6 F73A     		.short	15095
 9628 4ab8 6B0D     		.short	3435
 9629 4aba 1883     		.short	-31976
 9630 4abc 72C9     		.short	-13966
 9631 4abe BCCE     		.short	-12612
 9632 4ac0 C52E     		.short	11973
 9633 4ac2 FF34     		.short	13567
 9634 4ac4 FEF3     		.short	-3074
 9635 4ac6 BCED     		.short	-4676
 9636 4ac8 D5F1     		.short	-3627
 9637 4aca FF94     		.short	-27393
 9638 4acc FF73     		.short	29695
 9639 4ace FF75     		.short	30207
 9640 4ad0 E6B1     		.short	-19994
 9641 4ad2 7AE8     		.short	-6022
 9642 4ad4 BCCF     		.short	-12356
 9643 4ad6 C50E     		.short	3781
ARM GAS  /tmp/ccXeXMPx.s 			page 170


 9644 4ad8 FF94     		.short	-27393
 9645 4ada F754     		.short	21751
 9646 4adc 4164     		.short	25665
 9647 4ade 2861     		.short	24872
 9648 4ae0 62A8     		.short	-22430
 9649 4ae2 38E2     		.short	-7624
 9650 4ae4 3820     		.short	8248
 9651 4ae6 3800     		.short	56
 9652 4ae8 2820     		.short	8232
 9653 4aea 1800     		.short	24
 9654 4aec 2000     		.short	32
 9655 4aee 40A2     		.short	-24000
 9656 4af0 3041     		.short	16688
 9657 4af2 4061     		.short	24896
 9658 4af4 58A2     		.short	-23976
 9659 4af6 7124     		.short	9329
 9660 4af8 8A48     		.short	18570
 9661 4afa 934C     		.short	19603
 9662 4afc 9C71     		.short	29084
 9663 4afe 0000     		.short	0
 9664 4b00 0000     		.short	0
 9665 4b02 FFFF     		.short	-1
 9666 4b04 FFFF     		.short	-1
 9667 4b06 FFFF     		.short	-1
 9668 4b08 FFFF     		.short	-1
 9669 4b0a FFFF     		.short	-1
 9670 4b0c FFFF     		.short	-1
 9671 4b0e FFFF     		.short	-1
 9672 4b10 FFFF     		.short	-1
 9673 4b12 FFFF     		.short	-1
 9674 4b14 FFFF     		.short	-1
 9675 4b16 FFFF     		.short	-1
 9676 4b18 FFFF     		.short	-1
 9677 4b1a FFFF     		.short	-1
 9678 4b1c FFFF     		.short	-1
 9679 4b1e C618     		.short	6342
 9680 4b20 A46C     		.short	27812
 9681 4b22 AD30     		.short	12461
 9682 4b24 EF5D     		.short	24047
 9683 4b26 A4B1     		.short	-20060
 9684 4b28 A42C     		.short	11428
 9685 4b2a D54F     		.short	20437
 9686 4b2c FF52     		.short	21247
 9687 4b2e FFB5     		.short	-18945
 9688 4b30 D5F1     		.short	-3627
 9689 4b32 8368     		.short	26755
 9690 4b34 FF34     		.short	13567
 9691 4b36 FF73     		.short	29695
 9692 4b38 FF54     		.short	21759
 9693 4b3a FF54     		.short	21759
 9694 4b3c FF53     		.short	21503
 9695 4b3e FF14     		.short	5375
 9696 4b40 FFB7     		.short	-18433
 9697 4b42 AD0F     		.short	4013
 9698 4b44 9489     		.short	-30316
 9699 4b46 EED3     		.short	-11282
 9700 4b48 59A5     		.short	-23207
ARM GAS  /tmp/ccXeXMPx.s 			page 171


 9701 4b4a 82AA     		.short	-21886
 9702 4b4c A3ED     		.short	-4701
 9703 4b4e 9C10     		.short	4252
 9704 4b50 3924     		.short	9273
 9705 4b52 938D     		.short	-29293
 9706 4b54 D4F2     		.short	-3372
 9707 4b56 CC6E     		.short	28364
 9708 4b58 DCEF     		.short	-4132
 9709 4b5a F654     		.short	21750
 9710 4b5c FF58     		.short	22783
 9711 4b5e F738     		.short	14583
 9712 4b60 FF37     		.short	14335
 9713 4b62 FF37     		.short	14335
 9714 4b64 FF37     		.short	14335
 9715 4b66 FF57     		.short	22527
 9716 4b68 FF37     		.short	14335
 9717 4b6a FF37     		.short	14335
 9718 4b6c FF37     		.short	14335
 9719 4b6e FF37     		.short	14335
 9720 4b70 FF37     		.short	14335
 9721 4b72 FF37     		.short	14335
 9722 4b74 FF37     		.short	14335
 9723 4b76 FF37     		.short	14335
 9724 4b78 FF37     		.short	14335
 9725 4b7a FF37     		.short	14335
 9726 4b7c FF37     		.short	14335
 9727 4b7e FF37     		.short	14335
 9728 4b80 FF57     		.short	22527
 9729 4b82 FF17     		.short	6143
 9730 4b84 FF17     		.short	6143
 9731 4b86 FF38     		.short	14591
 9732 4b88 FF59     		.short	23039
 9733 4b8a FF5A     		.short	23295
 9734 4b8c FF5A     		.short	23295
 9735 4b8e FF7B     		.short	31743
 9736 4b90 FF9A     		.short	-25857
 9737 4b92 F738     		.short	14583
 9738 4b94 EEB6     		.short	-18706
 9739 4b96 DE75     		.short	30174
 9740 4b98 CDB2     		.short	-19763
 9741 4b9a B530     		.short	12469
 9742 4b9c BD71     		.short	29117
 9743 4b9e D614     		.short	5334
 9744 4ba0 FF17     		.short	6143
 9745 4ba2 FF99     		.short	-26113
 9746 4ba4 FF58     		.short	22783
 9747 4ba6 FF17     		.short	6143
 9748 4ba8 FF38     		.short	14591
 9749 4baa FF37     		.short	14335
 9750 4bac FF17     		.short	6143
 9751 4bae FEF6     		.short	-2306
 9752 4bb0 FF17     		.short	6143
 9753 4bb2 FF37     		.short	14335
 9754 4bb4 FF99     		.short	-26113
 9755 4bb6 A4D3     		.short	-11356
 9756 4bb8 1887     		.short	-30952
 9757 4bba 398B     		.short	-29895
ARM GAS  /tmp/ccXeXMPx.s 			page 172


 9758 4bbc 6ACA     		.short	-13718
 9759 4bbe BCED     		.short	-4676
 9760 4bc0 C54F     		.short	20421
 9761 4bc2 FF55     		.short	22015
 9762 4bc4 F6B2     		.short	-19722
 9763 4bc6 B4AC     		.short	-21324
 9764 4bc8 D5D0     		.short	-12075
 9765 4bca FF74     		.short	29951
 9766 4bcc FF73     		.short	29695
 9767 4bce FF75     		.short	30207
 9768 4bd0 D650     		.short	20694
 9769 4bd2 6A88     		.short	-30614
 9770 4bd4 BCCF     		.short	-12356
 9771 4bd6 CD4E     		.short	20173
 9772 4bd8 FF95     		.short	-27137
 9773 4bda E6F3     		.short	-3098
 9774 4bdc 3123     		.short	9009
 9775 4bde 1000     		.short	16
 9776 4be0 62E8     		.short	-6046
 9777 4be2 3902     		.short	569
 9778 4be4 3000     		.short	48
 9779 4be6 3000     		.short	48
 9780 4be8 3862     		.short	25144
 9781 4bea 2882     		.short	-32216
 9782 4bec 1800     		.short	24
 9783 4bee 1800     		.short	24
 9784 4bf0 2861     		.short	24872
 9785 4bf2 40E3     		.short	-7360
 9786 4bf4 48A2     		.short	-23992
 9787 4bf6 6965     		.short	25961
 9788 4bf8 7A48     		.short	18554
 9789 4bfa 82CB     		.short	-13438
 9790 4bfc A471     		.short	29092
 9791 4bfe 0800     		.short	8
 9792 4c00 0000     		.short	0
 9793 4c02 FFFF     		.short	-1
 9794 4c04 FFFF     		.short	-1
 9795 4c06 FFFF     		.short	-1
 9796 4c08 FFFF     		.short	-1
 9797 4c0a FFFF     		.short	-1
 9798 4c0c FFFF     		.short	-1
 9799 4c0e FFFF     		.short	-1
 9800 4c10 FFFF     		.short	-1
 9801 4c12 FFFF     		.short	-1
 9802 4c14 FFFF     		.short	-1
 9803 4c16 FFFF     		.short	-1
 9804 4c18 FFFF     		.short	-1
 9805 4c1a FFFF     		.short	-1
 9806 4c1c FFFF     		.short	-1
 9807 4c1e CE79     		.short	31182
 9808 4c20 9C2B     		.short	11164
 9809 4c22 B530     		.short	12469
 9810 4c24 E71D     		.short	7655
 9811 4c26 B533     		.short	13237
 9812 4c28 9BEB     		.short	-5221
 9813 4c2a CD2F     		.short	12237
 9814 4c2c F711     		.short	4599
ARM GAS  /tmp/ccXeXMPx.s 			page 173


 9815 4c2e FF95     		.short	-27137
 9816 4c30 EE93     		.short	-27666
 9817 4c32 7B47     		.short	18299
 9818 4c34 EED3     		.short	-11282
 9819 4c36 FF94     		.short	-27393
 9820 4c38 FF54     		.short	21759
 9821 4c3a FF53     		.short	21503
 9822 4c3c FF52     		.short	21247
 9823 4c3e F6F3     		.short	-3082
 9824 4c40 FF94     		.short	-27393
 9825 4c42 CE14     		.short	5326
 9826 4c44 5AC5     		.short	-15014
 9827 4c46 FFB5     		.short	-18945
 9828 4c48 7B4A     		.short	19067
 9829 4c4a 2065     		.short	25888
 9830 4c4c 20C6     		.short	-14816
 9831 4c4e 10E6     		.short	-6640
 9832 4c50 292B     		.short	11049
 9833 4c52 3948     		.short	18489
 9834 4c54 A3CF     		.short	-12381
 9835 4c56 DD31     		.short	12765
 9836 4c58 D4AD     		.short	-21036
 9837 4c5a D50E     		.short	3797
 9838 4c5c FEF6     		.short	-2306
 9839 4c5e FF58     		.short	22783
 9840 4c60 FF37     		.short	14335
 9841 4c62 FF17     		.short	6143
 9842 4c64 FF17     		.short	6143
 9843 4c66 FF57     		.short	22527
 9844 4c68 FF58     		.short	22783
 9845 4c6a FF57     		.short	22527
 9846 4c6c FF37     		.short	14335
 9847 4c6e FF37     		.short	14335
 9848 4c70 FF37     		.short	14335
 9849 4c72 FF37     		.short	14335
 9850 4c74 FF37     		.short	14335
 9851 4c76 FF37     		.short	14335
 9852 4c78 FF37     		.short	14335
 9853 4c7a FF37     		.short	14335
 9854 4c7c FF37     		.short	14335
 9855 4c7e FF37     		.short	14335
 9856 4c80 FF57     		.short	22527
 9857 4c82 FF57     		.short	22527
 9858 4c84 FF78     		.short	30975
 9859 4c86 FF58     		.short	22783
 9860 4c88 E676     		.short	30438
 9861 4c8a BD51     		.short	20925
 9862 4c8c A48F     		.short	-28764
 9863 4c8e A46F     		.short	28580
 9864 4c90 9C6D     		.short	28060
 9865 4c92 A46D     		.short	28068
 9866 4c94 B510     		.short	4277
 9867 4c96 D634     		.short	13526
 9868 4c98 EED7     		.short	-10258
 9869 4c9a EED7     		.short	-10258
 9870 4c9c F718     		.short	6391
 9871 4c9e FF79     		.short	31231
ARM GAS  /tmp/ccXeXMPx.s 			page 174


 9872 4ca0 FF79     		.short	31231
 9873 4ca2 FF38     		.short	14591
 9874 4ca4 F6F7     		.short	-2058
 9875 4ca6 FF17     		.short	6143
 9876 4ca8 FF38     		.short	14591
 9877 4caa FF37     		.short	14335
 9878 4cac FF37     		.short	14335
 9879 4cae FF37     		.short	14335
 9880 4cb0 F6F6     		.short	-2314
 9881 4cb2 FF98     		.short	-26369
 9882 4cb4 DE76     		.short	30430
 9883 4cb6 2926     		.short	9769
 9884 4cb8 316C     		.short	27697
 9885 4cba 314B     		.short	19249
 9886 4cbc 6ACA     		.short	-13718
 9887 4cbe C50C     		.short	3269
 9888 4cc0 CD8F     		.short	-28723
 9889 4cc2 FF75     		.short	30207
 9890 4cc4 E651     		.short	20966
 9891 4cc6 B48C     		.short	-29516
 9892 4cc8 DDF1     		.short	-3619
 9893 4cca FF74     		.short	29951
 9894 4ccc F752     		.short	21239
 9895 4cce FF95     		.short	-27137
 9896 4cd0 CE11     		.short	4558
 9897 4cd2 6A88     		.short	-30614
 9898 4cd4 C4EF     		.short	-4156
 9899 4cd6 D58F     		.short	-28715
 9900 4cd8 FF75     		.short	30207
 9901 4cda CE31     		.short	12750
 9902 4cdc 4A07     		.short	1866
 9903 4cde 20A2     		.short	-24032
 9904 4ce0 4A25     		.short	9546
 9905 4ce2 2080     		.short	-32736
 9906 4ce4 2841     		.short	16680
 9907 4ce6 3041     		.short	16688
 9908 4ce8 1800     		.short	24
 9909 4cea 1841     		.short	16664
 9910 4cec 2082     		.short	-32224
 9911 4cee 0800     		.short	8
 9912 4cf0 0800     		.short	8
 9913 4cf2 3082     		.short	-32208
 9914 4cf4 5104     		.short	1105
 9915 4cf6 6165     		.short	25953
 9916 4cf8 7A28     		.short	10362
 9917 4cfa 8B0B     		.short	2955
 9918 4cfc A431     		.short	12708
 9919 4cfe 1000     		.short	16
 9920 4d00 0000     		.short	0
 9921 4d02 FFFF     		.short	-1
 9922 4d04 FFFF     		.short	-1
 9923 4d06 FFFF     		.short	-1
 9924 4d08 FFFF     		.short	-1
 9925 4d0a FFFF     		.short	-1
 9926 4d0c FFFF     		.short	-1
 9927 4d0e FFFF     		.short	-1
 9928 4d10 FFFF     		.short	-1
ARM GAS  /tmp/ccXeXMPx.s 			page 175


 9929 4d12 FFFF     		.short	-1
 9930 4d14 FFFF     		.short	-1
 9931 4d16 FFFF     		.short	-1
 9932 4d18 FFFF     		.short	-1
 9933 4d1a FFFF     		.short	-1
 9934 4d1c FFFF     		.short	-1
 9935 4d1e DEFB     		.short	-1058
 9936 4d20 9C0B     		.short	2972
 9937 4d22 B530     		.short	12469
 9938 4d24 DEDC     		.short	-8994
 9939 4d26 C5D5     		.short	-10811
 9940 4d28 8BAA     		.short	-21877
 9941 4d2a C50E     		.short	3781
 9942 4d2c F6D1     		.short	-11786
 9943 4d2e FF95     		.short	-27137
 9944 4d30 F714     		.short	5367
 9945 4d32 8388     		.short	-30589
 9946 4d34 DE51     		.short	20958
 9947 4d36 FF74     		.short	29951
 9948 4d38 FF54     		.short	21759
 9949 4d3a FF53     		.short	21503
 9950 4d3c FF52     		.short	21247
 9951 4d3e EEB2     		.short	-19730
 9952 4d40 FF93     		.short	-27649
 9953 4d42 E6D5     		.short	-10778
 9954 4d44 41C5     		.short	-15039
 9955 4d46 D6B2     		.short	-19754
 9956 4d48 D693     		.short	-27690
 9957 4d4a 20A8     		.short	-22496
 9958 4d4c 31AE     		.short	-20943
 9959 4d4e 21CC     		.short	-13279
 9960 4d50 31B0     		.short	-20431
 9961 4d52 294C     		.short	19497
 9962 4d54 49A8     		.short	-22455
 9963 4d56 AC4E     		.short	20140
 9964 4d58 DD0E     		.short	3805
 9965 4d5a DD2E     		.short	11997
 9966 4d5c CD0F     		.short	4045
 9967 4d5e FEF7     		.short	-2050
 9968 4d60 FF78     		.short	30975
 9969 4d62 FF58     		.short	22783
 9970 4d64 FF37     		.short	14335
 9971 4d66 FF17     		.short	6143
 9972 4d68 FF57     		.short	22527
 9973 4d6a FF57     		.short	22527
 9974 4d6c FF37     		.short	14335
 9975 4d6e FF57     		.short	22527
 9976 4d70 FF37     		.short	14335
 9977 4d72 FF37     		.short	14335
 9978 4d74 FF37     		.short	14335
 9979 4d76 FF37     		.short	14335
 9980 4d78 FF37     		.short	14335
 9981 4d7a FF37     		.short	14335
 9982 4d7c FF37     		.short	14335
 9983 4d7e FF37     		.short	14335
 9984 4d80 FF17     		.short	6143
 9985 4d82 FF37     		.short	14335
ARM GAS  /tmp/ccXeXMPx.s 			page 176


 9986 4d84 FF38     		.short	14591
 9987 4d86 F6D7     		.short	-10250
 9988 4d88 CDD3     		.short	-11315
 9989 4d8a ACEF     		.short	-4180
 9990 4d8c ACCF     		.short	-12372
 9991 4d8e BD51     		.short	20925
 9992 4d90 DE55     		.short	21982
 9993 4d92 FF38     		.short	14591
 9994 4d94 FF9A     		.short	-25857
 9995 4d96 FF59     		.short	23039
 9996 4d98 F718     		.short	6391
 9997 4d9a FF58     		.short	22783
 9998 4d9c FF79     		.short	31231
 9999 4d9e FF58     		.short	22783
 10000 4da0 FF38     		.short	14591
 10001 4da2 FF17     		.short	6143
 10002 4da4 FF38     		.short	14591
 10003 4da6 FF58     		.short	22783
 10004 4da8 FF37     		.short	14335
 10005 4daa FF17     		.short	6143
 10006 4dac FF37     		.short	14335
 10007 4dae FF17     		.short	6143
 10008 4db0 FF78     		.short	30975
 10009 4db2 F738     		.short	14583
 10010 4db4 6AEB     		.short	-5270
 10011 4db6 1086     		.short	-31216
 10012 4db8 39EF     		.short	-4295
 10013 4dba 290A     		.short	2601
 10014 4dbc 836D     		.short	28035
 10015 4dbe BCEC     		.short	-4932
 10016 4dc0 D611     		.short	4566
 10017 4dc2 FF75     		.short	30207
 10018 4dc4 DDEF     		.short	-4131
 10019 4dc6 B48C     		.short	-29516
 10020 4dc8 DE11     		.short	4574
 10021 4dca FF74     		.short	29951
 10022 4dcc FF73     		.short	29695
 10023 4dce FFD6     		.short	-10497
 10024 4dd0 AD0E     		.short	3757
 10025 4dd2 6A68     		.short	26730
 10026 4dd4 BC8D     		.short	-29252
 10027 4dd6 DDD0     		.short	-12067
 10028 4dd8 FF95     		.short	-27137
 10029 4dda C611     		.short	4550
 10030 4ddc A4F3     		.short	-3164
 10031 4dde 9CB2     		.short	-19812
 10032 4de0 39C4     		.short	-15303
 10033 4de2 20A1     		.short	-24288
 10034 4de4 1000     		.short	16
 10035 4de6 1800     		.short	24
 10036 4de8 28A3     		.short	-23768
 10037 4dea 41C7     		.short	-14527
 10038 4dec 4A28     		.short	10314
 10039 4dee 4A49     		.short	18762
 10040 4df0 2904     		.short	1065
 10041 4df2 1000     		.short	16
 10042 4df4 4904     		.short	1097
ARM GAS  /tmp/ccXeXMPx.s 			page 177


 10043 4df6 6145     		.short	17761
 10044 4df8 71C7     		.short	-14479
 10045 4dfa 9B4D     		.short	19867
 10046 4dfc A431     		.short	12708
 10047 4dfe 0800     		.short	8
 10048 4e00 0000     		.short	0
 10049 4e02 FFFF     		.short	-1
 10050 4e04 FFFF     		.short	-1
 10051 4e06 FFFF     		.short	-1
 10052 4e08 FFFF     		.short	-1
 10053 4e0a FFFF     		.short	-1
 10054 4e0c FFFF     		.short	-1
 10055 4e0e FFFF     		.short	-1
 10056 4e10 FFFF     		.short	-1
 10057 4e12 FFFF     		.short	-1
 10058 4e14 FFFF     		.short	-1
 10059 4e16 FFFF     		.short	-1
 10060 4e18 FFFF     		.short	-1
 10061 4e1a FFFF     		.short	-1
 10062 4e1c FFFF     		.short	-1
 10063 4e1e EF5D     		.short	24047
 10064 4e20 9BEB     		.short	-5221
 10065 4e22 B551     		.short	20917
 10066 4e24 D6BC     		.short	-17194
 10067 4e26 D678     		.short	30934
 10068 4e28 8369     		.short	27011
 10069 4e2a BCCE     		.short	-12612
 10070 4e2c E670     		.short	28902
 10071 4e2e FF95     		.short	-27137
 10072 4e30 FF54     		.short	21759
 10073 4e32 93CA     		.short	-13677
 10074 4e34 C58F     		.short	-28731
 10075 4e36 FF74     		.short	29951
 10076 4e38 FF54     		.short	21759
 10077 4e3a FF53     		.short	21503
 10078 4e3c FF72     		.short	29439
 10079 4e3e E671     		.short	29158
 10080 4e40 FF73     		.short	29695
 10081 4e42 F754     		.short	21751
 10082 4e44 49E7     		.short	-6327
 10083 4e46 840A     		.short	2692
 10084 4e48 F794     		.short	-27401
 10085 4e4a 4A0A     		.short	2634
 10086 4e4c 316E     		.short	28209
 10087 4e4e 320F     		.short	3890
 10088 4e50 29B0     		.short	-20439
 10089 4e52 31CE     		.short	-12751
 10090 4e54 2128     		.short	10273
 10091 4e56 3944     		.short	17465
 10092 4e58 BC6F     		.short	28604
 10093 4e5a D4AF     		.short	-20524
 10094 4e5c C46D     		.short	28100
 10095 4e5e E5B2     		.short	-19739
 10096 4e60 F6F6     		.short	-2314
 10097 4e62 FF58     		.short	22783
 10098 4e64 FF58     		.short	22783
 10099 4e66 FF17     		.short	6143
ARM GAS  /tmp/ccXeXMPx.s 			page 178


 10100 4e68 FF17     		.short	6143
 10101 4e6a FF37     		.short	14335
 10102 4e6c FF37     		.short	14335
 10103 4e6e FF37     		.short	14335
 10104 4e70 FF37     		.short	14335
 10105 4e72 FF37     		.short	14335
 10106 4e74 FF37     		.short	14335
 10107 4e76 FF37     		.short	14335
 10108 4e78 FF37     		.short	14335
 10109 4e7a FF37     		.short	14335
 10110 4e7c FF37     		.short	14335
 10111 4e7e FF37     		.short	14335
 10112 4e80 FF58     		.short	22783
 10113 4e82 FF38     		.short	14591
 10114 4e84 FF58     		.short	22783
 10115 4e86 FF58     		.short	22783
 10116 4e88 FF58     		.short	22783
 10117 4e8a FF58     		.short	22783
 10118 4e8c FF79     		.short	31231
 10119 4e8e FFBA     		.short	-17665
 10120 4e90 FF38     		.short	14591
 10121 4e92 F718     		.short	6391
 10122 4e94 FF18     		.short	6399
 10123 4e96 FF58     		.short	22783
 10124 4e98 FF58     		.short	22783
 10125 4e9a F717     		.short	6135
 10126 4e9c F6F6     		.short	-2314
 10127 4e9e FF17     		.short	6143
 10128 4ea0 FF38     		.short	14591
 10129 4ea2 FF38     		.short	14591
 10130 4ea4 FF58     		.short	22783
 10131 4ea6 FF58     		.short	22783
 10132 4ea8 FF38     		.short	14591
 10133 4eaa FF38     		.short	14591
 10134 4eac FF37     		.short	14335
 10135 4eae FF37     		.short	14335
 10136 4eb0 FFFA     		.short	-1281
 10137 4eb2 944E     		.short	20116
 10138 4eb4 1064     		.short	25616
 10139 4eb6 39EE     		.short	-4551
 10140 4eb8 298E     		.short	-29143
 10141 4eba 2909     		.short	2345
 10142 4ebc 8B6D     		.short	28043
 10143 4ebe C4CD     		.short	-12860
 10144 4ec0 E673     		.short	29670
 10145 4ec2 FF75     		.short	30207
 10146 4ec4 CD8D     		.short	-29235
 10147 4ec6 B46C     		.short	27828
 10148 4ec8 E612     		.short	4838
 10149 4eca FF74     		.short	29951
 10150 4ecc F773     		.short	29687
 10151 4ece FFD6     		.short	-10497
 10152 4ed0 9C6C     		.short	27804
 10153 4ed2 7AEA     		.short	-5510
 10154 4ed4 BCAE     		.short	-20804
 10155 4ed6 E610     		.short	4326
 10156 4ed8 FF75     		.short	30207
ARM GAS  /tmp/ccXeXMPx.s 			page 179


 10157 4eda A52E     		.short	11941
 10158 4edc C618     		.short	6342
 10159 4ede E75C     		.short	23783
 10160 4ee0 5A88     		.short	-30630
 10161 4ee2 3164     		.short	25649
 10162 4ee4 1882     		.short	-32232
 10163 4ee6 4A29     		.short	10570
 10164 4ee8 9CD4     		.short	-11108
 10165 4eea C619     		.short	6598
 10166 4eec B5D7     		.short	-10315
 10167 4eee B5F8     		.short	-1867
 10168 4ef0 9514     		.short	5269
 10169 4ef2 39C7     		.short	-14535
 10170 4ef4 30A3     		.short	-23760
 10171 4ef6 6166     		.short	26209
 10172 4ef8 7A28     		.short	10362
 10173 4efa 8AEC     		.short	-4982
 10174 4efc 9BF0     		.short	-3941
 10175 4efe 0800     		.short	8
 10176 4f00 0000     		.short	0
 10177 4f02 FFFF     		.short	-1
 10178 4f04 FFFF     		.short	-1
 10179 4f06 FFFF     		.short	-1
 10180 4f08 FFFF     		.short	-1
 10181 4f0a FFFF     		.short	-1
 10182 4f0c FFFF     		.short	-1
 10183 4f0e FFFF     		.short	-1
 10184 4f10 FFFF     		.short	-1
 10185 4f12 FFFF     		.short	-1
 10186 4f14 FFFF     		.short	-1
 10187 4f16 FFFF     		.short	-1
 10188 4f18 FFFF     		.short	-1
 10189 4f1a FFFF     		.short	-1
 10190 4f1c FFFF     		.short	-1
 10191 4f1e EF7D     		.short	32239
 10192 4f20 9BEB     		.short	-5221
 10193 4f22 BD72     		.short	29373
 10194 4f24 D69B     		.short	-25642
 10195 4f26 DEB9     		.short	-17954
 10196 4f28 7B49     		.short	18811
 10197 4f2a BCAD     		.short	-21060
 10198 4f2c DE2F     		.short	12254
 10199 4f2e FF96     		.short	-26881
 10200 4f30 FF75     		.short	30207
 10201 4f32 9C2B     		.short	11164
 10202 4f34 B50D     		.short	3509
 10203 4f36 FF54     		.short	21759
 10204 4f38 FF75     		.short	30207
 10205 4f3a FF52     		.short	21247
 10206 4f3c FF92     		.short	-27905
 10207 4f3e DE31     		.short	12766
 10208 4f40 FF75     		.short	30207
 10209 4f42 FFD4     		.short	-11009
 10210 4f44 6AAB     		.short	-21654
 10211 4f46 49E4     		.short	-7095
 10212 4f48 F772     		.short	29431
 10213 4f4a A491     		.short	-28252
ARM GAS  /tmp/ccXeXMPx.s 			page 180


 10214 4f4c 28CA     		.short	-13784
 10215 4f4e 318E     		.short	-29135
 10216 4f50 29AE     		.short	-20951
 10217 4f52 29ED     		.short	-4823
 10218 4f54 10E7     		.short	-6384
 10219 4f56 0802     		.short	520
 10220 4f58 5966     		.short	26201
 10221 4f5a CC90     		.short	-28468
 10222 4f5c E510     		.short	4325
 10223 4f5e CC8D     		.short	-29236
 10224 4f60 D5D2     		.short	-11563
 10225 4f62 F6D6     		.short	-10506
 10226 4f64 FF78     		.short	30975
 10227 4f66 FF37     		.short	14335
 10228 4f68 FF37     		.short	14335
 10229 4f6a FF57     		.short	22527
 10230 4f6c FF57     		.short	22527
 10231 4f6e FF37     		.short	14335
 10232 4f70 FF37     		.short	14335
 10233 4f72 FF37     		.short	14335
 10234 4f74 FF37     		.short	14335
 10235 4f76 FF37     		.short	14335
 10236 4f78 FF37     		.short	14335
 10237 4f7a FF37     		.short	14335
 10238 4f7c FF37     		.short	14335
 10239 4f7e FF37     		.short	14335
 10240 4f80 FF17     		.short	6143
 10241 4f82 FF17     		.short	6143
 10242 4f84 FF17     		.short	6143
 10243 4f86 FF17     		.short	6143
 10244 4f88 FF38     		.short	14591
 10245 4f8a FF58     		.short	22783
 10246 4f8c FF57     		.short	22527
 10247 4f8e F737     		.short	14327
 10248 4f90 FF38     		.short	14591
 10249 4f92 FF58     		.short	22783
 10250 4f94 FF58     		.short	22783
 10251 4f96 FF17     		.short	6143
 10252 4f98 FF17     		.short	6143
 10253 4f9a FF58     		.short	22783
 10254 4f9c FF58     		.short	22783
 10255 4f9e FF37     		.short	14335
 10256 4fa0 FF38     		.short	14591
 10257 4fa2 FF58     		.short	22783
 10258 4fa4 FF38     		.short	14591
 10259 4fa6 FF17     		.short	6143
 10260 4fa8 FF38     		.short	14591
 10261 4faa FF38     		.short	14591
 10262 4fac FF37     		.short	14335
 10263 4fae FF58     		.short	22783
 10264 4fb0 C633     		.short	13254
 10265 4fb2 3144     		.short	17457
 10266 4fb4 39CB     		.short	-13511
 10267 4fb6 18EB     		.short	-5352
 10268 4fb8 216D     		.short	27937
 10269 4fba 3169     		.short	26929
 10270 4fbc 93AD     		.short	-21101
ARM GAS  /tmp/ccXeXMPx.s 			page 181


 10271 4fbe C48D     		.short	-29244
 10272 4fc0 E6D4     		.short	-11034
 10273 4fc2 FF54     		.short	21759
 10274 4fc4 BD0C     		.short	3261
 10275 4fc6 AC2B     		.short	11180
 10276 4fc8 E612     		.short	4838
 10277 4fca FF74     		.short	29951
 10278 4fcc F773     		.short	29687
 10279 4fce FFD6     		.short	-10497
 10280 4fd0 7B89     		.short	-30341
 10281 4fd2 7AEB     		.short	-5254
 10282 4fd4 C4CE     		.short	-12604
 10283 4fd6 EE52     		.short	21230
 10284 4fd8 FFB6     		.short	-18689
 10285 4fda 8C8B     		.short	-29812
 10286 4fdc B5D7     		.short	-10315
 10287 4fde F7FE     		.short	-265
 10288 4fe0 5A89     		.short	-30374
 10289 4fe2 4A48     		.short	18506
 10290 4fe4 8410     		.short	4228
 10291 4fe6 C639     		.short	14790
 10292 4fe8 B5B7     		.short	-18507
 10293 4fea A535     		.short	13733
 10294 4fec A576     		.short	30373
 10295 4fee A576     		.short	30373
 10296 4ff0 A638     		.short	14502
 10297 4ff2 A575     		.short	30117
 10298 4ff4 5207     		.short	1874
 10299 4ff6 5125     		.short	9553
 10300 4ff8 8249     		.short	18818
 10301 4ffa 82EB     		.short	-5246
 10302 4ffc A4B2     		.short	-19804
 10303 4ffe 0000     		.short	0
 10304 5000 0000     		.short	0
 10305 5002 FFFF     		.short	-1
 10306 5004 FFFF     		.short	-1
 10307 5006 FFFF     		.short	-1
 10308 5008 FFFF     		.short	-1
 10309 500a FFFF     		.short	-1
 10310 500c FFFF     		.short	-1
 10311 500e FFFF     		.short	-1
 10312 5010 FFFF     		.short	-1
 10313 5012 F7BE     		.short	-16649
 10314 5014 FFFF     		.short	-1
 10315 5016 FFFF     		.short	-1
 10316 5018 FFFF     		.short	-1
 10317 501a FFDF     		.short	-8193
 10318 501c FFFF     		.short	-1
 10319 501e FFFF     		.short	-1
 10320 5020 942B     		.short	11156
 10321 5022 C571     		.short	29125
 10322 5024 ACF6     		.short	-2388
 10323 5026 5B11     		.short	4443
 10324 5028 5248     		.short	18514
 10325 502a C4AC     		.short	-21308
 10326 502c DD4E     		.short	20189
 10327 502e FF55     		.short	22015
ARM GAS  /tmp/ccXeXMPx.s 			page 182


 10328 5030 FFB5     		.short	-18945
 10329 5032 A4AC     		.short	-21340
 10330 5034 9C4B     		.short	19356
 10331 5036 FF56     		.short	22271
 10332 5038 FF53     		.short	21503
 10333 503a FF72     		.short	29439
 10334 503c FF33     		.short	13311
 10335 503e DE52     		.short	21214
 10336 5040 F733     		.short	13303
 10337 5042 FFF5     		.short	-2561
 10338 5044 7BEC     		.short	-4997
 10339 5046 2084     		.short	-31712
 10340 5048 C54F     		.short	20421
 10341 504a DE4F     		.short	20446
 10342 504c 3186     		.short	-31183
 10343 504e 2172     		.short	29217
 10344 5050 31AD     		.short	-21199
 10345 5052 08E8     		.short	-6136
 10346 5054 08A9     		.short	-22264
 10347 5056 1088     		.short	-30704
 10348 5058 10A4     		.short	-23536
 10349 505a 2927     		.short	10025
 10350 505c 93B0     		.short	-20333
 10351 505e E4EF     		.short	-4124
 10352 5060 DC4E     		.short	20188
 10353 5062 E551     		.short	20965
 10354 5064 F654     		.short	21750
 10355 5066 FF37     		.short	14335
 10356 5068 FF57     		.short	22527
 10357 506a FF16     		.short	5887
 10358 506c FF56     		.short	22271
 10359 506e F756     		.short	22263
 10360 5070 FF17     		.short	6143
 10361 5072 FF17     		.short	6143
 10362 5074 FF57     		.short	22527
 10363 5076 FF57     		.short	22527
 10364 5078 FF37     		.short	14335
 10365 507a FF37     		.short	14335
 10366 507c FF57     		.short	22527
 10367 507e FF77     		.short	30719
 10368 5080 FF37     		.short	14335
 10369 5082 FF37     		.short	14335
 10370 5084 FF37     		.short	14335
 10371 5086 FF37     		.short	14335
 10372 5088 FF37     		.short	14335
 10373 508a FF37     		.short	14335
 10374 508c FF37     		.short	14335
 10375 508e FF37     		.short	14335
 10376 5090 FF37     		.short	14335
 10377 5092 FF37     		.short	14335
 10378 5094 FF37     		.short	14335
 10379 5096 FF37     		.short	14335
 10380 5098 FF37     		.short	14335
 10381 509a FF37     		.short	14335
 10382 509c FF37     		.short	14335
 10383 509e FF37     		.short	14335
 10384 50a0 FF19     		.short	6655
ARM GAS  /tmp/ccXeXMPx.s 			page 183


 10385 50a2 F718     		.short	6391
 10386 50a4 FF78     		.short	30975
 10387 50a6 FF58     		.short	22783
 10388 50a8 FEF6     		.short	-2306
 10389 50aa FF17     		.short	6143
 10390 50ac FF58     		.short	22783
 10391 50ae EFB9     		.short	-17937
 10392 50b0 6286     		.short	-31134
 10393 50b2 6A68     		.short	26730
 10394 50b4 B5D8     		.short	-10059
 10395 50b6 9CB6     		.short	-18788
 10396 50b8 39A9     		.short	-22215
 10397 50ba 18C3     		.short	-15592
 10398 50bc AC0D     		.short	3500
 10399 50be BCAD     		.short	-21060
 10400 50c0 EEF1     		.short	-3602
 10401 50c2 FF35     		.short	13823
 10402 50c4 9BCB     		.short	-13413
 10403 50c6 B48D     		.short	-29260
 10404 50c8 E631     		.short	12774
 10405 50ca FF33     		.short	13311
 10406 50cc FF53     		.short	21503
 10407 50ce FF75     		.short	30207
 10408 50d0 62CA     		.short	-13726
 10409 50d2 8BAA     		.short	-21877
 10410 50d4 B4AB     		.short	-21580
 10411 50d6 F692     		.short	-27914
 10412 50d8 FF35     		.short	13823
 10413 50da 8C2C     		.short	11404
 10414 50dc D698     		.short	-26410
 10415 50de AD75     		.short	30125
 10416 50e0 3185     		.short	-31439
 10417 50e2 9CD3     		.short	-11364
 10418 50e4 B5D7     		.short	-10315
 10419 50e6 AD97     		.short	-26707
 10420 50e8 A576     		.short	30373
 10421 50ea A576     		.short	30373
 10422 50ec ADB8     		.short	-18259
 10423 50ee A596     		.short	-26971
 10424 50f0 AD57     		.short	22445
 10425 50f2 B5F8     		.short	-1867
 10426 50f4 9D13     		.short	5021
 10427 50f6 3965     		.short	25913
 10428 50f8 7228     		.short	10354
 10429 50fa 930D     		.short	3475
 10430 50fc A431     		.short	12708
 10431 50fe 0000     		.short	0
 10432 5100 0000     		.short	0
 10433 5102 FFFF     		.short	-1
 10434 5104 FFFF     		.short	-1
 10435 5106 FFFF     		.short	-1
 10436 5108 FFFF     		.short	-1
 10437 510a FFFF     		.short	-1
 10438 510c FFFF     		.short	-1
 10439 510e FFFF     		.short	-1
 10440 5110 FFDF     		.short	-8193
 10441 5112 FFFF     		.short	-1
ARM GAS  /tmp/ccXeXMPx.s 			page 184


 10442 5114 FFDF     		.short	-8193
 10443 5116 FFFF     		.short	-1
 10444 5118 FFFF     		.short	-1
 10445 511a FFFF     		.short	-1
 10446 511c FFFF     		.short	-1
 10447 511e F79D     		.short	-25097
 10448 5120 944C     		.short	19604
 10449 5122 B4CE     		.short	-12620
 10450 5124 5209     		.short	2386
 10451 5126 10A8     		.short	-22512
 10452 5128 41E7     		.short	-6335
 10453 512a C4ED     		.short	-4668
 10454 512c CCCC     		.short	-13108
 10455 512e FF75     		.short	30207
 10456 5130 FFB6     		.short	-18689
 10457 5132 B50D     		.short	3509
 10458 5134 8BA9     		.short	-22133
 10459 5136 F6F5     		.short	-2570
 10460 5138 FF74     		.short	29951
 10461 513a FF73     		.short	29695
 10462 513c FF54     		.short	21759
 10463 513e D611     		.short	4566
 10464 5140 F713     		.short	5111
 10465 5142 FFD4     		.short	-11009
 10466 5144 AD71     		.short	29101
 10467 5146 2085     		.short	-31456
 10468 5148 72C9     		.short	-13966
 10469 514a FF75     		.short	30207
 10470 514c 5AA8     		.short	-22438
 10471 514e 216E     		.short	28193
 10472 5150 290A     		.short	2601
 10473 5152 0887     		.short	-30968
 10474 5154 0889     		.short	-30456
 10475 5156 20EA     		.short	-5600
 10476 5158 10A6     		.short	-23024
 10477 515a 0025     		.short	9472
 10478 515c 30E7     		.short	-6352
 10479 515e 6184     		.short	-31647
 10480 5160 B4CE     		.short	-12620
 10481 5162 CCF0     		.short	-3892
 10482 5164 DCD0     		.short	-12068
 10483 5166 F5B3     		.short	-19467
 10484 5168 FF38     		.short	14591
 10485 516a FF78     		.short	30975
 10486 516c FF37     		.short	14335
 10487 516e FF37     		.short	14335
 10488 5170 FF38     		.short	14591
 10489 5172 FF37     		.short	14335
 10490 5174 FF58     		.short	22783
 10491 5176 FF38     		.short	14591
 10492 5178 FF17     		.short	6143
 10493 517a FF38     		.short	14591
 10494 517c FF38     		.short	14591
 10495 517e FF18     		.short	6399
 10496 5180 FF37     		.short	14335
 10497 5182 FF37     		.short	14335
 10498 5184 FF37     		.short	14335
ARM GAS  /tmp/ccXeXMPx.s 			page 185


 10499 5186 FF37     		.short	14335
 10500 5188 FF37     		.short	14335
 10501 518a FF37     		.short	14335
 10502 518c FF37     		.short	14335
 10503 518e FF37     		.short	14335
 10504 5190 FF37     		.short	14335
 10505 5192 FF37     		.short	14335
 10506 5194 FF37     		.short	14335
 10507 5196 FF37     		.short	14335
 10508 5198 FF37     		.short	14335
 10509 519a FF37     		.short	14335
 10510 519c FF37     		.short	14335
 10511 519e FF37     		.short	14335
 10512 51a0 FF18     		.short	6399
 10513 51a2 FF59     		.short	23039
 10514 51a4 EEF6     		.short	-2322
 10515 51a6 FF58     		.short	22783
 10516 51a8 FF37     		.short	14335
 10517 51aa FEF7     		.short	-2050
 10518 51ac FF9A     		.short	-25857
 10519 51ae 8C2C     		.short	11404
 10520 51b0 8B6A     		.short	27275
 10521 51b2 938D     		.short	-29293
 10522 51b4 A555     		.short	21925
 10523 51b6 BDFA     		.short	-1347
 10524 51b8 A516     		.short	5797
 10525 51ba 39E6     		.short	-6599
 10526 51bc 9BCC     		.short	-13157
 10527 51be C50E     		.short	3781
 10528 51c0 F753     		.short	21495
 10529 51c2 EED4     		.short	-11026
 10530 51c4 938A     		.short	-30061
 10531 51c6 BCAE     		.short	-20804
 10532 51c8 F6B3     		.short	-19466
 10533 51ca FF53     		.short	21503
 10534 51cc FF74     		.short	29951
 10535 51ce EEF3     		.short	-3090
 10536 51d0 3985     		.short	-31431
 10537 51d2 9C2C     		.short	11420
 10538 51d4 C52D     		.short	11717
 10539 51d6 F692     		.short	-27914
 10540 51d8 FF76     		.short	30463
 10541 51da 9C8E     		.short	-29028
 10542 51dc A533     		.short	13221
 10543 51de 4A49     		.short	18762
 10544 51e0 3165     		.short	25905
 10545 51e2 B5B6     		.short	-18763
 10546 51e4 BDD7     		.short	-10307
 10547 51e6 A556     		.short	22181
 10548 51e8 A577     		.short	30629
 10549 51ea B5D8     		.short	-10059
 10550 51ec 94D4     		.short	-11116
 10551 51ee 8C93     		.short	-27764
 10552 51f0 AD77     		.short	30637
 10553 51f2 ADD7     		.short	-10323
 10554 51f4 A595     		.short	-27227
 10555 51f6 83CE     		.short	-12669
ARM GAS  /tmp/ccXeXMPx.s 			page 186


 10556 51f8 6208     		.short	2146
 10557 51fa 8B0C     		.short	3211
 10558 51fc A431     		.short	12708
 10559 51fe 0000     		.short	0
 10560 5200 0000     		.short	0
 10561 5202 FFFF     		.short	-1
 10562 5204 FFFF     		.short	-1
 10563 5206 FFFF     		.short	-1
 10564 5208 FFFF     		.short	-1
 10565 520a FFFF     		.short	-1
 10566 520c FFFF     		.short	-1
 10567 520e FFFF     		.short	-1
 10568 5210 FFFF     		.short	-1
 10569 5212 FFFF     		.short	-1
 10570 5214 FFDF     		.short	-8193
 10571 5216 FFFF     		.short	-1
 10572 5218 FFDE     		.short	-8449
 10573 521a FFFF     		.short	-1
 10574 521c F79D     		.short	-25097
 10575 521e FFFF     		.short	-1
 10576 5220 946E     		.short	28308
 10577 5222 ACCE     		.short	-12628
 10578 5224 3946     		.short	17977
 10579 5226 1087     		.short	-30960
 10580 5228 2945     		.short	17705
 10581 522a BCAD     		.short	-21060
 10582 522c C4AC     		.short	-21308
 10583 522e F6F4     		.short	-2826
 10584 5230 FFB5     		.short	-18945
 10585 5232 C5B0     		.short	-20283
 10586 5234 7B27     		.short	10107
 10587 5236 EEB4     		.short	-19218
 10588 5238 FF74     		.short	29951
 10589 523a FF73     		.short	29695
 10590 523c FF74     		.short	29951
 10591 523e D610     		.short	4310
 10592 5240 EE92     		.short	-27922
 10593 5242 FFD4     		.short	-11009
 10594 5244 BDF0     		.short	-3907
 10595 5246 2907     		.short	1833
 10596 5248 498A     		.short	-30135
 10597 524a CDD1     		.short	-11827
 10598 524c B590     		.short	-28491
 10599 524e 10A6     		.short	-23024
 10600 5250 1047     		.short	18192
 10601 5252 18C8     		.short	-14312
 10602 5254 210B     		.short	2849
 10603 5256 292B     		.short	11049
 10604 5258 10C8     		.short	-14320
 10605 525a 08C9     		.short	-14072
 10606 525c 10A8     		.short	-22512
 10607 525e 1801     		.short	280
 10608 5260 2880     		.short	-32728
 10609 5262 7267     		.short	26482
 10610 5264 B46F     		.short	28596
 10611 5266 D532     		.short	13013
 10612 5268 E552     		.short	21221
ARM GAS  /tmp/ccXeXMPx.s 			page 187


 10613 526a FE35     		.short	13822
 10614 526c FF38     		.short	14591
 10615 526e FF17     		.short	6143
 10616 5270 FF38     		.short	14591
 10617 5272 FF38     		.short	14591
 10618 5274 FF38     		.short	14591
 10619 5276 FF38     		.short	14591
 10620 5278 FF18     		.short	6399
 10621 527a FF39     		.short	14847
 10622 527c FF39     		.short	14847
 10623 527e FEF9     		.short	-1538
 10624 5280 FF37     		.short	14335
 10625 5282 FF37     		.short	14335
 10626 5284 FF37     		.short	14335
 10627 5286 FF37     		.short	14335
 10628 5288 FF37     		.short	14335
 10629 528a FF37     		.short	14335
 10630 528c FF37     		.short	14335
 10631 528e FF37     		.short	14335
 10632 5290 FF37     		.short	14335
 10633 5292 FF37     		.short	14335
 10634 5294 FF37     		.short	14335
 10635 5296 FF37     		.short	14335
 10636 5298 FF37     		.short	14335
 10637 529a FF37     		.short	14335
 10638 529c FF37     		.short	14335
 10639 529e FF37     		.short	14335
 10640 52a0 F717     		.short	6135
 10641 52a2 FF37     		.short	14335
 10642 52a4 FF37     		.short	14335
 10643 52a6 FF37     		.short	14335
 10644 52a8 F717     		.short	6135
 10645 52aa FFBA     		.short	-17665
 10646 52ac C572     		.short	29381
 10647 52ae 6A67     		.short	26474
 10648 52b0 CD10     		.short	4301
 10649 52b2 934B     		.short	19347
 10650 52b4 9D14     		.short	5277
 10651 52b6 ADB8     		.short	-18259
 10652 52b8 BE3A     		.short	15038
 10653 52ba 73ED     		.short	-4749
 10654 52bc A3EC     		.short	-4957
 10655 52be C50D     		.short	3525
 10656 52c0 FF94     		.short	-27393
 10657 52c2 D5F1     		.short	-3627
 10658 52c4 8B69     		.short	27019
 10659 52c6 BCCE     		.short	-12612
 10660 52c8 FEF4     		.short	-2818
 10661 52ca FF53     		.short	21503
 10662 52cc FF95     		.short	-27137
 10663 52ce CE11     		.short	4558
 10664 52d0 30E2     		.short	-7632
 10665 52d2 ACAE     		.short	-20820
 10666 52d4 B4AB     		.short	-21580
 10667 52d6 F6B2     		.short	-19722
 10668 52d8 FF77     		.short	30719
 10669 52da 4A45     		.short	17738
ARM GAS  /tmp/ccXeXMPx.s 			page 188


 10670 52dc 31A5     		.short	-23247
 10671 52de 31A7     		.short	-22735
 10672 52e0 41E7     		.short	-6335
 10673 52e2 6B4D     		.short	19819
 10674 52e4 A535     		.short	13733
 10675 52e6 ADB7     		.short	-18515
 10676 52e8 ADB8     		.short	-18259
 10677 52ea ADB7     		.short	-18515
 10678 52ec 94F4     		.short	-2924
 10679 52ee 5B2D     		.short	11611
 10680 52f0 B597     		.short	-26699
 10681 52f2 AD96     		.short	-26963
 10682 52f4 ADF7     		.short	-2131
 10683 52f6 B5D6     		.short	-10571
 10684 52f8 7B2C     		.short	11387
 10685 52fa 7B0C     		.short	3195
 10686 52fc 9C30     		.short	12444
 10687 52fe 0800     		.short	8
 10688 5300 0000     		.short	0
 10689 5302 FFFF     		.short	-1
 10690 5304 FFFF     		.short	-1
 10691 5306 FFFF     		.short	-1
 10692 5308 FFFF     		.short	-1
 10693 530a FFFF     		.short	-1
 10694 530c FFFF     		.short	-1
 10695 530e FFFF     		.short	-1
 10696 5310 FFFF     		.short	-1
 10697 5312 FFFF     		.short	-1
 10698 5314 FFFF     		.short	-1
 10699 5316 FFFF     		.short	-1
 10700 5318 FFDE     		.short	-8449
 10701 531a FFFF     		.short	-1
 10702 531c FFFF     		.short	-1
 10703 531e DEFB     		.short	-1058
 10704 5320 5A89     		.short	-30374
 10705 5322 ACCF     		.short	-12372
 10706 5324 49E7     		.short	-6327
 10707 5326 2109     		.short	2337
 10708 5328 18C4     		.short	-15336
 10709 532a AC4C     		.short	19628
 10710 532c C4AC     		.short	-21308
 10711 532e EE92     		.short	-27922
 10712 5330 FF95     		.short	-27137
 10713 5332 DE52     		.short	21214
 10714 5334 72C6     		.short	-14734
 10715 5336 DE32     		.short	13022
 10716 5338 FF54     		.short	21759
 10717 533a FF52     		.short	21247
 10718 533c FF94     		.short	-27393
 10719 533e DE51     		.short	20958
 10720 5340 DDD0     		.short	-12067
 10721 5342 FFB4     		.short	-19201
 10722 5344 D6D2     		.short	-11562
 10723 5346 3188     		.short	-30671
 10724 5348 208A     		.short	-30176
 10725 534a 9C6F     		.short	28572
 10726 534c EF74     		.short	29935
ARM GAS  /tmp/ccXeXMPx.s 			page 189


 10727 534e 2903     		.short	809
 10728 5350 0847     		.short	18184
 10729 5352 296C     		.short	27689
 10730 5354 298E     		.short	-29143
 10731 5356 20EB     		.short	-5344
 10732 5358 0889     		.short	-30456
 10733 535a 218E     		.short	-29151
 10734 535c 216C     		.short	27681
 10735 535e 1843     		.short	17176
 10736 5360 4000     		.short	64
 10737 5362 4081     		.short	-32448
 10738 5364 30E1     		.short	-7888
 10739 5366 6246     		.short	18018
 10740 5368 B42E     		.short	11956
 10741 536a D4F1     		.short	-3628
 10742 536c E572     		.short	29413
 10743 536e FEB6     		.short	-18690
 10744 5370 FF17     		.short	6143
 10745 5372 FF37     		.short	14335
 10746 5374 FF18     		.short	6399
 10747 5376 FF18     		.short	6399
 10748 5378 FEF7     		.short	-2050
 10749 537a FEF7     		.short	-2050
 10750 537c FF18     		.short	6399
 10751 537e FF18     		.short	6399
 10752 5380 FF37     		.short	14335
 10753 5382 FF37     		.short	14335
 10754 5384 FF37     		.short	14335
 10755 5386 FF37     		.short	14335
 10756 5388 FF37     		.short	14335
 10757 538a FF37     		.short	14335
 10758 538c FF37     		.short	14335
 10759 538e FF37     		.short	14335
 10760 5390 FF37     		.short	14335
 10761 5392 FF37     		.short	14335
 10762 5394 FF37     		.short	14335
 10763 5396 FF37     		.short	14335
 10764 5398 FF37     		.short	14335
 10765 539a FF37     		.short	14335
 10766 539c FF37     		.short	14335
 10767 539e FF37     		.short	14335
 10768 53a0 F716     		.short	5879
 10769 53a2 FF57     		.short	22527
 10770 53a4 FEF7     		.short	-2050
 10771 53a6 FF78     		.short	30975
 10772 53a8 E6D6     		.short	-10522
 10773 53aa FF9A     		.short	-25857
 10774 53ac 72C8     		.short	-14222
 10775 53ae A38C     		.short	-29533
 10776 53b0 DD51     		.short	20957
 10777 53b2 82C9     		.short	-13950
 10778 53b4 A534     		.short	13477
 10779 53b6 A597     		.short	-26715
 10780 53b8 ADF8     		.short	-1875
 10781 53ba 846F     		.short	28548
 10782 53bc A40B     		.short	2980
 10783 53be C50D     		.short	3525
ARM GAS  /tmp/ccXeXMPx.s 			page 190


 10784 53c0 FF95     		.short	-27137
 10785 53c2 B4CD     		.short	-12876
 10786 53c4 8B69     		.short	27019
 10787 53c6 C50E     		.short	3781
 10788 53c8 FEF3     		.short	-3074
 10789 53ca FF33     		.short	13311
 10790 53cc FFB6     		.short	-18689
 10791 53ce AD0E     		.short	3757
 10792 53d0 3943     		.short	17209
 10793 53d2 AC8E     		.short	-29012
 10794 53d4 BCEC     		.short	-4932
 10795 53d6 FF75     		.short	30207
 10796 53d8 DE74     		.short	29918
 10797 53da 6B2B     		.short	11115
 10798 53dc 9CF3     		.short	-3172
 10799 53de 9CD3     		.short	-11364
 10800 53e0 39A6     		.short	-22983
 10801 53e2 94B2     		.short	-19820
 10802 53e4 634D     		.short	19811
 10803 53e6 94D4     		.short	-11116
 10804 53e8 A576     		.short	30373
 10805 53ea AD97     		.short	-26707
 10806 53ec 8C72     		.short	29324
 10807 53ee 52AB     		.short	-21678
 10808 53f0 BDD8     		.short	-10051
 10809 53f2 B5F7     		.short	-2123
 10810 53f4 AE17     		.short	6062
 10811 53f6 B617     		.short	6070
 10812 53f8 AD54     		.short	21677
 10813 53fa 838E     		.short	-29053
 10814 53fc 9410     		.short	4244
 10815 53fe 0800     		.short	8
 10816 5400 0000     		.short	0
 10817 5402 FFFF     		.short	-1
 10818 5404 FFFF     		.short	-1
 10819 5406 FFFF     		.short	-1
 10820 5408 FFFF     		.short	-1
 10821 540a FFFF     		.short	-1
 10822 540c FFFF     		.short	-1
 10823 540e FFFF     		.short	-1
 10824 5410 FFDF     		.short	-8193
 10825 5412 FFFF     		.short	-1
 10826 5414 FFFF     		.short	-1
 10827 5416 FFFE     		.short	-257
 10828 5418 FFFF     		.short	-1
 10829 541a FFFF     		.short	-1
 10830 541c F7BF     		.short	-16393
 10831 541e 5AEC     		.short	-5030
 10832 5420 1063     		.short	25360
 10833 5422 ACAE     		.short	-20820
 10834 5424 5207     		.short	1874
 10835 5426 0867     		.short	26376
 10836 5428 10C5     		.short	-15088
 10837 542a 9C0C     		.short	3228
 10838 542c BC8B     		.short	-29764
 10839 542e DE31     		.short	12766
 10840 5430 FFB4     		.short	-19201
ARM GAS  /tmp/ccXeXMPx.s 			page 191


 10841 5432 EEF4     		.short	-2834
 10842 5434 72C6     		.short	-14734
 10843 5436 CDB0     		.short	-20275
 10844 5438 FF54     		.short	21759
 10845 543a FF52     		.short	21247
 10846 543c FF94     		.short	-27393
 10847 543e E692     		.short	-27930
 10848 5440 DDB0     		.short	-20259
 10849 5442 FF52     		.short	21247
 10850 5444 EFB4     		.short	-19217
 10851 5446 4A6B     		.short	27466
 10852 5448 312E     		.short	11825
 10853 544a 3985     		.short	-31431
 10854 544c E6F3     		.short	-3098
 10855 544e 7B69     		.short	27003
 10856 5450 10A8     		.short	-22512
 10857 5452 29AE     		.short	-20951
 10858 5454 298F     		.short	-28887
 10859 5456 18EB     		.short	-5352
 10860 5458 10AB     		.short	-21744
 10861 545a 214D     		.short	19745
 10862 545c 1887     		.short	-30952
 10863 545e 2843     		.short	17192
 10864 5460 4842     		.short	16968
 10865 5462 4001     		.short	320
 10866 5464 4021     		.short	8512
 10867 5466 3840     		.short	16440
 10868 5468 30A0     		.short	-24528
 10869 546a 6266     		.short	26210
 10870 546c B42E     		.short	11956
 10871 546e DCF2     		.short	-3364
 10872 5470 EE34     		.short	13550
 10873 5472 FEB6     		.short	-18690
 10874 5474 FEF7     		.short	-2050
 10875 5476 FF38     		.short	14591
 10876 5478 FF58     		.short	22783
 10877 547a FF37     		.short	14335
 10878 547c FF57     		.short	22527
 10879 547e FF78     		.short	30975
 10880 5480 FF37     		.short	14335
 10881 5482 FF37     		.short	14335
 10882 5484 FF37     		.short	14335
 10883 5486 FF37     		.short	14335
 10884 5488 FF37     		.short	14335
 10885 548a FF37     		.short	14335
 10886 548c FF37     		.short	14335
 10887 548e FF37     		.short	14335
 10888 5490 FF37     		.short	14335
 10889 5492 FF37     		.short	14335
 10890 5494 FF37     		.short	14335
 10891 5496 FF37     		.short	14335
 10892 5498 FF37     		.short	14335
 10893 549a FF37     		.short	14335
 10894 549c FF37     		.short	14335
 10895 549e FF37     		.short	14335
 10896 54a0 FF77     		.short	30719
 10897 54a2 FF37     		.short	14335
ARM GAS  /tmp/ccXeXMPx.s 			page 192


 10898 54a4 FEF6     		.short	-2306
 10899 54a6 FF18     		.short	6399
 10900 54a8 FFDB     		.short	-9217
 10901 54aa 9C6E     		.short	28316
 10902 54ac 8B4A     		.short	19083
 10903 54ae CC90     		.short	-28468
 10904 54b0 E5B2     		.short	-19739
 10905 54b2 9B6B     		.short	27547
 10906 54b4 8CB1     		.short	-20084
 10907 54b6 ADD8     		.short	-10067
 10908 54b8 B639     		.short	14774
 10909 54ba 6BCC     		.short	-13205
 10910 54bc A40B     		.short	2980
 10911 54be D56F     		.short	28629
 10912 54c0 FF96     		.short	-26881
 10913 54c2 93C9     		.short	-13933
 10914 54c4 938A     		.short	-30061
 10915 54c6 CD2F     		.short	12237
 10916 54c8 F6F3     		.short	-3082
 10917 54ca FF53     		.short	21503
 10918 54cc FFB7     		.short	-18433
 10919 54ce 8C0B     		.short	2956
 10920 54d0 3102     		.short	561
 10921 54d2 AC8D     		.short	-29268
 10922 54d4 CD6D     		.short	28109
 10923 54d6 FF96     		.short	-26881
 10924 54d8 AD30     		.short	12461
 10925 54da 7BEE     		.short	-4485
 10926 54dc BE18     		.short	6334
 10927 54de 8431     		.short	12676
 10928 54e0 39C7     		.short	-14535
 10929 54e2 BDD7     		.short	-10307
 10930 54e4 A535     		.short	13733
 10931 54e6 5B0D     		.short	3419
 10932 54e8 94D4     		.short	-11116
 10933 54ea AD96     		.short	-26963
 10934 54ec 8431     		.short	12676
 10935 54ee 5AEC     		.short	-5030
 10936 54f0 C5F8     		.short	-1851
 10937 54f2 DEFB     		.short	-1058
 10938 54f4 ADF7     		.short	-2131
 10939 54f6 ADD6     		.short	-10579
 10940 54f8 CE79     		.short	31182
 10941 54fa 9CD3     		.short	-11364
 10942 54fc 9451     		.short	20884
 10943 54fe 0000     		.short	0
 10944 5500 0000     		.short	0
 10945 5502 FFFF     		.short	-1
 10946 5504 FFFF     		.short	-1
 10947 5506 FFFF     		.short	-1
 10948 5508 FFFF     		.short	-1
 10949 550a FFFF     		.short	-1
 10950 550c FFFF     		.short	-1
 10951 550e FFFF     		.short	-1
 10952 5510 FFFF     		.short	-1
 10953 5512 FFFF     		.short	-1
 10954 5514 FFFF     		.short	-1
ARM GAS  /tmp/ccXeXMPx.s 			page 193


 10955 5516 FFFF     		.short	-1
 10956 5518 FFFF     		.short	-1
 10957 551a F7BF     		.short	-16393
 10958 551c 7BF1     		.short	-3717
 10959 551e 1084     		.short	-31728
 10960 5520 0825     		.short	9480
 10961 5522 942C     		.short	11412
 10962 5524 6288     		.short	-30622
 10963 5526 0867     		.short	26376
 10964 5528 0885     		.short	-31480
 10965 552a 8349     		.short	18819
 10966 552c C4CC     		.short	-13116
 10967 552e CD8F     		.short	-28723
 10968 5530 FF94     		.short	-27393
 10969 5532 FF56     		.short	22271
 10970 5534 7B28     		.short	10363
 10971 5536 B4EE     		.short	-4428
 10972 5538 FF34     		.short	13567
 10973 553a FF93     		.short	-27649
 10974 553c FF73     		.short	29695
 10975 553e EEF3     		.short	-3090
 10976 5540 D570     		.short	28885
 10977 5542 FF53     		.short	21503
 10978 5544 F794     		.short	-27401
 10979 5546 5AEB     		.short	-5286
 10980 5548 20EA     		.short	-5600
 10981 554a 1883     		.short	-31976
 10982 554c A4ED     		.short	-4700
 10983 554e DE52     		.short	21214
 10984 5550 18E8     		.short	-6120
 10985 5552 218E     		.short	-29151
 10986 5554 29AF     		.short	-20695
 10987 5556 10CA     		.short	-13808
 10988 5558 210D     		.short	3361
 10989 555a 296D     		.short	27945
 10990 555c 1003     		.short	784
 10991 555e 4041     		.short	16704
 10992 5560 4862     		.short	25160
 10993 5562 4841     		.short	16712
 10994 5564 4000     		.short	64
 10995 5566 4821     		.short	8520
 10996 5568 4861     		.short	24904
 10997 556a 3000     		.short	48
 10998 556c 3080     		.short	-32720
 10999 556e 6247     		.short	18274
 11000 5570 AC0C     		.short	3244
 11001 5572 CD31     		.short	12749
 11002 5574 E5F4     		.short	-2843
 11003 5576 F6B6     		.short	-18698
 11004 5578 FF38     		.short	14591
 11005 557a FF57     		.short	22527
 11006 557c FF77     		.short	30719
 11007 557e FF97     		.short	-26625
 11008 5580 FF37     		.short	14335
 11009 5582 FF37     		.short	14335
 11010 5584 FF37     		.short	14335
 11011 5586 FF37     		.short	14335
ARM GAS  /tmp/ccXeXMPx.s 			page 194


 11012 5588 FF37     		.short	14335
 11013 558a FF37     		.short	14335
 11014 558c FF37     		.short	14335
 11015 558e FF37     		.short	14335
 11016 5590 FF37     		.short	14335
 11017 5592 FF37     		.short	14335
 11018 5594 FF37     		.short	14335
 11019 5596 FF37     		.short	14335
 11020 5598 FF37     		.short	14335
 11021 559a FF37     		.short	14335
 11022 559c FF37     		.short	14335
 11023 559e FF37     		.short	14335
 11024 55a0 FF77     		.short	30719
 11025 55a2 F6F6     		.short	-2314
 11026 55a4 FF38     		.short	14591
 11027 55a6 FF79     		.short	31231
 11028 55a8 DE35     		.short	13790
 11029 55aa 6A87     		.short	-30870
 11030 55ac BC8F     		.short	-28740
 11031 55ae E553     		.short	21477
 11032 55b0 FEF7     		.short	-2050
 11033 55b2 9BCC     		.short	-13157
 11034 55b4 8470     		.short	28804
 11035 55b6 B5F9     		.short	-1611
 11036 55b8 ADB7     		.short	-18515
 11037 55ba 73ED     		.short	-4749
 11038 55bc AC4C     		.short	19628
 11039 55be D56E     		.short	28373
 11040 55c0 FF76     		.short	30463
 11041 55c2 7B07     		.short	1915
 11042 55c4 9BEB     		.short	-5221
 11043 55c6 D590     		.short	-28459
 11044 55c8 FF13     		.short	5119
 11045 55ca FF95     		.short	-27137
 11046 55cc F736     		.short	14071
 11047 55ce 6B08     		.short	2155
 11048 55d0 5A27     		.short	10074
 11049 55d2 B4CE     		.short	-12620
 11050 55d4 C56D     		.short	28101
 11051 55d6 FF96     		.short	-26881
 11052 55d8 A4F0     		.short	-3932
 11053 55da 8C92     		.short	-28020
 11054 55dc B5D8     		.short	-10059
 11055 55de 94D3     		.short	-11372
 11056 55e0 4208     		.short	2114
 11057 55e2 AD76     		.short	30381
 11058 55e4 BE19     		.short	6590
 11059 55e6 9D35     		.short	13725
 11060 55e8 6B6E     		.short	28267
 11061 55ea 9CF4     		.short	-2916
 11062 55ec 7BF0     		.short	-3973
 11063 55ee 5AEC     		.short	-5030
 11064 55f0 C618     		.short	6342
 11065 55f2 FFDF     		.short	-8193
 11066 55f4 BE18     		.short	6334
 11067 55f6 ADD7     		.short	-10323
 11068 55f8 C659     		.short	22982
ARM GAS  /tmp/ccXeXMPx.s 			page 195


 11069 55fa C639     		.short	14790
 11070 55fc AD34     		.short	13485
 11071 55fe 0000     		.short	0
 11072 5600 0000     		.short	0
 11073 5602 FFFF     		.short	-1
 11074 5604 FFFF     		.short	-1
 11075 5606 FFFF     		.short	-1
 11076 5608 FFFF     		.short	-1
 11077 560a FFFF     		.short	-1
 11078 560c FFFF     		.short	-1
 11079 560e FFFF     		.short	-1
 11080 5610 FFFF     		.short	-1
 11081 5612 F7BE     		.short	-16649
 11082 5614 FFFF     		.short	-1
 11083 5616 FFFF     		.short	-1
 11084 5618 FFFF     		.short	-1
 11085 561a C5F9     		.short	-1595
 11086 561c 1045     		.short	17680
 11087 561e 18A7     		.short	-22760
 11088 5620 1068     		.short	26640
 11089 5622 7B49     		.short	18811
 11090 5624 732A     		.short	10867
 11091 5626 10A8     		.short	-22512
 11092 5628 0045     		.short	17664
 11093 562a 5A46     		.short	18010
 11094 562c CD2E     		.short	11981
 11095 562e C50E     		.short	3781
 11096 5630 F773     		.short	29687
 11097 5632 FF97     		.short	-26625
 11098 5634 93CA     		.short	-13677
 11099 5636 9C2B     		.short	11164
 11100 5638 F6D3     		.short	-11274
 11101 563a FF94     		.short	-27393
 11102 563c FF53     		.short	21503
 11103 563e F734     		.short	13559
 11104 5640 BCAE     		.short	-20804
 11105 5642 FF73     		.short	29695
 11106 5644 FFD6     		.short	-10497
 11107 5646 634A     		.short	19043
 11108 5648 18C4     		.short	-15336
 11109 564a 9473     		.short	29588
 11110 564c 49E5     		.short	-6839
 11111 564e F715     		.short	5623
 11112 5650 5A6B     		.short	27482
 11113 5652 294C     		.short	19497
 11114 5654 29CE     		.short	-12759
 11115 5656 190B     		.short	2841
 11116 5658 212E     		.short	11809
 11117 565a 294D     		.short	19753
 11118 565c 1821     		.short	8472
 11119 565e 4820     		.short	8264
 11120 5660 4800     		.short	72
 11121 5662 4020     		.short	8256
 11122 5664 4061     		.short	24896
 11123 5666 4020     		.short	8256
 11124 5668 4000     		.short	64
 11125 566a 4842     		.short	16968
ARM GAS  /tmp/ccXeXMPx.s 			page 196


 11126 566c 3041     		.short	16688
 11127 566e 1020     		.short	8208
 11128 5670 1800     		.short	24
 11129 5672 6207     		.short	1890
 11130 5674 938C     		.short	-29549
 11131 5676 BCF1     		.short	-3652
 11132 5678 EE55     		.short	21998
 11133 567a FEF7     		.short	-2050
 11134 567c FF17     		.short	6143
 11135 567e FEF6     		.short	-2306
 11136 5680 FF37     		.short	14335
 11137 5682 FF37     		.short	14335
 11138 5684 FF37     		.short	14335
 11139 5686 FF37     		.short	14335
 11140 5688 FF37     		.short	14335
 11141 568a FF37     		.short	14335
 11142 568c FF37     		.short	14335
 11143 568e FF37     		.short	14335
 11144 5690 FF37     		.short	14335
 11145 5692 FF37     		.short	14335
 11146 5694 FF37     		.short	14335
 11147 5696 FF37     		.short	14335
 11148 5698 FF37     		.short	14335
 11149 569a FF37     		.short	14335
 11150 569c FF37     		.short	14335
 11151 569e FF37     		.short	14335
 11152 56a0 FEF6     		.short	-2306
 11153 56a2 FF58     		.short	22783
 11154 56a4 F738     		.short	14583
 11155 56a6 FF59     		.short	23039
 11156 56a8 7AE8     		.short	-6022
 11157 56aa AC2D     		.short	11692
 11158 56ac CCAF     		.short	-20532
 11159 56ae FE76     		.short	30462
 11160 56b0 FF58     		.short	22783
 11161 56b2 9BED     		.short	-4709
 11162 56b4 73EF     		.short	-4237
 11163 56b6 B5D8     		.short	-10059
 11164 56b8 A536     		.short	13989
 11165 56ba 7BEE     		.short	-4485
 11166 56bc B44D     		.short	19892
 11167 56be D56E     		.short	28373
 11168 56c0 F6D5     		.short	-10762
 11169 56c2 6A85     		.short	-31382
 11170 56c4 AC4C     		.short	19628
 11171 56c6 D5D0     		.short	-12075
 11172 56c8 FF54     		.short	21759
 11173 56ca FF95     		.short	-27137
 11174 56cc D653     		.short	21462
 11175 56ce 5246     		.short	18002
 11176 56d0 834C     		.short	19587
 11177 56d2 AC8D     		.short	-29268
 11178 56d4 DE0F     		.short	4062
 11179 56d6 FF96     		.short	-26881
 11180 56d8 738B     		.short	-29837
 11181 56da 9D35     		.short	13725
 11182 56dc BE19     		.short	6590
ARM GAS  /tmp/ccXeXMPx.s 			page 197


 11183 56de 73AF     		.short	-20621
 11184 56e0 4A6A     		.short	27210
 11185 56e2 BE18     		.short	6334
 11186 56e4 9D35     		.short	13725
 11187 56e6 B5F8     		.short	-1867
 11188 56e8 9D35     		.short	13725
 11189 56ea 5B0C     		.short	3163
 11190 56ec 73AE     		.short	-20877
 11191 56ee 5AEB     		.short	-5286
 11192 56f0 CE58     		.short	22734
 11193 56f2 FFFF     		.short	-1
 11194 56f4 D6DB     		.short	-9258
 11195 56f6 B5D8     		.short	-10059
 11196 56f8 BDD8     		.short	-10051
 11197 56fa CE7A     		.short	31438
 11198 56fc CE59     		.short	22990
 11199 56fe 0020     		.short	8192
 11200 5700 0000     		.short	0
 11201 5702 FFFF     		.short	-1
 11202 5704 FFFF     		.short	-1
 11203 5706 FFFF     		.short	-1
 11204 5708 FFFF     		.short	-1
 11205 570a FFFF     		.short	-1
 11206 570c FFFF     		.short	-1
 11207 570e FFFF     		.short	-1
 11208 5710 FFFF     		.short	-1
 11209 5712 FFFF     		.short	-1
 11210 5714 FFFF     		.short	-1
 11211 5716 FFFF     		.short	-1
 11212 5718 FFFF     		.short	-1
 11213 571a 6B50     		.short	20587
 11214 571c 0825     		.short	9480
 11215 571e 18A9     		.short	-22248
 11216 5720 0848     		.short	18440
 11217 5722 7B29     		.short	10619
 11218 5724 7B2A     		.short	10875
 11219 5726 0027     		.short	9984
 11220 5728 08A7     		.short	-22776
 11221 572a 49C4     		.short	-15287
 11222 572c BCCC     		.short	-13124
 11223 572e BCED     		.short	-4676
 11224 5730 EF32     		.short	13039
 11225 5732 FFB7     		.short	-18433
 11226 5734 A44C     		.short	19620
 11227 5736 93CA     		.short	-13677
 11228 5738 EE92     		.short	-27922
 11229 573a FF94     		.short	-27393
 11230 573c F732     		.short	13047
 11231 573e FF74     		.short	29951
 11232 5740 BCCE     		.short	-12612
 11233 5742 E6B0     		.short	-20250
 11234 5744 FFF7     		.short	-2049
 11235 5746 94AE     		.short	-20844
 11236 5748 A552     		.short	21157
 11237 574a BDB8     		.short	-18243
 11238 574c 1842     		.short	16920
 11239 574e B50D     		.short	3509
ARM GAS  /tmp/ccXeXMPx.s 			page 198


 11240 5750 AC91     		.short	-28244
 11241 5752 20C9     		.short	-14048
 11242 5754 298C     		.short	-29655
 11243 5756 31AD     		.short	-21199
 11244 5758 212F     		.short	12065
 11245 575a 18CA     		.short	-13800
 11246 575c 1800     		.short	24
 11247 575e 5040     		.short	16464
 11248 5760 4840     		.short	16456
 11249 5762 5061     		.short	24912
 11250 5764 4841     		.short	16712
 11251 5766 3000     		.short	48
 11252 5768 3040     		.short	16432
 11253 576a 3882     		.short	-32200
 11254 576c 3801     		.short	312
 11255 576e 4001     		.short	320
 11256 5770 1862     		.short	25112
 11257 5772 49A7     		.short	-22711
 11258 5774 4986     		.short	-31159
 11259 5776 59A6     		.short	-22951
 11260 5778 8B2A     		.short	10891
 11261 577a C4B0     		.short	-20284
 11262 577c EDF4     		.short	-2835
 11263 577e FE96     		.short	-26882
 11264 5780 FF37     		.short	14335
 11265 5782 FF37     		.short	14335
 11266 5784 FF37     		.short	14335
 11267 5786 FF37     		.short	14335
 11268 5788 FF37     		.short	14335
 11269 578a FF37     		.short	14335
 11270 578c FF37     		.short	14335
 11271 578e FF37     		.short	14335
 11272 5790 FF37     		.short	14335
 11273 5792 FF37     		.short	14335
 11274 5794 FF37     		.short	14335
 11275 5796 FF37     		.short	14335
 11276 5798 FF37     		.short	14335
 11277 579a FF37     		.short	14335
 11278 579c FF37     		.short	14335
 11279 579e FF37     		.short	14335
 11280 57a0 FEF7     		.short	-2050
 11281 57a2 FF58     		.short	22783
 11282 57a4 FFDB     		.short	-9217
 11283 57a6 A48E     		.short	-29020
 11284 57a8 82E9     		.short	-5758
 11285 57aa D4D0     		.short	-12076
 11286 57ac EDB3     		.short	-19475
 11287 57ae FED7     		.short	-10242
 11288 57b0 FF78     		.short	30975
 11289 57b2 B4F1     		.short	-3660
 11290 57b4 31E7     		.short	-6351
 11291 57b6 A536     		.short	13989
 11292 57b8 C61A     		.short	6854
 11293 57ba 738C     		.short	-29581
 11294 57bc AC2D     		.short	11692
 11295 57be E5F0     		.short	-3867
 11296 57c0 DE53     		.short	21470
ARM GAS  /tmp/ccXeXMPx.s 			page 199


 11297 57c2 6A64     		.short	25706
 11298 57c4 B48D     		.short	-29260
 11299 57c6 DDF0     		.short	-3875
 11300 57c8 FF54     		.short	21759
 11301 57ca FF74     		.short	29951
 11302 57cc B550     		.short	20661
 11303 57ce 41C5     		.short	-15039
 11304 57d0 7B0A     		.short	2683
 11305 57d2 B4CE     		.short	-12620
 11306 57d4 E671     		.short	29158
 11307 57d6 EEF4     		.short	-2834
 11308 57d8 5AE9     		.short	-5798
 11309 57da AD98     		.short	-26451
 11310 57dc ADB8     		.short	-18259
 11311 57de 73F0     		.short	-3981
 11312 57e0 52CB     		.short	-13486
 11313 57e2 ADB7     		.short	-18515
 11314 57e4 A556     		.short	22181
 11315 57e6 AD97     		.short	-26707
 11316 57e8 B5D8     		.short	-10059
 11317 57ea 94B3     		.short	-19564
 11318 57ec 4A49     		.short	18762
 11319 57ee 5AEB     		.short	-5286
 11320 57f0 D6B9     		.short	-17962
 11321 57f2 F7BE     		.short	-16649
 11322 57f4 F77E     		.short	32503
 11323 57f6 B597     		.short	-26699
 11324 57f8 BDF9     		.short	-1603
 11325 57fa BDF8     		.short	-1859
 11326 57fc DEFB     		.short	-1058
 11327 57fe 0000     		.short	0
 11328 5800 0000     		.short	0
 11329 5802 FFFF     		.short	-1
 11330 5804 FFFF     		.short	-1
 11331 5806 FFFF     		.short	-1
 11332 5808 FFFF     		.short	-1
 11333 580a FFFF     		.short	-1
 11334 580c FFFF     		.short	-1
 11335 580e FFFF     		.short	-1
 11336 5810 FFFF     		.short	-1
 11337 5812 F7BE     		.short	-16649
 11338 5814 FFFF     		.short	-1
 11339 5816 FFFF     		.short	-1
 11340 5818 F7BD     		.short	-16905
 11341 581a 2986     		.short	-31191
 11342 581c 1086     		.short	-31216
 11343 581e 10A9     		.short	-22256
 11344 5820 0866     		.short	26120
 11345 5822 4A69     		.short	26954
 11346 5824 7387     		.short	-30861
 11347 5826 1085     		.short	-31472
 11348 5828 2950     		.short	20521
 11349 582a 2126     		.short	9761
 11350 582c AC8E     		.short	-29012
 11351 582e C46D     		.short	28100
 11352 5830 E630     		.short	12518
 11353 5832 FF95     		.short	-27137
ARM GAS  /tmp/ccXeXMPx.s 			page 200


 11354 5834 BD4E     		.short	20157
 11355 5836 7B08     		.short	2171
 11356 5838 D5D1     		.short	-11819
 11357 583a FF74     		.short	29951
 11358 583c FF72     		.short	29439
 11359 583e FF95     		.short	-27137
 11360 5840 A40E     		.short	3748
 11361 5842 E650     		.short	20710
 11362 5844 FF73     		.short	29695
 11363 5846 C5B0     		.short	-20283
 11364 5848 D697     		.short	-26666
 11365 584a 6350     		.short	20579
 11366 584c 20EA     		.short	-5600
 11367 584e 41E9     		.short	-5823
 11368 5850 DEB2     		.short	-19746
 11369 5852 3146     		.short	17969
 11370 5854 3151     		.short	20785
 11371 5856 31EF     		.short	-4303
 11372 5858 192B     		.short	11033
 11373 585a 1067     		.short	26384
 11374 585c 2860     		.short	24616
 11375 585e 4842     		.short	16968
 11376 5860 4840     		.short	16456
 11377 5862 4060     		.short	24640
 11378 5864 3080     		.short	-32720
 11379 5866 2800     		.short	40
 11380 5868 4021     		.short	8512
 11381 586a 4063     		.short	25408
 11382 586c 1800     		.short	24
 11383 586e 1061     		.short	24848
 11384 5870 7C30     		.short	12412
 11385 5872 BE18     		.short	6334
 11386 5874 8C0F     		.short	3980
 11387 5876 93AD     		.short	-21101
 11388 5878 8AC8     		.short	-14198
 11389 587a 69C4     		.short	-15255
 11390 587c 82A9     		.short	-22142
 11391 587e B471     		.short	29108
 11392 5880 E5F4     		.short	-2843
 11393 5882 F697     		.short	-26634
 11394 5884 FF38     		.short	14591
 11395 5886 FF38     		.short	14591
 11396 5888 FF37     		.short	14335
 11397 588a FF56     		.short	22271
 11398 588c FF56     		.short	22271
 11399 588e FF56     		.short	22271
 11400 5890 FED7     		.short	-10242
 11401 5892 FF18     		.short	6399
 11402 5894 FF38     		.short	14591
 11403 5896 FF38     		.short	14591
 11404 5898 FF17     		.short	6143
 11405 589a FF38     		.short	14591
 11406 589c FF38     		.short	14591
 11407 589e FF17     		.short	6143
 11408 58a0 EF18     		.short	6383
 11409 58a2 F77A     		.short	31479
 11410 58a4 D634     		.short	13526
ARM GAS  /tmp/ccXeXMPx.s 			page 201


 11411 58a6 61E4     		.short	-7071
 11412 58a8 C44E     		.short	20164
 11413 58aa E551     		.short	20965
 11414 58ac FED6     		.short	-10498
 11415 58ae EF77     		.short	30703
 11416 58b0 FF38     		.short	14591
 11417 58b2 CDB3     		.short	-19507
 11418 58b4 41C5     		.short	-15039
 11419 58b6 8C71     		.short	29068
 11420 58b8 BE39     		.short	14782
 11421 58ba 738D     		.short	-29325
 11422 58bc 9BEB     		.short	-5221
 11423 58be EDD0     		.short	-12051
 11424 58c0 CD90     		.short	-28467
 11425 58c2 7A87     		.short	-30854
 11426 58c4 CCD0     		.short	-12084
 11427 58c6 E610     		.short	4326
 11428 58c8 FF92     		.short	-27905
 11429 58ca FFF7     		.short	-2049
 11430 58cc 7BCC     		.short	-13189
 11431 58ce 41E8     		.short	-6079
 11432 58d0 93AC     		.short	-21357
 11433 58d2 B4AB     		.short	-21580
 11434 58d4 FF13     		.short	5119
 11435 58d6 C5B2     		.short	-19771
 11436 58d8 5AEC     		.short	-5030
 11437 58da ADD9     		.short	-9811
 11438 58dc B618     		.short	6326
 11439 58de 634C     		.short	19555
 11440 58e0 6B6F     		.short	28523
 11441 58e2 AD97     		.short	-26707
 11442 58e4 A576     		.short	30373
 11443 58e6 C659     		.short	22982
 11444 58e8 A575     		.short	30117
 11445 58ea B5F8     		.short	-1867
 11446 58ec 632D     		.short	11619
 11447 58ee 630D     		.short	3427
 11448 58f0 E71C     		.short	7399
 11449 58f2 F79E     		.short	-24841
 11450 58f4 F7BE     		.short	-16649
 11451 58f6 BE18     		.short	6334
 11452 58f8 BDF8     		.short	-1859
 11453 58fa AD96     		.short	-26963
 11454 58fc DEFB     		.short	-1058
 11455 58fe 0000     		.short	0
 11456 5900 0000     		.short	0
 11457 5902 FFFF     		.short	-1
 11458 5904 FFFF     		.short	-1
 11459 5906 FFFF     		.short	-1
 11460 5908 FFFF     		.short	-1
 11461 590a FFFF     		.short	-1
 11462 590c FFFF     		.short	-1
 11463 590e FFFF     		.short	-1
 11464 5910 FFFF     		.short	-1
 11465 5912 FFFF     		.short	-1
 11466 5914 FFFF     		.short	-1
 11467 5916 FFFF     		.short	-1
ARM GAS  /tmp/ccXeXMPx.s 			page 202


 11468 5918 F7DE     		.short	-8457
 11469 591a 31A7     		.short	-22735
 11470 591c 0885     		.short	-31480
 11471 591e 18A8     		.short	-22504
 11472 5920 0867     		.short	26376
 11473 5922 39A8     		.short	-22471
 11474 5924 7BC9     		.short	-13957
 11475 5926 3149     		.short	18737
 11476 5928 3191     		.short	-28367
 11477 592a 18E6     		.short	-6632
 11478 592c 93EC     		.short	-4973
 11479 592e CCCD     		.short	-12852
 11480 5930 D5CF     		.short	-12331
 11481 5932 FF75     		.short	30207
 11482 5934 CDF1     		.short	-3635
 11483 5936 7307     		.short	1907
 11484 5938 CD70     		.short	28877
 11485 593a FF33     		.short	13311
 11486 593c FF73     		.short	29695
 11487 593e FF95     		.short	-27137
 11488 5940 AC6E     		.short	28332
 11489 5942 BD0D     		.short	3517
 11490 5944 FF95     		.short	-27137
 11491 5946 D672     		.short	29398
 11492 5948 73CD     		.short	-12941
 11493 594a 31CB     		.short	-13519
 11494 594c 212B     		.short	11041
 11495 594e 2949     		.short	18729
 11496 5950 AD2F     		.short	12205
 11497 5952 83AD     		.short	-21117
 11498 5954 188A     		.short	-30184
 11499 5956 31CF     		.short	-12495
 11500 5958 190B     		.short	2841
 11501 595a 1025     		.short	9488
 11502 595c 3880     		.short	-32712
 11503 595e 4821     		.short	8520
 11504 5960 5041     		.short	16720
 11505 5962 3820     		.short	8248
 11506 5964 3040     		.short	16432
 11507 5966 2800     		.short	40
 11508 5968 3801     		.short	312
 11509 596a 3842     		.short	16952
 11510 596c 1801     		.short	280
 11511 596e 6B8E     		.short	-29077
 11512 5970 B638     		.short	14518
 11513 5972 BE38     		.short	14526
 11514 5974 8C50     		.short	20620
 11515 5976 8B8C     		.short	-29557
 11516 5978 DD52     		.short	21213
 11517 597a C46E     		.short	28356
 11518 597c 9309     		.short	2451
 11519 597e 61E6     		.short	-6559
 11520 5980 7247     		.short	18290
 11521 5982 A3AC     		.short	-21341
 11522 5984 D593     		.short	-27691
 11523 5986 FED7     		.short	-10242
 11524 5988 FF38     		.short	14591
ARM GAS  /tmp/ccXeXMPx.s 			page 203


 11525 598a FF38     		.short	14591
 11526 598c FF37     		.short	14335
 11527 598e FF58     		.short	22783
 11528 5990 FF37     		.short	14335
 11529 5992 FF37     		.short	14335
 11530 5994 FF37     		.short	14335
 11531 5996 FF37     		.short	14335
 11532 5998 F737     		.short	14327
 11533 599a F716     		.short	5879
 11534 599c FF37     		.short	14335
 11535 599e FF78     		.short	30975
 11536 59a0 FFDB     		.short	-9217
 11537 59a2 F6F8     		.short	-1802
 11538 59a4 6205     		.short	1378
 11539 59a6 ABEC     		.short	-4949
 11540 59a8 D4F0     		.short	-3884
 11541 59aa F614     		.short	5366
 11542 59ac FF37     		.short	14335
 11543 59ae FF98     		.short	-26369
 11544 59b0 FF38     		.short	14591
 11545 59b2 E655     		.short	21990
 11546 59b4 62A8     		.short	-22430
 11547 59b6 7BEF     		.short	-4229
 11548 59b8 BE18     		.short	6334
 11549 59ba 73AD     		.short	-21133
 11550 59bc AC8D     		.short	-29268
 11551 59be E58F     		.short	-28699
 11552 59c0 A44B     		.short	19364
 11553 59c2 82C8     		.short	-14206
 11554 59c4 C4AF     		.short	-20540
 11555 59c6 F671     		.short	29174
 11556 59c8 FF93     		.short	-27649
 11557 59ca EF55     		.short	21999
 11558 59cc 4205     		.short	1346
 11559 59ce 3166     		.short	26161
 11560 59d0 8B4B     		.short	19339
 11561 59d2 C54E     		.short	20165
 11562 59d4 FF34     		.short	13567
 11563 59d6 940C     		.short	3220
 11564 59d8 7BD0     		.short	-12165
 11565 59da ADD8     		.short	-10067
 11566 59dc ADF7     		.short	-2131
 11567 59de 632C     		.short	11363
 11568 59e0 7BD0     		.short	-12165
 11569 59e2 B5D8     		.short	-10059
 11570 59e4 AD76     		.short	30381
 11571 59e6 DF1C     		.short	7391
 11572 59e8 ADD6     		.short	-10579
 11573 59ea B5D7     		.short	-10315
 11574 59ec 8C72     		.short	29324
 11575 59ee 73D0     		.short	-12173
 11576 59f0 EF5D     		.short	24047
 11577 59f2 F7BE     		.short	-16649
 11578 59f4 EF7E     		.short	32495
 11579 59f6 B5F8     		.short	-1867
 11580 59f8 B5B7     		.short	-18507
 11581 59fa AD76     		.short	30381
ARM GAS  /tmp/ccXeXMPx.s 			page 204


 11582 59fc DEFB     		.short	-1058
 11583 59fe 0000     		.short	0
 11584 5a00 0000     		.short	0
 11585 5a02 FFFF     		.short	-1
 11586 5a04 FFFF     		.short	-1
 11587 5a06 FFFF     		.short	-1
 11588 5a08 FFFF     		.short	-1
 11589 5a0a FFFF     		.short	-1
 11590 5a0c FFFF     		.short	-1
 11591 5a0e FFFF     		.short	-1
 11592 5a10 FFFF     		.short	-1
 11593 5a12 FFFF     		.short	-1
 11594 5a14 FFFF     		.short	-1
 11595 5a16 FFFF     		.short	-1
 11596 5a18 F7DE     		.short	-8457
 11597 5a1a 8C92     		.short	-28020
 11598 5a1c 10A5     		.short	-23280
 11599 5a1e 2129     		.short	10529
 11600 5a20 214C     		.short	19489
 11601 5a22 2949     		.short	18729
 11602 5a24 7BAB     		.short	-21637
 11603 5a26 39AA     		.short	-21959
 11604 5a28 31B1     		.short	-20175
 11605 5a2a 18E7     		.short	-6376
 11606 5a2c 6AC8     		.short	-14230
 11607 5a2e C4CD     		.short	-12860
 11608 5a30 C52D     		.short	11717
 11609 5a32 FF75     		.short	30207
 11610 5a34 E6B3     		.short	-19482
 11611 5a36 72E7     		.short	-6286
 11612 5a38 BD0F     		.short	4029
 11613 5a3a F6D2     		.short	-11530
 11614 5a3c FF73     		.short	29695
 11615 5a3e FF95     		.short	-27137
 11616 5a40 BD2F     		.short	12221
 11617 5a42 9C2B     		.short	11164
 11618 5a44 FF96     		.short	-26881
 11619 5a46 F755     		.short	22007
 11620 5a48 39E7     		.short	-6343
 11621 5a4a 18E9     		.short	-5864
 11622 5a4c 31AD     		.short	-21199
 11623 5a4e 212B     		.short	11041
 11624 5a50 5ACA     		.short	-13734
 11625 5a52 CDB2     		.short	-19763
 11626 5a54 28C5     		.short	-15064
 11627 5a56 298E     		.short	-29143
 11628 5a58 10CA     		.short	-13808
 11629 5a5a 1802     		.short	536
 11630 5a5c 4060     		.short	24640
 11631 5a5e 4041     		.short	16704
 11632 5a60 5021     		.short	8528
 11633 5a62 4020     		.short	8256
 11634 5a64 3020     		.short	8240
 11635 5a66 2800     		.short	40
 11636 5a68 3001     		.short	304
 11637 5a6a 2001     		.short	288
 11638 5a6c 4A08     		.short	2122
ARM GAS  /tmp/ccXeXMPx.s 			page 205


 11639 5a6e B617     		.short	6070
 11640 5a70 A5B6     		.short	-18779
 11641 5a72 ADD7     		.short	-10323
 11642 5a74 AD55     		.short	21933
 11643 5a76 7AEA     		.short	-5510
 11644 5a78 D511     		.short	4565
 11645 5a7a DCCF     		.short	-12324
 11646 5a7c D4D0     		.short	-12076
 11647 5a7e CCB0     		.short	-20276
 11648 5a80 A36C     		.short	27811
 11649 5a82 7A47     		.short	18298
 11650 5a84 61A5     		.short	-23199
 11651 5a86 82C9     		.short	-13950
 11652 5a88 BCF1     		.short	-3652
 11653 5a8a EE97     		.short	-26642
 11654 5a8c FF3A     		.short	15103
 11655 5a8e FF3A     		.short	15103
 11656 5a90 FF37     		.short	14335
 11657 5a92 FF37     		.short	14335
 11658 5a94 FF37     		.short	14335
 11659 5a96 F757     		.short	22519
 11660 5a98 FF78     		.short	30975
 11661 5a9a FF78     		.short	30975
 11662 5a9c FF57     		.short	22527
 11663 5a9e F6F6     		.short	-2314
 11664 5aa0 F718     		.short	6391
 11665 5aa2 938B     		.short	-29805
 11666 5aa4 A3AB     		.short	-21597
 11667 5aa6 D4F0     		.short	-3884
 11668 5aa8 D551     		.short	20949
 11669 5aaa FF38     		.short	14591
 11670 5aac FF37     		.short	14335
 11671 5aae F6F6     		.short	-2314
 11672 5ab0 FF37     		.short	14335
 11673 5ab2 F6F7     		.short	-2058
 11674 5ab4 7B6B     		.short	27515
 11675 5ab6 73AE     		.short	-20877
 11676 5ab8 AD96     		.short	-26963
 11677 5aba 7BAD     		.short	-21125
 11678 5abc AC8E     		.short	-29012
 11679 5abe DD4E     		.short	20189
 11680 5ac0 8BA9     		.short	-22133
 11681 5ac2 936A     		.short	27283
 11682 5ac4 BCAE     		.short	-20804
 11683 5ac6 F6D2     		.short	-11530
 11684 5ac8 FF93     		.short	-27649
 11685 5aca DEB4     		.short	-19234
 11686 5acc 4206     		.short	1602
 11687 5ace 526A     		.short	27218
 11688 5ad0 AC2D     		.short	11692
 11689 5ad2 B4AB     		.short	-21580
 11690 5ad4 FFD7     		.short	-10241
 11691 5ad6 5A87     		.short	-30886
 11692 5ad8 9CF5     		.short	-2660
 11693 5ada A577     		.short	30629
 11694 5adc ADD7     		.short	-10323
 11695 5ade 5B0C     		.short	3163
ARM GAS  /tmp/ccXeXMPx.s 			page 206


 11696 5ae0 8C72     		.short	29324
 11697 5ae2 B597     		.short	-26699
 11698 5ae4 BDF8     		.short	-1859
 11699 5ae6 F7DF     		.short	-8201
 11700 5ae8 BE18     		.short	6334
 11701 5aea ADB6     		.short	-18771
 11702 5aec 94B3     		.short	-19564
 11703 5aee 8411     		.short	4484
 11704 5af0 EF5D     		.short	24047
 11705 5af2 F7BE     		.short	-16649
 11706 5af4 E75D     		.short	24039
 11707 5af6 B5D7     		.short	-10315
 11708 5af8 AD96     		.short	-26963
 11709 5afa AD76     		.short	30381
 11710 5afc E71C     		.short	7399
 11711 5afe 0000     		.short	0
 11712 5b00 0000     		.short	0
 11713 5b02 FFFF     		.short	-1
 11714 5b04 FFFF     		.short	-1
 11715 5b06 FFFF     		.short	-1
 11716 5b08 FFFF     		.short	-1
 11717 5b0a FFFF     		.short	-1
 11718 5b0c FFFF     		.short	-1
 11719 5b0e FFFF     		.short	-1
 11720 5b10 FFFF     		.short	-1
 11721 5b12 FFFF     		.short	-1
 11722 5b14 FFFF     		.short	-1
 11723 5b16 FFFF     		.short	-1
 11724 5b18 FFFE     		.short	-257
 11725 5b1a F7BE     		.short	-16649
 11726 5b1c 632E     		.short	11875
 11727 5b1e 2108     		.short	2081
 11728 5b20 39EF     		.short	-4295
 11729 5b22 314B     		.short	19249
 11730 5b24 734C     		.short	19571
 11731 5b26 3169     		.short	26929
 11732 5b28 3190     		.short	-28623
 11733 5b2a 214A     		.short	18977
 11734 5b2c 4A07     		.short	1866
 11735 5b2e BCED     		.short	-4676
 11736 5b30 BCCC     		.short	-13124
 11737 5b32 FF14     		.short	5375
 11738 5b34 FF56     		.short	22271
 11739 5b36 7328     		.short	10355
 11740 5b38 AC8D     		.short	-29268
 11741 5b3a EE71     		.short	29166
 11742 5b3c FF74     		.short	29951
 11743 5b3e FF95     		.short	-27137
 11744 5b40 CE10     		.short	4302
 11745 5b42 8BAA     		.short	-21877
 11746 5b44 FF35     		.short	13823
 11747 5b46 FFD6     		.short	-10497
 11748 5b48 5ACA     		.short	-13734
 11749 5b4a 212B     		.short	11041
 11750 5b4c 31EF     		.short	-4303
 11751 5b4e 296F     		.short	28457
 11752 5b50 2129     		.short	10529
ARM GAS  /tmp/ccXeXMPx.s 			page 207


 11753 5b52 C56F     		.short	28613
 11754 5b54 6AC8     		.short	-14230
 11755 5b56 18EB     		.short	-5352
 11756 5b58 0889     		.short	-30456
 11757 5b5a 2801     		.short	296
 11758 5b5c 4840     		.short	16456
 11759 5b5e 4041     		.short	16704
 11760 5b60 4800     		.short	72
 11761 5b62 4861     		.short	24904
 11762 5b64 2820     		.short	8232
 11763 5b66 2000     		.short	32
 11764 5b68 2021     		.short	8480
 11765 5b6a 2082     		.short	-32224
 11766 5b6c A514     		.short	5285
 11767 5b6e B617     		.short	6070
 11768 5b70 A5B6     		.short	-18779
 11769 5b72 ADF7     		.short	-2131
 11770 5b74 C5F7     		.short	-2107
 11771 5b76 7B0A     		.short	2683
 11772 5b78 CCAF     		.short	-20532
 11773 5b7a D48E     		.short	-28972
 11774 5b7c DCAE     		.short	-20772
 11775 5b7e D4AF     		.short	-20524
 11776 5b80 D4B0     		.short	-20268
 11777 5b82 D4B0     		.short	-20268
 11778 5b84 BC2E     		.short	11964
 11779 5b86 9309     		.short	2451
 11780 5b88 61C5     		.short	-15007
 11781 5b8a 59C4     		.short	-15271
 11782 5b8c 8B4B     		.short	19339
 11783 5b8e C512     		.short	4805
 11784 5b90 E655     		.short	21990
 11785 5b92 FF59     		.short	23039
 11786 5b94 FFDA     		.short	-9473
 11787 5b96 FF59     		.short	23039
 11788 5b98 F738     		.short	14583
 11789 5b9a FF9A     		.short	-25857
 11790 5b9c FF9A     		.short	-25857
 11791 5b9e F718     		.short	6391
 11792 5ba0 938A     		.short	-30061
 11793 5ba2 9B2A     		.short	10907
 11794 5ba4 DCD1     		.short	-11812
 11795 5ba6 D4D0     		.short	-12076
 11796 5ba8 FF18     		.short	6399
 11797 5baa F737     		.short	14327
 11798 5bac FF58     		.short	22783
 11799 5bae FF37     		.short	14335
 11800 5bb0 FF17     		.short	6143
 11801 5bb2 FF38     		.short	14591
 11802 5bb4 8BED     		.short	-4725
 11803 5bb6 738D     		.short	-29325
 11804 5bb8 9D34     		.short	13469
 11805 5bba 83EE     		.short	-4477
 11806 5bbc 9C2C     		.short	11420
 11807 5bbe CD0E     		.short	3789
 11808 5bc0 72E7     		.short	-6286
 11809 5bc2 9BAB     		.short	-21605
ARM GAS  /tmp/ccXeXMPx.s 			page 208


 11810 5bc4 C4EF     		.short	-4156
 11811 5bc6 FF13     		.short	5119
 11812 5bc8 FF95     		.short	-27137
 11813 5bca A52F     		.short	12197
 11814 5bcc 5ACA     		.short	-13734
 11815 5bce 41C7     		.short	-14527
 11816 5bd0 AC4C     		.short	19628
 11817 5bd2 CDAF     		.short	-20531
 11818 5bd4 D632     		.short	13014
 11819 5bd6 4A47     		.short	18250
 11820 5bd8 8C73     		.short	29580
 11821 5bda A576     		.short	30373
 11822 5bdc B5F8     		.short	-1867
 11823 5bde 52AB     		.short	-21678
 11824 5be0 9CF4     		.short	-2916
 11825 5be2 A555     		.short	21925
 11826 5be4 D6BB     		.short	-17450
 11827 5be6 FFFF     		.short	-1
 11828 5be8 CE79     		.short	31182
 11829 5bea AD96     		.short	-26963
 11830 5bec 8431     		.short	12676
 11831 5bee 8431     		.short	12676
 11832 5bf0 E71B     		.short	7143
 11833 5bf2 F7BE     		.short	-16649
 11834 5bf4 E73C     		.short	15591
 11835 5bf6 BDF8     		.short	-1859
 11836 5bf8 AD76     		.short	30381
 11837 5bfa B5B6     		.short	-18763
 11838 5bfc E73C     		.short	15591
 11839 5bfe 0000     		.short	0
 11840 5c00 0000     		.short	0
 11841 5c02 FFFF     		.short	-1
 11842 5c04 FFFF     		.short	-1
 11843 5c06 FFFF     		.short	-1
 11844 5c08 FFFF     		.short	-1
 11845 5c0a FFFF     		.short	-1
 11846 5c0c FFFF     		.short	-1
 11847 5c0e FFFF     		.short	-1
 11848 5c10 FFFF     		.short	-1
 11849 5c12 FFFF     		.short	-1
 11850 5c14 FFFF     		.short	-1
 11851 5c16 F7BE     		.short	-16649
 11852 5c18 FFFF     		.short	-1
 11853 5c1a FFFE     		.short	-257
 11854 5c1c DEFC     		.short	-802
 11855 5c1e 3188     		.short	-30671
 11856 5c20 296B     		.short	27433
 11857 5c22 312C     		.short	11313
 11858 5c24 7B6D     		.short	28027
 11859 5c26 3988     		.short	-30663
 11860 5c28 318F     		.short	-28879
 11861 5c2a 318D     		.short	-29391
 11862 5c2c 3146     		.short	17969
 11863 5c2e ACCC     		.short	-13140
 11864 5c30 BC8C     		.short	-29508
 11865 5c32 EE71     		.short	29166
 11866 5c34 FF96     		.short	-26881
ARM GAS  /tmp/ccXeXMPx.s 			page 209


 11867 5c36 8BAA     		.short	-21877
 11868 5c38 9C0B     		.short	2972
 11869 5c3a DE10     		.short	4318
 11870 5c3c FF74     		.short	29951
 11871 5c3e FF95     		.short	-27137
 11872 5c40 DEB1     		.short	-20002
 11873 5c42 7B29     		.short	10619
 11874 5c44 E653     		.short	21478
 11875 5c46 FFD5     		.short	-10753
 11876 5c48 8C6F     		.short	28556
 11877 5c4a 1909     		.short	2329
 11878 5c4c 29AE     		.short	-20951
 11879 5c4e 3191     		.short	-28367
 11880 5c50 192C     		.short	11289
 11881 5c52 7B48     		.short	18555
 11882 5c54 B50E     		.short	3765
 11883 5c56 1087     		.short	-30960
 11884 5c58 0826     		.short	9736
 11885 5c5a 3841     		.short	16696
 11886 5c5c 4800     		.short	72
 11887 5c5e 4020     		.short	8256
 11888 5c60 4821     		.short	8520
 11889 5c62 4041     		.short	16704
 11890 5c64 2000     		.short	32
 11891 5c66 1800     		.short	24
 11892 5c68 1021     		.short	8464
 11893 5c6a 5A8A     		.short	-30118
 11894 5c6c C679     		.short	31174
 11895 5c6e 9D76     		.short	30365
 11896 5c70 A5D7     		.short	-10331
 11897 5c72 A596     		.short	-26971
 11898 5c74 9CF3     		.short	-3172
 11899 5c76 72CA     		.short	-13710
 11900 5c78 C46E     		.short	28356
 11901 5c7a E50F     		.short	4069
 11902 5c7c DC8E     		.short	-28964
 11903 5c7e D48E     		.short	-28972
 11904 5c80 DCCF     		.short	-12324
 11905 5c82 D4AF     		.short	-20524
 11906 5c84 D4CF     		.short	-12332
 11907 5c86 D4CF     		.short	-12332
 11908 5c88 BC8E     		.short	-28996
 11909 5c8a A3AB     		.short	-21597
 11910 5c8c 7A66     		.short	26234
 11911 5c8e 61A4     		.short	-23455
 11912 5c90 59E5     		.short	-6823
 11913 5c92 72A8     		.short	-22414
 11914 5c94 93AC     		.short	-21357
 11915 5c96 B4D1     		.short	-11852
 11916 5c98 CDD4     		.short	-11059
 11917 5c9a CDB4     		.short	-19251
 11918 5c9c 9C2E     		.short	11932
 11919 5c9e 6A67     		.short	26474
 11920 5ca0 A3AB     		.short	-21597
 11921 5ca2 DD11     		.short	4573
 11922 5ca4 BBED     		.short	-4677
 11923 5ca6 FE56     		.short	22270
ARM GAS  /tmp/ccXeXMPx.s 			page 210


 11924 5ca8 FF38     		.short	14591
 11925 5caa F737     		.short	14327
 11926 5cac FF37     		.short	14335
 11927 5cae FEF7     		.short	-2050
 11928 5cb0 FF17     		.short	6143
 11929 5cb2 FF59     		.short	23039
 11930 5cb4 B511     		.short	4533
 11931 5cb6 6B0B     		.short	2923
 11932 5cb8 94D2     		.short	-11628
 11933 5cba 83EE     		.short	-4477
 11934 5cbc 9C2C     		.short	11420
 11935 5cbe C4EE     		.short	-4412
 11936 5cc0 6A86     		.short	-31126
 11937 5cc2 A3EC     		.short	-4957
 11938 5cc4 C52F     		.short	12229
 11939 5cc6 F713     		.short	5111
 11940 5cc8 FF96     		.short	-26881
 11941 5cca 7C0C     		.short	3196
 11942 5ccc A534     		.short	13477
 11943 5cce 62EA     		.short	-5534
 11944 5cd0 A3EA     		.short	-5469
 11945 5cd2 DE32     		.short	13022
 11946 5cd4 B550     		.short	20661
 11947 5cd6 2945     		.short	17705
 11948 5cd8 6B4F     		.short	20331
 11949 5cda 9D14     		.short	5277
 11950 5cdc ADD6     		.short	-10579
 11951 5cde 4A8B     		.short	-29878
 11952 5ce0 9D35     		.short	13725
 11953 5ce2 ADB7     		.short	-18515
 11954 5ce4 E73C     		.short	15591
 11955 5ce6 FFDF     		.short	-8193
 11956 5ce8 E71B     		.short	7143
 11957 5cea BDF7     		.short	-2115
 11958 5cec 8451     		.short	20868
 11959 5cee 8451     		.short	20868
 11960 5cf0 D6BA     		.short	-17706
 11961 5cf2 F7BE     		.short	-16649
 11962 5cf4 E73D     		.short	15847
 11963 5cf6 BDF8     		.short	-1859
 11964 5cf8 A555     		.short	21925
 11965 5cfa B5D7     		.short	-10315
 11966 5cfc EF5D     		.short	24047
 11967 5cfe 0000     		.short	0
 11968 5d00 0000     		.short	0
 11969 5d02 FFFF     		.short	-1
 11970 5d04 FFFF     		.short	-1
 11971 5d06 FFFF     		.short	-1
 11972 5d08 FFFF     		.short	-1
 11973 5d0a FFFF     		.short	-1
 11974 5d0c FFFF     		.short	-1
 11975 5d0e FFFF     		.short	-1
 11976 5d10 FFFF     		.short	-1
 11977 5d12 FFFF     		.short	-1
 11978 5d14 FFFF     		.short	-1
 11979 5d16 FFDF     		.short	-8193
 11980 5d18 FFFF     		.short	-1
ARM GAS  /tmp/ccXeXMPx.s 			page 211


 11981 5d1a F7DD     		.short	-8713
 11982 5d1c FFFF     		.short	-1
 11983 5d1e 9CF5     		.short	-2660
 11984 5d20 10C7     		.short	-14576
 11985 5d22 20AA     		.short	-21984
 11986 5d24 6AEC     		.short	-5014
 11987 5d26 41E8     		.short	-6079
 11988 5d28 318E     		.short	-29135
 11989 5d2a 298F     		.short	-28887
 11990 5d2c 20E7     		.short	-6368
 11991 5d2e 940B     		.short	2964
 11992 5d30 BC8D     		.short	-29252
 11993 5d32 D5AF     		.short	-20523
 11994 5d34 FF96     		.short	-26881
 11995 5d36 A48D     		.short	-29276
 11996 5d38 8349     		.short	18819
 11997 5d3a D58F     		.short	-28715
 11998 5d3c FF13     		.short	5119
 11999 5d3e FF74     		.short	29951
 12000 5d40 EF52     		.short	21231
 12001 5d42 7B49     		.short	18811
 12002 5d44 CD91     		.short	-28211
 12003 5d46 FF95     		.short	-27137
 12004 5d48 B570     		.short	28853
 12005 5d4a 1086     		.short	-31216
 12006 5d4c 298E     		.short	-29143
 12007 5d4e 298F     		.short	-28887
 12008 5d50 29AF     		.short	-20695
 12009 5d52 3965     		.short	25913
 12010 5d54 C5B1     		.short	-20027
 12011 5d56 3187     		.short	-30927
 12012 5d58 0802     		.short	520
 12013 5d5a 3860     		.short	24632
 12014 5d5c 4800     		.short	72
 12015 5d5e 4840     		.short	16456
 12016 5d60 4862     		.short	25160
 12017 5d62 3000     		.short	48
 12018 5d64 2000     		.short	32
 12019 5d66 1820     		.short	8216
 12020 5d68 20A3     		.short	-23776
 12021 5d6a A535     		.short	13733
 12022 5d6c ADB7     		.short	-18515
 12023 5d6e A5B7     		.short	-18523
 12024 5d70 A5B6     		.short	-18779
 12025 5d72 B5F8     		.short	-1867
 12026 5d74 94D3     		.short	-11372
 12027 5d76 7B4C     		.short	19579
 12028 5d78 ABCC     		.short	-13141
 12029 5d7a D48E     		.short	-28972
 12030 5d7c D46D     		.short	28116
 12031 5d7e D4AF     		.short	-20524
 12032 5d80 D48D     		.short	-29228
 12033 5d82 D4AE     		.short	-20780
 12034 5d84 D4CE     		.short	-12588
 12035 5d86 D4EF     		.short	-4140
 12036 5d88 D4EF     		.short	-4140
 12037 5d8a CCCF     		.short	-12340
ARM GAS  /tmp/ccXeXMPx.s 			page 212


 12038 5d8c C48E     		.short	-28988
 12039 5d8e BC4D     		.short	19900
 12040 5d90 9B6C     		.short	27803
 12041 5d92 82C9     		.short	-13950
 12042 5d94 7247     		.short	18290
 12043 5d96 6A47     		.short	18282
 12044 5d98 6A47     		.short	18282
 12045 5d9a 6A47     		.short	18282
 12046 5d9c 82EA     		.short	-5502
 12047 5d9e A3CD     		.short	-12893
 12048 5da0 D4F0     		.short	-3884
 12049 5da2 CC8E     		.short	-28980
 12050 5da4 DD31     		.short	12765
 12051 5da6 FF59     		.short	23039
 12052 5da8 EEB6     		.short	-18706
 12053 5daa FFB9     		.short	-17921
 12054 5dac FF37     		.short	14335
 12055 5dae FF37     		.short	14335
 12056 5db0 FF17     		.short	6143
 12057 5db2 FF38     		.short	14591
 12058 5db4 E676     		.short	30438
 12059 5db6 5A89     		.short	-30374
 12060 5db8 8430     		.short	12420
 12061 5dba 83EE     		.short	-4477
 12062 5dbc A46D     		.short	28068
 12063 5dbe BCAD     		.short	-21060
 12064 5dc0 6245     		.short	17762
 12065 5dc2 AC4D     		.short	19884
 12066 5dc4 CD6F     		.short	28621
 12067 5dc6 FF54     		.short	21759
 12068 5dc8 EF56     		.short	22255
 12069 5dca 6B4B     		.short	19307
 12070 5dcc BDD7     		.short	-10307
 12071 5dce 6B2B     		.short	11115
 12072 5dd0 AC4A     		.short	19116
 12073 5dd2 EEB4     		.short	-19218
 12074 5dd4 83EC     		.short	-4989
 12075 5dd6 73B0     		.short	-20365
 12076 5dd8 3A2B     		.short	11066
 12077 5dda 7BF0     		.short	-3973
 12078 5ddc 9D14     		.short	5277
 12079 5dde 5AED     		.short	-4774
 12080 5de0 9D35     		.short	13725
 12081 5de2 C659     		.short	22982
 12082 5de4 EF5D     		.short	24047
 12083 5de6 FFBF     		.short	-16385
 12084 5de8 F77D     		.short	32247
 12085 5dea C618     		.short	6342
 12086 5dec 9D14     		.short	5277
 12087 5dee 6BCF     		.short	-12437
 12088 5df0 C638     		.short	14534
 12089 5df2 F79E     		.short	-24841
 12090 5df4 E73D     		.short	15847
 12091 5df6 B5D7     		.short	-10315
 12092 5df8 9CF4     		.short	-2916
 12093 5dfa BDF8     		.short	-1859
 12094 5dfc EF7D     		.short	32239
ARM GAS  /tmp/ccXeXMPx.s 			page 213


 12095 5dfe 0000     		.short	0
 12096 5e00 0000     		.short	0
 12097 5e02 FFFF     		.short	-1
 12098 5e04 FFFF     		.short	-1
 12099 5e06 FFFF     		.short	-1
 12100 5e08 FFFF     		.short	-1
 12101 5e0a FFFF     		.short	-1
 12102 5e0c FFFF     		.short	-1
 12103 5e0e FFFF     		.short	-1
 12104 5e10 FFFF     		.short	-1
 12105 5e12 FFDF     		.short	-8193
 12106 5e14 FFFF     		.short	-1
 12107 5e16 FFFF     		.short	-1
 12108 5e18 FFFE     		.short	-257
 12109 5e1a FFFE     		.short	-257
 12110 5e1c F79D     		.short	-25097
 12111 5e1e FFFF     		.short	-1
 12112 5e20 634E     		.short	20067
 12113 5e22 28EA     		.short	-5592
 12114 5e24 5208     		.short	2130
 12115 5e26 4A28     		.short	10314
 12116 5e28 298D     		.short	-29399
 12117 5e2a 31B1     		.short	-20175
 12118 5e2c 210B     		.short	2849
 12119 5e2e 7329     		.short	10611
 12120 5e30 C4AE     		.short	-20796
 12121 5e32 C52D     		.short	11717
 12122 5e34 FF76     		.short	30463
 12123 5e36 BD71     		.short	29117
 12124 5e38 6AA7     		.short	-22678
 12125 5e3a C52E     		.short	11973
 12126 5e3c EEB2     		.short	-19730
 12127 5e3e FF74     		.short	29951
 12128 5e40 FFB4     		.short	-19201
 12129 5e42 93EA     		.short	-5485
 12130 5e44 B4AE     		.short	-20812
 12131 5e46 FF74     		.short	29951
 12132 5e48 D670     		.short	28886
 12133 5e4a 1905     		.short	1305
 12134 5e4c 318F     		.short	-28879
 12135 5e4e 31AE     		.short	-20943
 12136 5e50 29CE     		.short	-12759
 12137 5e52 20C9     		.short	-14048
 12138 5e54 8C0D     		.short	3468
 12139 5e56 83CC     		.short	-13181
 12140 5e58 1000     		.short	16
 12141 5e5a 3040     		.short	16432
 12142 5e5c 4042     		.short	16960
 12143 5e5e 5040     		.short	16464
 12144 5e60 3841     		.short	16696
 12145 5e62 3000     		.short	48
 12146 5e64 1800     		.short	24
 12147 5e66 1841     		.short	16664
 12148 5e68 5ACB     		.short	-13478
 12149 5e6a C659     		.short	22982
 12150 5e6c 9D35     		.short	13725
 12151 5e6e B5D8     		.short	-10059
ARM GAS  /tmp/ccXeXMPx.s 			page 214


 12152 5e70 A595     		.short	-27227
 12153 5e72 ADD7     		.short	-10323
 12154 5e74 8451     		.short	20868
 12155 5e76 732C     		.short	11379
 12156 5e78 ABED     		.short	-4693
 12157 5e7a DD10     		.short	4317
 12158 5e7c DCCF     		.short	-12324
 12159 5e7e D4CF     		.short	-12332
 12160 5e80 D4CF     		.short	-12332
 12161 5e82 D4AE     		.short	-20780
 12162 5e84 CC6E     		.short	28364
 12163 5e86 CC6D     		.short	28108
 12164 5e88 CC8E     		.short	-28980
 12165 5e8a D4CF     		.short	-12332
 12166 5e8c DCCF     		.short	-12324
 12167 5e8e D4AF     		.short	-20524
 12168 5e90 CC90     		.short	-28468
 12169 5e92 BC0E     		.short	3772
 12170 5e94 ABCC     		.short	-13141
 12171 5e96 ABCC     		.short	-13141
 12172 5e98 A3AB     		.short	-21597
 12173 5e9a A38B     		.short	-29789
 12174 5e9c B40D     		.short	3508
 12175 5e9e D4F1     		.short	-3628
 12176 5ea0 CC2D     		.short	11724
 12177 5ea2 DD31     		.short	12765
 12178 5ea4 FED7     		.short	-10242
 12179 5ea6 EEB6     		.short	-18706
 12180 5ea8 FF79     		.short	31231
 12181 5eaa FF17     		.short	6143
 12182 5eac F6F7     		.short	-2058
 12183 5eae FF38     		.short	14591
 12184 5eb0 FF17     		.short	6143
 12185 5eb2 FEF7     		.short	-2050
 12186 5eb4 FF39     		.short	14847
 12187 5eb6 83AD     		.short	-21117
 12188 5eb8 6B6C     		.short	27755
 12189 5eba 8C4F     		.short	20364
 12190 5ebc 940C     		.short	3220
 12191 5ebe B48D     		.short	-29260
 12192 5ec0 6226     		.short	9826
 12193 5ec2 B48E     		.short	-29004
 12194 5ec4 CD8F     		.short	-28723
 12195 5ec6 FF95     		.short	-27137
 12196 5ec8 C5F2     		.short	-3387
 12197 5eca 7BCF     		.short	-12421
 12198 5ecc B597     		.short	-26699
 12199 5ece 6B4B     		.short	19307
 12200 5ed0 C4EC     		.short	-4924
 12201 5ed2 E6B4     		.short	-19226
 12202 5ed4 5AE9     		.short	-5798
 12203 5ed6 B5F9     		.short	-1611
 12204 5ed8 7C33     		.short	13180
 12205 5eda 3A08     		.short	2106
 12206 5edc 8C92     		.short	-28020
 12207 5ede 52AC     		.short	-21422
 12208 5ee0 A576     		.short	30373
ARM GAS  /tmp/ccXeXMPx.s 			page 215


 12209 5ee2 C639     		.short	14790
 12210 5ee4 F79E     		.short	-24841
 12211 5ee6 FF9E     		.short	-24833
 12212 5ee8 FFBE     		.short	-16641
 12213 5eea D69A     		.short	-25898
 12214 5eec B5D7     		.short	-10315
 12215 5eee 638E     		.short	-29085
 12216 5ef0 AD54     		.short	21677
 12217 5ef2 E71C     		.short	7399
 12218 5ef4 E73C     		.short	15591
 12219 5ef6 B5D7     		.short	-10315
 12220 5ef8 94B3     		.short	-19564
 12221 5efa C638     		.short	14534
 12222 5efc EF7D     		.short	32239
 12223 5efe 0000     		.short	0
 12224 5f00 0000     		.short	0
 12225 5f02 FFFF     		.short	-1
 12226 5f04 FFFF     		.short	-1
 12227 5f06 FFFF     		.short	-1
 12228 5f08 FFFF     		.short	-1
 12229 5f0a FFFF     		.short	-1
 12230 5f0c FFFF     		.short	-1
 12231 5f0e FFFF     		.short	-1
 12232 5f10 FFFF     		.short	-1
 12233 5f12 FFFF     		.short	-1
 12234 5f14 FFFF     		.short	-1
 12235 5f16 FFDF     		.short	-8193
 12236 5f18 FFFE     		.short	-257
 12237 5f1a FFDD     		.short	-8705
 12238 5f1c FFFE     		.short	-257
 12239 5f1e FFFF     		.short	-1
 12240 5f20 EFBE     		.short	-16657
 12241 5f22 5A6F     		.short	28506
 12242 5f24 4186     		.short	-31167
 12243 5f26 5248     		.short	18514
 12244 5f28 298D     		.short	-29399
 12245 5f2a 31D3     		.short	-11471
 12246 5f2c 210C     		.short	3105
 12247 5f2e 4A25     		.short	9546
 12248 5f30 CCCF     		.short	-12340
 12249 5f32 BCCC     		.short	-13124
 12250 5f34 FF75     		.short	30207
 12251 5f36 CE13     		.short	5070
 12252 5f38 6225     		.short	9570
 12253 5f3a B4CD     		.short	-12876
 12254 5f3c E651     		.short	20966
 12255 5f3e FF74     		.short	29951
 12256 5f40 FFD4     		.short	-11009
 12257 5f42 ACAC     		.short	-21332
 12258 5f44 9BCB     		.short	-13413
 12259 5f46 FEF3     		.short	-3074
 12260 5f48 EF52     		.short	21231
 12261 5f4a 39C7     		.short	-14535
 12262 5f4c 318F     		.short	-28879
 12263 5f4e 31AC     		.short	-21455
 12264 5f50 298D     		.short	-29399
 12265 5f52 210E     		.short	3617
ARM GAS  /tmp/ccXeXMPx.s 			page 216


 12266 5f54 4206     		.short	1602
 12267 5f56 C5B2     		.short	-19771
 12268 5f58 2861     		.short	24872
 12269 5f5a 3081     		.short	-32464
 12270 5f5c 4883     		.short	-31928
 12271 5f5e 4820     		.short	8264
 12272 5f60 3000     		.short	48
 12273 5f62 3062     		.short	25136
 12274 5f64 2021     		.short	8480
 12275 5f66 1861     		.short	24856
 12276 5f68 9D14     		.short	5277
 12277 5f6a B5F8     		.short	-1867
 12278 5f6c A597     		.short	-26715
 12279 5f6e AD97     		.short	-26707
 12280 5f70 ADB6     		.short	-18771
 12281 5f72 B5F8     		.short	-1867
 12282 5f74 8CB3     		.short	-19572
 12283 5f76 732C     		.short	11379
 12284 5f78 A3ED     		.short	-4701
 12285 5f7a D4D0     		.short	-12076
 12286 5f7c D4CF     		.short	-12332
 12287 5f7e CC8F     		.short	-28724
 12288 5f80 D4AF     		.short	-20524
 12289 5f82 D4D0     		.short	-12076
 12290 5f84 D4D0     		.short	-12076
 12291 5f86 D4AF     		.short	-20524
 12292 5f88 D4AF     		.short	-20524
 12293 5f8a D4AF     		.short	-20524
 12294 5f8c DCAF     		.short	-20516
 12295 5f8e DCAF     		.short	-20516
 12296 5f90 D4AF     		.short	-20524
 12297 5f92 DCF0     		.short	-3876
 12298 5f94 DD10     		.short	4317
 12299 5f96 CC8E     		.short	-28980
 12300 5f98 C44D     		.short	19908
 12301 5f9a CC8E     		.short	-28980
 12302 5f9c D4AF     		.short	-20524
 12303 5f9e D4AF     		.short	-20524
 12304 5fa0 D48E     		.short	-28972
 12305 5fa2 EE14     		.short	5358
 12306 5fa4 FF58     		.short	22783
 12307 5fa6 FF78     		.short	30975
 12308 5fa8 FF17     		.short	6143
 12309 5faa FF18     		.short	6399
 12310 5fac FF38     		.short	14591
 12311 5fae FF58     		.short	22783
 12312 5fb0 FF38     		.short	14591
 12313 5fb2 FEF7     		.short	-2050
 12314 5fb4 FF59     		.short	23039
 12315 5fb6 BD94     		.short	-27459
 12316 5fb8 5ACA     		.short	-13734
 12317 5fba A4F2     		.short	-3420
 12318 5fbc 838B     		.short	-29821
 12319 5fbe BCCE     		.short	-12612
 12320 5fc0 7287     		.short	-30862
 12321 5fc2 BCEF     		.short	-4164
 12322 5fc4 CD8E     		.short	-28979
ARM GAS  /tmp/ccXeXMPx.s 			page 217


 12323 5fc6 FFD6     		.short	-10497
 12324 5fc8 94AD     		.short	-21100
 12325 5fca 94D3     		.short	-11372
 12326 5fcc AD76     		.short	30381
 12327 5fce 736B     		.short	27507
 12328 5fd0 CD2C     		.short	11469
 12329 5fd2 C58F     		.short	-28731
 12330 5fd4 634B     		.short	19299
 12331 5fd6 ADB9     		.short	-18003
 12332 5fd8 B5DA     		.short	-9547
 12333 5fda 7BEF     		.short	-4229
 12334 5fdc 39E7     		.short	-6343
 12335 5fde 5AEE     		.short	-4518
 12336 5fe0 B5F8     		.short	-1867
 12337 5fe2 AD96     		.short	-26963
 12338 5fe4 FFDF     		.short	-8193
 12339 5fe6 F77D     		.short	32247
 12340 5fe8 FFBE     		.short	-16641
 12341 5fea EF7D     		.short	32239
 12342 5fec C679     		.short	31174
 12343 5fee 7C30     		.short	12412
 12344 5ff0 8C71     		.short	29068
 12345 5ff2 D6BA     		.short	-17706
 12346 5ff4 DF1C     		.short	7391
 12347 5ff6 B5D7     		.short	-10315
 12348 5ff8 94B3     		.short	-19564
 12349 5ffa CE79     		.short	31182
 12350 5ffc F79E     		.short	-24841
 12351 5ffe 0000     		.short	0
 12352 6000 0020     		.short	8192
 12353 6002 FFFF     		.short	-1
 12354 6004 FFDF     		.short	-8193
 12355 6006 FFFF     		.short	-1
 12356 6008 FFFF     		.short	-1
 12357 600a FFDF     		.short	-8193
 12358 600c FFFF     		.short	-1
 12359 600e FFFF     		.short	-1
 12360 6010 FFFF     		.short	-1
 12361 6012 FFFF     		.short	-1
 12362 6014 FFFF     		.short	-1
 12363 6016 FFFF     		.short	-1
 12364 6018 FFFF     		.short	-1
 12365 601a FFFF     		.short	-1
 12366 601c FFFF     		.short	-1
 12367 601e FFFF     		.short	-1
 12368 6020 FFFF     		.short	-1
 12369 6022 FFDF     		.short	-8193
 12370 6024 94B2     		.short	-19820
 12371 6026 4208     		.short	2114
 12372 6028 3166     		.short	26161
 12373 602a 2105     		.short	1313
 12374 602c 39C8     		.short	-14279
 12375 602e 41E9     		.short	-5823
 12376 6030 AC8E     		.short	-29012
 12377 6032 BCED     		.short	-4676
 12378 6034 EE91     		.short	-28178
 12379 6036 F715     		.short	5623
ARM GAS  /tmp/ccXeXMPx.s 			page 218


 12380 6038 5204     		.short	1106
 12381 603a ACD0     		.short	-12116
 12382 603c D5F1     		.short	-3627
 12383 603e FF33     		.short	13311
 12384 6040 FF73     		.short	29695
 12385 6042 D611     		.short	4566
 12386 6044 8B69     		.short	27019
 12387 6046 EEB4     		.short	-19218
 12388 6048 FF96     		.short	-26881
 12389 604a 7369     		.short	26995
 12390 604c 31A9     		.short	-22223
 12391 604e 4212     		.short	4674
 12392 6050 31CE     		.short	-12751
 12393 6052 318C     		.short	-29647
 12394 6054 20C7     		.short	-14560
 12395 6056 ACB3     		.short	-19540
 12396 6058 8B8B     		.short	-29813
 12397 605a 30E0     		.short	-8144
 12398 605c 3102     		.short	561
 12399 605e 28C4     		.short	-15320
 12400 6060 30C3     		.short	-15568
 12401 6062 28C3     		.short	-15576
 12402 6064 20A2     		.short	-24032
 12403 6066 6B4D     		.short	19819
 12404 6068 B5D7     		.short	-10315
 12405 606a B5F8     		.short	-1867
 12406 606c B5F8     		.short	-1867
 12407 606e ADB7     		.short	-18515
 12408 6070 B597     		.short	-26699
 12409 6072 B638     		.short	14518
 12410 6074 9514     		.short	5269
 12411 6076 5AA9     		.short	-22182
 12412 6078 B40D     		.short	3508
 12413 607a ED10     		.short	4333
 12414 607c DCAE     		.short	-20772
 12415 607e D4EF     		.short	-4140
 12416 6080 DCB0     		.short	-20260
 12417 6082 D4D0     		.short	-12076
 12418 6084 EDB3     		.short	-19475
 12419 6086 EDF4     		.short	-2835
 12420 6088 D531     		.short	12757
 12421 608a CCD0     		.short	-12084
 12422 608c D4B0     		.short	-20268
 12423 608e D46F     		.short	28628
 12424 6090 D4CF     		.short	-12332
 12425 6092 D4AF     		.short	-20524
 12426 6094 D4CF     		.short	-12332
 12427 6096 DCF0     		.short	-3876
 12428 6098 DCF0     		.short	-3876
 12429 609a D4CF     		.short	-12332
 12430 609c D4AF     		.short	-20524
 12431 609e D4D0     		.short	-12076
 12432 60a0 DE13     		.short	5086
 12433 60a2 F6F7     		.short	-2058
 12434 60a4 FF58     		.short	22783
 12435 60a6 FF37     		.short	14335
 12436 60a8 FF17     		.short	6143
ARM GAS  /tmp/ccXeXMPx.s 			page 219


 12437 60aa FF37     		.short	14335
 12438 60ac FF37     		.short	14335
 12439 60ae FF37     		.short	14335
 12440 60b0 FF59     		.short	23039
 12441 60b2 FF17     		.short	6143
 12442 60b4 FF17     		.short	6143
 12443 60b6 D635     		.short	13782
 12444 60b8 6B6C     		.short	27755
 12445 60ba AD96     		.short	-26963
 12446 60bc 7B8C     		.short	-29573
 12447 60be B46E     		.short	28340
 12448 60c0 72EA     		.short	-5518
 12449 60c2 BCCE     		.short	-12612
 12450 60c4 E610     		.short	4326
 12451 60c6 FF77     		.short	30719
 12452 60c8 7C0D     		.short	3452
 12453 60ca ADB7     		.short	-18515
 12454 60cc AD96     		.short	-26963
 12455 60ce 734B     		.short	19315
 12456 60d0 DDF1     		.short	-3619
 12457 60d2 ACD0     		.short	-12116
 12458 60d4 8C31     		.short	12684
 12459 60d6 C63A     		.short	15046
 12460 60d8 AD96     		.short	-26963
 12461 60da B5D5     		.short	-10827
 12462 60dc 634D     		.short	19811
 12463 60de 426B     		.short	27458
 12464 60e0 BDD8     		.short	-10051
 12465 60e2 B5B7     		.short	-18507
 12466 60e4 DEDB     		.short	-9250
 12467 60e6 FFDF     		.short	-8193
 12468 60e8 F7BE     		.short	-16649
 12469 60ea F79D     		.short	-25097
 12470 60ec DEFA     		.short	-1314
 12471 60ee AD74     		.short	29869
 12472 60f0 632D     		.short	11619
 12473 60f2 C659     		.short	22982
 12474 60f4 D6DB     		.short	-9258
 12475 60f6 BDD7     		.short	-10307
 12476 60f8 9CF4     		.short	-2916
 12477 60fa DEFB     		.short	-1058
 12478 60fc F79E     		.short	-24841
 12479 60fe 0841     		.short	16648
 12480 6100 0000     		.short	0
 12481 6102 FFFF     		.short	-1
 12482 6104 FFFF     		.short	-1
 12483 6106 FFFF     		.short	-1
 12484 6108 FFFF     		.short	-1
 12485 610a FFDF     		.short	-8193
 12486 610c F7BE     		.short	-16649
 12487 610e FFFF     		.short	-1
 12488 6110 FFDF     		.short	-8193
 12489 6112 FFFF     		.short	-1
 12490 6114 FFFF     		.short	-1
 12491 6116 FFFF     		.short	-1
 12492 6118 FFFF     		.short	-1
 12493 611a FFFF     		.short	-1
ARM GAS  /tmp/ccXeXMPx.s 			page 220


 12494 611c FFFF     		.short	-1
 12495 611e FFFF     		.short	-1
 12496 6120 FFFF     		.short	-1
 12497 6122 FFFF     		.short	-1
 12498 6124 E73C     		.short	15591
 12499 6126 83EF     		.short	-4221
 12500 6128 B576     		.short	30389
 12501 612a B5B7     		.short	-18507
 12502 612c D69B     		.short	-25642
 12503 612e BDD8     		.short	-10051
 12504 6130 9C2D     		.short	11676
 12505 6132 BD0E     		.short	3773
 12506 6134 DE0F     		.short	4062
 12507 6136 FF56     		.short	22271
 12508 6138 7329     		.short	10611
 12509 613a 8C0D     		.short	3468
 12510 613c CDB1     		.short	-20019
 12511 613e FF13     		.short	5119
 12512 6140 FF95     		.short	-27137
 12513 6142 EEB5     		.short	-18962
 12514 6144 93EB     		.short	-5229
 12515 6146 D5D2     		.short	-11563
 12516 6148 FF98     		.short	-26369
 12517 614a 948E     		.short	-29036
 12518 614c 420B     		.short	2882
 12519 614e 4A73     		.short	29514
 12520 6150 424F     		.short	20290
 12521 6152 31AC     		.short	-21455
 12522 6154 39AA     		.short	-21959
 12523 6156 730C     		.short	3187
 12524 6158 BD73     		.short	29629
 12525 615a 3962     		.short	25145
 12526 615c 5248     		.short	18514
 12527 615e 62CB     		.short	-13470
 12528 6160 5208     		.short	2130
 12529 6162 3986     		.short	-31175
 12530 6164 62EB     		.short	-5278
 12531 6166 B596     		.short	-26955
 12532 6168 C659     		.short	22982
 12533 616a ADB7     		.short	-18515
 12534 616c B5D7     		.short	-10315
 12535 616e B5D8     		.short	-10059
 12536 6170 BDF8     		.short	-1859
 12537 6172 BE39     		.short	14782
 12538 6174 A596     		.short	-26971
 12539 6176 62EA     		.short	-5534
 12540 6178 B44E     		.short	20148
 12541 617a E510     		.short	4325
 12542 617c DD0F     		.short	4061
 12543 617e D530     		.short	12501
 12544 6180 D510     		.short	4309
 12545 6182 D530     		.short	12501
 12546 6184 EE54     		.short	21742
 12547 6186 FF38     		.short	14591
 12548 6188 FF37     		.short	14335
 12549 618a F6D6     		.short	-10506
 12550 618c EE75     		.short	30190
ARM GAS  /tmp/ccXeXMPx.s 			page 221


 12551 618e EE14     		.short	5358
 12552 6190 E572     		.short	29413
 12553 6192 DD51     		.short	20957
 12554 6194 D511     		.short	4565
 12555 6196 D510     		.short	4309
 12556 6198 CCF0     		.short	-3892
 12557 619a CCCF     		.short	-12340
 12558 619c D510     		.short	4309
 12559 619e DD52     		.short	21213
 12560 61a0 F6D6     		.short	-10506
 12561 61a2 FF58     		.short	22783
 12562 61a4 FF79     		.short	31231
 12563 61a6 FF38     		.short	14591
 12564 61a8 FF38     		.short	14591
 12565 61aa FF58     		.short	22783
 12566 61ac FF58     		.short	22783
 12567 61ae FF58     		.short	22783
 12568 61b0 FF79     		.short	31231
 12569 61b2 FF38     		.short	14591
 12570 61b4 FF58     		.short	22783
 12571 61b6 E676     		.short	30438
 12572 61b8 7BEF     		.short	-4229
 12573 61ba BDF7     		.short	-2115
 12574 61bc 8C0E     		.short	3724
 12575 61be B4AF     		.short	-20556
 12576 61c0 838C     		.short	-29565
 12577 61c2 CD50     		.short	20685
 12578 61c4 EE71     		.short	29166
 12579 61c6 EEF5     		.short	-2578
 12580 61c8 94D0     		.short	-12140
 12581 61ca C69A     		.short	-25914
 12582 61cc AD96     		.short	-26963
 12583 61ce 7B6C     		.short	27771
 12584 61d0 E632     		.short	13030
 12585 61d2 93ED     		.short	-4717
 12586 61d4 9CD3     		.short	-11364
 12587 61d6 C63A     		.short	15046
 12588 61d8 DEFB     		.short	-1058
 12589 61da CE58     		.short	22734
 12590 61dc 94D3     		.short	-11372
 12591 61de 4AAC     		.short	-21430
 12592 61e0 A515     		.short	5541
 12593 61e2 B5D7     		.short	-10315
 12594 61e4 D6BB     		.short	-17450
 12595 61e6 F79E     		.short	-24841
 12596 61e8 F7BE     		.short	-16649
 12597 61ea FFDE     		.short	-8449
 12598 61ec F7BE     		.short	-16649
 12599 61ee D6B9     		.short	-17962
 12600 61f0 73AF     		.short	-20621
 12601 61f2 A555     		.short	21925
 12602 61f4 DEFC     		.short	-802
 12603 61f6 B596     		.short	-26955
 12604 61f8 A514     		.short	5285
 12605 61fa EF5D     		.short	24047
 12606 61fc FFFF     		.short	-1
 12607 61fe 0000     		.short	0
ARM GAS  /tmp/ccXeXMPx.s 			page 222


 12608 6200 0000     		.short	0
 12609 6202 FFFF     		.short	-1
 12610 6204 FFFF     		.short	-1
 12611 6206 FFDF     		.short	-8193
 12612 6208 FFFF     		.short	-1
 12613 620a FFFF     		.short	-1
 12614 620c FFFF     		.short	-1
 12615 620e FFDF     		.short	-8193
 12616 6210 FFFF     		.short	-1
 12617 6212 FFFF     		.short	-1
 12618 6214 FFFF     		.short	-1
 12619 6216 FFFF     		.short	-1
 12620 6218 FFFF     		.short	-1
 12621 621a FFFF     		.short	-1
 12622 621c FFFF     		.short	-1
 12623 621e FFFF     		.short	-1
 12624 6220 FFFE     		.short	-257
 12625 6222 FFDE     		.short	-8449
 12626 6224 FFFF     		.short	-1
 12627 6226 9492     		.short	-28012
 12628 6228 D69A     		.short	-25898
 12629 622a FFDF     		.short	-8193
 12630 622c FFFF     		.short	-1
 12631 622e EF5E     		.short	24303
 12632 6230 9C2E     		.short	11932
 12633 6232 CD91     		.short	-28211
 12634 6234 CDAF     		.short	-20531
 12635 6236 FF77     		.short	30719
 12636 6238 A4AF     		.short	-20572
 12637 623a 736B     		.short	27507
 12638 623c CDD2     		.short	-11571
 12639 623e FF34     		.short	13567
 12640 6240 FF96     		.short	-26881
 12641 6242 FF78     		.short	30975
 12642 6244 ACCF     		.short	-12372
 12643 6246 BD50     		.short	20669
 12644 6248 FFD8     		.short	-9985
 12645 624a C633     		.short	13254
 12646 624c 52AB     		.short	-21678
 12647 624e 52D1     		.short	-11950
 12648 6250 52CF     		.short	-12462
 12649 6252 4A4D     		.short	19786
 12650 6254 526C     		.short	27730
 12651 6256 4A08     		.short	2122
 12652 6258 D656     		.short	22230
 12653 625a 83CC     		.short	-13181
 12654 625c A513     		.short	5029
 12655 625e CE7A     		.short	31438
 12656 6260 CE38     		.short	14542
 12657 6262 9492     		.short	-28012
 12658 6264 A555     		.short	21925
 12659 6266 CEBA     		.short	-17714
 12660 6268 C659     		.short	22982
 12661 626a B618     		.short	6326
 12662 626c BE19     		.short	6590
 12663 626e BE19     		.short	6590
 12664 6270 C638     		.short	14534
ARM GAS  /tmp/ccXeXMPx.s 			page 223


 12665 6272 BE39     		.short	14782
 12666 6274 B638     		.short	14518
 12667 6276 7BAD     		.short	-21125
 12668 6278 C4F1     		.short	-3644
 12669 627a DD51     		.short	20957
 12670 627c DD51     		.short	20957
 12671 627e D572     		.short	29397
 12672 6280 DD92     		.short	-27939
 12673 6282 D571     		.short	29141
 12674 6284 D5F2     		.short	-3371
 12675 6286 F717     		.short	6135
 12676 6288 FFB9     		.short	-17921
 12677 628a FF99     		.short	-26113
 12678 628c FF79     		.short	31231
 12679 628e FF58     		.short	22783
 12680 6290 FF18     		.short	6399
 12681 6292 FEF8     		.short	-1794
 12682 6294 FEB7     		.short	-18434
 12683 6296 F696     		.short	-26890
 12684 6298 EE55     		.short	21998
 12685 629a EE55     		.short	21998
 12686 629c F696     		.short	-26890
 12687 629e FEF8     		.short	-1794
 12688 62a0 FF59     		.short	23039
 12689 62a2 FF79     		.short	31231
 12690 62a4 FF59     		.short	23039
 12691 62a6 FF38     		.short	14591
 12692 62a8 FF59     		.short	23039
 12693 62aa FF59     		.short	23039
 12694 62ac FF59     		.short	23039
 12695 62ae FF59     		.short	23039
 12696 62b0 FF5A     		.short	23295
 12697 62b2 FF59     		.short	23039
 12698 62b4 FF59     		.short	23039
 12699 62b6 D656     		.short	22230
 12700 62b8 8450     		.short	20612
 12701 62ba C659     		.short	22982
 12702 62bc 9C91     		.short	-28260
 12703 62be AC6F     		.short	28588
 12704 62c0 9C2F     		.short	12188
 12705 62c2 CDB2     		.short	-19763
 12706 62c4 EE93     		.short	-27666
 12707 62c6 CDF1     		.short	-3635
 12708 62c8 AD93     		.short	-27731
 12709 62ca DF3C     		.short	15583
 12710 62cc B5B6     		.short	-18763
 12711 62ce 83ED     		.short	-4733
 12712 62d0 DDF3     		.short	-3107
 12713 62d2 7B6B     		.short	27515
 12714 62d4 94B3     		.short	-19564
 12715 62d6 BDF8     		.short	-1859
 12716 62d8 EF7D     		.short	32239
 12717 62da DF1B     		.short	7135
 12718 62dc BE18     		.short	6334
 12719 62de 73F0     		.short	-3981
 12720 62e0 94B3     		.short	-19564
 12721 62e2 B5B7     		.short	-18507
ARM GAS  /tmp/ccXeXMPx.s 			page 224


 12722 62e4 CE7A     		.short	31438
 12723 62e6 EF5D     		.short	24047
 12724 62e8 FFDE     		.short	-8449
 12725 62ea F7BE     		.short	-16649
 12726 62ec FFDE     		.short	-8449
 12727 62ee EF5C     		.short	23791
 12728 62f0 A555     		.short	21925
 12729 62f2 8410     		.short	4228
 12730 62f4 D69A     		.short	-25898
 12731 62f6 BDD7     		.short	-10307
 12732 62f8 BDF7     		.short	-2115
 12733 62fa EF5D     		.short	24047
 12734 62fc FFFF     		.short	-1
 12735 62fe 0841     		.short	16648
 12736 6300 0000     		.short	0
 12737 6302 FFFF     		.short	-1
 12738 6304 FFFF     		.short	-1
 12739 6306 FFFF     		.short	-1
 12740 6308 FFFF     		.short	-1
 12741 630a FFDF     		.short	-8193
 12742 630c FFFF     		.short	-1
 12743 630e FFFF     		.short	-1
 12744 6310 FFFF     		.short	-1
 12745 6312 FFFF     		.short	-1
 12746 6314 FFFF     		.short	-1
 12747 6316 FFFF     		.short	-1
 12748 6318 FFFF     		.short	-1
 12749 631a FFFF     		.short	-1
 12750 631c FFFF     		.short	-1
 12751 631e FFFF     		.short	-1
 12752 6320 FFFF     		.short	-1
 12753 6322 FFFF     		.short	-1
 12754 6324 F7BD     		.short	-16905
 12755 6326 A534     		.short	13477
 12756 6328 AD54     		.short	21677
 12757 632a D699     		.short	-26154
 12758 632c B596     		.short	-26955
 12759 632e AD75     		.short	30125
 12760 6330 942F     		.short	12180
 12761 6332 C5B2     		.short	-19771
 12762 6334 CDD1     		.short	-11827
 12763 6336 FF58     		.short	22783
 12764 6338 CE15     		.short	5582
 12765 633a 7BAD     		.short	-21125
 12766 633c C5B3     		.short	-19515
 12767 633e E694     		.short	-27418
 12768 6340 FFB7     		.short	-18433
 12769 6342 FFB9     		.short	-17921
 12770 6344 C5B2     		.short	-19771
 12771 6346 B52E     		.short	11957
 12772 6348 EF55     		.short	21999
 12773 634a DF15     		.short	5599
 12774 634c 7C0D     		.short	3452
 12775 634e 8C73     		.short	29580
 12776 6350 6B70     		.short	28779
 12777 6352 73B1     		.short	-20109
 12778 6354 630E     		.short	3683
ARM GAS  /tmp/ccXeXMPx.s 			page 225


 12779 6356 62EB     		.short	-5278
 12780 6358 9CD1     		.short	-11876
 12781 635a B5B4     		.short	-19275
 12782 635c ADB6     		.short	-18771
 12783 635e D6FC     		.short	-810
 12784 6360 B5D6     		.short	-10571
 12785 6362 AD95     		.short	-27219
 12786 6364 BE58     		.short	22718
 12787 6366 C699     		.short	-26170
 12788 6368 BE39     		.short	14782
 12789 636a C659     		.short	22982
 12790 636c C659     		.short	22982
 12791 636e CE7A     		.short	31438
 12792 6370 CE79     		.short	31182
 12793 6372 C67A     		.short	31430
 12794 6374 CEBB     		.short	-17458
 12795 6376 A4F3     		.short	-3164
 12796 6378 CDB4     		.short	-19251
 12797 637a E5F4     		.short	-2843
 12798 637c E5D4     		.short	-11035
 12799 637e DDF5     		.short	-2595
 12800 6380 EDD4     		.short	-11027
 12801 6382 DD93     		.short	-27683
 12802 6384 D593     		.short	-27691
 12803 6386 EE97     		.short	-26642
 12804 6388 FF59     		.short	23039
 12805 638a FF39     		.short	14847
 12806 638c FF5A     		.short	23295
 12807 638e FF5A     		.short	23295
 12808 6390 FF9B     		.short	-25601
 12809 6392 FF7A     		.short	31487
 12810 6394 FF7A     		.short	31487
 12811 6396 FF7A     		.short	31487
 12812 6398 FF5A     		.short	23295
 12813 639a FF5A     		.short	23295
 12814 639c FF7A     		.short	31487
 12815 639e FF9B     		.short	-25601
 12816 63a0 FF9B     		.short	-25601
 12817 63a2 FF7B     		.short	31743
 12818 63a4 FF7A     		.short	31487
 12819 63a6 FF7A     		.short	31487
 12820 63a8 FF9B     		.short	-25601
 12821 63aa FF9B     		.short	-25601
 12822 63ac FF7B     		.short	31743
 12823 63ae FF7B     		.short	31743
 12824 63b0 FF7B     		.short	31743
 12825 63b2 FF9B     		.short	-25601
 12826 63b4 FF7A     		.short	31487
 12827 63b6 D636     		.short	14038
 12828 63b8 9CD2     		.short	-11620
 12829 63ba DEFB     		.short	-1058
 12830 63bc BDB5     		.short	-19011
 12831 63be B4D1     		.short	-11852
 12832 63c0 A4B1     		.short	-20060
 12833 63c2 CDD3     		.short	-11315
 12834 63c4 EEF6     		.short	-2322
 12835 63c6 CE13     		.short	5070
ARM GAS  /tmp/ccXeXMPx.s 			page 226


 12836 63c8 D6B9     		.short	-17962
 12837 63ca E77E     		.short	32487
 12838 63cc BDF7     		.short	-2115
 12839 63ce 9C91     		.short	-28260
 12840 63d0 DE35     		.short	13790
 12841 63d2 A4D1     		.short	-11868
 12842 63d4 9CF4     		.short	-2916
 12843 63d6 C639     		.short	14790
 12844 63d8 DEDB     		.short	-9250
 12845 63da F7BE     		.short	-16649
 12846 63dc D6DA     		.short	-9514
 12847 63de BE39     		.short	14782
 12848 63e0 AD76     		.short	30381
 12849 63e2 B596     		.short	-26955
 12850 63e4 C638     		.short	14534
 12851 63e6 EF5D     		.short	24047
 12852 63e8 FFFF     		.short	-1
 12853 63ea F7BE     		.short	-16649
 12854 63ec F7BE     		.short	-16649
 12855 63ee FFFF     		.short	-1
 12856 63f0 D6BB     		.short	-17450
 12857 63f2 9492     		.short	-28012
 12858 63f4 CE79     		.short	31182
 12859 63f6 B596     		.short	-26955
 12860 63f8 CE79     		.short	31182
 12861 63fa FFFF     		.short	-1
 12862 63fc EF3C     		.short	15599
 12863 63fe 0020     		.short	8192
 12864 6400 0000     		.short	0
 12865 6402 FFDF     		.short	-8193
 12866 6404 FFFF     		.short	-1
 12867 6406 F7BE     		.short	-16649
 12868 6408 FFFF     		.short	-1
 12869 640a FFFF     		.short	-1
 12870 640c F7BE     		.short	-16649
 12871 640e FFDF     		.short	-8193
 12872 6410 FFFF     		.short	-1
 12873 6412 F7BE     		.short	-16649
 12874 6414 E71C     		.short	7399
 12875 6416 CE79     		.short	31182
 12876 6418 BDF7     		.short	-2115
 12877 641a BDD7     		.short	-10307
 12878 641c BDF7     		.short	-2115
 12879 641e C618     		.short	6342
 12880 6420 CE79     		.short	31182
 12881 6422 CE79     		.short	31182
 12882 6424 BDD6     		.short	-10563
 12883 6426 A534     		.short	13477
 12884 6428 9CF3     		.short	-3172
 12885 642a C638     		.short	14534
 12886 642c BDD6     		.short	-10563
 12887 642e CE59     		.short	22990
 12888 6430 A534     		.short	13477
 12889 6432 C5D5     		.short	-10811
 12890 6434 D635     		.short	13782
 12891 6436 E6D8     		.short	-10010
 12892 6438 D698     		.short	-26410
ARM GAS  /tmp/ccXeXMPx.s 			page 227


 12893 643a A4F3     		.short	-3164
 12894 643c C5F6     		.short	-2363
 12895 643e DE56     		.short	22238
 12896 6440 FFBA     		.short	-17665
 12897 6442 FF9A     		.short	-25857
 12898 6444 DE98     		.short	-26402
 12899 6446 C614     		.short	5318
 12900 6448 E737     		.short	14311
 12901 644a F7BA     		.short	-17673
 12902 644c C616     		.short	5830
 12903 644e D6BB     		.short	-17450
 12904 6450 D69A     		.short	-25898
 12905 6452 D69B     		.short	-25642
 12906 6454 B597     		.short	-26699
 12907 6456 AD75     		.short	30125
 12908 6458 94B1     		.short	-20076
 12909 645a CE98     		.short	-26418
 12910 645c B5D6     		.short	-10571
 12911 645e CE9B     		.short	-25650
 12912 6460 A575     		.short	30117
 12913 6462 C679     		.short	31174
 12914 6464 DF3C     		.short	15583
 12915 6466 D6FB     		.short	-1066
 12916 6468 CEDB     		.short	-9266
 12917 646a CEBA     		.short	-17714
 12918 646c CE7A     		.short	31438
 12919 646e D69A     		.short	-25898
 12920 6470 CE99     		.short	-26162
 12921 6472 CE9A     		.short	-25906
 12922 6474 D6BB     		.short	-17450
 12923 6476 BDD7     		.short	-10307
 12924 6478 CDF6     		.short	-2355
 12925 647a E677     		.short	30694
 12926 647c E636     		.short	14054
 12927 647e E678     		.short	30950
 12928 6480 EE17     		.short	6126
 12929 6482 EE17     		.short	6126
 12930 6484 E637     		.short	14310
 12931 6486 F6DA     		.short	-9482
 12932 6488 FF5C     		.short	23807
 12933 648a FF7C     		.short	31999
 12934 648c FFBD     		.short	-16897
 12935 648e FFBD     		.short	-16897
 12936 6490 F77C     		.short	31991
 12937 6492 F77C     		.short	31991
 12938 6494 FF9C     		.short	-25345
 12939 6496 FFBD     		.short	-16897
 12940 6498 FFBD     		.short	-16897
 12941 649a FFBC     		.short	-17153
 12942 649c FF9C     		.short	-25345
 12943 649e FF9C     		.short	-25345
 12944 64a0 FF7C     		.short	31999
 12945 64a2 FF7C     		.short	31999
 12946 64a4 FF7C     		.short	31999
 12947 64a6 FF9C     		.short	-25345
 12948 64a8 FF9C     		.short	-25345
 12949 64aa FF7C     		.short	31999
ARM GAS  /tmp/ccXeXMPx.s 			page 228


 12950 64ac FF7C     		.short	31999
 12951 64ae FF7C     		.short	31999
 12952 64b0 F79C     		.short	-25353
 12953 64b2 FF7B     		.short	31743
 12954 64b4 F75B     		.short	23543
 12955 64b6 D678     		.short	30934
 12956 64b8 B595     		.short	-27211
 12957 64ba DEDB     		.short	-9250
 12958 64bc CE17     		.short	6094
 12959 64be BD74     		.short	29885
 12960 64c0 BD95     		.short	-27203
 12961 64c2 D616     		.short	5846
 12962 64c4 EF18     		.short	6383
 12963 64c6 CE56     		.short	22222
 12964 64c8 E73C     		.short	15591
 12965 64ca DF1D     		.short	7647
 12966 64cc CE59     		.short	22990
 12967 64ce BDB5     		.short	-19011
 12968 64d0 D616     		.short	5846
 12969 64d2 BDF6     		.short	-2371
 12970 64d4 AD96     		.short	-26963
 12971 64d6 CE7A     		.short	31438
 12972 64d8 CE59     		.short	22990
 12973 64da FF9E     		.short	-24833
 12974 64dc DEFB     		.short	-1058
 12975 64de EF9E     		.short	-24849
 12976 64e0 DEFB     		.short	-1058
 12977 64e2 C639     		.short	14790
 12978 64e4 CE9A     		.short	-25906
 12979 64e6 EF5D     		.short	24047
 12980 64e8 F7BE     		.short	-16649
 12981 64ea F7BE     		.short	-16649
 12982 64ec F79D     		.short	-25097
 12983 64ee FFDE     		.short	-8449
 12984 64f0 EF7D     		.short	32239
 12985 64f2 B596     		.short	-26955
 12986 64f4 CE59     		.short	22990
 12987 64f6 C638     		.short	14534
 12988 64f8 EF5D     		.short	24047
 12989 64fa F79D     		.short	-25097
 12990 64fc AD54     		.short	21677
 12991 64fe 0840     		.short	16392
 12992 6500 0020     		.short	8192
 12993 6502 10A2     		.short	-24048
 12994 6504 0000     		.short	0
 12995 6506 10A2     		.short	-24048
 12996 6508 0000     		.short	0
 12997 650a 0000     		.short	0
 12998 650c 0841     		.short	16648
 12999 650e 0000     		.short	0
 13000 6510 0000     		.short	0
 13001 6512 0000     		.short	0
 13002 6514 0000     		.short	0
 13003 6516 0000     		.short	0
 13004 6518 0000     		.short	0
 13005 651a 0000     		.short	0
 13006 651c 0000     		.short	0
ARM GAS  /tmp/ccXeXMPx.s 			page 229


 13007 651e 0020     		.short	8192
 13008 6520 0000     		.short	0
 13009 6522 0000     		.short	0
 13010 6524 0000     		.short	0
 13011 6526 0000     		.short	0
 13012 6528 0000     		.short	0
 13013 652a 0020     		.short	8192
 13014 652c 0020     		.short	8192
 13015 652e 0020     		.short	8192
 13016 6530 0021     		.short	8448
 13017 6532 0000     		.short	0
 13018 6534 1000     		.short	16
 13019 6536 0800     		.short	8
 13020 6538 0840     		.short	16392
 13021 653a 0000     		.short	0
 13022 653c 0020     		.short	8192
 13023 653e 1040     		.short	16400
 13024 6540 0000     		.short	0
 13025 6542 0800     		.short	8
 13026 6544 0801     		.short	264
 13027 6546 0000     		.short	0
 13028 6548 0000     		.short	0
 13029 654a 1080     		.short	-32752
 13030 654c 0000     		.short	0
 13031 654e 0002     		.short	512
 13032 6550 0020     		.short	8192
 13033 6552 0000     		.short	0
 13034 6554 0021     		.short	8448
 13035 6556 0020     		.short	8192
 13036 6558 0000     		.short	0
 13037 655a 0060     		.short	24576
 13038 655c 0000     		.short	0
 13039 655e 0021     		.short	8448
 13040 6560 0000     		.short	0
 13041 6562 0021     		.short	8448
 13042 6564 0000     		.short	0
 13043 6566 0000     		.short	0
 13044 6568 0020     		.short	8192
 13045 656a 0020     		.short	8192
 13046 656c 0000     		.short	0
 13047 656e 0020     		.short	8192
 13048 6570 0000     		.short	0
 13049 6572 0021     		.short	8448
 13050 6574 0021     		.short	8448
 13051 6576 0000     		.short	0
 13052 6578 0000     		.short	0
 13053 657a 1020     		.short	8208
 13054 657c 0800     		.short	8
 13055 657e 1000     		.short	16
 13056 6580 0800     		.short	8
 13057 6582 0800     		.short	8
 13058 6584 0000     		.short	0
 13059 6586 0000     		.short	0
 13060 6588 0000     		.short	0
 13061 658a 0020     		.short	8192
 13062 658c 0020     		.short	8192
 13063 658e 0000     		.short	0
ARM GAS  /tmp/ccXeXMPx.s 			page 230


 13064 6590 0820     		.short	8200
 13065 6592 0000     		.short	0
 13066 6594 0000     		.short	0
 13067 6596 0000     		.short	0
 13068 6598 0800     		.short	8
 13069 659a 0800     		.short	8
 13070 659c 0000     		.short	0
 13071 659e 0000     		.short	0
 13072 65a0 0800     		.short	8
 13073 65a2 0000     		.short	0
 13074 65a4 0800     		.short	8
 13075 65a6 0800     		.short	8
 13076 65a8 0000     		.short	0
 13077 65aa 0000     		.short	0
 13078 65ac 0800     		.short	8
 13079 65ae 0800     		.short	8
 13080 65b0 0820     		.short	8200
 13081 65b2 0000     		.short	0
 13082 65b4 0820     		.short	8200
 13083 65b6 0800     		.short	8
 13084 65b8 0000     		.short	0
 13085 65ba 0841     		.short	16648
 13086 65bc 0000     		.short	0
 13087 65be 0000     		.short	0
 13088 65c0 0000     		.short	0
 13089 65c2 0800     		.short	8
 13090 65c4 0860     		.short	24584
 13091 65c6 0000     		.short	0
 13092 65c8 0862     		.short	25096
 13093 65ca 0001     		.short	256
 13094 65cc 0021     		.short	8448
 13095 65ce 0800     		.short	8
 13096 65d0 0800     		.short	8
 13097 65d2 0020     		.short	8192
 13098 65d4 0041     		.short	16640
 13099 65d6 0000     		.short	0
 13100 65d8 0000     		.short	0
 13101 65da 0800     		.short	8
 13102 65dc 0000     		.short	0
 13103 65de 0040     		.short	16384
 13104 65e0 0841     		.short	16648
 13105 65e2 0000     		.short	0
 13106 65e4 0000     		.short	0
 13107 65e6 0000     		.short	0
 13108 65e8 0000     		.short	0
 13109 65ea 0841     		.short	16648
 13110 65ec 0000     		.short	0
 13111 65ee 0000     		.short	0
 13112 65f0 0841     		.short	16648
 13113 65f2 0000     		.short	0
 13114 65f4 0020     		.short	8192
 13115 65f6 0020     		.short	8192
 13116 65f8 0000     		.short	0
 13117 65fa 0000     		.short	0
 13118 65fc 1082     		.short	-32240
 13119 65fe 0000     		.short	0
 13120 6600 0000     		.short	0
ARM GAS  /tmp/ccXeXMPx.s 			page 231


 13121 6602 B596     		.short	-26955
 13122 6604 BDD7     		.short	-10307
 13123 6606 AD55     		.short	21933
 13124 6608 AD75     		.short	30125
 13125 660a AD75     		.short	30125
 13126 660c 94B2     		.short	-19820
 13127 660e 9CF3     		.short	-3172
 13128 6610 9492     		.short	-28012
 13129 6612 9492     		.short	-28012
 13130 6614 94B2     		.short	-19820
 13131 6616 94B2     		.short	-19820
 13132 6618 94B2     		.short	-19820
 13133 661a 94B2     		.short	-19820
 13134 661c 9CD3     		.short	-11364
 13135 661e 9CD3     		.short	-11364
 13136 6620 9CF4     		.short	-2916
 13137 6622 9CF4     		.short	-2916
 13138 6624 9CD3     		.short	-11364
 13139 6626 94B2     		.short	-19820
 13140 6628 9492     		.short	-28012
 13141 662a 8C91     		.short	-28276
 13142 662c 9CD3     		.short	-11364
 13143 662e 94D2     		.short	-11628
 13144 6630 8CF4     		.short	-2932
 13145 6632 8C92     		.short	-28020
 13146 6634 9470     		.short	28820
 13147 6636 9C90     		.short	-28516
 13148 6638 A513     		.short	5029
 13149 663a 94B2     		.short	-19820
 13150 663c 8C71     		.short	29068
 13151 663e 9491     		.short	-28268
 13152 6640 9CB1     		.short	-20068
 13153 6642 A4F3     		.short	-3164
 13154 6644 9CD4     		.short	-11108
 13155 6646 9CD4     		.short	-11108
 13156 6648 8C71     		.short	29068
 13157 664a 9CD2     		.short	-11620
 13158 664c 9CD3     		.short	-11364
 13159 664e 9473     		.short	29588
 13160 6650 94D1     		.short	-11884
 13161 6652 8C71     		.short	29068
 13162 6654 9493     		.short	-27756
 13163 6656 8C72     		.short	29324
 13164 6658 9CF3     		.short	-3172
 13165 665a 8C90     		.short	-28532
 13166 665c 9491     		.short	-28268
 13167 665e 9471     		.short	29076
 13168 6660 A4F4     		.short	-2908
 13169 6662 9CB3     		.short	-19556
 13170 6664 94B3     		.short	-19564
 13171 6666 9CF3     		.short	-3172
 13172 6668 94F3     		.short	-3180
 13173 666a 94D3     		.short	-11372
 13174 666c 94B2     		.short	-19820
 13175 666e 94B2     		.short	-19820
 13176 6670 94B2     		.short	-19820
 13177 6672 94B3     		.short	-19564
ARM GAS  /tmp/ccXeXMPx.s 			page 232


 13178 6674 9CD4     		.short	-11108
 13179 6676 9CD3     		.short	-11364
 13180 6678 9CD2     		.short	-11620
 13181 667a 9490     		.short	-28524
 13182 667c 94B1     		.short	-20076
 13183 667e 9C92     		.short	-28004
 13184 6680 94B1     		.short	-20076
 13185 6682 94B1     		.short	-20076
 13186 6684 9CD2     		.short	-11620
 13187 6686 9CB2     		.short	-19812
 13188 6688 94D2     		.short	-11628
 13189 668a 9CF3     		.short	-3172
 13190 668c 9D13     		.short	5021
 13191 668e 94F2     		.short	-3436
 13192 6690 A4F3     		.short	-3164
 13193 6692 A4F3     		.short	-3164
 13194 6694 9CD3     		.short	-11364
 13195 6696 9CD3     		.short	-11364
 13196 6698 9CD3     		.short	-11364
 13197 669a 9CD3     		.short	-11364
 13198 669c 9CD3     		.short	-11364
 13199 669e 9CD3     		.short	-11364
 13200 66a0 A4F3     		.short	-3164
 13201 66a2 A4F3     		.short	-3164
 13202 66a4 A4F3     		.short	-3164
 13203 66a6 A4F3     		.short	-3164
 13204 66a8 9CD2     		.short	-11620
 13205 66aa A4F3     		.short	-3164
 13206 66ac A4F3     		.short	-3164
 13207 66ae 9CD2     		.short	-11620
 13208 66b0 9CF3     		.short	-3172
 13209 66b2 9CF3     		.short	-3172
 13210 66b4 9CD2     		.short	-11620
 13211 66b6 94B1     		.short	-20076
 13212 66b8 A4F3     		.short	-3164
 13213 66ba 9CB2     		.short	-19812
 13214 66bc 94B2     		.short	-19820
 13215 66be 8C72     		.short	29324
 13216 66c0 9472     		.short	29332
 13217 66c2 94B1     		.short	-20076
 13218 66c4 94D1     		.short	-11884
 13219 66c6 94D2     		.short	-11628
 13220 66c8 9CF4     		.short	-2916
 13221 66ca 9CB4     		.short	-19300
 13222 66cc 9CB3     		.short	-19556
 13223 66ce 9471     		.short	29076
 13224 66d0 8C51     		.short	20876
 13225 66d2 8C92     		.short	-28020
 13226 66d4 94F3     		.short	-3180
 13227 66d6 8C92     		.short	-28020
 13228 66d8 A4D4     		.short	-11100
 13229 66da 9C92     		.short	-28004
 13230 66dc 9CF3     		.short	-3172
 13231 66de 9CF3     		.short	-3172
 13232 66e0 A513     		.short	5029
 13233 66e2 9D13     		.short	5021
 13234 66e4 A534     		.short	13477
ARM GAS  /tmp/ccXeXMPx.s 			page 233


 13235 66e6 9CF3     		.short	-3172
 13236 66e8 9CF3     		.short	-3172
 13237 66ea AD34     		.short	13485
 13238 66ec A4F4     		.short	-2908
 13239 66ee A4F4     		.short	-2908
 13240 66f0 9CF3     		.short	-3172
 13241 66f2 A514     		.short	5285
 13242 66f4 9CD3     		.short	-11364
 13243 66f6 9CD3     		.short	-11364
 13244 66f8 AD34     		.short	13485
 13245 66fa AD34     		.short	13485
 13246 66fc 9CB2     		.short	-19812
 13247 66fe 1061     		.short	24848
 13248 6700 0000     		.short	0
 13249 6702 B5B6     		.short	-18763
 13250 6704 B596     		.short	-26955
 13251 6706 AD55     		.short	21933
 13252 6708 9CD3     		.short	-11364
 13253 670a 8C71     		.short	29068
 13254 670c 8410     		.short	4228
 13255 670e 738E     		.short	-29069
 13256 6710 7BEF     		.short	-4229
 13257 6712 8410     		.short	4228
 13258 6714 8410     		.short	4228
 13259 6716 8410     		.short	4228
 13260 6718 7BEF     		.short	-4229
 13261 671a 7BEF     		.short	-4229
 13262 671c 7BEF     		.short	-4229
 13263 671e 7BEF     		.short	-4229
 13264 6720 8411     		.short	4484
 13265 6722 8411     		.short	4484
 13266 6724 7BD0     		.short	-12165
 13267 6726 8410     		.short	4228
 13268 6728 632D     		.short	11619
 13269 672a 73CF     		.short	-12429
 13270 672c 7BCF     		.short	-12421
 13271 672e 8430     		.short	12420
 13272 6730 6BF0     		.short	-3989
 13273 6732 73CF     		.short	-12429
 13274 6734 736C     		.short	27763
 13275 6736 83EE     		.short	-4477
 13276 6738 8430     		.short	12420
 13277 673a 6B8D     		.short	-29333
 13278 673c 6B6D     		.short	28011
 13279 673e 7BCF     		.short	-12421
 13280 6740 7BEC     		.short	-4997
 13281 6742 8C8F     		.short	-28788
 13282 6744 840E     		.short	3716
 13283 6746 842E     		.short	11908
 13284 6748 73CC     		.short	-13197
 13285 674a 842D     		.short	11652
 13286 674c 8C4E     		.short	20108
 13287 674e 738C     		.short	-29581
 13288 6750 7C0E     		.short	3708
 13289 6752 8430     		.short	12420
 13290 6754 6B6E     		.short	28267
 13291 6756 73D0     		.short	-12173
ARM GAS  /tmp/ccXeXMPx.s 			page 234


 13292 6758 7BEF     		.short	-4229
 13293 675a 7BEE     		.short	-4485
 13294 675c 7BAD     		.short	-21125
 13295 675e 734C     		.short	19571
 13296 6760 8BD0     		.short	-12149
 13297 6762 83AF     		.short	-20605
 13298 6764 83F0     		.short	-3965
 13299 6766 7BF0     		.short	-3973
 13300 6768 7BF0     		.short	-3973
 13301 676a 7C10     		.short	4220
 13302 676c 7BEF     		.short	-4229
 13303 676e 7BEF     		.short	-4229
 13304 6770 842F     		.short	12164
 13305 6772 7BF0     		.short	-3973
 13306 6774 7BF0     		.short	-3973
 13307 6776 7BAF     		.short	-20613
 13308 6778 7BEF     		.short	-4229
 13309 677a 6B6C     		.short	27755
 13310 677c 7BEF     		.short	-4229
 13311 677e 7BD0     		.short	-12165
 13312 6780 83EE     		.short	-4477
 13313 6782 83CE     		.short	-12669
 13314 6784 8BEE     		.short	-4469
 13315 6786 83AD     		.short	-21117
 13316 6788 83AE     		.short	-20861
 13317 678a 942F     		.short	12180
 13318 678c 9430     		.short	12436
 13319 678e 9430     		.short	12436
 13320 6790 8C10     		.short	4236
 13321 6792 8C31     		.short	12684
 13322 6794 8C51     		.short	20876
 13323 6796 8C31     		.short	12684
 13324 6798 8C30     		.short	12428
 13325 679a 8C30     		.short	12428
 13326 679c 8C30     		.short	12428
 13327 679e 8C31     		.short	12684
 13328 67a0 8430     		.short	12420
 13329 67a2 8430     		.short	12420
 13330 67a4 8C30     		.short	12428
 13331 67a6 8C30     		.short	12428
 13332 67a8 8430     		.short	12420
 13333 67aa 8C50     		.short	20620
 13334 67ac 8C71     		.short	29068
 13335 67ae 8430     		.short	12420
 13336 67b0 8430     		.short	12420
 13337 67b2 8C92     		.short	-28020
 13338 67b4 8430     		.short	12420
 13339 67b6 6B6D     		.short	28011
 13340 67b8 840F     		.short	3972
 13341 67ba 8C30     		.short	12428
 13342 67bc 8C51     		.short	20876
 13343 67be 6B6E     		.short	28267
 13344 67c0 738E     		.short	-29069
 13345 67c2 7BCE     		.short	-12677
 13346 67c4 73EE     		.short	-4493
 13347 67c6 7C0F     		.short	3964
 13348 67c8 8431     		.short	12676
ARM GAS  /tmp/ccXeXMPx.s 			page 235


 13349 67ca 8C31     		.short	12684
 13350 67cc 83EF     		.short	-4221
 13351 67ce 736D     		.short	28019
 13352 67d0 738E     		.short	-29069
 13353 67d2 7C30     		.short	12412
 13354 67d4 73CF     		.short	-12429
 13355 67d6 738E     		.short	-29069
 13356 67d8 83D0     		.short	-12157
 13357 67da 83D0     		.short	-12157
 13358 67dc 8410     		.short	4228
 13359 67de 8C91     		.short	-28276
 13360 67e0 8C71     		.short	29068
 13361 67e2 8C71     		.short	29068
 13362 67e4 8430     		.short	12420
 13363 67e6 8430     		.short	12420
 13364 67e8 8C51     		.short	20876
 13365 67ea 8410     		.short	4228
 13366 67ec 8410     		.short	4228
 13367 67ee 9472     		.short	29332
 13368 67f0 8C71     		.short	29068
 13369 67f2 8410     		.short	4228
 13370 67f4 7BCF     		.short	-12421
 13371 67f6 7BEF     		.short	-4229
 13372 67f8 9491     		.short	-28268
 13373 67fa 9CD2     		.short	-11620
 13374 67fc B575     		.short	30133
 13375 67fe 0000     		.short	0
 13376 6800 0000     		.short	0
 13377 6802 B5B6     		.short	-18763
 13378 6804 A555     		.short	21925
 13379 6806 94D3     		.short	-11372
 13380 6808 8C51     		.short	20876
 13381 680a 6B8E     		.short	-29077
 13382 680c 5B0B     		.short	2907
 13383 680e 5B0C     		.short	3163
 13384 6810 630C     		.short	3171
 13385 6812 632D     		.short	11619
 13386 6814 632D     		.short	11619
 13387 6816 630C     		.short	3171
 13388 6818 632C     		.short	11363
 13389 681a 632D     		.short	11619
 13390 681c 5B0C     		.short	3163
 13391 681e 52AB     		.short	-21678
 13392 6820 52AA     		.short	-21934
 13393 6822 630C     		.short	3171
 13394 6824 5ACB     		.short	-13478
 13395 6826 630C     		.short	3171
 13396 6828 5ACB     		.short	-13478
 13397 682a 4A69     		.short	26954
 13398 682c 632D     		.short	11619
 13399 682e 632C     		.short	11363
 13400 6830 5B4D     		.short	19803
 13401 6832 634D     		.short	19811
 13402 6834 5AAA     		.short	-21926
 13403 6836 6AEA     		.short	-5526
 13404 6838 734A     		.short	19059
 13405 683a 62E9     		.short	-5790
ARM GAS  /tmp/ccXeXMPx.s 			page 236


 13406 683c 5AEA     		.short	-5542
 13407 683e 52AB     		.short	-21678
 13408 6840 6B2A     		.short	10859
 13409 6842 6B4B     		.short	19307
 13410 6844 7BAD     		.short	-21125
 13411 6846 736C     		.short	27763
 13412 6848 5A89     		.short	-30374
 13413 684a 62EA     		.short	-5534
 13414 684c 7B8D     		.short	-29317
 13415 684e 62C9     		.short	-13982
 13416 6850 630D     		.short	3427
 13417 6852 5ACB     		.short	-13478
 13418 6854 52CB     		.short	-13486
 13419 6856 632C     		.short	11363
 13420 6858 632B     		.short	11107
 13421 685a 634C     		.short	19555
 13422 685c 52CA     		.short	-13742
 13423 685e 5ACA     		.short	-13734
 13424 6860 5B4C     		.short	19547
 13425 6862 634D     		.short	19811
 13426 6864 632C     		.short	11363
 13427 6866 5AEB     		.short	-5286
 13428 6868 634D     		.short	19811
 13429 686a 6B4D     		.short	19819
 13430 686c 5AEB     		.short	-5286
 13431 686e 6B6C     		.short	27755
 13432 6870 630C     		.short	3171
 13433 6872 634C     		.short	19555
 13434 6874 632C     		.short	11363
 13435 6876 632C     		.short	11363
 13436 6878 634D     		.short	19811
 13437 687a 5B0B     		.short	2907
 13438 687c 5ACB     		.short	-13478
 13439 687e 632C     		.short	11363
 13440 6880 6B2A     		.short	10859
 13441 6882 6B0A     		.short	2667
 13442 6884 6B2C     		.short	11371
 13443 6886 6ACC     		.short	-13206
 13444 6888 6AEB     		.short	-5270
 13445 688a 6B09     		.short	2411
 13446 688c 7BAC     		.short	-21381
 13447 688e 734E     		.short	20083
 13448 6890 7B8D     		.short	-29317
 13449 6892 738D     		.short	-29325
 13450 6894 738D     		.short	-29325
 13451 6896 7BAD     		.short	-21125
 13452 6898 7B8D     		.short	-29317
 13453 689a 736C     		.short	27763
 13454 689c 736C     		.short	27763
 13455 689e 7BAD     		.short	-21125
 13456 68a0 6B4C     		.short	19563
 13457 68a2 738D     		.short	-29325
 13458 68a4 7BCE     		.short	-12677
 13459 68a6 736C     		.short	27763
 13460 68a8 738C     		.short	-29581
 13461 68aa 738D     		.short	-29325
 13462 68ac 738C     		.short	-29581
ARM GAS  /tmp/ccXeXMPx.s 			page 237


 13463 68ae 738D     		.short	-29325
 13464 68b0 7B6C     		.short	27771
 13465 68b2 7B8D     		.short	-29317
 13466 68b4 630B     		.short	2915
 13467 68b6 52AA     		.short	-21934
 13468 68b8 6B4D     		.short	19819
 13469 68ba 7BEF     		.short	-4229
 13470 68bc 6B6D     		.short	28011
 13471 68be 5ACA     		.short	-13734
 13472 68c0 5268     		.short	26706
 13473 68c2 6B2B     		.short	11115
 13474 68c4 5ACA     		.short	-13734
 13475 68c6 6B6D     		.short	28011
 13476 68c8 738E     		.short	-29069
 13477 68ca 7BAF     		.short	-20613
 13478 68cc 632D     		.short	11619
 13479 68ce 5ACB     		.short	-13478
 13480 68d0 5289     		.short	-30382
 13481 68d2 738D     		.short	-29325
 13482 68d4 634C     		.short	19555
 13483 68d6 52A9     		.short	-22190
 13484 68d8 5B0B     		.short	2907
 13485 68da 632C     		.short	11363
 13486 68dc 632B     		.short	11107
 13487 68de 73AE     		.short	-20877
 13488 68e0 7BAE     		.short	-20869
 13489 68e2 736D     		.short	28019
 13490 68e4 7BCE     		.short	-12677
 13491 68e6 7BCF     		.short	-12421
 13492 68e8 632C     		.short	11363
 13493 68ea 5269     		.short	26962
 13494 68ec 5249     		.short	18770
 13495 68ee 628A     		.short	-30110
 13496 68f0 632B     		.short	11107
 13497 68f2 634C     		.short	19555
 13498 68f4 5AEB     		.short	-5286
 13499 68f6 632C     		.short	11363
 13500 68f8 7BEF     		.short	-4229
 13501 68fa 8C71     		.short	29068
 13502 68fc A514     		.short	5285
 13503 68fe 0000     		.short	0
 13504 6900 0000     		.short	0
 13505 6902 AD75     		.short	30125
 13506 6904 9D13     		.short	5021
 13507 6906 8C51     		.short	20876
 13508 6908 738E     		.short	-29069
 13509 690a 5AEB     		.short	-5286
 13510 690c 52AA     		.short	-21934
 13511 690e 52AA     		.short	-21934
 13512 6910 528A     		.short	-30126
 13513 6912 52AA     		.short	-21934
 13514 6914 528A     		.short	-30126
 13515 6916 528A     		.short	-30126
 13516 6918 528A     		.short	-30126
 13517 691a 52AA     		.short	-21934
 13518 691c 528A     		.short	-30126
 13519 691e 4A8A     		.short	-30134
ARM GAS  /tmp/ccXeXMPx.s 			page 238


 13520 6920 39E8     		.short	-6087
 13521 6922 4208     		.short	2114
 13522 6924 39E7     		.short	-6343
 13523 6926 4229     		.short	10562
 13524 6928 4208     		.short	2114
 13525 692a 31A7     		.short	-22735
 13526 692c 4228     		.short	10306
 13527 692e 52AA     		.short	-21934
 13528 6930 4ACB     		.short	-13494
 13529 6932 4AAA     		.short	-21942
 13530 6934 4228     		.short	10306
 13531 6936 4A07     		.short	1866
 13532 6938 5267     		.short	26450
 13533 693a 5246     		.short	18002
 13534 693c 4227     		.short	10050
 13535 693e 3A08     		.short	2106
 13536 6940 4A46     		.short	17994
 13537 6942 5AA8     		.short	-22438
 13538 6944 62E9     		.short	-5790
 13539 6946 62EA     		.short	-5534
 13540 6948 4A47     		.short	18250
 13541 694a 4A27     		.short	10058
 13542 694c 62C9     		.short	-13982
 13543 694e 5268     		.short	26706
 13544 6950 4A49     		.short	18762
 13545 6952 4208     		.short	2114
 13546 6954 4A69     		.short	26954
 13547 6956 52CA     		.short	-13742
 13548 6958 4AA9     		.short	-22198
 13549 695a 52AA     		.short	-21934
 13550 695c 4228     		.short	10306
 13551 695e 4A28     		.short	10314
 13552 6960 4A8B     		.short	-29878
 13553 6962 4A6A     		.short	27210
 13554 6964 4A6A     		.short	27210
 13555 6966 5AEB     		.short	-5286
 13556 6968 4208     		.short	2114
 13557 696a 52AB     		.short	-21678
 13558 696c 5ACB     		.short	-13478
 13559 696e 526A     		.short	27218
 13560 6970 52AA     		.short	-21934
 13561 6972 52CA     		.short	-13742
 13562 6974 52AA     		.short	-21934
 13563 6976 528A     		.short	-30126
 13564 6978 52AA     		.short	-21934
 13565 697a 4A69     		.short	26954
 13566 697c 4228     		.short	10306
 13567 697e 4208     		.short	2114
 13568 6980 5248     		.short	18514
 13569 6982 5267     		.short	26450
 13570 6984 734C     		.short	19571
 13571 6986 83CF     		.short	-12413
 13572 6988 8C2F     		.short	12172
 13573 698a 8C2D     		.short	11660
 13574 698c 6B2A     		.short	10859
 13575 698e 732D     		.short	11635
 13576 6990 62EA     		.short	-5534
ARM GAS  /tmp/ccXeXMPx.s 			page 239


 13577 6992 62EA     		.short	-5534
 13578 6994 62EA     		.short	-5534
 13579 6996 62EA     		.short	-5534
 13580 6998 62EA     		.short	-5534
 13581 699a 62CA     		.short	-13726
 13582 699c 62EA     		.short	-5534
 13583 699e 630B     		.short	2915
 13584 69a0 630B     		.short	2915
 13585 69a2 62EA     		.short	-5534
 13586 69a4 630B     		.short	2915
 13587 69a6 5ACA     		.short	-13734
 13588 69a8 62EA     		.short	-5534
 13589 69aa 630B     		.short	2915
 13590 69ac 6B2B     		.short	11115
 13591 69ae 630A     		.short	2659
 13592 69b0 62EA     		.short	-5534
 13593 69b2 62EA     		.short	-5534
 13594 69b4 4A28     		.short	10314
 13595 69b6 4208     		.short	2114
 13596 69b8 5AEB     		.short	-5286
 13597 69ba 632D     		.short	11619
 13598 69bc 5ACB     		.short	-13478
 13599 69be 4A69     		.short	26954
 13600 69c0 31A5     		.short	-23247
 13601 69c2 4A48     		.short	18506
 13602 69c4 4207     		.short	1858
 13603 69c6 5AEB     		.short	-5286
 13604 69c8 630C     		.short	3171
 13605 69ca 630C     		.short	3171
 13606 69cc 5ACB     		.short	-13478
 13607 69ce 4A4A     		.short	19018
 13608 69d0 4208     		.short	2114
 13609 69d2 632C     		.short	11363
 13610 69d4 52AA     		.short	-21934
 13611 69d6 39E7     		.short	-6343
 13612 69d8 4A69     		.short	26954
 13613 69da 528A     		.short	-30126
 13614 69dc 4A89     		.short	-30390
 13615 69de 630B     		.short	2915
 13616 69e0 630C     		.short	3171
 13617 69e2 630C     		.short	3171
 13618 69e4 632C     		.short	11363
 13619 69e6 5ACA     		.short	-13734
 13620 69e8 41E7     		.short	-6335
 13621 69ea 3965     		.short	25913
 13622 69ec 4165     		.short	25921
 13623 69ee 4966     		.short	26185
 13624 69f0 3945     		.short	17721
 13625 69f2 41A6     		.short	-22975
 13626 69f4 41A6     		.short	-22975
 13627 69f6 5228     		.short	10322
 13628 69f8 6B0C     		.short	3179
 13629 69fa 7BCF     		.short	-12421
 13630 69fc 9CD3     		.short	-11364
 13631 69fe 0000     		.short	0
 13632 6a00 0000     		.short	0
 13633 6a02 A534     		.short	13477
ARM GAS  /tmp/ccXeXMPx.s 			page 240


 13634 6a04 94B2     		.short	-19820
 13635 6a06 73CF     		.short	-12429
 13636 6a08 52CA     		.short	-13742
 13637 6a0a 4249     		.short	18754
 13638 6a0c 4248     		.short	18498
 13639 6a0e 4228     		.short	10306
 13640 6a10 4208     		.short	2114
 13641 6a12 4208     		.short	2114
 13642 6a14 39E8     		.short	-6087
 13643 6a16 3A08     		.short	2106
 13644 6a18 4208     		.short	2114
 13645 6a1a 4208     		.short	2114
 13646 6a1c 4228     		.short	10306
 13647 6a1e 4A49     		.short	18762
 13648 6a20 4208     		.short	2114
 13649 6a22 31A7     		.short	-22735
 13650 6a24 2965     		.short	25897
 13651 6a26 2125     		.short	9505
 13652 6a28 2945     		.short	17705
 13653 6a2a 18E3     		.short	-7400
 13654 6a2c 18C3     		.short	-15592
 13655 6a2e 39E8     		.short	-6087
 13656 6a30 3A28     		.short	10298
 13657 6a32 3A08     		.short	2106
 13658 6a34 41E8     		.short	-6079
 13659 6a36 3985     		.short	-31431
 13660 6a38 39C4     		.short	-15303
 13661 6a3a 4205     		.short	1346
 13662 6a3c 3184     		.short	-31695
 13663 6a3e 31A7     		.short	-22735
 13664 6a40 3163     		.short	25393
 13665 6a42 4A26     		.short	9802
 13666 6a44 4A46     		.short	17994
 13667 6a46 5A88     		.short	-30630
 13668 6a48 4A26     		.short	9802
 13669 6a4a 3184     		.short	-31695
 13670 6a4c 4206     		.short	1602
 13671 6a4e 4A47     		.short	18250
 13672 6a50 2965     		.short	25897
 13673 6a52 3186     		.short	-31183
 13674 6a54 39E7     		.short	-6343
 13675 6a56 4248     		.short	18498
 13676 6a58 3A07     		.short	1850
 13677 6a5a 4207     		.short	1858
 13678 6a5c 2964     		.short	25641
 13679 6a5e 39C6     		.short	-14791
 13680 6a60 39E8     		.short	-6087
 13681 6a62 5ACC     		.short	-13222
 13682 6a64 528A     		.short	-30126
 13683 6a66 5AEB     		.short	-5286
 13684 6a68 5AEB     		.short	-5286
 13685 6a6a 528A     		.short	-30126
 13686 6a6c 4209     		.short	2370
 13687 6a6e 41EA     		.short	-5567
 13688 6a70 39E8     		.short	-6087
 13689 6a72 4208     		.short	2114
 13690 6a74 4208     		.short	2114
ARM GAS  /tmp/ccXeXMPx.s 			page 241


 13691 6a76 4208     		.short	2114
 13692 6a78 4228     		.short	10306
 13693 6a7a 4208     		.short	2114
 13694 6a7c 31C7     		.short	-14543
 13695 6a7e 3186     		.short	-31183
 13696 6a80 49E8     		.short	-6071
 13697 6a82 6B0A     		.short	2667
 13698 6a84 7B6C     		.short	27771
 13699 6a86 A4B1     		.short	-20060
 13700 6a88 CE36     		.short	14030
 13701 6a8a F779     		.short	31223
 13702 6a8c BDB3     		.short	-19523
 13703 6a8e 4A08     		.short	2122
 13704 6a90 5268     		.short	26706
 13705 6a92 5A89     		.short	-30374
 13706 6a94 5A89     		.short	-30374
 13707 6a96 5268     		.short	26706
 13708 6a98 5268     		.short	26706
 13709 6a9a 5268     		.short	26706
 13710 6a9c 5A89     		.short	-30374
 13711 6a9e 5A89     		.short	-30374
 13712 6aa0 5268     		.short	26706
 13713 6aa2 5248     		.short	18514
 13714 6aa4 5289     		.short	-30382
 13715 6aa6 5268     		.short	26706
 13716 6aa8 5AA9     		.short	-22182
 13717 6aaa 5268     		.short	26706
 13718 6aac 5268     		.short	26706
 13719 6aae 5268     		.short	26706
 13720 6ab0 5A68     		.short	26714
 13721 6ab2 4A27     		.short	10058
 13722 6ab4 3165     		.short	25905
 13723 6ab6 39C7     		.short	-14535
 13724 6ab8 528A     		.short	-30126
 13725 6aba 52AA     		.short	-21934
 13726 6abc 4A69     		.short	26954
 13727 6abe 4A48     		.short	18506
 13728 6ac0 2103     		.short	801
 13729 6ac2 3185     		.short	-31439
 13730 6ac4 3165     		.short	25905
 13731 6ac6 52AA     		.short	-21934
 13732 6ac8 52AA     		.short	-21934
 13733 6aca 528A     		.short	-30126
 13734 6acc 4A49     		.short	18762
 13735 6ace 4208     		.short	2114
 13736 6ad0 3186     		.short	-31183
 13737 6ad2 5ACB     		.short	-13478
 13738 6ad4 4A49     		.short	18762
 13739 6ad6 2945     		.short	17705
 13740 6ad8 39E8     		.short	-6087
 13741 6ada 4229     		.short	10562
 13742 6adc 3A08     		.short	2106
 13743 6ade 4A8A     		.short	-30134
 13744 6ae0 52CA     		.short	-13742
 13745 6ae2 52CA     		.short	-13742
 13746 6ae4 4A69     		.short	26954
 13747 6ae6 3186     		.short	-31183
ARM GAS  /tmp/ccXeXMPx.s 			page 242


 13748 6ae8 28E3     		.short	-7384
 13749 6aea 30C3     		.short	-15568
 13750 6aec 38E4     		.short	-7112
 13751 6aee 40C4     		.short	-15296
 13752 6af0 3883     		.short	-31944
 13753 6af2 4105     		.short	1345
 13754 6af4 4946     		.short	17993
 13755 6af6 51C7     		.short	-14511
 13756 6af8 6AAA     		.short	-21910
 13757 6afa 7B6D     		.short	28027
 13758 6afc 9492     		.short	-28012
 13759 6afe 0000     		.short	0
 13760 6b00 0000     		.short	0
 13761 6b02 A534     		.short	13477
 13762 6b04 8C71     		.short	29068
 13763 6b06 6B6D     		.short	28011
 13764 6b08 4A69     		.short	26954
 13765 6b0a 3A08     		.short	2106
 13766 6b0c 39E7     		.short	-6343
 13767 6b0e 31C7     		.short	-14543
 13768 6b10 31C7     		.short	-14543
 13769 6b12 31A7     		.short	-22735
 13770 6b14 31A6     		.short	-22991
 13771 6b16 31A7     		.short	-22735
 13772 6b18 39C7     		.short	-14535
 13773 6b1a 31A6     		.short	-22991
 13774 6b1c 39C7     		.short	-14535
 13775 6b1e 4A49     		.short	18762
 13776 6b20 4228     		.short	10306
 13777 6b22 39E7     		.short	-6343
 13778 6b24 39C7     		.short	-14535
 13779 6b26 2965     		.short	25897
 13780 6b28 3186     		.short	-31183
 13781 6b2a 2104     		.short	1057
 13782 6b2c 0020     		.short	8192
 13783 6b2e 2124     		.short	9249
 13784 6b30 2185     		.short	-31455
 13785 6b32 2165     		.short	25889
 13786 6b34 39C7     		.short	-14535
 13787 6b36 2944     		.short	17449
 13788 6b38 3163     		.short	25393
 13789 6b3a 39A4     		.short	-23495
 13790 6b3c 2103     		.short	801
 13791 6b3e 3166     		.short	26161
 13792 6b40 20E2     		.short	-7648
 13793 6b42 3984     		.short	-31687
 13794 6b44 41E5     		.short	-6847
 13795 6b46 5267     		.short	26450
 13796 6b48 4A46     		.short	17994
 13797 6b4a 2942     		.short	16937
 13798 6b4c 3163     		.short	25393
 13799 6b4e 4A26     		.short	9802
 13800 6b50 2103     		.short	801
 13801 6b52 2944     		.short	17449
 13802 6b54 31A6     		.short	-22991
 13803 6b56 31C6     		.short	-14799
 13804 6b58 31C6     		.short	-14799
ARM GAS  /tmp/ccXeXMPx.s 			page 243


 13805 6b5a 31C6     		.short	-14799
 13806 6b5c 20E3     		.short	-7392
 13807 6b5e 39C6     		.short	-14791
 13808 6b60 52AA     		.short	-21934
 13809 6b62 6B6D     		.short	28011
 13810 6b64 7BEE     		.short	-4485
 13811 6b66 73AD     		.short	-21133
 13812 6b68 6B6B     		.short	27499
 13813 6b6a 4A68     		.short	26698
 13814 6b6c 4A49     		.short	18762
 13815 6b6e 39A8     		.short	-22471
 13816 6b70 3186     		.short	-31183
 13817 6b72 31A7     		.short	-22735
 13818 6b74 39C7     		.short	-14535
 13819 6b76 31C7     		.short	-14543
 13820 6b78 31C7     		.short	-14543
 13821 6b7a 39C7     		.short	-14535
 13822 6b7c 39C7     		.short	-14535
 13823 6b7e 39C7     		.short	-14535
 13824 6b80 41A8     		.short	-22463
 13825 6b82 5267     		.short	26450
 13826 6b84 A511     		.short	4517
 13827 6b86 EF19     		.short	6639
 13828 6b88 DEB7     		.short	-18466
 13829 6b8a A50F     		.short	4005
 13830 6b8c 7BAB     		.short	-21637
 13831 6b8e 41A6     		.short	-22975
 13832 6b90 4A07     		.short	1866
 13833 6b92 4A27     		.short	10058
 13834 6b94 4A27     		.short	10058
 13835 6b96 4A07     		.short	1866
 13836 6b98 4A07     		.short	1866
 13837 6b9a 4A27     		.short	10058
 13838 6b9c 4A27     		.short	10058
 13839 6b9e 4A07     		.short	1866
 13840 6ba0 4A47     		.short	18250
 13841 6ba2 4A27     		.short	10058
 13842 6ba4 4A07     		.short	1866
 13843 6ba6 41E6     		.short	-6591
 13844 6ba8 5268     		.short	26706
 13845 6baa 4A06     		.short	1610
 13846 6bac 4206     		.short	1602
 13847 6bae 5248     		.short	18514
 13848 6bb0 4A27     		.short	10058
 13849 6bb2 3985     		.short	-31431
 13850 6bb4 2104     		.short	1057
 13851 6bb6 39C7     		.short	-14535
 13852 6bb8 4A6A     		.short	27210
 13853 6bba 4A49     		.short	18762
 13854 6bbc 4A49     		.short	18762
 13855 6bbe 4228     		.short	10306
 13856 6bc0 2103     		.short	801
 13857 6bc2 20E3     		.short	-7392
 13858 6bc4 2924     		.short	9257
 13859 6bc6 5289     		.short	-30382
 13860 6bc8 4A69     		.short	26954
 13861 6bca 4A49     		.short	18762
ARM GAS  /tmp/ccXeXMPx.s 			page 244


 13862 6bcc 4208     		.short	2114
 13863 6bce 39E8     		.short	-6087
 13864 6bd0 2966     		.short	26153
 13865 6bd2 52AA     		.short	-21934
 13866 6bd4 4208     		.short	2114
 13867 6bd6 18E4     		.short	-7144
 13868 6bd8 2965     		.short	25897
 13869 6bda 39C7     		.short	-14535
 13870 6bdc 31A7     		.short	-22735
 13871 6bde 4229     		.short	10562
 13872 6be0 39A6     		.short	-22983
 13873 6be2 3986     		.short	-31175
 13874 6be4 2904     		.short	1065
 13875 6be6 1861     		.short	24856
 13876 6be8 1000     		.short	16
 13877 6bea 2041     		.short	16672
 13878 6bec 2862     		.short	25128
 13879 6bee 2821     		.short	8488
 13880 6bf0 2842     		.short	16936
 13881 6bf2 38C3     		.short	-15560
 13882 6bf4 4125     		.short	9537
 13883 6bf6 49A7     		.short	-22711
 13884 6bf8 628A     		.short	-30110
 13885 6bfa 734D     		.short	19827
 13886 6bfc 9471     		.short	29076
 13887 6bfe 0000     		.short	0
 13888 6c00 0000     		.short	0
 13889 6c02 A534     		.short	13477
 13890 6c04 8410     		.short	4228
 13891 6c06 630C     		.short	3171
 13892 6c08 528A     		.short	-30126
 13893 6c0a 4228     		.short	10306
 13894 6c0c 31C6     		.short	-14799
 13895 6c0e 31A6     		.short	-22991
 13896 6c10 31A6     		.short	-22991
 13897 6c12 31A6     		.short	-22991
 13898 6c14 3186     		.short	-31183
 13899 6c16 31A6     		.short	-22991
 13900 6c18 31A7     		.short	-22735
 13901 6c1a 3186     		.short	-31183
 13902 6c1c 31A7     		.short	-22735
 13903 6c1e 4A49     		.short	18762
 13904 6c20 4A49     		.short	18762
 13905 6c22 4228     		.short	10306
 13906 6c24 4228     		.short	10306
 13907 6c26 3186     		.short	-31183
 13908 6c28 39C7     		.short	-14535
 13909 6c2a 39C7     		.short	-14535
 13910 6c2c 18C3     		.short	-15592
 13911 6c2e 2965     		.short	25897
 13912 6c30 2144     		.short	17441
 13913 6c32 1904     		.short	1049
 13914 6c34 2946     		.short	17961
 13915 6c36 2103     		.short	801
 13916 6c38 2123     		.short	8993
 13917 6c3a 3163     		.short	25393
 13918 6c3c 20E2     		.short	-7648
ARM GAS  /tmp/ccXeXMPx.s 			page 245


 13919 6c3e 2924     		.short	9257
 13920 6c40 20C2     		.short	-15840
 13921 6c42 2902     		.short	553
 13922 6c44 3984     		.short	-31687
 13923 6c46 4205     		.short	1346
 13924 6c48 4A25     		.short	9546
 13925 6c4a 3162     		.short	25137
 13926 6c4c 20C1     		.short	-16096
 13927 6c4e 39C5     		.short	-15047
 13928 6c50 3164     		.short	25649
 13929 6c52 2944     		.short	17449
 13930 6c54 2985     		.short	-31447
 13931 6c56 31A6     		.short	-22991
 13932 6c58 2986     		.short	-31191
 13933 6c5a 31A6     		.short	-22991
 13934 6c5c 2944     		.short	17449
 13935 6c5e 4A68     		.short	26698
 13936 6c60 6B6A     		.short	27243
 13937 6c62 AD52     		.short	21165
 13938 6c64 C637     		.short	14278
 13939 6c66 EF7B     		.short	31727
 13940 6c68 E739     		.short	14823
 13941 6c6a AD72     		.short	29357
 13942 6c6c 39E5     		.short	-6855
 13943 6c6e 3186     		.short	-31183
 13944 6c70 3186     		.short	-31183
 13945 6c72 31A6     		.short	-22991
 13946 6c74 31A6     		.short	-22991
 13947 6c76 2966     		.short	26153
 13948 6c78 2965     		.short	25897
 13949 6c7a 3186     		.short	-31183
 13950 6c7c 31C7     		.short	-14543
 13951 6c7e 39E7     		.short	-6343
 13952 6c80 62CC     		.short	-13214
 13953 6c82 7BCD     		.short	-12933
 13954 6c84 E6F8     		.short	-1818
 13955 6c86 6B2A     		.short	10859
 13956 6c88 2901     		.short	297
 13957 6c8a 2920     		.short	8233
 13958 6c8c 2921     		.short	8489
 13959 6c8e 3144     		.short	17457
 13960 6c90 41E6     		.short	-6591
 13961 6c92 4A07     		.short	1866
 13962 6c94 4A07     		.short	1866
 13963 6c96 4A07     		.short	1866
 13964 6c98 4A07     		.short	1866
 13965 6c9a 4A27     		.short	10058
 13966 6c9c 4A27     		.short	10058
 13967 6c9e 41E6     		.short	-6591
 13968 6ca0 4A07     		.short	1866
 13969 6ca2 4A07     		.short	1866
 13970 6ca4 4A07     		.short	1866
 13971 6ca6 41C6     		.short	-14783
 13972 6ca8 5247     		.short	18258
 13973 6caa 4A07     		.short	1866
 13974 6cac 4A27     		.short	10058
 13975 6cae 4A07     		.short	1866
ARM GAS  /tmp/ccXeXMPx.s 			page 246


 13976 6cb0 41A5     		.short	-23231
 13977 6cb2 28E3     		.short	-7384
 13978 6cb4 2103     		.short	801
 13979 6cb6 4208     		.short	2114
 13980 6cb8 4A49     		.short	18762
 13981 6cba 4228     		.short	10306
 13982 6cbc 4228     		.short	10306
 13983 6cbe 4207     		.short	1858
 13984 6cc0 2924     		.short	9257
 13985 6cc2 1082     		.short	-32240
 13986 6cc4 2104     		.short	1057
 13987 6cc6 4A49     		.short	18762
 13988 6cc8 4208     		.short	2114
 13989 6cca 4A49     		.short	18762
 13990 6ccc 39C7     		.short	-14535
 13991 6cce 39E7     		.short	-6343
 13992 6cd0 2125     		.short	9505
 13993 6cd2 4A49     		.short	18762
 13994 6cd4 4208     		.short	2114
 13995 6cd6 2124     		.short	9249
 13996 6cd8 2125     		.short	9505
 13997 6cda 3186     		.short	-31183
 13998 6cdc 3186     		.short	-31183
 13999 6cde 31A7     		.short	-22735
 14000 6ce0 1841     		.short	16664
 14001 6ce2 2041     		.short	16672
 14002 6ce4 1821     		.short	8472
 14003 6ce6 1800     		.short	24
 14004 6ce8 1800     		.short	24
 14005 6cea 1800     		.short	24
 14006 6cec 1000     		.short	16
 14007 6cee 1000     		.short	16
 14008 6cf0 1000     		.short	16
 14009 6cf2 1841     		.short	16664
 14010 6cf4 28C3     		.short	-15576
 14011 6cf6 3965     		.short	25913
 14012 6cf8 5249     		.short	18770
 14013 6cfa 6B2C     		.short	11371
 14014 6cfc 9451     		.short	20884
 14015 6cfe 0800     		.short	8
 14016 6d00 0000     		.short	0
 14017 6d02 A514     		.short	5285
 14018 6d04 7BEF     		.short	-4229
 14019 6d06 5B0B     		.short	2907
 14020 6d08 52AA     		.short	-21934
 14021 6d0a 4228     		.short	10306
 14022 6d0c 31A6     		.short	-22991
 14023 6d0e 2986     		.short	-31191
 14024 6d10 3186     		.short	-31183
 14025 6d12 31A6     		.short	-22991
 14026 6d14 3186     		.short	-31183
 14027 6d16 3186     		.short	-31183
 14028 6d18 31A6     		.short	-22991
 14029 6d1a 2986     		.short	-31191
 14030 6d1c 31A6     		.short	-22991
 14031 6d1e 4229     		.short	10562
 14032 6d20 39E7     		.short	-6343
ARM GAS  /tmp/ccXeXMPx.s 			page 247


 14033 6d22 4A28     		.short	10314
 14034 6d24 4A69     		.short	26954
 14035 6d26 4228     		.short	10306
 14036 6d28 4A49     		.short	18762
 14037 6d2a 4A49     		.short	18762
 14038 6d2c 3185     		.short	-31439
 14039 6d2e 2924     		.short	9257
 14040 6d30 31C6     		.short	-14799
 14041 6d32 2945     		.short	17705
 14042 6d34 2125     		.short	9505
 14043 6d36 2104     		.short	1057
 14044 6d38 2103     		.short	801
 14045 6d3a 2943     		.short	17193
 14046 6d3c 2923     		.short	9001
 14047 6d3e 2104     		.short	1057
 14048 6d40 2904     		.short	1065
 14049 6d42 20E2     		.short	-7648
 14050 6d44 3163     		.short	25393
 14051 6d46 39C4     		.short	-15303
 14052 6d48 4A25     		.short	9546
 14053 6d4a 39C4     		.short	-15303
 14054 6d4c 18C1     		.short	-16104
 14055 6d4e 2943     		.short	17193
 14056 6d50 39E5     		.short	-6855
 14057 6d52 2102     		.short	545
 14058 6d54 2965     		.short	25897
 14059 6d56 39E7     		.short	-6343
 14060 6d58 2966     		.short	26153
 14061 6d5a 3186     		.short	-31183
 14062 6d5c 39C6     		.short	-14791
 14063 6d5e 6B2B     		.short	11115
 14064 6d60 AD4F     		.short	20397
 14065 6d62 DEB7     		.short	-18466
 14066 6d64 6B2B     		.short	11115
 14067 6d66 39A5     		.short	-23239
 14068 6d68 5286     		.short	-31150
 14069 6d6a B5D3     		.short	-11339
 14070 6d6c 2983     		.short	-31959
 14071 6d6e 39C6     		.short	-14791
 14072 6d70 2966     		.short	26153
 14073 6d72 3186     		.short	-31183
 14074 6d74 3186     		.short	-31183
 14075 6d76 3186     		.short	-31183
 14076 6d78 3186     		.short	-31183
 14077 6d7a 2986     		.short	-31191
 14078 6d7c 31A7     		.short	-22735
 14079 6d7e 39E8     		.short	-6087
 14080 6d80 6AEC     		.short	-5014
 14081 6d82 A511     		.short	4517
 14082 6d84 CE55     		.short	21966
 14083 6d86 2942     		.short	16937
 14084 6d88 18A1     		.short	-24296
 14085 6d8a 3163     		.short	25393
 14086 6d8c 3142     		.short	16945
 14087 6d8e 2924     		.short	9257
 14088 6d90 39A5     		.short	-23239
 14089 6d92 41E6     		.short	-6591
ARM GAS  /tmp/ccXeXMPx.s 			page 248


 14090 6d94 4A27     		.short	10058
 14091 6d96 4A27     		.short	10058
 14092 6d98 4A07     		.short	1866
 14093 6d9a 4A07     		.short	1866
 14094 6d9c 4A07     		.short	1866
 14095 6d9e 4A07     		.short	1866
 14096 6da0 4A06     		.short	1610
 14097 6da2 4A06     		.short	1610
 14098 6da4 5268     		.short	26706
 14099 6da6 5268     		.short	26706
 14100 6da8 5268     		.short	26706
 14101 6daa 4A07     		.short	1866
 14102 6dac 5248     		.short	18514
 14103 6dae 41C6     		.short	-14783
 14104 6db0 3164     		.short	25649
 14105 6db2 20E2     		.short	-7648
 14106 6db4 3165     		.short	25905
 14107 6db6 4A49     		.short	18762
 14108 6db8 4229     		.short	10562
 14109 6dba 4228     		.short	10306
 14110 6dbc 4A49     		.short	18762
 14111 6dbe 4208     		.short	2114
 14112 6dc0 3186     		.short	-31183
 14113 6dc2 18A2     		.short	-24040
 14114 6dc4 2104     		.short	1057
 14115 6dc6 4A29     		.short	10570
 14116 6dc8 4208     		.short	2114
 14117 6dca 4A49     		.short	18762
 14118 6dcc 39E7     		.short	-6343
 14119 6dce 4228     		.short	10306
 14120 6dd0 3165     		.short	25905
 14121 6dd2 4208     		.short	2114
 14122 6dd4 4228     		.short	10306
 14123 6dd6 2965     		.short	25897
 14124 6dd8 18E3     		.short	-7400
 14125 6dda 2104     		.short	1057
 14126 6ddc 2124     		.short	9249
 14127 6dde 18C2     		.short	-15848
 14128 6de0 1800     		.short	24
 14129 6de2 2021     		.short	8480
 14130 6de4 2821     		.short	8488
 14131 6de6 2841     		.short	16680
 14132 6de8 2841     		.short	16680
 14133 6dea 2021     		.short	8480
 14134 6dec 1820     		.short	8216
 14135 6dee 1841     		.short	16664
 14136 6df0 0820     		.short	8200
 14137 6df2 1041     		.short	16656
 14138 6df4 20A2     		.short	-24032
 14139 6df6 3124     		.short	9265
 14140 6df8 4A28     		.short	10314
 14141 6dfa 6B0C     		.short	3179
 14142 6dfc 8C30     		.short	12428
 14143 6dfe 0000     		.short	0
 14144 6e00 0000     		.short	0
 14145 6e02 9CD3     		.short	-11364
 14146 6e04 7BCF     		.short	-12421
ARM GAS  /tmp/ccXeXMPx.s 			page 249


 14147 6e06 632C     		.short	11363
 14148 6e08 52AA     		.short	-21934
 14149 6e0a 3A08     		.short	2106
 14150 6e0c 31A6     		.short	-22991
 14151 6e0e 2986     		.short	-31191
 14152 6e10 3186     		.short	-31183
 14153 6e12 31A7     		.short	-22735
 14154 6e14 3186     		.short	-31183
 14155 6e16 2986     		.short	-31191
 14156 6e18 31A6     		.short	-22991
 14157 6e1a 3186     		.short	-31183
 14158 6e1c 31A6     		.short	-22991
 14159 6e1e 4228     		.short	10306
 14160 6e20 4228     		.short	10306
 14161 6e22 4A49     		.short	18762
 14162 6e24 4228     		.short	10306
 14163 6e26 4228     		.short	10306
 14164 6e28 4228     		.short	10306
 14165 6e2a 4228     		.short	10306
 14166 6e2c 4208     		.short	2114
 14167 6e2e 2944     		.short	17449
 14168 6e30 4207     		.short	1858
 14169 6e32 39E7     		.short	-6343
 14170 6e34 2946     		.short	17961
 14171 6e36 2945     		.short	17705
 14172 6e38 18E2     		.short	-7656
 14173 6e3a 20E2     		.short	-7648
 14174 6e3c 3164     		.short	25649
 14175 6e3e 20C2     		.short	-15840
 14176 6e40 3966     		.short	26169
 14177 6e42 20E3     		.short	-7392
 14178 6e44 2923     		.short	9001
 14179 6e46 39A4     		.short	-23495
 14180 6e48 4A26     		.short	9802
 14181 6e4a 4A26     		.short	9802
 14182 6e4c 2902     		.short	553
 14183 6e4e 18A1     		.short	-24296
 14184 6e50 41E5     		.short	-6847
 14185 6e52 2923     		.short	9001
 14186 6e54 2944     		.short	17449
 14187 6e56 3A08     		.short	2106
 14188 6e58 31A7     		.short	-22735
 14189 6e5a 3186     		.short	-31183
 14190 6e5c 4A28     		.short	10314
 14191 6e5e 840E     		.short	3716
 14192 6e60 EF36     		.short	14063
 14193 6e62 6B09     		.short	2411
 14194 6e64 28E4     		.short	-7128
 14195 6e66 3145     		.short	17713
 14196 6e68 3184     		.short	-31695
 14197 6e6a 9CD0     		.short	-12132
 14198 6e6c 2122     		.short	8737
 14199 6e6e 2945     		.short	17705
 14200 6e70 31A7     		.short	-22735
 14201 6e72 4208     		.short	2114
 14202 6e74 4A49     		.short	18762
 14203 6e76 4A6A     		.short	27210
ARM GAS  /tmp/ccXeXMPx.s 			page 250


 14204 6e78 4A49     		.short	18762
 14205 6e7a 39E8     		.short	-6087
 14206 6e7c 39C7     		.short	-14535
 14207 6e7e 4A49     		.short	18762
 14208 6e80 6B2C     		.short	11371
 14209 6e82 E6F8     		.short	-1818
 14210 6e84 A530     		.short	12453
 14211 6e86 2902     		.short	553
 14212 6e88 2925     		.short	9513
 14213 6e8a 3144     		.short	17457
 14214 6e8c 39A5     		.short	-23239
 14215 6e8e 39A6     		.short	-22983
 14216 6e90 39A5     		.short	-23239
 14217 6e92 4A07     		.short	1866
 14218 6e94 5A89     		.short	-30374
 14219 6e96 5AA9     		.short	-22182
 14220 6e98 5248     		.short	18514
 14221 6e9a 4A07     		.short	1866
 14222 6e9c 4A27     		.short	10058
 14223 6e9e 5268     		.short	26706
 14224 6ea0 62A9     		.short	-22174
 14225 6ea2 5A88     		.short	-30630
 14226 6ea4 6AEA     		.short	-5526
 14227 6ea6 736C     		.short	27763
 14228 6ea8 83CE     		.short	-12669
 14229 6eaa 5A88     		.short	-30630
 14230 6eac 4A07     		.short	1866
 14231 6eae 41A5     		.short	-23231
 14232 6eb0 2923     		.short	9001
 14233 6eb2 2903     		.short	809
 14234 6eb4 41E7     		.short	-6335
 14235 6eb6 4A49     		.short	18762
 14236 6eb8 4249     		.short	18754
 14237 6eba 4A49     		.short	18762
 14238 6ebc 4228     		.short	10306
 14239 6ebe 4A28     		.short	10314
 14240 6ec0 41E8     		.short	-6079
 14241 6ec2 2904     		.short	1065
 14242 6ec4 2104     		.short	1057
 14243 6ec6 4A49     		.short	18762
 14244 6ec8 4A29     		.short	10570
 14245 6eca 4A69     		.short	26954
 14246 6ecc 4228     		.short	10306
 14247 6ece 4A48     		.short	18506
 14248 6ed0 4207     		.short	1858
 14249 6ed2 39C6     		.short	-14791
 14250 6ed4 39C6     		.short	-14791
 14251 6ed6 2924     		.short	9257
 14252 6ed8 0840     		.short	16392
 14253 6eda 10A2     		.short	-24048
 14254 6edc 2103     		.short	801
 14255 6ede 0820     		.short	8200
 14256 6ee0 1800     		.short	24
 14257 6ee2 2841     		.short	16680
 14258 6ee4 2842     		.short	16936
 14259 6ee6 2821     		.short	8488
 14260 6ee8 2821     		.short	8488
ARM GAS  /tmp/ccXeXMPx.s 			page 251


 14261 6eea 2821     		.short	8488
 14262 6eec 2021     		.short	8480
 14263 6eee 2861     		.short	24872
 14264 6ef0 1820     		.short	8216
 14265 6ef2 2041     		.short	16672
 14266 6ef4 28A3     		.short	-23768
 14267 6ef6 3124     		.short	9265
 14268 6ef8 4A08     		.short	2122
 14269 6efa 62EB     		.short	-5278
 14270 6efc 8430     		.short	12420
 14271 6efe 0020     		.short	8192
 14272 6f00 0020     		.short	8192
 14273 6f02 94B2     		.short	-19820
 14274 6f04 7BEF     		.short	-4229
 14275 6f06 6B4D     		.short	19819
 14276 6f08 52AA     		.short	-21934
 14277 6f0a 3A08     		.short	2106
 14278 6f0c 31A6     		.short	-22991
 14279 6f0e 31A6     		.short	-22991
 14280 6f10 3186     		.short	-31183
 14281 6f12 31C7     		.short	-14543
 14282 6f14 3186     		.short	-31183
 14283 6f16 2966     		.short	26153
 14284 6f18 31A6     		.short	-22991
 14285 6f1a 31A6     		.short	-22991
 14286 6f1c 31A7     		.short	-22735
 14287 6f1e 4228     		.short	10306
 14288 6f20 4A48     		.short	18506
 14289 6f22 4A48     		.short	18506
 14290 6f24 39E7     		.short	-6343
 14291 6f26 4A49     		.short	18762
 14292 6f28 4228     		.short	10306
 14293 6f2a 4208     		.short	2114
 14294 6f2c 4A69     		.short	26954
 14295 6f2e 2944     		.short	17449
 14296 6f30 39E6     		.short	-6599
 14297 6f32 4229     		.short	10562
 14298 6f34 31A7     		.short	-22735
 14299 6f36 31A7     		.short	-22735
 14300 6f38 18E3     		.short	-7400
 14301 6f3a 18A1     		.short	-24296
 14302 6f3c 3185     		.short	-31439
 14303 6f3e 1882     		.short	-32232
 14304 6f40 3988     		.short	-30663
 14305 6f42 20E4     		.short	-7136
 14306 6f44 20E2     		.short	-7648
 14307 6f46 3163     		.short	25393
 14308 6f48 4A05     		.short	1354
 14309 6f4a 4A26     		.short	9802
 14310 6f4c 2923     		.short	9001
 14311 6f4e 0820     		.short	8200
 14312 6f50 39C4     		.short	-15303
 14313 6f52 3164     		.short	25649
 14314 6f54 2124     		.short	9249
 14315 6f56 39E8     		.short	-6087
 14316 6f58 4209     		.short	2370
 14317 6f5a 3186     		.short	-31183
ARM GAS  /tmp/ccXeXMPx.s 			page 252


 14318 6f5c 4227     		.short	10050
 14319 6f5e 9CD2     		.short	-11620
 14320 6f60 EF36     		.short	14063
 14321 6f62 3984     		.short	-31687
 14322 6f64 3968     		.short	26681
 14323 6f66 3127     		.short	10033
 14324 6f68 39A7     		.short	-22727
 14325 6f6a 840E     		.short	3716
 14326 6f6c 3185     		.short	-31439
 14327 6f6e 31A7     		.short	-22735
 14328 6f70 4A6A     		.short	27210
 14329 6f72 5AEC     		.short	-5030
 14330 6f74 6B6E     		.short	28267
 14331 6f76 738E     		.short	-29069
 14332 6f78 632D     		.short	11619
 14333 6f7a 4A49     		.short	18762
 14334 6f7c 39E8     		.short	-6087
 14335 6f7e 528A     		.short	-30126
 14336 6f80 7B8D     		.short	-29317
 14337 6f82 E718     		.short	6375
 14338 6f84 948D     		.short	-29292
 14339 6f86 4A28     		.short	10314
 14340 6f88 62EC     		.short	-5022
 14341 6f8a 5AAA     		.short	-21926
 14342 6f8c 3144     		.short	17457
 14343 6f8e 41C6     		.short	-14783
 14344 6f90 5248     		.short	18514
 14345 6f92 62EA     		.short	-5534
 14346 6f94 7B8D     		.short	-29317
 14347 6f96 7BAD     		.short	-21125
 14348 6f98 6B2B     		.short	11115
 14349 6f9a 5AA9     		.short	-22182
 14350 6f9c 62EA     		.short	-5534
 14351 6f9e 736C     		.short	27763
 14352 6fa0 7BAD     		.short	-21125
 14353 6fa2 736C     		.short	27763
 14354 6fa4 83AD     		.short	-21117
 14355 6fa6 B533     		.short	13237
 14356 6fa8 DE99     		.short	-26146
 14357 6faa 8BEE     		.short	-4469
 14358 6fac 41C6     		.short	-14783
 14359 6fae 3964     		.short	25657
 14360 6fb0 20C2     		.short	-15840
 14361 6fb2 3124     		.short	9265
 14362 6fb4 4A28     		.short	10314
 14363 6fb6 4228     		.short	10306
 14364 6fb8 4228     		.short	10306
 14365 6fba 4A49     		.short	18762
 14366 6fbc 4208     		.short	2114
 14367 6fbe 4A48     		.short	18506
 14368 6fc0 4A29     		.short	10570
 14369 6fc2 3166     		.short	26161
 14370 6fc4 20E4     		.short	-7136
 14371 6fc6 4A49     		.short	18762
 14372 6fc8 4228     		.short	10306
 14373 6fca 4228     		.short	10306
 14374 6fcc 4228     		.short	10306
ARM GAS  /tmp/ccXeXMPx.s 			page 253


 14375 6fce 4207     		.short	1858
 14376 6fd0 2964     		.short	25641
 14377 6fd2 18E2     		.short	-7656
 14378 6fd4 3185     		.short	-31439
 14379 6fd6 3185     		.short	-31439
 14380 6fd8 18C2     		.short	-15848
 14381 6fda 2944     		.short	17449
 14382 6fdc 39C6     		.short	-14791
 14383 6fde 1081     		.short	-32496
 14384 6fe0 1000     		.short	16
 14385 6fe2 2061     		.short	24864
 14386 6fe4 2842     		.short	16936
 14387 6fe6 2801     		.short	296
 14388 6fe8 3021     		.short	8496
 14389 6fea 3021     		.short	8496
 14390 6fec 2821     		.short	8488
 14391 6fee 2800     		.short	40
 14392 6ff0 3022     		.short	8752
 14393 6ff2 3042     		.short	16944
 14394 6ff4 38C4     		.short	-15304
 14395 6ff6 3925     		.short	9529
 14396 6ff8 49E7     		.short	-6327
 14397 6ffa 62CB     		.short	-13470
 14398 6ffc 8430     		.short	12420
 14399 6ffe 0020     		.short	8192
 14400 7000 0000     		.short	0
 14401 7002 94B2     		.short	-19820
 14402 7004 7BEF     		.short	-4229
 14403 7006 632D     		.short	11619
 14404 7008 528A     		.short	-30126
 14405 700a 4208     		.short	2114
 14406 700c 31A7     		.short	-22735
 14407 700e 31A6     		.short	-22991
 14408 7010 31A6     		.short	-22991
 14409 7012 2986     		.short	-31191
 14410 7014 2986     		.short	-31191
 14411 7016 31A6     		.short	-22991
 14412 7018 31A6     		.short	-22991
 14413 701a 2986     		.short	-31191
 14414 701c 31A6     		.short	-22991
 14415 701e 4229     		.short	10562
 14416 7020 4228     		.short	10306
 14417 7022 4A48     		.short	18506
 14418 7024 4208     		.short	2114
 14419 7026 4228     		.short	10306
 14420 7028 4228     		.short	10306
 14421 702a 4A49     		.short	18762
 14422 702c 4A49     		.short	18762
 14423 702e 39C6     		.short	-14791
 14424 7030 3186     		.short	-31183
 14425 7032 4208     		.short	2114
 14426 7034 4228     		.short	10306
 14427 7036 31A6     		.short	-22991
 14428 7038 2944     		.short	17449
 14429 703a 2123     		.short	8993
 14430 703c 18E3     		.short	-7400
 14431 703e 18E3     		.short	-7400
ARM GAS  /tmp/ccXeXMPx.s 			page 254


 14432 7040 2144     		.short	17441
 14433 7042 31A6     		.short	-22991
 14434 7044 18C3     		.short	-15592
 14435 7046 2903     		.short	809
 14436 7048 41C4     		.short	-15295
 14437 704a 4A25     		.short	9546
 14438 704c 41C5     		.short	-15039
 14439 704e 18A2     		.short	-24040
 14440 7050 20C2     		.short	-15840
 14441 7052 41E5     		.short	-6847
 14442 7054 18C0     		.short	-16360
 14443 7056 4227     		.short	10050
 14444 7058 31C7     		.short	-14543
 14445 705a 2966     		.short	26153
 14446 705c 2124     		.short	9249
 14447 705e 7BEE     		.short	-4485
 14448 7060 EF14     		.short	5359
 14449 7062 9C2E     		.short	11932
 14450 7064 41A7     		.short	-22719
 14451 7066 3185     		.short	-31439
 14452 7068 29C5     		.short	-15063
 14453 706a 21A7     		.short	-22751
 14454 706c 2987     		.short	-30935
 14455 706e 4A29     		.short	10570
 14456 7070 5AC9     		.short	-13990
 14457 7072 8C30     		.short	12428
 14458 7074 CE16     		.short	5838
 14459 7076 F778     		.short	30967
 14460 7078 EF17     		.short	6127
 14461 707a 9C91     		.short	-28260
 14462 707c 3187     		.short	-30927
 14463 707e 52AB     		.short	-21678
 14464 7080 946E     		.short	28308
 14465 7082 E716     		.short	5863
 14466 7084 738A     		.short	-30093
 14467 7086 CDF5     		.short	-2611
 14468 7088 EEF6     		.short	-2322
 14469 708a D635     		.short	13782
 14470 708c 5248     		.short	18514
 14471 708e 3A27     		.short	10042
 14472 7090 5288     		.short	-30638
 14473 7092 8C2F     		.short	12172
 14474 7094 D656     		.short	22230
 14475 7096 EF36     		.short	14063
 14476 7098 DEB4     		.short	-19234
 14477 709a 62C8     		.short	-14238
 14478 709c 734B     		.short	19315
 14479 709e 946F     		.short	28564
 14480 70a0 E694     		.short	-27418
 14481 70a2 E6D6     		.short	-10522
 14482 70a4 7309     		.short	2419
 14483 70a6 DE77     		.short	30686
 14484 70a8 B532     		.short	12981
 14485 70aa 5266     		.short	26194
 14486 70ac 39A4     		.short	-23495
 14487 70ae 3124     		.short	9265
 14488 70b0 2104     		.short	1057
ARM GAS  /tmp/ccXeXMPx.s 			page 255


 14489 70b2 39C7     		.short	-14535
 14490 70b4 4228     		.short	10306
 14491 70b6 4228     		.short	10306
 14492 70b8 4A49     		.short	18762
 14493 70ba 4228     		.short	10306
 14494 70bc 4207     		.short	1858
 14495 70be 4248     		.short	18498
 14496 70c0 4228     		.short	10306
 14497 70c2 41E7     		.short	-6335
 14498 70c4 2124     		.short	9249
 14499 70c6 4228     		.short	10306
 14500 70c8 4A49     		.short	18762
 14501 70ca 4A69     		.short	26954
 14502 70cc 39A6     		.short	-22983
 14503 70ce 2924     		.short	9257
 14504 70d0 3964     		.short	25657
 14505 70d2 41A5     		.short	-23231
 14506 70d4 4A27     		.short	10058
 14507 70d6 4206     		.short	1602
 14508 70d8 39C5     		.short	-15047
 14509 70da 18C1     		.short	-16104
 14510 70dc 3985     		.short	-31431
 14511 70de 3964     		.short	25657
 14512 70e0 0800     		.short	8
 14513 70e2 1841     		.short	16664
 14514 70e4 2862     		.short	25128
 14515 70e6 2821     		.short	8488
 14516 70e8 3021     		.short	8496
 14517 70ea 3021     		.short	8496
 14518 70ec 2820     		.short	8232
 14519 70ee 2820     		.short	8232
 14520 70f0 2841     		.short	16680
 14521 70f2 3062     		.short	25136
 14522 70f4 38C4     		.short	-15304
 14523 70f6 4945     		.short	17737
 14524 70f8 5A29     		.short	10586
 14525 70fa 6B0C     		.short	3179
 14526 70fc 8430     		.short	12420
 14527 70fe 0020     		.short	8192
 14528 7100 0000     		.short	0
 14529 7102 94B2     		.short	-19820
 14530 7104 7BEF     		.short	-4229
 14531 7106 632D     		.short	11619
 14532 7108 528A     		.short	-30126
 14533 710a 4208     		.short	2114
 14534 710c 31A7     		.short	-22735
 14535 710e 3186     		.short	-31183
 14536 7110 31A6     		.short	-22991
 14537 7112 2986     		.short	-31191
 14538 7114 2986     		.short	-31191
 14539 7116 31A6     		.short	-22991
 14540 7118 31A6     		.short	-22991
 14541 711a 2986     		.short	-31191
 14542 711c 31A6     		.short	-22991
 14543 711e 4249     		.short	18754
 14544 7120 4228     		.short	10306
 14545 7122 4228     		.short	10306
ARM GAS  /tmp/ccXeXMPx.s 			page 256


 14546 7124 4228     		.short	10306
 14547 7126 4A48     		.short	18506
 14548 7128 4228     		.short	10306
 14549 712a 4207     		.short	1858
 14550 712c 4208     		.short	2114
 14551 712e 4228     		.short	10306
 14552 7130 31A6     		.short	-22991
 14553 7132 4208     		.short	2114
 14554 7134 4A48     		.short	18506
 14555 7136 39E7     		.short	-6343
 14556 7138 31A6     		.short	-22991
 14557 713a 2964     		.short	25641
 14558 713c 2123     		.short	8993
 14559 713e 1903     		.short	793
 14560 7140 1903     		.short	793
 14561 7142 39C7     		.short	-14535
 14562 7144 2104     		.short	1057
 14563 7146 20E2     		.short	-7648
 14564 7148 3983     		.short	-31943
 14565 714a 4A05     		.short	1354
 14566 714c 41C5     		.short	-15039
 14567 714e 20E3     		.short	-7392
 14568 7150 20E3     		.short	-7392
 14569 7152 2944     		.short	17449
 14570 7154 39C5     		.short	-15047
 14571 7156 2964     		.short	25641
 14572 7158 4A49     		.short	18762
 14573 715a 31A7     		.short	-22735
 14574 715c 10C3     		.short	-15600
 14575 715e 2964     		.short	25641
 14576 7160 B591     		.short	-28235
 14577 7162 DEB6     		.short	-18722
 14578 7164 83CC     		.short	-13181
 14579 7166 4A48     		.short	18506
 14580 7168 31C7     		.short	-14543
 14581 716a 29A6     		.short	-22999
 14582 716c 4A69     		.short	26954
 14583 716e 5ACB     		.short	-13478
 14584 7170 9490     		.short	-28524
 14585 7172 9491     		.short	-28268
 14586 7174 41C4     		.short	-15295
 14587 7176 6B47     		.short	18283
 14588 7178 D674     		.short	29910
 14589 717a 5AA8     		.short	-22438
 14590 717c 2965     		.short	25897
 14591 717e 5AEB     		.short	-5286
 14592 7180 A4D1     		.short	-11868
 14593 7182 DEF5     		.short	-2594
 14594 7184 8C6D     		.short	28044
 14595 7186 41E7     		.short	-6335
 14596 7188 B531     		.short	12725
 14597 718a EF16     		.short	5871
 14598 718c 83ED     		.short	-4733
 14599 718e 52AA     		.short	-21934
 14600 7190 8C2E     		.short	11916
 14601 7192 DE98     		.short	-26402
 14602 7194 5267     		.short	26450
ARM GAS  /tmp/ccXeXMPx.s 			page 257


 14603 7196 948D     		.short	-29292
 14604 7198 CE33     		.short	13262
 14605 719a 5A88     		.short	-30630
 14606 719c 8C2F     		.short	12172
 14607 719e B593     		.short	-27723
 14608 71a0 DE94     		.short	-27426
 14609 71a2 BD71     		.short	29117
 14610 71a4 8BCD     		.short	-12917
 14611 71a6 732A     		.short	10867
 14612 71a8 41E5     		.short	-6847
 14613 71aa 3142     		.short	16945
 14614 71ac 3164     		.short	25649
 14615 71ae 20C2     		.short	-15840
 14616 71b0 2965     		.short	25897
 14617 71b2 4A49     		.short	18762
 14618 71b4 4A69     		.short	26954
 14619 71b6 4207     		.short	1858
 14620 71b8 4208     		.short	2114
 14621 71ba 4A48     		.short	18506
 14622 71bc 4A48     		.short	18506
 14623 71be 4227     		.short	10050
 14624 71c0 4A69     		.short	26954
 14625 71c2 4208     		.short	2114
 14626 71c4 2104     		.short	1057
 14627 71c6 4207     		.short	1858
 14628 71c8 4228     		.short	10306
 14629 71ca 39C6     		.short	-14791
 14630 71cc 2103     		.short	801
 14631 71ce 2924     		.short	9257
 14632 71d0 4185     		.short	-31423
 14633 71d2 3123     		.short	9009
 14634 71d4 41E6     		.short	-6591
 14635 71d6 4A47     		.short	18250
 14636 71d8 39E6     		.short	-6599
 14637 71da 3164     		.short	25649
 14638 71dc 28E2     		.short	-7640
 14639 71de 49E6     		.short	-6583
 14640 71e0 1861     		.short	24856
 14641 71e2 1000     		.short	16
 14642 71e4 1821     		.short	8472
 14643 71e6 2841     		.short	16680
 14644 71e8 2820     		.short	8232
 14645 71ea 2820     		.short	8232
 14646 71ec 3041     		.short	16688
 14647 71ee 2820     		.short	8232
 14648 71f0 2841     		.short	16680
 14649 71f2 3062     		.short	25136
 14650 71f4 38C4     		.short	-15304
 14651 71f6 4945     		.short	17737
 14652 71f8 5A29     		.short	10586
 14653 71fa 730C     		.short	3187
 14654 71fc 8C30     		.short	12428
 14655 71fe 0000     		.short	0
 14656 7200 0000     		.short	0
 14657 7202 94B3     		.short	-19564
 14658 7204 7BEF     		.short	-4229
 14659 7206 632D     		.short	11619
ARM GAS  /tmp/ccXeXMPx.s 			page 258


 14660 7208 528A     		.short	-30126
 14661 720a 4208     		.short	2114
 14662 720c 31A7     		.short	-22735
 14663 720e 3186     		.short	-31183
 14664 7210 31A6     		.short	-22991
 14665 7212 2986     		.short	-31191
 14666 7214 2986     		.short	-31191
 14667 7216 31A6     		.short	-22991
 14668 7218 31A6     		.short	-22991
 14669 721a 2986     		.short	-31191
 14670 721c 31A6     		.short	-22991
 14671 721e 4249     		.short	18754
 14672 7220 4228     		.short	10306
 14673 7222 4228     		.short	10306
 14674 7224 4A49     		.short	18762
 14675 7226 4A69     		.short	26954
 14676 7228 4208     		.short	2114
 14677 722a 39C6     		.short	-14791
 14678 722c 39C7     		.short	-14535
 14679 722e 4A69     		.short	26954
 14680 7230 39C7     		.short	-14535
 14681 7232 4208     		.short	2114
 14682 7234 4228     		.short	10306
 14683 7236 4228     		.short	10306
 14684 7238 39E7     		.short	-6343
 14685 723a 31A6     		.short	-22991
 14686 723c 2944     		.short	17449
 14687 723e 18E3     		.short	-7400
 14688 7240 10E2     		.short	-7664
 14689 7242 39C7     		.short	-14535
 14690 7244 3166     		.short	26161
 14691 7246 20C2     		.short	-15840
 14692 7248 2922     		.short	8745
 14693 724a 4205     		.short	1346
 14694 724c 41E5     		.short	-6847
 14695 724e 2103     		.short	801
 14696 7250 3165     		.short	25905
 14697 7252 18C2     		.short	-15848
 14698 7254 39C5     		.short	-15047
 14699 7256 18E3     		.short	-7400
 14700 7258 39E8     		.short	-6087
 14701 725a 39A7     		.short	-22727
 14702 725c 18C3     		.short	-15592
 14703 725e 2944     		.short	17449
 14704 7260 18E3     		.short	-7400
 14705 7262 BDD2     		.short	-11587
 14706 7264 E6F5     		.short	-2586
 14707 7266 7BAC     		.short	-21381
 14708 7268 3186     		.short	-31183
 14709 726a 52CA     		.short	-13742
 14710 726c 6B4A     		.short	19051
 14711 726e 9470     		.short	28820
 14712 7270 8C50     		.short	20620
 14713 7272 39E7     		.short	-6343
 14714 7274 5268     		.short	26706
 14715 7276 AD50     		.short	20653
 14716 7278 BD91     		.short	-28227
ARM GAS  /tmp/ccXeXMPx.s 			page 259


 14717 727a 2103     		.short	801
 14718 727c 31A7     		.short	-22735
 14719 727e 52AA     		.short	-21934
 14720 7280 CE15     		.short	5582
 14721 7282 AD4E     		.short	20141
 14722 7284 39C4     		.short	-15303
 14723 7286 4A0A     		.short	2634
 14724 7288 8BED     		.short	-4725
 14725 728a E6D3     		.short	-11290
 14726 728c 7BAA     		.short	-21893
 14727 728e 73AE     		.short	-20877
 14728 7290 DEB6     		.short	-18722
 14729 7292 946F     		.short	28564
 14730 7294 41E5     		.short	-6847
 14731 7296 946E     		.short	28308
 14732 7298 948E     		.short	-29036
 14733 729a 3144     		.short	17457
 14734 729c 9471     		.short	29076
 14735 729e 5AA8     		.short	-22438
 14736 72a0 DEB4     		.short	-19234
 14737 72a2 83AA     		.short	-21885
 14738 72a4 62C8     		.short	-14238
 14739 72a6 3984     		.short	-31687
 14740 72a8 3143     		.short	17201
 14741 72aa 39A5     		.short	-23239
 14742 72ac 2924     		.short	9257
 14743 72ae 20E4     		.short	-7136
 14744 72b0 39E7     		.short	-6343
 14745 72b2 4228     		.short	10306
 14746 72b4 4228     		.short	10306
 14747 72b6 4228     		.short	10306
 14748 72b8 4A49     		.short	18762
 14749 72ba 4A68     		.short	26698
 14750 72bc 4228     		.short	10306
 14751 72be 4207     		.short	1858
 14752 72c0 4228     		.short	10306
 14753 72c2 4A49     		.short	18762
 14754 72c4 2124     		.short	9249
 14755 72c6 2103     		.short	801
 14756 72c8 2944     		.short	17449
 14757 72ca 3185     		.short	-31439
 14758 72cc 2103     		.short	801
 14759 72ce 2103     		.short	801
 14760 72d0 3964     		.short	25657
 14761 72d2 3123     		.short	9009
 14762 72d4 39A5     		.short	-23239
 14763 72d6 4A47     		.short	18250
 14764 72d8 41E6     		.short	-6591
 14765 72da 41E6     		.short	-6591
 14766 72dc 20A1     		.short	-24288
 14767 72de 41A5     		.short	-23231
 14768 72e0 3145     		.short	17713
 14769 72e2 1020     		.short	8208
 14770 72e4 1000     		.short	16
 14771 72e6 2041     		.short	16672
 14772 72e8 2000     		.short	32
 14773 72ea 2820     		.short	8232
ARM GAS  /tmp/ccXeXMPx.s 			page 260


 14774 72ec 2861     		.short	24872
 14775 72ee 2020     		.short	8224
 14776 72f0 2841     		.short	16680
 14777 72f2 3062     		.short	25136
 14778 72f4 40C4     		.short	-15296
 14779 72f6 4946     		.short	17993
 14780 72f8 6229     		.short	10594
 14781 72fa 7B2C     		.short	11387
 14782 72fc 8C30     		.short	12428
 14783 72fe 0000     		.short	0
 14784 7300 0000     		.short	0
 14785 7302 94B3     		.short	-19564
 14786 7304 7BF0     		.short	-3973
 14787 7306 632D     		.short	11619
 14788 7308 528A     		.short	-30126
 14789 730a 4208     		.short	2114
 14790 730c 31A7     		.short	-22735
 14791 730e 3186     		.short	-31183
 14792 7310 31A6     		.short	-22991
 14793 7312 2986     		.short	-31191
 14794 7314 31A6     		.short	-22991
 14795 7316 2986     		.short	-31191
 14796 7318 31A6     		.short	-22991
 14797 731a 2986     		.short	-31191
 14798 731c 31A6     		.short	-22991
 14799 731e 4249     		.short	18754
 14800 7320 4228     		.short	10306
 14801 7322 4208     		.short	2114
 14802 7324 4A48     		.short	18506
 14803 7326 4A48     		.short	18506
 14804 7328 4228     		.short	10306
 14805 732a 39E7     		.short	-6343
 14806 732c 31A6     		.short	-22991
 14807 732e 4A49     		.short	18762
 14808 7330 4228     		.short	10306
 14809 7332 4208     		.short	2114
 14810 7334 4228     		.short	10306
 14811 7336 4A48     		.short	18506
 14812 7338 4228     		.short	10306
 14813 733a 39E7     		.short	-6343
 14814 733c 2965     		.short	25897
 14815 733e 18E3     		.short	-7400
 14816 7340 10C2     		.short	-15856
 14817 7342 3186     		.short	-31183
 14818 7344 31A7     		.short	-22735
 14819 7346 2103     		.short	801
 14820 7348 18E1     		.short	-7912
 14821 734a 41C4     		.short	-15295
 14822 734c 4A26     		.short	9802
 14823 734e 2903     		.short	809
 14824 7350 31A7     		.short	-22735
 14825 7352 2104     		.short	1057
 14826 7354 2103     		.short	801
 14827 7356 3185     		.short	-31439
 14828 7358 3185     		.short	-31439
 14829 735a 4208     		.short	2114
 14830 735c 10A3     		.short	-23792
ARM GAS  /tmp/ccXeXMPx.s 			page 261


 14831 735e 2144     		.short	17441
 14832 7360 10E4     		.short	-7152
 14833 7362 31A2     		.short	-24015
 14834 7364 CE31     		.short	12750
 14835 7366 D655     		.short	21974
 14836 7368 5228     		.short	10322
 14837 736a 4A28     		.short	10314
 14838 736c 7BED     		.short	-4741
 14839 736e E717     		.short	6119
 14840 7370 39E8     		.short	-6087
 14841 7372 39A9     		.short	-22215
 14842 7374 62EC     		.short	-5022
 14843 7376 DE98     		.short	-26402
 14844 7378 9CB0     		.short	-20324
 14845 737a 20E4     		.short	-7136
 14846 737c 528B     		.short	-29870
 14847 737e 634D     		.short	19811
 14848 7380 E6B6     		.short	-18714
 14849 7382 83EA     		.short	-5501
 14850 7384 3165     		.short	25905
 14851 7386 62AD     		.short	-21150
 14852 7388 AD10     		.short	4269
 14853 738a E6F4     		.short	-2842
 14854 738c 7BCB     		.short	-13445
 14855 738e 94D1     		.short	-11884
 14856 7390 E6D5     		.short	-10778
 14857 7392 9C8E     		.short	-29028
 14858 7394 BD94     		.short	-27459
 14859 7396 A4F1     		.short	-3676
 14860 7398 39A4     		.short	-23495
 14861 739a 20C3     		.short	-15584
 14862 739c 3145     		.short	17713
 14863 739e 840D     		.short	3460
 14864 73a0 EF16     		.short	5871
 14865 73a2 7B8A     		.short	-30085
 14866 73a4 3143     		.short	17201
 14867 73a6 41C6     		.short	-14783
 14868 73a8 4A06     		.short	1610
 14869 73aa 3985     		.short	-31431
 14870 73ac 1882     		.short	-32232
 14871 73ae 3987     		.short	-30919
 14872 73b0 4A49     		.short	18762
 14873 73b2 4228     		.short	10306
 14874 73b4 4208     		.short	2114
 14875 73b6 4228     		.short	10306
 14876 73b8 4228     		.short	10306
 14877 73ba 4227     		.short	10050
 14878 73bc 4228     		.short	10306
 14879 73be 4A48     		.short	18506
 14880 73c0 4228     		.short	10306
 14881 73c2 4A48     		.short	18506
 14882 73c4 3165     		.short	25905
 14883 73c6 20C3     		.short	-15584
 14884 73c8 3144     		.short	17457
 14885 73ca 4A07     		.short	1866
 14886 73cc 41E6     		.short	-6591
 14887 73ce 3185     		.short	-31439
ARM GAS  /tmp/ccXeXMPx.s 			page 262


 14888 73d0 20C1     		.short	-16096
 14889 73d2 3144     		.short	17457
 14890 73d4 3964     		.short	25657
 14891 73d6 41E6     		.short	-6591
 14892 73d8 41E6     		.short	-6591
 14893 73da 4A27     		.short	10058
 14894 73dc 3164     		.short	25649
 14895 73de 20E2     		.short	-7648
 14896 73e0 41E7     		.short	-6335
 14897 73e2 20A2     		.short	-24032
 14898 73e4 0800     		.short	8
 14899 73e6 1000     		.short	16
 14900 73e8 1800     		.short	24
 14901 73ea 1820     		.short	8216
 14902 73ec 2041     		.short	16672
 14903 73ee 2021     		.short	8480
 14904 73f0 2041     		.short	16672
 14905 73f2 2862     		.short	25128
 14906 73f4 40E4     		.short	-7104
 14907 73f6 4946     		.short	17993
 14908 73f8 6229     		.short	10594
 14909 73fa 7B0C     		.short	3195
 14910 73fc 9430     		.short	12436
 14911 73fe 0000     		.short	0
 14912 7400 0000     		.short	0
 14913 7402 94B3     		.short	-19564
 14914 7404 7BF0     		.short	-3973
 14915 7406 634D     		.short	19811
 14916 7408 528A     		.short	-30126
 14917 740a 4208     		.short	2114
 14918 740c 31A7     		.short	-22735
 14919 740e 3186     		.short	-31183
 14920 7410 31A6     		.short	-22991
 14921 7412 2986     		.short	-31191
 14922 7414 31A6     		.short	-22991
 14923 7416 2986     		.short	-31191
 14924 7418 31A6     		.short	-22991
 14925 741a 2986     		.short	-31191
 14926 741c 31A6     		.short	-22991
 14927 741e 4228     		.short	10306
 14928 7420 4228     		.short	10306
 14929 7422 4228     		.short	10306
 14930 7424 4228     		.short	10306
 14931 7426 4228     		.short	10306
 14932 7428 4A48     		.short	18506
 14933 742a 4228     		.short	10306
 14934 742c 31A6     		.short	-22991
 14935 742e 31A6     		.short	-22991
 14936 7430 4A69     		.short	26954
 14937 7432 4228     		.short	10306
 14938 7434 4228     		.short	10306
 14939 7436 4228     		.short	10306
 14940 7438 4228     		.short	10306
 14941 743a 4228     		.short	10306
 14942 743c 31A6     		.short	-22991
 14943 743e 2123     		.short	8993
 14944 7440 10A1     		.short	-24304
ARM GAS  /tmp/ccXeXMPx.s 			page 263


 14945 7442 2124     		.short	9249
 14946 7444 39C7     		.short	-14535
 14947 7446 2965     		.short	25897
 14948 7448 18C1     		.short	-16104
 14949 744a 3183     		.short	-31951
 14950 744c 4A26     		.short	9802
 14951 744e 2903     		.short	809
 14952 7450 2125     		.short	9505
 14953 7452 39C7     		.short	-14535
 14954 7454 2104     		.short	1057
 14955 7456 41E7     		.short	-6335
 14956 7458 39A5     		.short	-23239
 14957 745a 4A48     		.short	18506
 14958 745c 2945     		.short	17705
 14959 745e 2966     		.short	26153
 14960 7460 1966     		.short	26137
 14961 7462 4246     		.short	17986
 14962 7464 9CAD     		.short	-21092
 14963 7466 D673     		.short	29654
 14964 7468 7B8C     		.short	-29573
 14965 746a 5AAC     		.short	-21414
 14966 746c AD32     		.short	12973
 14967 746e C610     		.short	4294
 14968 7470 31A5     		.short	-23247
 14969 7472 6B4D     		.short	19819
 14970 7474 9CB2     		.short	-19812
 14971 7476 EF39     		.short	14831
 14972 7478 738A     		.short	-30093
 14973 747a 4A07     		.short	1866
 14974 747c 4A69     		.short	26954
 14975 747e 8450     		.short	20612
 14976 7480 EEF5     		.short	-2578
 14977 7482 5266     		.short	26194
 14978 7484 3167     		.short	26417
 14979 7486 630C     		.short	3171
 14980 7488 CE13     		.short	5070
 14981 748a C5D3     		.short	-11323
 14982 748c 41E5     		.short	-6847
 14983 748e CE74     		.short	29902
 14984 7490 F735     		.short	13815
 14985 7492 B531     		.short	12725
 14986 7494 5AA8     		.short	-22438
 14987 7496 4A26     		.short	9802
 14988 7498 39C5     		.short	-15047
 14989 749a 39A7     		.short	-22727
 14990 749c 5A8A     		.short	-30118
 14991 749e A4F0     		.short	-3932
 14992 74a0 CE33     		.short	13262
 14993 74a2 62C7     		.short	-14494
 14994 74a4 20C1     		.short	-16096
 14995 74a6 3985     		.short	-31431
 14996 74a8 39C6     		.short	-14791
 14997 74aa 18C2     		.short	-15848
 14998 74ac 18A3     		.short	-23784
 14999 74ae 3167     		.short	26417
 15000 74b0 31A6     		.short	-22991
 15001 74b2 4A49     		.short	18762
ARM GAS  /tmp/ccXeXMPx.s 			page 264


 15002 74b4 4A69     		.short	26954
 15003 74b6 4228     		.short	10306
 15004 74b8 4207     		.short	1858
 15005 74ba 4A48     		.short	18506
 15006 74bc 4A68     		.short	26698
 15007 74be 4228     		.short	10306
 15008 74c0 4A69     		.short	26954
 15009 74c2 3185     		.short	-31439
 15010 74c4 2904     		.short	1065
 15011 74c6 3144     		.short	17457
 15012 74c8 49E7     		.short	-6327
 15013 74ca 4A07     		.short	1866
 15014 74cc 4A07     		.short	1866
 15015 74ce 4207     		.short	1858
 15016 74d0 20C1     		.short	-16096
 15017 74d2 20C1     		.short	-16096
 15018 74d4 3164     		.short	25649
 15019 74d6 3985     		.short	-31431
 15020 74d8 4A07     		.short	1866
 15021 74da 5227     		.short	10066
 15022 74dc 4A07     		.short	1866
 15023 74de 2903     		.short	809
 15024 74e0 3985     		.short	-31431
 15025 74e2 3144     		.short	17457
 15026 74e4 1881     		.short	-32488
 15027 74e6 0800     		.short	8
 15028 74e8 0800     		.short	8
 15029 74ea 1020     		.short	8208
 15030 74ec 1000     		.short	16
 15031 74ee 1820     		.short	8216
 15032 74f0 2041     		.short	16672
 15033 74f2 2861     		.short	24872
 15034 74f4 38E4     		.short	-7112
 15035 74f6 4946     		.short	17993
 15036 74f8 6229     		.short	10594
 15037 74fa 7B0C     		.short	3195
 15038 74fc 9430     		.short	12436
 15039 74fe 0800     		.short	8
 15040 7500 0000     		.short	0
 15041 7502 94B3     		.short	-19564
 15042 7504 7BF0     		.short	-3973
 15043 7506 634D     		.short	19811
 15044 7508 528A     		.short	-30126
 15045 750a 4208     		.short	2114
 15046 750c 31A7     		.short	-22735
 15047 750e 3186     		.short	-31183
 15048 7510 2986     		.short	-31191
 15049 7512 2986     		.short	-31191
 15050 7514 31A6     		.short	-22991
 15051 7516 2986     		.short	-31191
 15052 7518 31A6     		.short	-22991
 15053 751a 2986     		.short	-31191
 15054 751c 2986     		.short	-31191
 15055 751e 3A08     		.short	2106
 15056 7520 4A49     		.short	18762
 15057 7522 4A48     		.short	18506
 15058 7524 4228     		.short	10306
ARM GAS  /tmp/ccXeXMPx.s 			page 265


 15059 7526 4208     		.short	2114
 15060 7528 4A48     		.short	18506
 15061 752a 4A49     		.short	18762
 15062 752c 39C6     		.short	-14791
 15063 752e 2944     		.short	17449
 15064 7530 4A49     		.short	18762
 15065 7532 4A49     		.short	18762
 15066 7534 4A49     		.short	18762
 15067 7536 4228     		.short	10306
 15068 7538 4A49     		.short	18762
 15069 753a 4A49     		.short	18762
 15070 753c 4207     		.short	1858
 15071 753e 3185     		.short	-31439
 15072 7540 18C2     		.short	-15848
 15073 7542 18C3     		.short	-15592
 15074 7544 3187     		.short	-30927
 15075 7546 39C7     		.short	-14535
 15076 7548 18E2     		.short	-7656
 15077 754a 2122     		.short	8737
 15078 754c 4A06     		.short	1610
 15079 754e 3144     		.short	17457
 15080 7550 1945     		.short	17689
 15081 7552 3A08     		.short	2106
 15082 7554 39A7     		.short	-22727
 15083 7556 5268     		.short	26706
 15084 7558 736B     		.short	27507
 15085 755a 4A67     		.short	26442
 15086 755c 31A5     		.short	-23247
 15087 755e 31C7     		.short	-14543
 15088 7560 3A28     		.short	10298
 15089 7562 630B     		.short	2915
 15090 7564 A4CE     		.short	-12636
 15091 7566 D653     		.short	21462
 15092 7568 738B     		.short	-29837
 15093 756a 4A09     		.short	2378
 15094 756c CE16     		.short	5838
 15095 756e E6D2     		.short	-11546
 15096 7570 52C5     		.short	-15022
 15097 7572 A530     		.short	12453
 15098 7574 E718     		.short	6375
 15099 7576 E6F5     		.short	-2586
 15100 7578 7BA8     		.short	-22405
 15101 757a B572     		.short	29365
 15102 757c 634B     		.short	19299
 15103 757e 9510     		.short	4245
 15104 7580 EEF5     		.short	-2578
 15105 7582 3143     		.short	17201
 15106 7584 52AB     		.short	-21678
 15107 7586 842E     		.short	11908
 15108 7588 DEB5     		.short	-18978
 15109 758a 732B     		.short	11123
 15110 758c 4A08     		.short	2122
 15111 758e DEF5     		.short	-2594
 15112 7590 CDF0     		.short	-3891
 15113 7592 41A2     		.short	-23999
 15114 7594 734B     		.short	19315
 15115 7596 B593     		.short	-27723
ARM GAS  /tmp/ccXeXMPx.s 			page 266


 15116 7598 A532     		.short	12965
 15117 759a 52AA     		.short	-21934
 15118 759c 6B4C     		.short	19563
 15119 759e CE55     		.short	21966
 15120 75a0 BDD3     		.short	-11331
 15121 75a2 3163     		.short	25393
 15122 75a4 20E3     		.short	-7392
 15123 75a6 18A2     		.short	-24040
 15124 75a8 2103     		.short	801
 15125 75aa 0840     		.short	16392
 15126 75ac 2124     		.short	9249
 15127 75ae 20E5     		.short	-6880
 15128 75b0 2104     		.short	1057
 15129 75b2 2945     		.short	17705
 15130 75b4 31A6     		.short	-22991
 15131 75b6 4228     		.short	10306
 15132 75b8 4A69     		.short	26954
 15133 75ba 4A68     		.short	26698
 15134 75bc 4228     		.short	10306
 15135 75be 4227     		.short	10050
 15136 75c0 4227     		.short	10050
 15137 75c2 2103     		.short	801
 15138 75c4 2903     		.short	809
 15139 75c6 3124     		.short	9265
 15140 75c8 49C6     		.short	-14775
 15141 75ca 49E6     		.short	-6583
 15142 75cc 4206     		.short	1602
 15143 75ce 4206     		.short	1602
 15144 75d0 41E6     		.short	-6591
 15145 75d2 1060     		.short	24592
 15146 75d4 3964     		.short	25657
 15147 75d6 3964     		.short	25657
 15148 75d8 4A07     		.short	1866
 15149 75da 4A07     		.short	1866
 15150 75dc 41E6     		.short	-6591
 15151 75de 41E6     		.short	-6591
 15152 75e0 20E3     		.short	-7392
 15153 75e2 39A5     		.short	-23239
 15154 75e4 2924     		.short	9257
 15155 75e6 0820     		.short	8200
 15156 75e8 0000     		.short	0
 15157 75ea 0800     		.short	8
 15158 75ec 0800     		.short	8
 15159 75ee 1000     		.short	16
 15160 75f0 1020     		.short	8208
 15161 75f2 2061     		.short	24864
 15162 75f4 30E3     		.short	-7376
 15163 75f6 4945     		.short	17737
 15164 75f8 6229     		.short	10594
 15165 75fa 7B0C     		.short	3195
 15166 75fc 9430     		.short	12436
 15167 75fe 0800     		.short	8
 15168 7600 0000     		.short	0
 15169 7602 94D3     		.short	-11372
 15170 7604 7BF0     		.short	-3973
 15171 7606 634D     		.short	19811
 15172 7608 528A     		.short	-30126
ARM GAS  /tmp/ccXeXMPx.s 			page 267


 15173 760a 4208     		.short	2114
 15174 760c 31A7     		.short	-22735
 15175 760e 3186     		.short	-31183
 15176 7610 2986     		.short	-31191
 15177 7612 2986     		.short	-31191
 15178 7614 31A6     		.short	-22991
 15179 7616 2986     		.short	-31191
 15180 7618 31A6     		.short	-22991
 15181 761a 2986     		.short	-31191
 15182 761c 2986     		.short	-31191
 15183 761e 31C7     		.short	-14543
 15184 7620 4228     		.short	10306
 15185 7622 4A48     		.short	18506
 15186 7624 4228     		.short	10306
 15187 7626 4228     		.short	10306
 15188 7628 4A48     		.short	18506
 15189 762a 4A48     		.short	18506
 15190 762c 4208     		.short	2114
 15191 762e 3185     		.short	-31439
 15192 7630 3186     		.short	-31183
 15193 7632 4208     		.short	2114
 15194 7634 4A49     		.short	18762
 15195 7636 4228     		.short	10306
 15196 7638 4228     		.short	10306
 15197 763a 4A49     		.short	18762
 15198 763c 4228     		.short	10306
 15199 763e 39E7     		.short	-6343
 15200 7640 2943     		.short	17193
 15201 7642 1082     		.short	-32240
 15202 7644 18E4     		.short	-7144
 15203 7646 31C7     		.short	-14543
 15204 7648 2164     		.short	25633
 15205 764a 18E1     		.short	-7912
 15206 764c 41E5     		.short	-6847
 15207 764e 3984     		.short	-31687
 15208 7650 1964     		.short	25625
 15209 7652 31A6     		.short	-22991
 15210 7654 4A49     		.short	18762
 15211 7656 734B     		.short	19315
 15212 7658 DEB8     		.short	-18210
 15213 765a A4F1     		.short	-3676
 15214 765c 5ACA     		.short	-13734
 15215 765e 52AB     		.short	-21678
 15216 7660 6B4C     		.short	19563
 15217 7662 6B4B     		.short	19307
 15218 7664 CE14     		.short	5326
 15219 7666 B572     		.short	29365
 15220 7668 2964     		.short	25641
 15221 766a 3185     		.short	-31439
 15222 766c D656     		.short	22230
 15223 766e E6B4     		.short	-19226
 15224 7670 CE93     		.short	-27698
 15225 7672 C5F3     		.short	-3131
 15226 7674 A4CF     		.short	-12380
 15227 7676 CDF2     		.short	-3379
 15228 7678 BD91     		.short	-28227
 15229 767a 8C0D     		.short	3468
ARM GAS  /tmp/ccXeXMPx.s 			page 268


 15230 767c 3185     		.short	-31439
 15231 767e 8C8F     		.short	-28788
 15232 7680 DE55     		.short	21982
 15233 7682 5265     		.short	25938
 15234 7684 5AE9     		.short	-5798
 15235 7686 C656     		.short	22214
 15236 7688 9CAE     		.short	-20836
 15237 768a 4186     		.short	-31167
 15238 768c 41C8     		.short	-14271
 15239 768e DED5     		.short	-10786
 15240 7690 EED4     		.short	-11026
 15241 7692 E676     		.short	30438
 15242 7694 D677     		.short	30678
 15243 7696 A551     		.short	20901
 15244 7698 52C8     		.short	-14254
 15245 769a 4227     		.short	10050
 15246 769c 738C     		.short	-29581
 15247 769e DED6     		.short	-10530
 15248 76a0 946F     		.short	28564
 15249 76a2 18A1     		.short	-24296
 15250 76a4 2904     		.short	1065
 15251 76a6 1083     		.short	-31984
 15252 76a8 1081     		.short	-32496
 15253 76aa 1081     		.short	-32496
 15254 76ac 31A6     		.short	-22991
 15255 76ae 31A7     		.short	-22735
 15256 76b0 2965     		.short	25897
 15257 76b2 2945     		.short	17705
 15258 76b4 2124     		.short	9249
 15259 76b6 31A6     		.short	-22991
 15260 76b8 4A48     		.short	18506
 15261 76ba 4A48     		.short	18506
 15262 76bc 4228     		.short	10306
 15263 76be 4A69     		.short	26954
 15264 76c0 3185     		.short	-31439
 15265 76c2 2944     		.short	17449
 15266 76c4 3985     		.short	-31431
 15267 76c6 28C2     		.short	-15832
 15268 76c8 4164     		.short	25665
 15269 76ca 49E6     		.short	-6583
 15270 76cc 4A47     		.short	18250
 15271 76ce 4226     		.short	9794
 15272 76d0 5268     		.short	26706
 15273 76d2 2903     		.short	809
 15274 76d4 3144     		.short	17457
 15275 76d6 3964     		.short	25657
 15276 76d8 4185     		.short	-31423
 15277 76da 49E6     		.short	-6583
 15278 76dc 41C5     		.short	-15039
 15279 76de 4A27     		.short	10058
 15280 76e0 3144     		.short	17457
 15281 76e2 3185     		.short	-31439
 15282 76e4 2985     		.short	-31447
 15283 76e6 18C2     		.short	-15848
 15284 76e8 0020     		.short	8192
 15285 76ea 0000     		.short	0
 15286 76ec 0800     		.short	8
ARM GAS  /tmp/ccXeXMPx.s 			page 269


 15287 76ee 0800     		.short	8
 15288 76f0 0820     		.short	8200
 15289 76f2 1040     		.short	16400
 15290 76f4 28C3     		.short	-15576
 15291 76f6 4145     		.short	17729
 15292 76f8 5A29     		.short	10586
 15293 76fa 7B2C     		.short	11387
 15294 76fc 9430     		.short	12436
 15295 76fe 0800     		.short	8
 15296 7700 0000     		.short	0
 15297 7702 94D3     		.short	-11372
 15298 7704 7BF0     		.short	-3973
 15299 7706 634D     		.short	19811
 15300 7708 528A     		.short	-30126
 15301 770a 4208     		.short	2114
 15302 770c 31A7     		.short	-22735
 15303 770e 3186     		.short	-31183
 15304 7710 2986     		.short	-31191
 15305 7712 2986     		.short	-31191
 15306 7714 31A6     		.short	-22991
 15307 7716 2986     		.short	-31191
 15308 7718 31A6     		.short	-22991
 15309 771a 2986     		.short	-31191
 15310 771c 2965     		.short	25897
 15311 771e 31A6     		.short	-22991
 15312 7720 4208     		.short	2114
 15313 7722 4228     		.short	10306
 15314 7724 4228     		.short	10306
 15315 7726 4A48     		.short	18506
 15316 7728 4228     		.short	10306
 15317 772a 4228     		.short	10306
 15318 772c 4A49     		.short	18762
 15319 772e 4207     		.short	1858
 15320 7730 18E3     		.short	-7400
 15321 7732 39E7     		.short	-6343
 15322 7734 4A49     		.short	18762
 15323 7736 4228     		.short	10306
 15324 7738 4208     		.short	2114
 15325 773a 4228     		.short	10306
 15326 773c 4A48     		.short	18506
 15327 773e 4228     		.short	10306
 15328 7740 39A5     		.short	-23239
 15329 7742 0861     		.short	24840
 15330 7744 0042     		.short	16896
 15331 7746 31A7     		.short	-22735
 15332 7748 31A6     		.short	-22991
 15333 774a 18E1     		.short	-7912
 15334 774c 39C4     		.short	-15303
 15335 774e 41A5     		.short	-23231
 15336 7750 1123     		.short	8977
 15337 7752 2986     		.short	-31191
 15338 7754 4A28     		.short	10314
 15339 7756 5A68     		.short	26714
 15340 7758 E6D7     		.short	-10266
 15341 775a D655     		.short	21974
 15342 775c 634B     		.short	19299
 15343 775e 632D     		.short	11619
ARM GAS  /tmp/ccXeXMPx.s 			page 270


 15344 7760 8C10     		.short	4236
 15345 7762 CDF4     		.short	-2867
 15346 7764 C5D3     		.short	-11323
 15347 7766 41C6     		.short	-14783
 15348 7768 1904     		.short	1049
 15349 776a 31C4     		.short	-15311
 15350 776c 840B     		.short	2948
 15351 776e B50F     		.short	4021
 15352 7770 7BEB     		.short	-5253
 15353 7772 2902     		.short	553
 15354 7774 8BCD     		.short	-12917
 15355 7776 A48F     		.short	-28764
 15356 7778 5A67     		.short	26458
 15357 777a 3966     		.short	26169
 15358 777c 3127     		.short	10033
 15359 777e 39C7     		.short	-14535
 15360 7780 B4D1     		.short	-11852
 15361 7782 BDD1     		.short	-11843
 15362 7784 B5F2     		.short	-3403
 15363 7786 6B8B     		.short	-29845
 15364 7788 20E1     		.short	-7904
 15365 778a 49E8     		.short	-6071
 15366 778c 49C8     		.short	-14263
 15367 778e 9CAE     		.short	-20836
 15368 7790 BD0D     		.short	3517
 15369 7792 9C2D     		.short	11676
 15370 7794 5AA8     		.short	-22438
 15371 7796 31A2     		.short	-24015
 15372 7798 3A04     		.short	1082
 15373 779a 39C5     		.short	-15047
 15374 779c 8C6F     		.short	28556
 15375 779e BDD2     		.short	-11587
 15376 77a0 4A27     		.short	10058
 15377 77a2 2103     		.short	801
 15378 77a4 3187     		.short	-30927
 15379 77a6 39C7     		.short	-14535
 15380 77a8 2124     		.short	9249
 15381 77aa 2944     		.short	17449
 15382 77ac 10A2     		.short	-24048
 15383 77ae 0861     		.short	24840
 15384 77b0 18C3     		.short	-15592
 15385 77b2 2965     		.short	25897
 15386 77b4 2124     		.short	9249
 15387 77b6 0861     		.short	24840
 15388 77b8 18C3     		.short	-15592
 15389 77ba 3185     		.short	-31439
 15390 77bc 3185     		.short	-31439
 15391 77be 2124     		.short	9249
 15392 77c0 18C2     		.short	-15848
 15393 77c2 2102     		.short	545
 15394 77c4 3965     		.short	25913
 15395 77c6 2081     		.short	-32480
 15396 77c8 3924     		.short	9273
 15397 77ca 4185     		.short	-31423
 15398 77cc 41E6     		.short	-6591
 15399 77ce 4227     		.short	10050
 15400 77d0 4206     		.short	1602
ARM GAS  /tmp/ccXeXMPx.s 			page 271


 15401 77d2 41E6     		.short	-6591
 15402 77d4 28E2     		.short	-7640
 15403 77d6 3964     		.short	25657
 15404 77d8 3944     		.short	17465
 15405 77da 49E6     		.short	-6583
 15406 77dc 4A27     		.short	10058
 15407 77de 41E6     		.short	-6591
 15408 77e0 4A27     		.short	10058
 15409 77e2 2944     		.short	17449
 15410 77e4 2964     		.short	25641
 15411 77e6 2964     		.short	25641
 15412 77e8 0860     		.short	24584
 15413 77ea 0000     		.short	0
 15414 77ec 0821     		.short	8456
 15415 77ee 0800     		.short	8
 15416 77f0 0000     		.short	0
 15417 77f2 1040     		.short	16400
 15418 77f4 28C3     		.short	-15576
 15419 77f6 3945     		.short	17721
 15420 77f8 5A29     		.short	10586
 15421 77fa 730C     		.short	3187
 15422 77fc 9430     		.short	12436
 15423 77fe 0800     		.short	8
 15424 7800 0000     		.short	0
 15425 7802 94B3     		.short	-19564
 15426 7804 7BEF     		.short	-4229
 15427 7806 632D     		.short	11619
 15428 7808 52AA     		.short	-21934
 15429 780a 3A08     		.short	2106
 15430 780c 39E8     		.short	-6087
 15431 780e 2966     		.short	26153
 15432 7810 3186     		.short	-31183
 15433 7812 3186     		.short	-31183
 15434 7814 3186     		.short	-31183
 15435 7816 3186     		.short	-31183
 15436 7818 3186     		.short	-31183
 15437 781a 3186     		.short	-31183
 15438 781c 3186     		.short	-31183
 15439 781e 3186     		.short	-31183
 15440 7820 31A6     		.short	-22991
 15441 7822 4208     		.short	2114
 15442 7824 4A49     		.short	18762
 15443 7826 4A49     		.short	18762
 15444 7828 4228     		.short	10306
 15445 782a 4228     		.short	10306
 15446 782c 4228     		.short	10306
 15447 782e 4A49     		.short	18762
 15448 7830 3186     		.short	-31183
 15449 7832 2104     		.short	1057
 15450 7834 3186     		.short	-31183
 15451 7836 4A49     		.short	18762
 15452 7838 4A49     		.short	18762
 15453 783a 4228     		.short	10306
 15454 783c 4A49     		.short	18762
 15455 783e 4208     		.short	2114
 15456 7840 4227     		.short	10050
 15457 7842 2965     		.short	25897
ARM GAS  /tmp/ccXeXMPx.s 			page 272


 15458 7844 0862     		.short	25096
 15459 7846 18C4     		.short	-15336
 15460 7848 3187     		.short	-30927
 15461 784a 2965     		.short	25897
 15462 784c 2122     		.short	8737
 15463 784e 3A05     		.short	1338
 15464 7850 18E4     		.short	-7144
 15465 7852 31C7     		.short	-14543
 15466 7854 31A6     		.short	-22991
 15467 7856 39E6     		.short	-6599
 15468 7858 5288     		.short	-30638
 15469 785a 946F     		.short	28564
 15470 785c C5F4     		.short	-2875
 15471 785e E6D8     		.short	-10010
 15472 7860 C616     		.short	5830
 15473 7862 73AD     		.short	-21133
 15474 7864 31A5     		.short	-23247
 15475 7866 2103     		.short	801
 15476 7868 2104     		.short	1057
 15477 786a 2966     		.short	26153
 15478 786c 2966     		.short	26153
 15479 786e 18E5     		.short	-6888
 15480 7870 2104     		.short	1057
 15481 7872 2125     		.short	9505
 15482 7874 2125     		.short	9505
 15483 7876 2125     		.short	9505
 15484 7878 2125     		.short	9505
 15485 787a 2945     		.short	17705
 15486 787c 2966     		.short	26153
 15487 787e 2966     		.short	26153
 15488 7880 2145     		.short	17697
 15489 7882 2125     		.short	9505
 15490 7884 2145     		.short	17697
 15491 7886 2125     		.short	9505
 15492 7888 2965     		.short	25897
 15493 788a 39E7     		.short	-6343
 15494 788c 4228     		.short	10306
 15495 788e 39C7     		.short	-14535
 15496 7890 3186     		.short	-31183
 15497 7892 2944     		.short	17449
 15498 7894 3185     		.short	-31439
 15499 7896 39C7     		.short	-14535
 15500 7898 39C7     		.short	-14535
 15501 789a 4228     		.short	10306
 15502 789c 4208     		.short	2114
 15503 789e 2965     		.short	25897
 15504 78a0 10C3     		.short	-15600
 15505 78a2 2145     		.short	17697
 15506 78a4 2125     		.short	9505
 15507 78a6 1082     		.short	-32240
 15508 78a8 18A2     		.short	-24040
 15509 78aa 2943     		.short	17193
 15510 78ac 2143     		.short	17185
 15511 78ae 18E1     		.short	-7912
 15512 78b0 0020     		.short	8192
 15513 78b2 0020     		.short	8192
 15514 78b4 2924     		.short	9257
ARM GAS  /tmp/ccXeXMPx.s 			page 273


 15515 78b6 41C6     		.short	-14783
 15516 78b8 3986     		.short	-31175
 15517 78ba 20E3     		.short	-7392
 15518 78bc 2924     		.short	9257
 15519 78be 4207     		.short	1858
 15520 78c0 41C6     		.short	-14783
 15521 78c2 3144     		.short	17457
 15522 78c4 28E2     		.short	-7640
 15523 78c6 20C2     		.short	-15840
 15524 78c8 2903     		.short	809
 15525 78ca 3984     		.short	-31687
 15526 78cc 41E6     		.short	-6591
 15527 78ce 41E6     		.short	-6591
 15528 78d0 49E6     		.short	-6583
 15529 78d2 4A27     		.short	10058
 15530 78d4 39A5     		.short	-23239
 15531 78d6 2903     		.short	809
 15532 78d8 3123     		.short	9009
 15533 78da 39A5     		.short	-23239
 15534 78dc 41E6     		.short	-6591
 15535 78de 49E6     		.short	-6583
 15536 78e0 4A06     		.short	1610
 15537 78e2 4A27     		.short	10058
 15538 78e4 3164     		.short	25649
 15539 78e6 3185     		.short	-31439
 15540 78e8 2923     		.short	9001
 15541 78ea 0820     		.short	8200
 15542 78ec 0800     		.short	8
 15543 78ee 0820     		.short	8200
 15544 78f0 0000     		.short	0
 15545 78f2 1061     		.short	24848
 15546 78f4 18A2     		.short	-24040
 15547 78f6 3145     		.short	17713
 15548 78f8 5249     		.short	18770
 15549 78fa 62EB     		.short	-5278
 15550 78fc 9451     		.short	20884
 15551 78fe 0000     		.short	0
 15552 7900 0020     		.short	8192
 15553 7902 94D3     		.short	-11372
 15554 7904 8410     		.short	4228
 15555 7906 6B4D     		.short	19819
 15556 7908 5ACB     		.short	-13478
 15557 790a 4208     		.short	2114
 15558 790c 31A6     		.short	-22991
 15559 790e 39E7     		.short	-6343
 15560 7910 31C7     		.short	-14543
 15561 7912 31C7     		.short	-14543
 15562 7914 31C7     		.short	-14543
 15563 7916 31C7     		.short	-14543
 15564 7918 31C7     		.short	-14543
 15565 791a 31C7     		.short	-14543
 15566 791c 31C7     		.short	-14543
 15567 791e 31C7     		.short	-14543
 15568 7920 39C7     		.short	-14535
 15569 7922 4208     		.short	2114
 15570 7924 4A49     		.short	18762
 15571 7926 4A69     		.short	26954
ARM GAS  /tmp/ccXeXMPx.s 			page 274


 15572 7928 4A69     		.short	26954
 15573 792a 4A69     		.short	26954
 15574 792c 4A69     		.short	26954
 15575 792e 4A69     		.short	26954
 15576 7930 4228     		.short	10306
 15577 7932 2965     		.short	25897
 15578 7934 3186     		.short	-31183
 15579 7936 4208     		.short	2114
 15580 7938 4228     		.short	10306
 15581 793a 4A49     		.short	18762
 15582 793c 4A69     		.short	26954
 15583 793e 4A69     		.short	26954
 15584 7940 4A68     		.short	26698
 15585 7942 39E7     		.short	-6343
 15586 7944 2104     		.short	1057
 15587 7946 18E4     		.short	-7144
 15588 7948 3186     		.short	-31183
 15589 794a 31A6     		.short	-22991
 15590 794c 2123     		.short	8993
 15591 794e 4205     		.short	1346
 15592 7950 2125     		.short	9505
 15593 7952 31E7     		.short	-6351
 15594 7954 39C7     		.short	-14535
 15595 7956 4228     		.short	10306
 15596 7958 3185     		.short	-31439
 15597 795a 2943     		.short	17193
 15598 795c 20C1     		.short	-16096
 15599 795e 20E1     		.short	-7904
 15600 7960 2963     		.short	25385
 15601 7962 2143     		.short	17185
 15602 7964 2964     		.short	25641
 15603 7966 31A5     		.short	-23247
 15604 7968 2965     		.short	25897
 15605 796a 2125     		.short	9505
 15606 796c 2946     		.short	17961
 15607 796e 39C8     		.short	-14279
 15608 7970 3186     		.short	-31183
 15609 7972 3186     		.short	-31183
 15610 7974 3186     		.short	-31183
 15611 7976 3186     		.short	-31183
 15612 7978 3186     		.short	-31183
 15613 797a 31A7     		.short	-22735
 15614 797c 31A7     		.short	-22735
 15615 797e 31C7     		.short	-14543
 15616 7980 3186     		.short	-31183
 15617 7982 3186     		.short	-31183
 15618 7984 3186     		.short	-31183
 15619 7986 3186     		.short	-31183
 15620 7988 31A6     		.short	-22991
 15621 798a 4208     		.short	2114
 15622 798c 4A49     		.short	18762
 15623 798e 4228     		.short	10306
 15624 7990 4228     		.short	10306
 15625 7992 39E7     		.short	-6343
 15626 7994 4208     		.short	2114
 15627 7996 4A48     		.short	18506
 15628 7998 4A28     		.short	10314
ARM GAS  /tmp/ccXeXMPx.s 			page 275


 15629 799a 4A69     		.short	26954
 15630 799c 4208     		.short	2114
 15631 799e 2944     		.short	17449
 15632 79a0 2966     		.short	26153
 15633 79a2 18E4     		.short	-7144
 15634 79a4 1082     		.short	-32240
 15635 79a6 20E3     		.short	-7392
 15636 79a8 3185     		.short	-31439
 15637 79aa 4A48     		.short	18506
 15638 79ac 4A47     		.short	18250
 15639 79ae 4226     		.short	9794
 15640 79b0 18E2     		.short	-7656
 15641 79b2 20E3     		.short	-7392
 15642 79b4 39C6     		.short	-14791
 15643 79b6 4A07     		.short	1866
 15644 79b8 5248     		.short	18514
 15645 79ba 39C6     		.short	-14791
 15646 79bc 3185     		.short	-31439
 15647 79be 4227     		.short	10050
 15648 79c0 5248     		.short	18514
 15649 79c2 4A27     		.short	10058
 15650 79c4 41A5     		.short	-23231
 15651 79c6 2903     		.short	809
 15652 79c8 18A1     		.short	-24296
 15653 79ca 3123     		.short	9009
 15654 79cc 41E6     		.short	-6591
 15655 79ce 4A07     		.short	1866
 15656 79d0 5227     		.short	10066
 15657 79d2 4A27     		.short	10058
 15658 79d4 4A07     		.short	1866
 15659 79d6 39A5     		.short	-23239
 15660 79d8 3143     		.short	17201
 15661 79da 3985     		.short	-31431
 15662 79dc 4A07     		.short	1866
 15663 79de 5248     		.short	18514
 15664 79e0 4A27     		.short	10058
 15665 79e2 4A47     		.short	18250
 15666 79e4 41E6     		.short	-6591
 15667 79e6 3164     		.short	25649
 15668 79e8 39A6     		.short	-22983
 15669 79ea 1060     		.short	24592
 15670 79ec 1060     		.short	24592
 15671 79ee 1060     		.short	24592
 15672 79f0 1882     		.short	-32232
 15673 79f2 1061     		.short	24848
 15674 79f4 20A2     		.short	-24032
 15675 79f6 3145     		.short	17713
 15676 79f8 5269     		.short	26962
 15677 79fa 732D     		.short	11635
 15678 79fc 8C10     		.short	4236
 15679 79fe 0000     		.short	0
 15680 7a00 0020     		.short	8192
 15681 7a02 9CF4     		.short	-2916
 15682 7a04 8C92     		.short	-28020
 15683 7a06 6B4D     		.short	19819
 15684 7a08 630C     		.short	3171
 15685 7a0a 5ACB     		.short	-13478
ARM GAS  /tmp/ccXeXMPx.s 			page 276


 15686 7a0c 4208     		.short	2114
 15687 7a0e 4228     		.short	10306
 15688 7a10 4208     		.short	2114
 15689 7a12 4208     		.short	2114
 15690 7a14 4208     		.short	2114
 15691 7a16 4208     		.short	2114
 15692 7a18 4208     		.short	2114
 15693 7a1a 4208     		.short	2114
 15694 7a1c 4208     		.short	2114
 15695 7a1e 4208     		.short	2114
 15696 7a20 4208     		.short	2114
 15697 7a22 4228     		.short	10306
 15698 7a24 4A69     		.short	26954
 15699 7a26 52AA     		.short	-21934
 15700 7a28 52AA     		.short	-21934
 15701 7a2a 52AA     		.short	-21934
 15702 7a2c 52AA     		.short	-21934
 15703 7a2e 52AA     		.short	-21934
 15704 7a30 5ACB     		.short	-13478
 15705 7a32 4208     		.short	2114
 15706 7a34 31A6     		.short	-22991
 15707 7a36 39E7     		.short	-6343
 15708 7a38 4208     		.short	2114
 15709 7a3a 4A49     		.short	18762
 15710 7a3c 528A     		.short	-30126
 15711 7a3e 52AA     		.short	-21934
 15712 7a40 52AA     		.short	-21934
 15713 7a42 52AA     		.short	-21934
 15714 7a44 39E8     		.short	-6087
 15715 7a46 2125     		.short	9505
 15716 7a48 3186     		.short	-31183
 15717 7a4a 39E7     		.short	-6343
 15718 7a4c 3184     		.short	-31695
 15719 7a4e 4226     		.short	9794
 15720 7a50 2165     		.short	25889
 15721 7a52 39E7     		.short	-6343
 15722 7a54 4208     		.short	2114
 15723 7a56 5ACA     		.short	-13734
 15724 7a58 4A69     		.short	26954
 15725 7a5a 4207     		.short	1858
 15726 7a5c 3144     		.short	17457
 15727 7a5e 3144     		.short	17457
 15728 7a60 39E7     		.short	-6343
 15729 7a62 4207     		.short	1858
 15730 7a64 4208     		.short	2114
 15731 7a66 4228     		.short	10306
 15732 7a68 4A49     		.short	18762
 15733 7a6a 39C7     		.short	-14535
 15734 7a6c 31A6     		.short	-22991
 15735 7a6e 4228     		.short	10306
 15736 7a70 4208     		.short	2114
 15737 7a72 4208     		.short	2114
 15738 7a74 4208     		.short	2114
 15739 7a76 4208     		.short	2114
 15740 7a78 3A08     		.short	2106
 15741 7a7a 3A08     		.short	2106
 15742 7a7c 4208     		.short	2114
ARM GAS  /tmp/ccXeXMPx.s 			page 277


 15743 7a7e 4208     		.short	2114
 15744 7a80 4208     		.short	2114
 15745 7a82 39E8     		.short	-6087
 15746 7a84 3A08     		.short	2106
 15747 7a86 4208     		.short	2114
 15748 7a88 4208     		.short	2114
 15749 7a8a 4229     		.short	10562
 15750 7a8c 4A89     		.short	-30390
 15751 7a8e 52AA     		.short	-21934
 15752 7a90 5AAA     		.short	-21926
 15753 7a92 52AA     		.short	-21934
 15754 7a94 52AA     		.short	-21934
 15755 7a96 52AA     		.short	-21934
 15756 7a98 5AAA     		.short	-21926
 15757 7a9a 5ACB     		.short	-13478
 15758 7a9c 4A69     		.short	26954
 15759 7a9e 3186     		.short	-31183
 15760 7aa0 31A7     		.short	-22735
 15761 7aa2 2104     		.short	1057
 15762 7aa4 18A3     		.short	-23784
 15763 7aa6 3986     		.short	-31175
 15764 7aa8 41C6     		.short	-14783
 15765 7aaa 5269     		.short	26962
 15766 7aac 5289     		.short	-30382
 15767 7aae 5AA9     		.short	-22182
 15768 7ab0 39C6     		.short	-14791
 15769 7ab2 3184     		.short	-31695
 15770 7ab4 4A07     		.short	1866
 15771 7ab6 5228     		.short	10322
 15772 7ab8 5A89     		.short	-30374
 15773 7aba 5A89     		.short	-30374
 15774 7abc 4206     		.short	1602
 15775 7abe 41E6     		.short	-6591
 15776 7ac0 5268     		.short	26706
 15777 7ac2 5A88     		.short	-30630
 15778 7ac4 5A88     		.short	-30630
 15779 7ac6 4A07     		.short	1866
 15780 7ac8 3144     		.short	17457
 15781 7aca 3143     		.short	17201
 15782 7acc 41A5     		.short	-23231
 15783 7ace 4A07     		.short	1866
 15784 7ad0 5A89     		.short	-30374
 15785 7ad2 5A68     		.short	26714
 15786 7ad4 5A89     		.short	-30374
 15787 7ad6 5248     		.short	18514
 15788 7ad8 41C5     		.short	-15039
 15789 7ada 3985     		.short	-31431
 15790 7adc 4A07     		.short	1866
 15791 7ade 5268     		.short	26706
 15792 7ae0 5268     		.short	26706
 15793 7ae2 5268     		.short	26706
 15794 7ae4 5A89     		.short	-30374
 15795 7ae6 3985     		.short	-31431
 15796 7ae8 4A28     		.short	10314
 15797 7aea 20E3     		.short	-7392
 15798 7aec 20C2     		.short	-15840
 15799 7aee 18A2     		.short	-24040
ARM GAS  /tmp/ccXeXMPx.s 			page 278


 15800 7af0 20E3     		.short	-7392
 15801 7af2 20E3     		.short	-7392
 15802 7af4 3986     		.short	-31175
 15803 7af6 41C7     		.short	-14527
 15804 7af8 5A8A     		.short	-30118
 15805 7afa 7B8E     		.short	-29061
 15806 7afc 8C51     		.short	20876
 15807 7afe 0841     		.short	16648
 15808 7b00 0000     		.short	0
 15809 7b02 9CF4     		.short	-2916
 15810 7b04 94B3     		.short	-19564
 15811 7b06 7BCF     		.short	-12421
 15812 7b08 6B6D     		.short	28011
 15813 7b0a 630C     		.short	3171
 15814 7b0c 52AA     		.short	-21934
 15815 7b0e 528A     		.short	-30126
 15816 7b10 528A     		.short	-30126
 15817 7b12 528A     		.short	-30126
 15818 7b14 528A     		.short	-30126
 15819 7b16 528A     		.short	-30126
 15820 7b18 528A     		.short	-30126
 15821 7b1a 528A     		.short	-30126
 15822 7b1c 528A     		.short	-30126
 15823 7b1e 528A     		.short	-30126
 15824 7b20 528A     		.short	-30126
 15825 7b22 528A     		.short	-30126
 15826 7b24 52AA     		.short	-21934
 15827 7b26 5AEB     		.short	-5286
 15828 7b28 632C     		.short	11363
 15829 7b2a 632C     		.short	11363
 15830 7b2c 630C     		.short	3171
 15831 7b2e 630C     		.short	3171
 15832 7b30 632C     		.short	11363
 15833 7b32 5ACB     		.short	-13478
 15834 7b34 4A69     		.short	26954
 15835 7b36 4A49     		.short	18762
 15836 7b38 4A69     		.short	26954
 15837 7b3a 528A     		.short	-30126
 15838 7b3c 5ACB     		.short	-13478
 15839 7b3e 5ACB     		.short	-13478
 15840 7b40 630B     		.short	2915
 15841 7b42 634D     		.short	19811
 15842 7b44 5AEB     		.short	-5286
 15843 7b46 4208     		.short	2114
 15844 7b48 4208     		.short	2114
 15845 7b4a 4A69     		.short	26954
 15846 7b4c 4A48     		.short	18506
 15847 7b4e 4A47     		.short	18250
 15848 7b50 4228     		.short	10306
 15849 7b52 52AA     		.short	-21934
 15850 7b54 52AA     		.short	-21934
 15851 7b56 630C     		.short	3171
 15852 7b58 5AEC     		.short	-5030
 15853 7b5a 5AEB     		.short	-5286
 15854 7b5c 4A49     		.short	18762
 15855 7b5e 4A29     		.short	10570
 15856 7b60 528A     		.short	-30126
ARM GAS  /tmp/ccXeXMPx.s 			page 279


 15857 7b62 528A     		.short	-30126
 15858 7b64 4A49     		.short	18762
 15859 7b66 4A69     		.short	26954
 15860 7b68 5ACA     		.short	-13734
 15861 7b6a 528A     		.short	-30126
 15862 7b6c 4A48     		.short	18506
 15863 7b6e 4A68     		.short	26698
 15864 7b70 528A     		.short	-30126
 15865 7b72 528A     		.short	-30126
 15866 7b74 528A     		.short	-30126
 15867 7b76 528A     		.short	-30126
 15868 7b78 528A     		.short	-30126
 15869 7b7a 4A8A     		.short	-30134
 15870 7b7c 528A     		.short	-30126
 15871 7b7e 528A     		.short	-30126
 15872 7b80 528A     		.short	-30126
 15873 7b82 4A8A     		.short	-30134
 15874 7b84 528A     		.short	-30126
 15875 7b86 528A     		.short	-30126
 15876 7b88 4A8A     		.short	-30134
 15877 7b8a 4A8A     		.short	-30134
 15878 7b8c 5ACB     		.short	-13478
 15879 7b8e 632C     		.short	11363
 15880 7b90 630B     		.short	2915
 15881 7b92 630B     		.short	2915
 15882 7b94 630B     		.short	2915
 15883 7b96 630B     		.short	2915
 15884 7b98 630B     		.short	2915
 15885 7b9a 5AEB     		.short	-5286
 15886 7b9c 5269     		.short	26962
 15887 7b9e 39E7     		.short	-6343
 15888 7ba0 31A7     		.short	-22735
 15889 7ba2 2945     		.short	17705
 15890 7ba4 3145     		.short	17713
 15891 7ba6 5249     		.short	18770
 15892 7ba8 49E7     		.short	-6327
 15893 7baa 62AA     		.short	-21918
 15894 7bac 62CA     		.short	-13726
 15895 7bae 630A     		.short	2659
 15896 7bb0 62EA     		.short	-5534
 15897 7bb2 41E6     		.short	-6591
 15898 7bb4 5248     		.short	18514
 15899 7bb6 6289     		.short	-30366
 15900 7bb8 5A89     		.short	-30374
 15901 7bba 6AEA     		.short	-5526
 15902 7bbc 62CA     		.short	-13726
 15903 7bbe 4A27     		.short	10058
 15904 7bc0 5268     		.short	26706
 15905 7bc2 5A89     		.short	-30374
 15906 7bc4 6B0B     		.short	2923
 15907 7bc6 6B2B     		.short	11115
 15908 7bc8 5ACA     		.short	-13734
 15909 7bca 5248     		.short	18514
 15910 7bcc 4A27     		.short	10058
 15911 7bce 4A27     		.short	10058
 15912 7bd0 5AA9     		.short	-22182
 15913 7bd2 62EA     		.short	-5534
ARM GAS  /tmp/ccXeXMPx.s 			page 280


 15914 7bd4 630B     		.short	2915
 15915 7bd6 630B     		.short	2915
 15916 7bd8 62CA     		.short	-13726
 15917 7bda 5268     		.short	26706
 15918 7bdc 5248     		.short	18514
 15919 7bde 5ACA     		.short	-13734
 15920 7be0 5ACA     		.short	-13734
 15921 7be2 62EA     		.short	-5534
 15922 7be4 630B     		.short	2915
 15923 7be6 4A28     		.short	10314
 15924 7be8 5AAA     		.short	-21926
 15925 7bea 4207     		.short	1858
 15926 7bec 3165     		.short	25905
 15927 7bee 3165     		.short	25905
 15928 7bf0 3145     		.short	17713
 15929 7bf2 3165     		.short	25905
 15930 7bf4 41E7     		.short	-6335
 15931 7bf6 5249     		.short	18770
 15932 7bf8 62EB     		.short	-5278
 15933 7bfa 83CF     		.short	-12413
 15934 7bfc 9492     		.short	-28012
 15935 7bfe 0000     		.short	0
 15936 7c00 0862     		.short	25096
 15937 7c02 AD76     		.short	30381
 15938 7c04 94B3     		.short	-19564
 15939 7c06 8C71     		.short	29068
 15940 7c08 8430     		.short	12420
 15941 7c0a 6B6D     		.short	28011
 15942 7c0c 6B4D     		.short	19819
 15943 7c0e 6B4D     		.short	19819
 15944 7c10 632D     		.short	11619
 15945 7c12 632D     		.short	11619
 15946 7c14 632D     		.short	11619
 15947 7c16 632D     		.short	11619
 15948 7c18 632D     		.short	11619
 15949 7c1a 632D     		.short	11619
 15950 7c1c 632D     		.short	11619
 15951 7c1e 632D     		.short	11619
 15952 7c20 6B4D     		.short	19819
 15953 7c22 632C     		.short	11363
 15954 7c24 632C     		.short	11363
 15955 7c26 6B6D     		.short	28011
 15956 7c28 73AE     		.short	-20877
 15957 7c2a 73AE     		.short	-20877
 15958 7c2c 73AE     		.short	-20877
 15959 7c2e 73AE     		.short	-20877
 15960 7c30 73AE     		.short	-20877
 15961 7c32 73AE     		.short	-20877
 15962 7c34 6B6D     		.short	28011
 15963 7c36 630C     		.short	3171
 15964 7c38 630C     		.short	3171
 15965 7c3a 632C     		.short	11363
 15966 7c3c 632C     		.short	11363
 15967 7c3e 632C     		.short	11363
 15968 7c40 6B8D     		.short	-29333
 15969 7c42 73AE     		.short	-20877
 15970 7c44 738E     		.short	-29069
ARM GAS  /tmp/ccXeXMPx.s 			page 281


 15971 7c46 632C     		.short	11363
 15972 7c48 5ACB     		.short	-13478
 15973 7c4a 5AEB     		.short	-5286
 15974 7c4c 632C     		.short	11363
 15975 7c4e 52AA     		.short	-21934
 15976 7c50 4A69     		.short	26954
 15977 7c52 5B0C     		.short	3163
 15978 7c54 630C     		.short	3171
 15979 7c56 738E     		.short	-29069
 15980 7c58 73AF     		.short	-20621
 15981 7c5a 7BF0     		.short	-3973
 15982 7c5c 738F     		.short	-28813
 15983 7c5e 6B2D     		.short	11627
 15984 7c60 5ACB     		.short	-13478
 15985 7c62 5AEC     		.short	-5030
 15986 7c64 632D     		.short	11619
 15987 7c66 6B4D     		.short	19819
 15988 7c68 738E     		.short	-29069
 15989 7c6a 6B6D     		.short	28011
 15990 7c6c 632B     		.short	11107
 15991 7c6e 52CA     		.short	-13742
 15992 7c70 632C     		.short	11363
 15993 7c72 632C     		.short	11363
 15994 7c74 632D     		.short	11619
 15995 7c76 632D     		.short	11619
 15996 7c78 632C     		.short	11363
 15997 7c7a 632C     		.short	11363
 15998 7c7c 632D     		.short	11619
 15999 7c7e 632D     		.short	11619
 16000 7c80 632D     		.short	11619
 16001 7c82 632D     		.short	11619
 16002 7c84 632D     		.short	11619
 16003 7c86 634D     		.short	19811
 16004 7c88 632C     		.short	11363
 16005 7c8a 630C     		.short	3171
 16006 7c8c 6B4D     		.short	19819
 16007 7c8e 73AE     		.short	-20877
 16008 7c90 73AE     		.short	-20877
 16009 7c92 7BCE     		.short	-12677
 16010 7c94 7BCE     		.short	-12677
 16011 7c96 7BCE     		.short	-12677
 16012 7c98 738E     		.short	-29069
 16013 7c9a 6B4C     		.short	19563
 16014 7c9c 5AEB     		.short	-5286
 16015 7c9e 52AA     		.short	-21934
 16016 7ca0 528A     		.short	-30126
 16017 7ca2 4A49     		.short	18762
 16018 7ca4 4A08     		.short	2122
 16019 7ca6 6AEC     		.short	-5014
 16020 7ca8 62AA     		.short	-21918
 16021 7caa 7B8E     		.short	-29061
 16022 7cac 7BAD     		.short	-21125
 16023 7cae 736D     		.short	28019
 16024 7cb0 7BCE     		.short	-12677
 16025 7cb2 62EA     		.short	-5534
 16026 7cb4 62CA     		.short	-13726
 16027 7cb6 732B     		.short	11123
ARM GAS  /tmp/ccXeXMPx.s 			page 282


 16028 7cb8 6B0B     		.short	2923
 16029 7cba 736C     		.short	27763
 16030 7cbc 7BCE     		.short	-12677
 16031 7cbe 6B2B     		.short	11115
 16032 7cc0 62CA     		.short	-13726
 16033 7cc2 630B     		.short	2915
 16034 7cc4 736C     		.short	27763
 16035 7cc6 7BAD     		.short	-21125
 16036 7cc8 7BAD     		.short	-21125
 16037 7cca 7B8D     		.short	-29317
 16038 7ccc 734C     		.short	19571
 16039 7cce 62EA     		.short	-5534
 16040 7cd0 6B0B     		.short	2923
 16041 7cd2 734C     		.short	19571
 16042 7cd4 736D     		.short	28019
 16043 7cd6 7B8D     		.short	-29317
 16044 7cd8 7BAE     		.short	-20869
 16045 7cda 736D     		.short	28019
 16046 7cdc 6B4C     		.short	19563
 16047 7cde 738D     		.short	-29325
 16048 7ce0 738D     		.short	-29325
 16049 7ce2 7BCE     		.short	-12677
 16050 7ce4 738D     		.short	-29325
 16051 7ce6 6B2C     		.short	11371
 16052 7ce8 632B     		.short	11107
 16053 7cea 6B2C     		.short	11371
 16054 7cec 4208     		.short	2114
 16055 7cee 4A28     		.short	10314
 16056 7cf0 4A28     		.short	10314
 16057 7cf2 5249     		.short	18770
 16058 7cf4 5269     		.short	26962
 16059 7cf6 6B2C     		.short	11371
 16060 7cf8 738E     		.short	-29069
 16061 7cfa 8C30     		.short	12428
 16062 7cfc AD34     		.short	13485
 16063 7cfe 0820     		.short	8200
 16064 7d00 0000     		.short	0
 16065 7d02 B596     		.short	-26955
 16066 7d04 A555     		.short	21925
 16067 7d06 9CD3     		.short	-11364
 16068 7d08 94B3     		.short	-19564
 16069 7d0a 8431     		.short	12676
 16070 7d0c 8431     		.short	12676
 16071 7d0e 7BEF     		.short	-4229
 16072 7d10 7BEF     		.short	-4229
 16073 7d12 7BEF     		.short	-4229
 16074 7d14 7BEF     		.short	-4229
 16075 7d16 7BEF     		.short	-4229
 16076 7d18 7BEF     		.short	-4229
 16077 7d1a 7BEF     		.short	-4229
 16078 7d1c 7BEF     		.short	-4229
 16079 7d1e 7BEF     		.short	-4229
 16080 7d20 8410     		.short	4228
 16081 7d22 7BF0     		.short	-3973
 16082 7d24 7BEF     		.short	-4229
 16083 7d26 8410     		.short	4228
 16084 7d28 8430     		.short	12420
ARM GAS  /tmp/ccXeXMPx.s 			page 283


 16085 7d2a 8C51     		.short	20876
 16086 7d2c 8C51     		.short	20876
 16087 7d2e 8C51     		.short	20876
 16088 7d30 8C51     		.short	20876
 16089 7d32 8C71     		.short	29068
 16090 7d34 8C51     		.short	20876
 16091 7d36 7BEF     		.short	-4229
 16092 7d38 73AE     		.short	-20877
 16093 7d3a 7BCF     		.short	-12421
 16094 7d3c 7BEF     		.short	-4229
 16095 7d3e 7BEF     		.short	-4229
 16096 7d40 7C0F     		.short	3964
 16097 7d42 8410     		.short	4228
 16098 7d44 8430     		.short	12420
 16099 7d46 8410     		.short	4228
 16100 7d48 73AE     		.short	-20877
 16101 7d4a 736E     		.short	28275
 16102 7d4c 83EF     		.short	-4221
 16103 7d4e 6B4D     		.short	19819
 16104 7d50 73AE     		.short	-20877
 16105 7d52 7BF0     		.short	-3973
 16106 7d54 7BCF     		.short	-12421
 16107 7d56 8410     		.short	4228
 16108 7d58 8451     		.short	20868
 16109 7d5a 8C72     		.short	29324
 16110 7d5c 8C51     		.short	20876
 16111 7d5e 8431     		.short	12676
 16112 7d60 83F0     		.short	-3965
 16113 7d62 7BCF     		.short	-12421
 16114 7d64 7BCF     		.short	-12421
 16115 7d66 7BCF     		.short	-12421
 16116 7d68 7BEF     		.short	-4229
 16117 7d6a 8C50     		.short	20620
 16118 7d6c 8C50     		.short	20620
 16119 7d6e 7BCE     		.short	-12677
 16120 7d70 7BCF     		.short	-12421
 16121 7d72 7BEF     		.short	-4229
 16122 7d74 7BEF     		.short	-4229
 16123 7d76 7BEF     		.short	-4229
 16124 7d78 7BEF     		.short	-4229
 16125 7d7a 7BEF     		.short	-4229
 16126 7d7c 7BF0     		.short	-3973
 16127 7d7e 7BF0     		.short	-3973
 16128 7d80 7BF0     		.short	-3973
 16129 7d82 7BF0     		.short	-3973
 16130 7d84 7BF0     		.short	-3973
 16131 7d86 7BF0     		.short	-3973
 16132 7d88 7BF0     		.short	-3973
 16133 7d8a 7BCF     		.short	-12421
 16134 7d8c 7BEF     		.short	-4229
 16135 7d8e 8451     		.short	20868
 16136 7d90 8C71     		.short	29068
 16137 7d92 8C51     		.short	20876
 16138 7d94 8C50     		.short	20620
 16139 7d96 8430     		.short	12420
 16140 7d98 83EF     		.short	-4221
 16141 7d9a 7BCF     		.short	-12421
ARM GAS  /tmp/ccXeXMPx.s 			page 284


 16142 7d9c 7BEF     		.short	-4229
 16143 7d9e 840F     		.short	3972
 16144 7da0 8430     		.short	12420
 16145 7da2 7BCF     		.short	-12421
 16146 7da4 736D     		.short	28019
 16147 7da6 83CE     		.short	-12669
 16148 7da8 734D     		.short	19827
 16149 7daa 83EF     		.short	-4221
 16150 7dac 840F     		.short	3972
 16151 7dae 8C30     		.short	12428
 16152 7db0 8C70     		.short	28812
 16153 7db2 840F     		.short	3972
 16154 7db4 738D     		.short	-29325
 16155 7db6 83CE     		.short	-12669
 16156 7db8 83CE     		.short	-12669
 16157 7dba 83EF     		.short	-4221
 16158 7dbc 8C50     		.short	20620
 16159 7dbe 8C50     		.short	20620
 16160 7dc0 83EF     		.short	-4221
 16161 7dc2 7BCE     		.short	-12677
 16162 7dc4 7BCE     		.short	-12677
 16163 7dc6 840F     		.short	3972
 16164 7dc8 8C30     		.short	12428
 16165 7dca 8C50     		.short	20620
 16166 7dcc 8C50     		.short	20620
 16167 7dce 840F     		.short	3972
 16168 7dd0 842F     		.short	12164
 16169 7dd2 840F     		.short	3972
 16170 7dd4 8C50     		.short	20620
 16171 7dd6 8C50     		.short	20620
 16172 7dd8 842F     		.short	12164
 16173 7dda 8C30     		.short	12428
 16174 7ddc 8C50     		.short	20620
 16175 7dde 8C30     		.short	12428
 16176 7de0 8C2F     		.short	12172
 16177 7de2 8C70     		.short	28812
 16178 7de4 840F     		.short	3972
 16179 7de6 840F     		.short	3972
 16180 7de8 738D     		.short	-29325
 16181 7dea 840F     		.short	3972
 16182 7dec 62EB     		.short	-5278
 16183 7dee 630B     		.short	2915
 16184 7df0 62EB     		.short	-5278
 16185 7df2 736D     		.short	28019
 16186 7df4 736D     		.short	28019
 16187 7df6 8410     		.short	4228
 16188 7df8 9451     		.short	20884
 16189 7dfa 9CD3     		.short	-11364
 16190 7dfc AD34     		.short	13485
 16191 7dfe 0000     		.short	0
 16192 7e00 0882     		.short	-32248
 16193 7e02 A535     		.short	13733
 16194 7e04 B5B6     		.short	-18763
 16195 7e06 AD76     		.short	30381
 16196 7e08 9CF4     		.short	-2916
 16197 7e0a 9CF4     		.short	-2916
 16198 7e0c 9CF3     		.short	-3172
ARM GAS  /tmp/ccXeXMPx.s 			page 285


 16199 7e0e 9492     		.short	-28012
 16200 7e10 94D3     		.short	-11372
 16201 7e12 94D3     		.short	-11372
 16202 7e14 94D3     		.short	-11372
 16203 7e16 94D3     		.short	-11372
 16204 7e18 94D3     		.short	-11372
 16205 7e1a 94D3     		.short	-11372
 16206 7e1c 94D3     		.short	-11372
 16207 7e1e 94D3     		.short	-11372
 16208 7e20 9CD3     		.short	-11364
 16209 7e22 9CD3     		.short	-11364
 16210 7e24 9CD3     		.short	-11364
 16211 7e26 9CD3     		.short	-11364
 16212 7e28 9CF3     		.short	-3172
 16213 7e2a 9CF3     		.short	-3172
 16214 7e2c A513     		.short	5029
 16215 7e2e 9CF3     		.short	-3172
 16216 7e30 A514     		.short	5285
 16217 7e32 A514     		.short	5285
 16218 7e34 A514     		.short	5285
 16219 7e36 9CF3     		.short	-3172
 16220 7e38 94B2     		.short	-19820
 16221 7e3a 94B2     		.short	-19820
 16222 7e3c 9CD3     		.short	-11364
 16223 7e3e 9CD3     		.short	-11364
 16224 7e40 9CD3     		.short	-11364
 16225 7e42 94D3     		.short	-11372
 16226 7e44 9CF3     		.short	-3172
 16227 7e46 9CF3     		.short	-3172
 16228 7e48 9CD2     		.short	-11620
 16229 7e4a 9472     		.short	29332
 16230 7e4c 9CD3     		.short	-11364
 16231 7e4e 9472     		.short	29332
 16232 7e50 9492     		.short	-28012
 16233 7e52 9CB3     		.short	-19556
 16234 7e54 9492     		.short	-28012
 16235 7e56 9CD3     		.short	-11364
 16236 7e58 9CF3     		.short	-3172
 16237 7e5a 9CF3     		.short	-3172
 16238 7e5c 9CF3     		.short	-3172
 16239 7e5e 9CF3     		.short	-3172
 16240 7e60 A514     		.short	5285
 16241 7e62 9CF4     		.short	-2916
 16242 7e64 9CF3     		.short	-3172
 16243 7e66 94B3     		.short	-19564
 16244 7e68 94B2     		.short	-19820
 16245 7e6a 9CD3     		.short	-11364
 16246 7e6c 9CF4     		.short	-2916
 16247 7e6e 9CD3     		.short	-11364
 16248 7e70 94D2     		.short	-11628
 16249 7e72 94D3     		.short	-11372
 16250 7e74 9CD3     		.short	-11364
 16251 7e76 9CD3     		.short	-11364
 16252 7e78 9CD3     		.short	-11364
 16253 7e7a 9CD3     		.short	-11364
 16254 7e7c 9CD3     		.short	-11364
 16255 7e7e 9CF3     		.short	-3172
ARM GAS  /tmp/ccXeXMPx.s 			page 286


 16256 7e80 94D3     		.short	-11372
 16257 7e82 9CD3     		.short	-11364
 16258 7e84 9CD3     		.short	-11364
 16259 7e86 9CD3     		.short	-11364
 16260 7e88 9CD3     		.short	-11364
 16261 7e8a 9CD3     		.short	-11364
 16262 7e8c 9CD3     		.short	-11364
 16263 7e8e 9CF3     		.short	-3172
 16264 7e90 9CD2     		.short	-11620
 16265 7e92 94B2     		.short	-19820
 16266 7e94 9492     		.short	-28012
 16267 7e96 9491     		.short	-28268
 16268 7e98 8C71     		.short	29068
 16269 7e9a 9491     		.short	-28268
 16270 7e9c 9CD2     		.short	-11620
 16271 7e9e A4F3     		.short	-3164
 16272 7ea0 9D33     		.short	13213
 16273 7ea2 9D13     		.short	5021
 16274 7ea4 9CD2     		.short	-11620
 16275 7ea6 9CB2     		.short	-19812
 16276 7ea8 9471     		.short	29076
 16277 7eaa 9471     		.short	29076
 16278 7eac 94B2     		.short	-19820
 16279 7eae A513     		.short	5029
 16280 7eb0 9CF3     		.short	-3172
 16281 7eb2 9CF3     		.short	-3172
 16282 7eb4 9491     		.short	-28268
 16283 7eb6 9CB2     		.short	-19812
 16284 7eb8 9CB2     		.short	-19812
 16285 7eba 9CB2     		.short	-19812
 16286 7ebc 9CD2     		.short	-11620
 16287 7ebe A513     		.short	5029
 16288 7ec0 A513     		.short	5029
 16289 7ec2 9491     		.short	-28268
 16290 7ec4 94B2     		.short	-19820
 16291 7ec6 9CF3     		.short	-3172
 16292 7ec8 9CF3     		.short	-3172
 16293 7eca 9CF3     		.short	-3172
 16294 7ecc A4F3     		.short	-3164
 16295 7ece A513     		.short	5029
 16296 7ed0 A513     		.short	5029
 16297 7ed2 9CF3     		.short	-3172
 16298 7ed4 A513     		.short	5029
 16299 7ed6 A513     		.short	5029
 16300 7ed8 9CD2     		.short	-11620
 16301 7eda 9CD2     		.short	-11620
 16302 7edc 9CF3     		.short	-3172
 16303 7ede 9CD2     		.short	-11620
 16304 7ee0 9CF3     		.short	-3172
 16305 7ee2 9CF3     		.short	-3172
 16306 7ee4 9CF3     		.short	-3172
 16307 7ee6 9CD2     		.short	-11620
 16308 7ee8 9491     		.short	-28268
 16309 7eea 9CF3     		.short	-3172
 16310 7eec 8C30     		.short	12428
 16311 7eee 8C50     		.short	20620
 16312 7ef0 83EF     		.short	-4221
ARM GAS  /tmp/ccXeXMPx.s 			page 287


 16313 7ef2 8C51     		.short	20876
 16314 7ef4 8C51     		.short	20876
 16315 7ef6 9C92     		.short	-28004
 16316 7ef8 AD34     		.short	13485
 16317 7efa AD34     		.short	13485
 16318 7efc 9CB2     		.short	-19812
 16319 7efe 1082     		.short	-32240
 16320 7f00 0000     		.short	0
 16321 7f02 0862     		.short	25096
 16322 7f04 0000     		.short	0
 16323 7f06 0841     		.short	16648
 16324 7f08 0000     		.short	0
 16325 7f0a 0021     		.short	8448
 16326 7f0c 0000     		.short	0
 16327 7f0e 0000     		.short	0
 16328 7f10 0000     		.short	0
 16329 7f12 0000     		.short	0
 16330 7f14 0000     		.short	0
 16331 7f16 0000     		.short	0
 16332 7f18 0000     		.short	0
 16333 7f1a 0000     		.short	0
 16334 7f1c 0000     		.short	0
 16335 7f1e 0000     		.short	0
 16336 7f20 0000     		.short	0
 16337 7f22 0000     		.short	0
 16338 7f24 0000     		.short	0
 16339 7f26 0000     		.short	0
 16340 7f28 0000     		.short	0
 16341 7f2a 0000     		.short	0
 16342 7f2c 0000     		.short	0
 16343 7f2e 0000     		.short	0
 16344 7f30 0020     		.short	8192
 16345 7f32 0000     		.short	0
 16346 7f34 0000     		.short	0
 16347 7f36 0020     		.short	8192
 16348 7f38 0000     		.short	0
 16349 7f3a 0000     		.short	0
 16350 7f3c 0000     		.short	0
 16351 7f3e 0000     		.short	0
 16352 7f40 0000     		.short	0
 16353 7f42 0000     		.short	0
 16354 7f44 0020     		.short	8192
 16355 7f46 0000     		.short	0
 16356 7f48 0020     		.short	8192
 16357 7f4a 0000     		.short	0
 16358 7f4c 0000     		.short	0
 16359 7f4e 0000     		.short	0
 16360 7f50 0000     		.short	0
 16361 7f52 0000     		.short	0
 16362 7f54 0000     		.short	0
 16363 7f56 0020     		.short	8192
 16364 7f58 0020     		.short	8192
 16365 7f5a 0020     		.short	8192
 16366 7f5c 0000     		.short	0
 16367 7f5e 0020     		.short	8192
 16368 7f60 0000     		.short	0
 16369 7f62 0000     		.short	0
ARM GAS  /tmp/ccXeXMPx.s 			page 288


 16370 7f64 0000     		.short	0
 16371 7f66 0000     		.short	0
 16372 7f68 0020     		.short	8192
 16373 7f6a 0000     		.short	0
 16374 7f6c 0000     		.short	0
 16375 7f6e 0000     		.short	0
 16376 7f70 0000     		.short	0
 16377 7f72 0000     		.short	0
 16378 7f74 0000     		.short	0
 16379 7f76 0000     		.short	0
 16380 7f78 0000     		.short	0
 16381 7f7a 0000     		.short	0
 16382 7f7c 0000     		.short	0
 16383 7f7e 0000     		.short	0
 16384 7f80 0000     		.short	0
 16385 7f82 0000     		.short	0
 16386 7f84 0000     		.short	0
 16387 7f86 0000     		.short	0
 16388 7f88 0000     		.short	0
 16389 7f8a 0000     		.short	0
 16390 7f8c 0000     		.short	0
 16391 7f8e 0000     		.short	0
 16392 7f90 0000     		.short	0
 16393 7f92 0000     		.short	0
 16394 7f94 0000     		.short	0
 16395 7f96 0000     		.short	0
 16396 7f98 0000     		.short	0
 16397 7f9a 0000     		.short	0
 16398 7f9c 0020     		.short	8192
 16399 7f9e 0000     		.short	0
 16400 7fa0 0020     		.short	8192
 16401 7fa2 0020     		.short	8192
 16402 7fa4 0000     		.short	0
 16403 7fa6 0000     		.short	0
 16404 7fa8 0820     		.short	8200
 16405 7faa 0000     		.short	0
 16406 7fac 0000     		.short	0
 16407 7fae 0020     		.short	8192
 16408 7fb0 0020     		.short	8192
 16409 7fb2 0000     		.short	0
 16410 7fb4 0000     		.short	0
 16411 7fb6 0820     		.short	8200
 16412 7fb8 0000     		.short	0
 16413 7fba 0000     		.short	0
 16414 7fbc 0000     		.short	0
 16415 7fbe 0020     		.short	8192
 16416 7fc0 0000     		.short	0
 16417 7fc2 0000     		.short	0
 16418 7fc4 0000     		.short	0
 16419 7fc6 0000     		.short	0
 16420 7fc8 0000     		.short	0
 16421 7fca 0000     		.short	0
 16422 7fcc 0020     		.short	8192
 16423 7fce 0000     		.short	0
 16424 7fd0 0000     		.short	0
 16425 7fd2 0000     		.short	0
 16426 7fd4 0000     		.short	0
ARM GAS  /tmp/ccXeXMPx.s 			page 289


 16427 7fd6 0000     		.short	0
 16428 7fd8 0820     		.short	8200
 16429 7fda 0020     		.short	8192
 16430 7fdc 0000     		.short	0
 16431 7fde 0000     		.short	0
 16432 7fe0 0000     		.short	0
 16433 7fe2 0000     		.short	0
 16434 7fe4 0840     		.short	16392
 16435 7fe6 0000     		.short	0
 16436 7fe8 0020     		.short	8192
 16437 7fea 0020     		.short	8192
 16438 7fec 0000     		.short	0
 16439 7fee 0000     		.short	0
 16440 7ff0 0000     		.short	0
 16441 7ff2 0000     		.short	0
 16442 7ff4 0820     		.short	8200
 16443 7ff6 0000     		.short	0
 16444 7ff8 0000     		.short	0
 16445 7ffa 0000     		.short	0
 16446 7ffc 1082     		.short	-32240
 16447 7ffe 0000     		.short	0
 16448              		.section	.rodata.Font16x26,"a"
 16449              		.align	2
 16452              	Font16x26:
 16453 0000 0000     		.short	0
 16454 0002 0000     		.short	0
 16455 0004 0000     		.short	0
 16456 0006 0000     		.short	0
 16457 0008 0000     		.short	0
 16458 000a 0000     		.short	0
 16459 000c 0000     		.short	0
 16460 000e 0000     		.short	0
 16461 0010 0000     		.short	0
 16462 0012 0000     		.short	0
 16463 0014 0000     		.short	0
 16464 0016 0000     		.short	0
 16465 0018 0000     		.short	0
 16466 001a 0000     		.short	0
 16467 001c 0000     		.short	0
 16468 001e 0000     		.short	0
 16469 0020 0000     		.short	0
 16470 0022 0000     		.short	0
 16471 0024 0000     		.short	0
 16472 0026 0000     		.short	0
 16473 0028 0000     		.short	0
 16474 002a 0000     		.short	0
 16475 002c 0000     		.short	0
 16476 002e 0000     		.short	0
 16477 0030 0000     		.short	0
 16478 0032 0000     		.short	0
 16479 0034 E003     		.short	992
 16480 0036 E003     		.short	992
 16481 0038 E003     		.short	992
 16482 003a E003     		.short	992
 16483 003c E003     		.short	992
 16484 003e E003     		.short	992
 16485 0040 E003     		.short	992
ARM GAS  /tmp/ccXeXMPx.s 			page 290


 16486 0042 E003     		.short	992
 16487 0044 C003     		.short	960
 16488 0046 C003     		.short	960
 16489 0048 C001     		.short	448
 16490 004a C001     		.short	448
 16491 004c C001     		.short	448
 16492 004e C001     		.short	448
 16493 0050 C001     		.short	448
 16494 0052 0000     		.short	0
 16495 0054 0000     		.short	0
 16496 0056 0000     		.short	0
 16497 0058 E003     		.short	992
 16498 005a E003     		.short	992
 16499 005c E003     		.short	992
 16500 005e 0000     		.short	0
 16501 0060 0000     		.short	0
 16502 0062 0000     		.short	0
 16503 0064 0000     		.short	0
 16504 0066 0000     		.short	0
 16505 0068 3C1E     		.short	7740
 16506 006a 3C1E     		.short	7740
 16507 006c 3C1E     		.short	7740
 16508 006e 3C1E     		.short	7740
 16509 0070 3C1E     		.short	7740
 16510 0072 3C1E     		.short	7740
 16511 0074 3C1E     		.short	7740
 16512 0076 0000     		.short	0
 16513 0078 0000     		.short	0
 16514 007a 0000     		.short	0
 16515 007c 0000     		.short	0
 16516 007e 0000     		.short	0
 16517 0080 0000     		.short	0
 16518 0082 0000     		.short	0
 16519 0084 0000     		.short	0
 16520 0086 0000     		.short	0
 16521 0088 0000     		.short	0
 16522 008a 0000     		.short	0
 16523 008c 0000     		.short	0
 16524 008e 0000     		.short	0
 16525 0090 0000     		.short	0
 16526 0092 0000     		.short	0
 16527 0094 0000     		.short	0
 16528 0096 0000     		.short	0
 16529 0098 0000     		.short	0
 16530 009a 0000     		.short	0
 16531 009c CE01     		.short	462
 16532 009e CE03     		.short	974
 16533 00a0 DE03     		.short	990
 16534 00a2 9E03     		.short	926
 16535 00a4 9C03     		.short	924
 16536 00a6 9C07     		.short	1948
 16537 00a8 FF3F     		.short	16383
 16538 00aa FF7F     		.short	32767
 16539 00ac 3807     		.short	1848
 16540 00ae 380F     		.short	3896
 16541 00b0 780F     		.short	3960
 16542 00b2 780F     		.short	3960
ARM GAS  /tmp/ccXeXMPx.s 			page 291


 16543 00b4 780E     		.short	3704
 16544 00b6 FFFF     		.short	-1
 16545 00b8 FFFF     		.short	-1
 16546 00ba F01E     		.short	7920
 16547 00bc F01C     		.short	7408
 16548 00be E01C     		.short	7392
 16549 00c0 E03C     		.short	15584
 16550 00c2 E03D     		.short	15840
 16551 00c4 E039     		.short	14816
 16552 00c6 0000     		.short	0
 16553 00c8 0000     		.short	0
 16554 00ca 0000     		.short	0
 16555 00cc 0000     		.short	0
 16556 00ce 0000     		.short	0
 16557 00d0 FC03     		.short	1020
 16558 00d2 FE0F     		.short	4094
 16559 00d4 EE1F     		.short	8174
 16560 00d6 E01E     		.short	7904
 16561 00d8 E01E     		.short	7904
 16562 00da E01E     		.short	7904
 16563 00dc E01E     		.short	7904
 16564 00de E01F     		.short	8160
 16565 00e0 E00F     		.short	4064
 16566 00e2 E007     		.short	2016
 16567 00e4 F003     		.short	1008
 16568 00e6 FC01     		.short	508
 16569 00e8 FE01     		.short	510
 16570 00ea FE01     		.short	510
 16571 00ec FE01     		.short	510
 16572 00ee FE01     		.short	510
 16573 00f0 FE01     		.short	510
 16574 00f2 FE01     		.short	510
 16575 00f4 FE3D     		.short	15870
 16576 00f6 FC3F     		.short	16380
 16577 00f8 F00F     		.short	4080
 16578 00fa E001     		.short	480
 16579 00fc E001     		.short	480
 16580 00fe 0000     		.short	0
 16581 0100 0000     		.short	0
 16582 0102 0000     		.short	0
 16583 0104 033E     		.short	15875
 16584 0106 07F7     		.short	-2297
 16585 0108 8FE7     		.short	-6257
 16586 010a 8EE7     		.short	-6258
 16587 010c 9EE3     		.short	-7266
 16588 010e BCE3     		.short	-7236
 16589 0110 B8E7     		.short	-6216
 16590 0112 F8E7     		.short	-6152
 16591 0114 F0F7     		.short	-2064
 16592 0116 E03F     		.short	16352
 16593 0118 C001     		.short	448
 16594 011a FF03     		.short	1023
 16595 011c FF07     		.short	2047
 16596 011e F307     		.short	2035
 16597 0120 F30F     		.short	4083
 16598 0122 F31E     		.short	7923
 16599 0124 F33C     		.short	15603
ARM GAS  /tmp/ccXeXMPx.s 			page 292


 16600 0126 F338     		.short	14579
 16601 0128 F378     		.short	30963
 16602 012a 7FF0     		.short	-3969
 16603 012c 3FE0     		.short	-8129
 16604 012e 0000     		.short	0
 16605 0130 0000     		.short	0
 16606 0132 0000     		.short	0
 16607 0134 0000     		.short	0
 16608 0136 0000     		.short	0
 16609 0138 E007     		.short	2016
 16610 013a F80F     		.short	4088
 16611 013c 780F     		.short	3960
 16612 013e 781F     		.short	8056
 16613 0140 781F     		.short	8056
 16614 0142 781F     		.short	8056
 16615 0144 780F     		.short	3960
 16616 0146 F00F     		.short	4080
 16617 0148 E00F     		.short	4064
 16618 014a 801F     		.short	8064
 16619 014c C37F     		.short	32707
 16620 014e C3FB     		.short	-1085
 16621 0150 E7F3     		.short	-3097
 16622 0152 F7F1     		.short	-3593
 16623 0154 F7F0     		.short	-3849
 16624 0156 FFF0     		.short	-3841
 16625 0158 7FF0     		.short	-3969
 16626 015a 3EF8     		.short	-1986
 16627 015c 7F7C     		.short	31871
 16628 015e FF3F     		.short	16383
 16629 0160 EF1F     		.short	8175
 16630 0162 0000     		.short	0
 16631 0164 0000     		.short	0
 16632 0166 0000     		.short	0
 16633 0168 0000     		.short	0
 16634 016a 0000     		.short	0
 16635 016c E003     		.short	992
 16636 016e E003     		.short	992
 16637 0170 E003     		.short	992
 16638 0172 E003     		.short	992
 16639 0174 E003     		.short	992
 16640 0176 C003     		.short	960
 16641 0178 C001     		.short	448
 16642 017a 0000     		.short	0
 16643 017c 0000     		.short	0
 16644 017e 0000     		.short	0
 16645 0180 0000     		.short	0
 16646 0182 0000     		.short	0
 16647 0184 0000     		.short	0
 16648 0186 0000     		.short	0
 16649 0188 0000     		.short	0
 16650 018a 0000     		.short	0
 16651 018c 0000     		.short	0
 16652 018e 0000     		.short	0
 16653 0190 0000     		.short	0
 16654 0192 0000     		.short	0
 16655 0194 0000     		.short	0
 16656 0196 0000     		.short	0
ARM GAS  /tmp/ccXeXMPx.s 			page 293


 16657 0198 0000     		.short	0
 16658 019a 0000     		.short	0
 16659 019c 0000     		.short	0
 16660 019e 0000     		.short	0
 16661 01a0 3F00     		.short	63
 16662 01a2 7C00     		.short	124
 16663 01a4 F001     		.short	496
 16664 01a6 E001     		.short	480
 16665 01a8 C003     		.short	960
 16666 01aa C007     		.short	1984
 16667 01ac 8007     		.short	1920
 16668 01ae 8007     		.short	1920
 16669 01b0 800F     		.short	3968
 16670 01b2 000F     		.short	3840
 16671 01b4 000F     		.short	3840
 16672 01b6 000F     		.short	3840
 16673 01b8 000F     		.short	3840
 16674 01ba 000F     		.short	3840
 16675 01bc 000F     		.short	3840
 16676 01be 800F     		.short	3968
 16677 01c0 8007     		.short	1920
 16678 01c2 8007     		.short	1920
 16679 01c4 C007     		.short	1984
 16680 01c6 C003     		.short	960
 16681 01c8 E001     		.short	480
 16682 01ca F001     		.short	496
 16683 01cc 7C00     		.short	124
 16684 01ce 3F00     		.short	63
 16685 01d0 0F00     		.short	15
 16686 01d2 0000     		.short	0
 16687 01d4 007E     		.short	32256
 16688 01d6 001F     		.short	7936
 16689 01d8 C007     		.short	1984
 16690 01da C003     		.short	960
 16691 01dc E001     		.short	480
 16692 01de F001     		.short	496
 16693 01e0 F000     		.short	240
 16694 01e2 F000     		.short	240
 16695 01e4 F800     		.short	248
 16696 01e6 7800     		.short	120
 16697 01e8 7800     		.short	120
 16698 01ea 7800     		.short	120
 16699 01ec 7800     		.short	120
 16700 01ee 7800     		.short	120
 16701 01f0 7800     		.short	120
 16702 01f2 F800     		.short	248
 16703 01f4 F000     		.short	240
 16704 01f6 F000     		.short	240
 16705 01f8 F001     		.short	496
 16706 01fa E001     		.short	480
 16707 01fc C003     		.short	960
 16708 01fe C007     		.short	1984
 16709 0200 001F     		.short	7936
 16710 0202 007E     		.short	32256
 16711 0204 0078     		.short	30720
 16712 0206 0000     		.short	0
 16713 0208 E003     		.short	992
ARM GAS  /tmp/ccXeXMPx.s 			page 294


 16714 020a C003     		.short	960
 16715 020c C001     		.short	448
 16716 020e CE39     		.short	14798
 16717 0210 FF3F     		.short	16383
 16718 0212 7F3F     		.short	16255
 16719 0214 2003     		.short	800
 16720 0216 7003     		.short	880
 16721 0218 F807     		.short	2040
 16722 021a 780F     		.short	3960
 16723 021c 3C1F     		.short	7996
 16724 021e 3806     		.short	1592
 16725 0220 0000     		.short	0
 16726 0222 0000     		.short	0
 16727 0224 0000     		.short	0
 16728 0226 0000     		.short	0
 16729 0228 0000     		.short	0
 16730 022a 0000     		.short	0
 16731 022c 0000     		.short	0
 16732 022e 0000     		.short	0
 16733 0230 0000     		.short	0
 16734 0232 0000     		.short	0
 16735 0234 0000     		.short	0
 16736 0236 0000     		.short	0
 16737 0238 0000     		.short	0
 16738 023a 0000     		.short	0
 16739 023c 0000     		.short	0
 16740 023e 0000     		.short	0
 16741 0240 0000     		.short	0
 16742 0242 0000     		.short	0
 16743 0244 0000     		.short	0
 16744 0246 0000     		.short	0
 16745 0248 C001     		.short	448
 16746 024a C001     		.short	448
 16747 024c C001     		.short	448
 16748 024e C001     		.short	448
 16749 0250 C001     		.short	448
 16750 0252 C001     		.short	448
 16751 0254 C001     		.short	448
 16752 0256 FFFF     		.short	-1
 16753 0258 FFFF     		.short	-1
 16754 025a C001     		.short	448
 16755 025c C001     		.short	448
 16756 025e C001     		.short	448
 16757 0260 C001     		.short	448
 16758 0262 C001     		.short	448
 16759 0264 C001     		.short	448
 16760 0266 0000     		.short	0
 16761 0268 0000     		.short	0
 16762 026a 0000     		.short	0
 16763 026c 0000     		.short	0
 16764 026e 0000     		.short	0
 16765 0270 0000     		.short	0
 16766 0272 0000     		.short	0
 16767 0274 0000     		.short	0
 16768 0276 0000     		.short	0
 16769 0278 0000     		.short	0
 16770 027a 0000     		.short	0
ARM GAS  /tmp/ccXeXMPx.s 			page 295


 16771 027c 0000     		.short	0
 16772 027e 0000     		.short	0
 16773 0280 0000     		.short	0
 16774 0282 0000     		.short	0
 16775 0284 0000     		.short	0
 16776 0286 0000     		.short	0
 16777 0288 0000     		.short	0
 16778 028a 0000     		.short	0
 16779 028c 0000     		.short	0
 16780 028e 0000     		.short	0
 16781 0290 0000     		.short	0
 16782 0292 E003     		.short	992
 16783 0294 E003     		.short	992
 16784 0296 E003     		.short	992
 16785 0298 E003     		.short	992
 16786 029a E001     		.short	480
 16787 029c E001     		.short	480
 16788 029e E001     		.short	480
 16789 02a0 C001     		.short	448
 16790 02a2 8003     		.short	896
 16791 02a4 0000     		.short	0
 16792 02a6 0000     		.short	0
 16793 02a8 0000     		.short	0
 16794 02aa 0000     		.short	0
 16795 02ac 0000     		.short	0
 16796 02ae 0000     		.short	0
 16797 02b0 0000     		.short	0
 16798 02b2 0000     		.short	0
 16799 02b4 0000     		.short	0
 16800 02b6 0000     		.short	0
 16801 02b8 0000     		.short	0
 16802 02ba FE3F     		.short	16382
 16803 02bc FE3F     		.short	16382
 16804 02be 0000     		.short	0
 16805 02c0 0000     		.short	0
 16806 02c2 0000     		.short	0
 16807 02c4 0000     		.short	0
 16808 02c6 0000     		.short	0
 16809 02c8 0000     		.short	0
 16810 02ca 0000     		.short	0
 16811 02cc 0000     		.short	0
 16812 02ce 0000     		.short	0
 16813 02d0 0000     		.short	0
 16814 02d2 0000     		.short	0
 16815 02d4 0000     		.short	0
 16816 02d6 0000     		.short	0
 16817 02d8 0000     		.short	0
 16818 02da 0000     		.short	0
 16819 02dc 0000     		.short	0
 16820 02de 0000     		.short	0
 16821 02e0 0000     		.short	0
 16822 02e2 0000     		.short	0
 16823 02e4 0000     		.short	0
 16824 02e6 0000     		.short	0
 16825 02e8 0000     		.short	0
 16826 02ea 0000     		.short	0
 16827 02ec 0000     		.short	0
ARM GAS  /tmp/ccXeXMPx.s 			page 296


 16828 02ee 0000     		.short	0
 16829 02f0 0000     		.short	0
 16830 02f2 0000     		.short	0
 16831 02f4 0000     		.short	0
 16832 02f6 0000     		.short	0
 16833 02f8 0000     		.short	0
 16834 02fa E003     		.short	992
 16835 02fc E003     		.short	992
 16836 02fe E003     		.short	992
 16837 0300 E003     		.short	992
 16838 0302 0000     		.short	0
 16839 0304 0000     		.short	0
 16840 0306 0000     		.short	0
 16841 0308 0000     		.short	0
 16842 030a 0000     		.short	0
 16843 030c 0F00     		.short	15
 16844 030e 0F00     		.short	15
 16845 0310 1E00     		.short	30
 16846 0312 1E00     		.short	30
 16847 0314 3C00     		.short	60
 16848 0316 3C00     		.short	60
 16849 0318 7800     		.short	120
 16850 031a 7800     		.short	120
 16851 031c F000     		.short	240
 16852 031e F000     		.short	240
 16853 0320 E001     		.short	480
 16854 0322 E001     		.short	480
 16855 0324 C003     		.short	960
 16856 0326 C003     		.short	960
 16857 0328 8007     		.short	1920
 16858 032a 8007     		.short	1920
 16859 032c 000F     		.short	3840
 16860 032e 000F     		.short	3840
 16861 0330 001E     		.short	7680
 16862 0332 001E     		.short	7680
 16863 0334 003C     		.short	15360
 16864 0336 003C     		.short	15360
 16865 0338 0078     		.short	30720
 16866 033a 0078     		.short	30720
 16867 033c 00F0     		.short	-4096
 16868 033e 0000     		.short	0
 16869 0340 F007     		.short	2032
 16870 0342 F80F     		.short	4088
 16871 0344 7C1F     		.short	8060
 16872 0346 3E3E     		.short	15934
 16873 0348 1E3C     		.short	15390
 16874 034a 1F7C     		.short	31775
 16875 034c 1F7C     		.short	31775
 16876 034e 0F78     		.short	30735
 16877 0350 0F78     		.short	30735
 16878 0352 0F78     		.short	30735
 16879 0354 0F78     		.short	30735
 16880 0356 0F78     		.short	30735
 16881 0358 0F78     		.short	30735
 16882 035a 0F78     		.short	30735
 16883 035c 1F7C     		.short	31775
 16884 035e 1F7C     		.short	31775
ARM GAS  /tmp/ccXeXMPx.s 			page 297


 16885 0360 1E3C     		.short	15390
 16886 0362 3E3E     		.short	15934
 16887 0364 7C1F     		.short	8060
 16888 0366 F80F     		.short	4088
 16889 0368 F007     		.short	2032
 16890 036a 0000     		.short	0
 16891 036c 0000     		.short	0
 16892 036e 0000     		.short	0
 16893 0370 0000     		.short	0
 16894 0372 0000     		.short	0
 16895 0374 F000     		.short	240
 16896 0376 F007     		.short	2032
 16897 0378 F03F     		.short	16368
 16898 037a F03F     		.short	16368
 16899 037c F001     		.short	496
 16900 037e F001     		.short	496
 16901 0380 F001     		.short	496
 16902 0382 F001     		.short	496
 16903 0384 F001     		.short	496
 16904 0386 F001     		.short	496
 16905 0388 F001     		.short	496
 16906 038a F001     		.short	496
 16907 038c F001     		.short	496
 16908 038e F001     		.short	496
 16909 0390 F001     		.short	496
 16910 0392 F001     		.short	496
 16911 0394 F001     		.short	496
 16912 0396 F001     		.short	496
 16913 0398 F001     		.short	496
 16914 039a FF3F     		.short	16383
 16915 039c FF3F     		.short	16383
 16916 039e 0000     		.short	0
 16917 03a0 0000     		.short	0
 16918 03a2 0000     		.short	0
 16919 03a4 0000     		.short	0
 16920 03a6 0000     		.short	0
 16921 03a8 E00F     		.short	4064
 16922 03aa F83F     		.short	16376
 16923 03ac 7C3C     		.short	15484
 16924 03ae 3C00     		.short	60
 16925 03b0 3E00     		.short	62
 16926 03b2 3E00     		.short	62
 16927 03b4 3E00     		.short	62
 16928 03b6 3C00     		.short	60
 16929 03b8 3C00     		.short	60
 16930 03ba 7C00     		.short	124
 16931 03bc F800     		.short	248
 16932 03be F001     		.short	496
 16933 03c0 E003     		.short	992
 16934 03c2 C007     		.short	1984
 16935 03c4 8007     		.short	1920
 16936 03c6 000F     		.short	3840
 16937 03c8 001E     		.short	7680
 16938 03ca 003E     		.short	15872
 16939 03cc 003C     		.short	15360
 16940 03ce FE3F     		.short	16382
 16941 03d0 FE3F     		.short	16382
ARM GAS  /tmp/ccXeXMPx.s 			page 298


 16942 03d2 0000     		.short	0
 16943 03d4 0000     		.short	0
 16944 03d6 0000     		.short	0
 16945 03d8 0000     		.short	0
 16946 03da 0000     		.short	0
 16947 03dc F00F     		.short	4080
 16948 03de F81F     		.short	8184
 16949 03e0 7C1C     		.short	7292
 16950 03e2 3E00     		.short	62
 16951 03e4 3E00     		.short	62
 16952 03e6 3E00     		.short	62
 16953 03e8 3C00     		.short	60
 16954 03ea 3C00     		.short	60
 16955 03ec F800     		.short	248
 16956 03ee F00F     		.short	4080
 16957 03f0 F80F     		.short	4088
 16958 03f2 7C00     		.short	124
 16959 03f4 3E00     		.short	62
 16960 03f6 1E00     		.short	30
 16961 03f8 1E00     		.short	30
 16962 03fa 1E00     		.short	30
 16963 03fc 1E00     		.short	30
 16964 03fe 3E00     		.short	62
 16965 0400 7C1C     		.short	7292
 16966 0402 F81F     		.short	8184
 16967 0404 E01F     		.short	8160
 16968 0406 0000     		.short	0
 16969 0408 0000     		.short	0
 16970 040a 0000     		.short	0
 16971 040c 0000     		.short	0
 16972 040e 0000     		.short	0
 16973 0410 7800     		.short	120
 16974 0412 F800     		.short	248
 16975 0414 F800     		.short	248
 16976 0416 F801     		.short	504
 16977 0418 F803     		.short	1016
 16978 041a F807     		.short	2040
 16979 041c F807     		.short	2040
 16980 041e 780F     		.short	3960
 16981 0420 781E     		.short	7800
 16982 0422 781E     		.short	7800
 16983 0424 783C     		.short	15480
 16984 0426 7878     		.short	30840
 16985 0428 7878     		.short	30840
 16986 042a FFFF     		.short	-1
 16987 042c FFFF     		.short	-1
 16988 042e 7800     		.short	120
 16989 0430 7800     		.short	120
 16990 0432 7800     		.short	120
 16991 0434 7800     		.short	120
 16992 0436 7800     		.short	120
 16993 0438 7800     		.short	120
 16994 043a 0000     		.short	0
 16995 043c 0000     		.short	0
 16996 043e 0000     		.short	0
 16997 0440 0000     		.short	0
 16998 0442 0000     		.short	0
ARM GAS  /tmp/ccXeXMPx.s 			page 299


 16999 0444 FC1F     		.short	8188
 17000 0446 FC1F     		.short	8188
 17001 0448 FC1F     		.short	8188
 17002 044a 001E     		.short	7680
 17003 044c 001E     		.short	7680
 17004 044e 001E     		.short	7680
 17005 0450 001E     		.short	7680
 17006 0452 001E     		.short	7680
 17007 0454 E01F     		.short	8160
 17008 0456 F81F     		.short	8184
 17009 0458 FC00     		.short	252
 17010 045a 7C00     		.short	124
 17011 045c 3E00     		.short	62
 17012 045e 3E00     		.short	62
 17013 0460 1E00     		.short	30
 17014 0462 3E00     		.short	62
 17015 0464 3E00     		.short	62
 17016 0466 3C00     		.short	60
 17017 0468 7C1C     		.short	7292
 17018 046a F81F     		.short	8184
 17019 046c E01F     		.short	8160
 17020 046e 0000     		.short	0
 17021 0470 0000     		.short	0
 17022 0472 0000     		.short	0
 17023 0474 0000     		.short	0
 17024 0476 0000     		.short	0
 17025 0478 FC01     		.short	508
 17026 047a FE07     		.short	2046
 17027 047c 8E0F     		.short	3982
 17028 047e 001F     		.short	7936
 17029 0480 001E     		.short	7680
 17030 0482 003E     		.short	15872
 17031 0484 003C     		.short	15360
 17032 0486 003C     		.short	15360
 17033 0488 F83D     		.short	15864
 17034 048a FC3F     		.short	16380
 17035 048c 3E7F     		.short	32574
 17036 048e 1F7E     		.short	32287
 17037 0490 0F3C     		.short	15375
 17038 0492 0F3C     		.short	15375
 17039 0494 0F3C     		.short	15375
 17040 0496 0F3C     		.short	15375
 17041 0498 0F3E     		.short	15887
 17042 049a 1F1E     		.short	7711
 17043 049c 3E1F     		.short	7998
 17044 049e FC0F     		.short	4092
 17045 04a0 F003     		.short	1008
 17046 04a2 0000     		.short	0
 17047 04a4 0000     		.short	0
 17048 04a6 0000     		.short	0
 17049 04a8 0000     		.short	0
 17050 04aa 0000     		.short	0
 17051 04ac FF3F     		.short	16383
 17052 04ae FF3F     		.short	16383
 17053 04b0 FF3F     		.short	16383
 17054 04b2 0F00     		.short	15
 17055 04b4 1E00     		.short	30
ARM GAS  /tmp/ccXeXMPx.s 			page 300


 17056 04b6 1E00     		.short	30
 17057 04b8 3C00     		.short	60
 17058 04ba 3800     		.short	56
 17059 04bc 7800     		.short	120
 17060 04be F000     		.short	240
 17061 04c0 F000     		.short	240
 17062 04c2 E001     		.short	480
 17063 04c4 E001     		.short	480
 17064 04c6 C003     		.short	960
 17065 04c8 C003     		.short	960
 17066 04ca 8007     		.short	1920
 17067 04cc 800F     		.short	3968
 17068 04ce 800F     		.short	3968
 17069 04d0 000F     		.short	3840
 17070 04d2 001F     		.short	7936
 17071 04d4 001F     		.short	7936
 17072 04d6 0000     		.short	0
 17073 04d8 0000     		.short	0
 17074 04da 0000     		.short	0
 17075 04dc 0000     		.short	0
 17076 04de 0000     		.short	0
 17077 04e0 F807     		.short	2040
 17078 04e2 FC0F     		.short	4092
 17079 04e4 3E1F     		.short	7998
 17080 04e6 1E1E     		.short	7710
 17081 04e8 1E3E     		.short	15902
 17082 04ea 1E3E     		.short	15902
 17083 04ec 1E1E     		.short	7710
 17084 04ee 3C1F     		.short	7996
 17085 04f0 F80F     		.short	4088
 17086 04f2 F007     		.short	2032
 17087 04f4 F80F     		.short	4088
 17088 04f6 FC1E     		.short	7932
 17089 04f8 3E3E     		.short	15934
 17090 04fa 1F3C     		.short	15391
 17091 04fc 1F7C     		.short	31775
 17092 04fe 0F7C     		.short	31759
 17093 0500 0F7C     		.short	31759
 17094 0502 1F3C     		.short	15391
 17095 0504 3E3F     		.short	16190
 17096 0506 FC1F     		.short	8188
 17097 0508 F007     		.short	2032
 17098 050a 0000     		.short	0
 17099 050c 0000     		.short	0
 17100 050e 0000     		.short	0
 17101 0510 0000     		.short	0
 17102 0512 0000     		.short	0
 17103 0514 F007     		.short	2032
 17104 0516 F80F     		.short	4088
 17105 0518 7C1E     		.short	7804
 17106 051a 3E3C     		.short	15422
 17107 051c 1E3C     		.short	15390
 17108 051e 1F7C     		.short	31775
 17109 0520 1F7C     		.short	31775
 17110 0522 1F7C     		.short	31775
 17111 0524 1F7C     		.short	31775
 17112 0526 1F3C     		.short	15391
ARM GAS  /tmp/ccXeXMPx.s 			page 301


 17113 0528 3F3E     		.short	15935
 17114 052a FF1F     		.short	8191
 17115 052c EF07     		.short	2031
 17116 052e 1F00     		.short	31
 17117 0530 1E00     		.short	30
 17118 0532 1E00     		.short	30
 17119 0534 3E00     		.short	62
 17120 0536 3C00     		.short	60
 17121 0538 F838     		.short	14584
 17122 053a F03F     		.short	16368
 17123 053c E01F     		.short	8160
 17124 053e 0000     		.short	0
 17125 0540 0000     		.short	0
 17126 0542 0000     		.short	0
 17127 0544 0000     		.short	0
 17128 0546 0000     		.short	0
 17129 0548 0000     		.short	0
 17130 054a 0000     		.short	0
 17131 054c 0000     		.short	0
 17132 054e 0000     		.short	0
 17133 0550 0000     		.short	0
 17134 0552 0000     		.short	0
 17135 0554 E003     		.short	992
 17136 0556 E003     		.short	992
 17137 0558 E003     		.short	992
 17138 055a E003     		.short	992
 17139 055c 0000     		.short	0
 17140 055e 0000     		.short	0
 17141 0560 0000     		.short	0
 17142 0562 0000     		.short	0
 17143 0564 0000     		.short	0
 17144 0566 0000     		.short	0
 17145 0568 0000     		.short	0
 17146 056a E003     		.short	992
 17147 056c E003     		.short	992
 17148 056e E003     		.short	992
 17149 0570 E003     		.short	992
 17150 0572 0000     		.short	0
 17151 0574 0000     		.short	0
 17152 0576 0000     		.short	0
 17153 0578 0000     		.short	0
 17154 057a 0000     		.short	0
 17155 057c 0000     		.short	0
 17156 057e 0000     		.short	0
 17157 0580 0000     		.short	0
 17158 0582 0000     		.short	0
 17159 0584 0000     		.short	0
 17160 0586 0000     		.short	0
 17161 0588 E003     		.short	992
 17162 058a E003     		.short	992
 17163 058c E003     		.short	992
 17164 058e E003     		.short	992
 17165 0590 0000     		.short	0
 17166 0592 0000     		.short	0
 17167 0594 0000     		.short	0
 17168 0596 0000     		.short	0
 17169 0598 0000     		.short	0
ARM GAS  /tmp/ccXeXMPx.s 			page 302


 17170 059a 0000     		.short	0
 17171 059c 0000     		.short	0
 17172 059e E003     		.short	992
 17173 05a0 E003     		.short	992
 17174 05a2 E003     		.short	992
 17175 05a4 E003     		.short	992
 17176 05a6 E001     		.short	480
 17177 05a8 E001     		.short	480
 17178 05aa E001     		.short	480
 17179 05ac C003     		.short	960
 17180 05ae 8003     		.short	896
 17181 05b0 0000     		.short	0
 17182 05b2 0000     		.short	0
 17183 05b4 0000     		.short	0
 17184 05b6 0000     		.short	0
 17185 05b8 0000     		.short	0
 17186 05ba 0000     		.short	0
 17187 05bc 0300     		.short	3
 17188 05be 0F00     		.short	15
 17189 05c0 3F00     		.short	63
 17190 05c2 FC00     		.short	252
 17191 05c4 F003     		.short	1008
 17192 05c6 C00F     		.short	4032
 17193 05c8 003F     		.short	16128
 17194 05ca 00FE     		.short	-512
 17195 05cc 003F     		.short	16128
 17196 05ce C00F     		.short	4032
 17197 05d0 F003     		.short	1008
 17198 05d2 FC00     		.short	252
 17199 05d4 3F00     		.short	63
 17200 05d6 0F00     		.short	15
 17201 05d8 0300     		.short	3
 17202 05da 0000     		.short	0
 17203 05dc 0000     		.short	0
 17204 05de 0000     		.short	0
 17205 05e0 0000     		.short	0
 17206 05e2 0000     		.short	0
 17207 05e4 0000     		.short	0
 17208 05e6 0000     		.short	0
 17209 05e8 0000     		.short	0
 17210 05ea 0000     		.short	0
 17211 05ec 0000     		.short	0
 17212 05ee 0000     		.short	0
 17213 05f0 0000     		.short	0
 17214 05f2 0000     		.short	0
 17215 05f4 0000     		.short	0
 17216 05f6 0000     		.short	0
 17217 05f8 FFFF     		.short	-1
 17218 05fa FFFF     		.short	-1
 17219 05fc 0000     		.short	0
 17220 05fe 0000     		.short	0
 17221 0600 0000     		.short	0
 17222 0602 FFFF     		.short	-1
 17223 0604 FFFF     		.short	-1
 17224 0606 0000     		.short	0
 17225 0608 0000     		.short	0
 17226 060a 0000     		.short	0
ARM GAS  /tmp/ccXeXMPx.s 			page 303


 17227 060c 0000     		.short	0
 17228 060e 0000     		.short	0
 17229 0610 0000     		.short	0
 17230 0612 0000     		.short	0
 17231 0614 0000     		.short	0
 17232 0616 0000     		.short	0
 17233 0618 0000     		.short	0
 17234 061a 0000     		.short	0
 17235 061c 0000     		.short	0
 17236 061e 0000     		.short	0
 17237 0620 0000     		.short	0
 17238 0622 0000     		.short	0
 17239 0624 00E0     		.short	-8192
 17240 0626 00F8     		.short	-2048
 17241 0628 007E     		.short	32256
 17242 062a 801F     		.short	8064
 17243 062c E007     		.short	2016
 17244 062e F801     		.short	504
 17245 0630 7E00     		.short	126
 17246 0632 1F00     		.short	31
 17247 0634 7E00     		.short	126
 17248 0636 F801     		.short	504
 17249 0638 E007     		.short	2016
 17250 063a 801F     		.short	8064
 17251 063c 007E     		.short	32256
 17252 063e 00F8     		.short	-2048
 17253 0640 00E0     		.short	-8192
 17254 0642 0000     		.short	0
 17255 0644 0000     		.short	0
 17256 0646 0000     		.short	0
 17257 0648 0000     		.short	0
 17258 064a 0000     		.short	0
 17259 064c F01F     		.short	8176
 17260 064e FC3F     		.short	16380
 17261 0650 3E38     		.short	14398
 17262 0652 1F38     		.short	14367
 17263 0654 1F38     		.short	14367
 17264 0656 1E00     		.short	30
 17265 0658 1E00     		.short	30
 17266 065a 3C00     		.short	60
 17267 065c 7800     		.short	120
 17268 065e F000     		.short	240
 17269 0660 E001     		.short	480
 17270 0662 C003     		.short	960
 17271 0664 C003     		.short	960
 17272 0666 C007     		.short	1984
 17273 0668 C007     		.short	1984
 17274 066a 0000     		.short	0
 17275 066c 0000     		.short	0
 17276 066e 0000     		.short	0
 17277 0670 C007     		.short	1984
 17278 0672 C007     		.short	1984
 17279 0674 C007     		.short	1984
 17280 0676 0000     		.short	0
 17281 0678 0000     		.short	0
 17282 067a 0000     		.short	0
 17283 067c 0000     		.short	0
ARM GAS  /tmp/ccXeXMPx.s 			page 304


 17284 067e 0000     		.short	0
 17285 0680 F803     		.short	1016
 17286 0682 FE0F     		.short	4094
 17287 0684 1E1F     		.short	7966
 17288 0686 0F3E     		.short	15887
 17289 0688 7F3C     		.short	15487
 17290 068a FF78     		.short	30975
 17291 068c EF79     		.short	31215
 17292 068e C773     		.short	29639
 17293 0690 C7F3     		.short	-3129
 17294 0692 8FF3     		.short	-3185
 17295 0694 8FF3     		.short	-3185
 17296 0696 8FF3     		.short	-3185
 17297 0698 9FF3     		.short	-3169
 17298 069a 9FF3     		.short	-3169
 17299 069c FF73     		.short	29695
 17300 069e FF7B     		.short	31743
 17301 06a0 F779     		.short	31223
 17302 06a2 003C     		.short	15360
 17303 06a4 1C1F     		.short	7964
 17304 06a6 FC0F     		.short	4092
 17305 06a8 F803     		.short	1016
 17306 06aa 0000     		.short	0
 17307 06ac 0000     		.short	0
 17308 06ae 0000     		.short	0
 17309 06b0 0000     		.short	0
 17310 06b2 0000     		.short	0
 17311 06b4 0000     		.short	0
 17312 06b6 0000     		.short	0
 17313 06b8 0000     		.short	0
 17314 06ba E003     		.short	992
 17315 06bc E003     		.short	992
 17316 06be F007     		.short	2032
 17317 06c0 F007     		.short	2032
 17318 06c2 F007     		.short	2032
 17319 06c4 780F     		.short	3960
 17320 06c6 780F     		.short	3960
 17321 06c8 7C0E     		.short	3708
 17322 06ca 3C1E     		.short	7740
 17323 06cc 3C1E     		.short	7740
 17324 06ce 3E3C     		.short	15422
 17325 06d0 FE3F     		.short	16382
 17326 06d2 FF3F     		.short	16383
 17327 06d4 1F78     		.short	30751
 17328 06d6 0F78     		.short	30735
 17329 06d8 0FF0     		.short	-4081
 17330 06da 07F0     		.short	-4089
 17331 06dc 07F0     		.short	-4089
 17332 06de 0000     		.short	0
 17333 06e0 0000     		.short	0
 17334 06e2 0000     		.short	0
 17335 06e4 0000     		.short	0
 17336 06e6 0000     		.short	0
 17337 06e8 0000     		.short	0
 17338 06ea 0000     		.short	0
 17339 06ec 0000     		.short	0
 17340 06ee F83F     		.short	16376
ARM GAS  /tmp/ccXeXMPx.s 			page 305


 17341 06f0 FC3F     		.short	16380
 17342 06f2 3E3C     		.short	15422
 17343 06f4 1E3C     		.short	15390
 17344 06f6 1E3C     		.short	15390
 17345 06f8 1E3C     		.short	15390
 17346 06fa 3E3C     		.short	15422
 17347 06fc 7C3C     		.short	15484
 17348 06fe F03F     		.short	16368
 17349 0700 F83F     		.short	16376
 17350 0702 7E3C     		.short	15486
 17351 0704 1F3C     		.short	15391
 17352 0706 1F3C     		.short	15391
 17353 0708 0F3C     		.short	15375
 17354 070a 0F3C     		.short	15375
 17355 070c 1F3C     		.short	15391
 17356 070e FE3F     		.short	16382
 17357 0710 F83F     		.short	16376
 17358 0712 0000     		.short	0
 17359 0714 0000     		.short	0
 17360 0716 0000     		.short	0
 17361 0718 0000     		.short	0
 17362 071a 0000     		.short	0
 17363 071c 0000     		.short	0
 17364 071e 0000     		.short	0
 17365 0720 0000     		.short	0
 17366 0722 FF01     		.short	511
 17367 0724 FF07     		.short	2047
 17368 0726 871F     		.short	8071
 17369 0728 003E     		.short	15872
 17370 072a 003C     		.short	15360
 17371 072c 007C     		.short	31744
 17372 072e 0078     		.short	30720
 17373 0730 0078     		.short	30720
 17374 0732 0078     		.short	30720
 17375 0734 0078     		.short	30720
 17376 0736 0078     		.short	30720
 17377 0738 007C     		.short	31744
 17378 073a 007C     		.short	31744
 17379 073c 003E     		.short	15872
 17380 073e 003F     		.short	16128
 17381 0740 831F     		.short	8067
 17382 0742 FF07     		.short	2047
 17383 0744 FF01     		.short	511
 17384 0746 0000     		.short	0
 17385 0748 0000     		.short	0
 17386 074a 0000     		.short	0
 17387 074c 0000     		.short	0
 17388 074e 0000     		.short	0
 17389 0750 0000     		.short	0
 17390 0752 0000     		.short	0
 17391 0754 0000     		.short	0
 17392 0756 F07F     		.short	32752
 17393 0758 FC7F     		.short	32764
 17394 075a 7E78     		.short	30846
 17395 075c 1F78     		.short	30751
 17396 075e 1F78     		.short	30751
 17397 0760 0F78     		.short	30735
ARM GAS  /tmp/ccXeXMPx.s 			page 306


 17398 0762 0F78     		.short	30735
 17399 0764 0F78     		.short	30735
 17400 0766 0F78     		.short	30735
 17401 0768 0F78     		.short	30735
 17402 076a 0F78     		.short	30735
 17403 076c 0F78     		.short	30735
 17404 076e 0F78     		.short	30735
 17405 0770 1F78     		.short	30751
 17406 0772 1E78     		.short	30750
 17407 0774 7E78     		.short	30846
 17408 0776 F87F     		.short	32760
 17409 0778 E07F     		.short	32736
 17410 077a 0000     		.short	0
 17411 077c 0000     		.short	0
 17412 077e 0000     		.short	0
 17413 0780 0000     		.short	0
 17414 0782 0000     		.short	0
 17415 0784 0000     		.short	0
 17416 0786 0000     		.short	0
 17417 0788 0000     		.short	0
 17418 078a FF3F     		.short	16383
 17419 078c FF3F     		.short	16383
 17420 078e 003E     		.short	15872
 17421 0790 003E     		.short	15872
 17422 0792 003E     		.short	15872
 17423 0794 003E     		.short	15872
 17424 0796 003E     		.short	15872
 17425 0798 003E     		.short	15872
 17426 079a FE3F     		.short	16382
 17427 079c FE3F     		.short	16382
 17428 079e 003E     		.short	15872
 17429 07a0 003E     		.short	15872
 17430 07a2 003E     		.short	15872
 17431 07a4 003E     		.short	15872
 17432 07a6 003E     		.short	15872
 17433 07a8 003E     		.short	15872
 17434 07aa FF3F     		.short	16383
 17435 07ac FF3F     		.short	16383
 17436 07ae 0000     		.short	0
 17437 07b0 0000     		.short	0
 17438 07b2 0000     		.short	0
 17439 07b4 0000     		.short	0
 17440 07b6 0000     		.short	0
 17441 07b8 0000     		.short	0
 17442 07ba 0000     		.short	0
 17443 07bc 0000     		.short	0
 17444 07be FF1F     		.short	8191
 17445 07c0 FF1F     		.short	8191
 17446 07c2 001E     		.short	7680
 17447 07c4 001E     		.short	7680
 17448 07c6 001E     		.short	7680
 17449 07c8 001E     		.short	7680
 17450 07ca 001E     		.short	7680
 17451 07cc 001E     		.short	7680
 17452 07ce FF1F     		.short	8191
 17453 07d0 FF1F     		.short	8191
 17454 07d2 001E     		.short	7680
ARM GAS  /tmp/ccXeXMPx.s 			page 307


 17455 07d4 001E     		.short	7680
 17456 07d6 001E     		.short	7680
 17457 07d8 001E     		.short	7680
 17458 07da 001E     		.short	7680
 17459 07dc 001E     		.short	7680
 17460 07de 001E     		.short	7680
 17461 07e0 001E     		.short	7680
 17462 07e2 0000     		.short	0
 17463 07e4 0000     		.short	0
 17464 07e6 0000     		.short	0
 17465 07e8 0000     		.short	0
 17466 07ea 0000     		.short	0
 17467 07ec 0000     		.short	0
 17468 07ee 0000     		.short	0
 17469 07f0 0000     		.short	0
 17470 07f2 FE03     		.short	1022
 17471 07f4 FF0F     		.short	4095
 17472 07f6 871F     		.short	8071
 17473 07f8 003E     		.short	15872
 17474 07fa 007C     		.short	31744
 17475 07fc 007C     		.short	31744
 17476 07fe 0078     		.short	30720
 17477 0800 00F8     		.short	-2048
 17478 0802 00F8     		.short	-2048
 17479 0804 7FF8     		.short	-1921
 17480 0806 7FF8     		.short	-1921
 17481 0808 0F78     		.short	30735
 17482 080a 0F7C     		.short	31759
 17483 080c 0F7C     		.short	31759
 17484 080e 0F3E     		.short	15887
 17485 0810 8F1F     		.short	8079
 17486 0812 FF0F     		.short	4095
 17487 0814 FE03     		.short	1022
 17488 0816 0000     		.short	0
 17489 0818 0000     		.short	0
 17490 081a 0000     		.short	0
 17491 081c 0000     		.short	0
 17492 081e 0000     		.short	0
 17493 0820 0000     		.short	0
 17494 0822 0000     		.short	0
 17495 0824 0000     		.short	0
 17496 0826 1F7C     		.short	31775
 17497 0828 1F7C     		.short	31775
 17498 082a 1F7C     		.short	31775
 17499 082c 1F7C     		.short	31775
 17500 082e 1F7C     		.short	31775
 17501 0830 1F7C     		.short	31775
 17502 0832 1F7C     		.short	31775
 17503 0834 1F7C     		.short	31775
 17504 0836 FF7F     		.short	32767
 17505 0838 FF7F     		.short	32767
 17506 083a 1F7C     		.short	31775
 17507 083c 1F7C     		.short	31775
 17508 083e 1F7C     		.short	31775
 17509 0840 1F7C     		.short	31775
 17510 0842 1F7C     		.short	31775
 17511 0844 1F7C     		.short	31775
ARM GAS  /tmp/ccXeXMPx.s 			page 308


 17512 0846 1F7C     		.short	31775
 17513 0848 1F7C     		.short	31775
 17514 084a 0000     		.short	0
 17515 084c 0000     		.short	0
 17516 084e 0000     		.short	0
 17517 0850 0000     		.short	0
 17518 0852 0000     		.short	0
 17519 0854 0000     		.short	0
 17520 0856 0000     		.short	0
 17521 0858 0000     		.short	0
 17522 085a FF3F     		.short	16383
 17523 085c FF3F     		.short	16383
 17524 085e E003     		.short	992
 17525 0860 E003     		.short	992
 17526 0862 E003     		.short	992
 17527 0864 E003     		.short	992
 17528 0866 E003     		.short	992
 17529 0868 E003     		.short	992
 17530 086a E003     		.short	992
 17531 086c E003     		.short	992
 17532 086e E003     		.short	992
 17533 0870 E003     		.short	992
 17534 0872 E003     		.short	992
 17535 0874 E003     		.short	992
 17536 0876 E003     		.short	992
 17537 0878 E003     		.short	992
 17538 087a FF3F     		.short	16383
 17539 087c FF3F     		.short	16383
 17540 087e 0000     		.short	0
 17541 0880 0000     		.short	0
 17542 0882 0000     		.short	0
 17543 0884 0000     		.short	0
 17544 0886 0000     		.short	0
 17545 0888 0000     		.short	0
 17546 088a 0000     		.short	0
 17547 088c 0000     		.short	0
 17548 088e FC1F     		.short	8188
 17549 0890 FC1F     		.short	8188
 17550 0892 7C00     		.short	124
 17551 0894 7C00     		.short	124
 17552 0896 7C00     		.short	124
 17553 0898 7C00     		.short	124
 17554 089a 7C00     		.short	124
 17555 089c 7C00     		.short	124
 17556 089e 7C00     		.short	124
 17557 08a0 7C00     		.short	124
 17558 08a2 7C00     		.short	124
 17559 08a4 7C00     		.short	124
 17560 08a6 7C00     		.short	124
 17561 08a8 7800     		.short	120
 17562 08aa 7800     		.short	120
 17563 08ac F838     		.short	14584
 17564 08ae F03F     		.short	16368
 17565 08b0 C03F     		.short	16320
 17566 08b2 0000     		.short	0
 17567 08b4 0000     		.short	0
 17568 08b6 0000     		.short	0
ARM GAS  /tmp/ccXeXMPx.s 			page 309


 17569 08b8 0000     		.short	0
 17570 08ba 0000     		.short	0
 17571 08bc 0000     		.short	0
 17572 08be 0000     		.short	0
 17573 08c0 0000     		.short	0
 17574 08c2 1F3C     		.short	15391
 17575 08c4 1E3C     		.short	15390
 17576 08c6 3C3C     		.short	15420
 17577 08c8 783C     		.short	15480
 17578 08ca F03C     		.short	15600
 17579 08cc E03D     		.short	15840
 17580 08ce E03F     		.short	16352
 17581 08d0 C03F     		.short	16320
 17582 08d2 803F     		.short	16256
 17583 08d4 C03F     		.short	16320
 17584 08d6 E03F     		.short	16352
 17585 08d8 F03D     		.short	15856
 17586 08da F03C     		.short	15600
 17587 08dc 783C     		.short	15480
 17588 08de 7C3C     		.short	15484
 17589 08e0 3E3C     		.short	15422
 17590 08e2 1F3C     		.short	15391
 17591 08e4 0F3C     		.short	15375
 17592 08e6 0000     		.short	0
 17593 08e8 0000     		.short	0
 17594 08ea 0000     		.short	0
 17595 08ec 0000     		.short	0
 17596 08ee 0000     		.short	0
 17597 08f0 0000     		.short	0
 17598 08f2 0000     		.short	0
 17599 08f4 0000     		.short	0
 17600 08f6 003E     		.short	15872
 17601 08f8 003E     		.short	15872
 17602 08fa 003E     		.short	15872
 17603 08fc 003E     		.short	15872
 17604 08fe 003E     		.short	15872
 17605 0900 003E     		.short	15872
 17606 0902 003E     		.short	15872
 17607 0904 003E     		.short	15872
 17608 0906 003E     		.short	15872
 17609 0908 003E     		.short	15872
 17610 090a 003E     		.short	15872
 17611 090c 003E     		.short	15872
 17612 090e 003E     		.short	15872
 17613 0910 003E     		.short	15872
 17614 0912 003E     		.short	15872
 17615 0914 003E     		.short	15872
 17616 0916 FF3F     		.short	16383
 17617 0918 FF3F     		.short	16383
 17618 091a 0000     		.short	0
 17619 091c 0000     		.short	0
 17620 091e 0000     		.short	0
 17621 0920 0000     		.short	0
 17622 0922 0000     		.short	0
 17623 0924 0000     		.short	0
 17624 0926 0000     		.short	0
 17625 0928 0000     		.short	0
ARM GAS  /tmp/ccXeXMPx.s 			page 310


 17626 092a 1FF8     		.short	-2017
 17627 092c 1FFC     		.short	-993
 17628 092e 1FFC     		.short	-993
 17629 0930 3FFE     		.short	-449
 17630 0932 3FFE     		.short	-449
 17631 0934 3FFE     		.short	-449
 17632 0936 7FFF     		.short	-129
 17633 0938 77FF     		.short	-137
 17634 093a 77FF     		.short	-137
 17635 093c F7F7     		.short	-2057
 17636 093e E7F7     		.short	-2073
 17637 0940 E7F3     		.short	-3097
 17638 0942 E7F3     		.short	-3097
 17639 0944 C7F3     		.short	-3129
 17640 0946 07F0     		.short	-4089
 17641 0948 07F0     		.short	-4089
 17642 094a 07F0     		.short	-4089
 17643 094c 07F0     		.short	-4089
 17644 094e 0000     		.short	0
 17645 0950 0000     		.short	0
 17646 0952 0000     		.short	0
 17647 0954 0000     		.short	0
 17648 0956 0000     		.short	0
 17649 0958 0000     		.short	0
 17650 095a 0000     		.short	0
 17651 095c 0000     		.short	0
 17652 095e 0F7C     		.short	31759
 17653 0960 0F7C     		.short	31759
 17654 0962 0F7E     		.short	32271
 17655 0964 0F7F     		.short	32527
 17656 0966 0F7F     		.short	32527
 17657 0968 8F7F     		.short	32655
 17658 096a 8F7F     		.short	32655
 17659 096c CF7F     		.short	32719
 17660 096e EF7B     		.short	31727
 17661 0970 EF79     		.short	31215
 17662 0972 FF79     		.short	31231
 17663 0974 FF78     		.short	30975
 17664 0976 FF78     		.short	30975
 17665 0978 7F78     		.short	30847
 17666 097a 3F78     		.short	30783
 17667 097c 3F78     		.short	30783
 17668 097e 1F78     		.short	30751
 17669 0980 1F78     		.short	30751
 17670 0982 0000     		.short	0
 17671 0984 0000     		.short	0
 17672 0986 0000     		.short	0
 17673 0988 0000     		.short	0
 17674 098a 0000     		.short	0
 17675 098c 0000     		.short	0
 17676 098e 0000     		.short	0
 17677 0990 0000     		.short	0
 17678 0992 F007     		.short	2032
 17679 0994 FC1F     		.short	8188
 17680 0996 3E3E     		.short	15934
 17681 0998 1F7C     		.short	31775
 17682 099a 0F78     		.short	30735
ARM GAS  /tmp/ccXeXMPx.s 			page 311


 17683 099c 0F78     		.short	30735
 17684 099e 0FF8     		.short	-2033
 17685 09a0 0FF8     		.short	-2033
 17686 09a2 0FF8     		.short	-2033
 17687 09a4 0FF8     		.short	-2033
 17688 09a6 0FF8     		.short	-2033
 17689 09a8 0FF8     		.short	-2033
 17690 09aa 0F78     		.short	30735
 17691 09ac 0F78     		.short	30735
 17692 09ae 1F7C     		.short	31775
 17693 09b0 3E3E     		.short	15934
 17694 09b2 FC1F     		.short	8188
 17695 09b4 F007     		.short	2032
 17696 09b6 0000     		.short	0
 17697 09b8 0000     		.short	0
 17698 09ba 0000     		.short	0
 17699 09bc 0000     		.short	0
 17700 09be 0000     		.short	0
 17701 09c0 0000     		.short	0
 17702 09c2 0000     		.short	0
 17703 09c4 0000     		.short	0
 17704 09c6 FC3F     		.short	16380
 17705 09c8 FF3F     		.short	16383
 17706 09ca 1F3E     		.short	15903
 17707 09cc 0F3E     		.short	15887
 17708 09ce 0F3E     		.short	15887
 17709 09d0 0F3E     		.short	15887
 17710 09d2 0F3E     		.short	15887
 17711 09d4 1F3E     		.short	15903
 17712 09d6 3F3E     		.short	15935
 17713 09d8 FC3F     		.short	16380
 17714 09da F03F     		.short	16368
 17715 09dc 003E     		.short	15872
 17716 09de 003E     		.short	15872
 17717 09e0 003E     		.short	15872
 17718 09e2 003E     		.short	15872
 17719 09e4 003E     		.short	15872
 17720 09e6 003E     		.short	15872
 17721 09e8 003E     		.short	15872
 17722 09ea 0000     		.short	0
 17723 09ec 0000     		.short	0
 17724 09ee 0000     		.short	0
 17725 09f0 0000     		.short	0
 17726 09f2 0000     		.short	0
 17727 09f4 0000     		.short	0
 17728 09f6 0000     		.short	0
 17729 09f8 0000     		.short	0
 17730 09fa F007     		.short	2032
 17731 09fc FC1F     		.short	8188
 17732 09fe 3E3E     		.short	15934
 17733 0a00 1F7C     		.short	31775
 17734 0a02 0F78     		.short	30735
 17735 0a04 0F78     		.short	30735
 17736 0a06 0FF8     		.short	-2033
 17737 0a08 0FF8     		.short	-2033
 17738 0a0a 0FF8     		.short	-2033
 17739 0a0c 0FF8     		.short	-2033
ARM GAS  /tmp/ccXeXMPx.s 			page 312


 17740 0a0e 0FF8     		.short	-2033
 17741 0a10 0FF8     		.short	-2033
 17742 0a12 0F78     		.short	30735
 17743 0a14 0F78     		.short	30735
 17744 0a16 1F7C     		.short	31775
 17745 0a18 3E3E     		.short	15934
 17746 0a1a FC1F     		.short	8188
 17747 0a1c F807     		.short	2040
 17748 0a1e 7C00     		.short	124
 17749 0a20 3F00     		.short	63
 17750 0a22 0F00     		.short	15
 17751 0a24 0300     		.short	3
 17752 0a26 0000     		.short	0
 17753 0a28 0000     		.short	0
 17754 0a2a 0000     		.short	0
 17755 0a2c 0000     		.short	0
 17756 0a2e F03F     		.short	16368
 17757 0a30 FC3F     		.short	16380
 17758 0a32 7E3C     		.short	15486
 17759 0a34 3E3C     		.short	15422
 17760 0a36 1E3C     		.short	15390
 17761 0a38 1E3C     		.short	15390
 17762 0a3a 3E3C     		.short	15422
 17763 0a3c 3C3C     		.short	15420
 17764 0a3e FC3C     		.short	15612
 17765 0a40 F03F     		.short	16368
 17766 0a42 E03F     		.short	16352
 17767 0a44 F03D     		.short	15856
 17768 0a46 F83C     		.short	15608
 17769 0a48 7C3C     		.short	15484
 17770 0a4a 3E3C     		.short	15422
 17771 0a4c 1E3C     		.short	15390
 17772 0a4e 1F3C     		.short	15391
 17773 0a50 0F3C     		.short	15375
 17774 0a52 0000     		.short	0
 17775 0a54 0000     		.short	0
 17776 0a56 0000     		.short	0
 17777 0a58 0000     		.short	0
 17778 0a5a 0000     		.short	0
 17779 0a5c 0000     		.short	0
 17780 0a5e 0000     		.short	0
 17781 0a60 0000     		.short	0
 17782 0a62 FC07     		.short	2044
 17783 0a64 FE1F     		.short	8190
 17784 0a66 0E3E     		.short	15886
 17785 0a68 003C     		.short	15360
 17786 0a6a 003C     		.short	15360
 17787 0a6c 003C     		.short	15360
 17788 0a6e 003E     		.short	15872
 17789 0a70 C01F     		.short	8128
 17790 0a72 F80F     		.short	4088
 17791 0a74 FE03     		.short	1022
 17792 0a76 7F00     		.short	127
 17793 0a78 1F00     		.short	31
 17794 0a7a 0F00     		.short	15
 17795 0a7c 0F00     		.short	15
 17796 0a7e 1F20     		.short	8223
ARM GAS  /tmp/ccXeXMPx.s 			page 313


 17797 0a80 3E3C     		.short	15422
 17798 0a82 FC3F     		.short	16380
 17799 0a84 F01F     		.short	8176
 17800 0a86 0000     		.short	0
 17801 0a88 0000     		.short	0
 17802 0a8a 0000     		.short	0
 17803 0a8c 0000     		.short	0
 17804 0a8e 0000     		.short	0
 17805 0a90 0000     		.short	0
 17806 0a92 0000     		.short	0
 17807 0a94 0000     		.short	0
 17808 0a96 FFFF     		.short	-1
 17809 0a98 FFFF     		.short	-1
 17810 0a9a E003     		.short	992
 17811 0a9c E003     		.short	992
 17812 0a9e E003     		.short	992
 17813 0aa0 E003     		.short	992
 17814 0aa2 E003     		.short	992
 17815 0aa4 E003     		.short	992
 17816 0aa6 E003     		.short	992
 17817 0aa8 E003     		.short	992
 17818 0aaa E003     		.short	992
 17819 0aac E003     		.short	992
 17820 0aae E003     		.short	992
 17821 0ab0 E003     		.short	992
 17822 0ab2 E003     		.short	992
 17823 0ab4 E003     		.short	992
 17824 0ab6 E003     		.short	992
 17825 0ab8 E003     		.short	992
 17826 0aba 0000     		.short	0
 17827 0abc 0000     		.short	0
 17828 0abe 0000     		.short	0
 17829 0ac0 0000     		.short	0
 17830 0ac2 0000     		.short	0
 17831 0ac4 0000     		.short	0
 17832 0ac6 0000     		.short	0
 17833 0ac8 0000     		.short	0
 17834 0aca 0F7C     		.short	31759
 17835 0acc 0F7C     		.short	31759
 17836 0ace 0F7C     		.short	31759
 17837 0ad0 0F7C     		.short	31759
 17838 0ad2 0F7C     		.short	31759
 17839 0ad4 0F7C     		.short	31759
 17840 0ad6 0F7C     		.short	31759
 17841 0ad8 0F7C     		.short	31759
 17842 0ada 0F7C     		.short	31759
 17843 0adc 0F7C     		.short	31759
 17844 0ade 0F7C     		.short	31759
 17845 0ae0 0F7C     		.short	31759
 17846 0ae2 0F7C     		.short	31759
 17847 0ae4 1E3C     		.short	15390
 17848 0ae6 1E3C     		.short	15390
 17849 0ae8 3E3E     		.short	15934
 17850 0aea FC1F     		.short	8188
 17851 0aec F007     		.short	2032
 17852 0aee 0000     		.short	0
 17853 0af0 0000     		.short	0
ARM GAS  /tmp/ccXeXMPx.s 			page 314


 17854 0af2 0000     		.short	0
 17855 0af4 0000     		.short	0
 17856 0af6 0000     		.short	0
 17857 0af8 0000     		.short	0
 17858 0afa 0000     		.short	0
 17859 0afc 0000     		.short	0
 17860 0afe 07F0     		.short	-4089
 17861 0b00 07F0     		.short	-4089
 17862 0b02 07F8     		.short	-2041
 17863 0b04 0F78     		.short	30735
 17864 0b06 0F7C     		.short	31759
 17865 0b08 1E3C     		.short	15390
 17866 0b0a 1E3C     		.short	15390
 17867 0b0c 1E3E     		.short	15902
 17868 0b0e 3C1E     		.short	7740
 17869 0b10 3C1F     		.short	7996
 17870 0b12 781F     		.short	8056
 17871 0b14 780F     		.short	3960
 17872 0b16 F80F     		.short	4088
 17873 0b18 F007     		.short	2032
 17874 0b1a F007     		.short	2032
 17875 0b1c F007     		.short	2032
 17876 0b1e E003     		.short	992
 17877 0b20 E003     		.short	992
 17878 0b22 0000     		.short	0
 17879 0b24 0000     		.short	0
 17880 0b26 0000     		.short	0
 17881 0b28 0000     		.short	0
 17882 0b2a 0000     		.short	0
 17883 0b2c 0000     		.short	0
 17884 0b2e 0000     		.short	0
 17885 0b30 0000     		.short	0
 17886 0b32 03E0     		.short	-8189
 17887 0b34 03F0     		.short	-4093
 17888 0b36 03F0     		.short	-4093
 17889 0b38 07F0     		.short	-4089
 17890 0b3a E7F3     		.short	-3097
 17891 0b3c E7F3     		.short	-3097
 17892 0b3e E7F3     		.short	-3097
 17893 0b40 E773     		.short	29671
 17894 0b42 F77B     		.short	31735
 17895 0b44 F77F     		.short	32759
 17896 0b46 FF7F     		.short	32767
 17897 0b48 7F7F     		.short	32639
 17898 0b4a 7F7F     		.short	32639
 17899 0b4c 7E7F     		.short	32638
 17900 0b4e 7E3F     		.short	16254
 17901 0b50 3E3E     		.short	15934
 17902 0b52 3E3E     		.short	15934
 17903 0b54 3E3E     		.short	15934
 17904 0b56 0000     		.short	0
 17905 0b58 0000     		.short	0
 17906 0b5a 0000     		.short	0
 17907 0b5c 0000     		.short	0
 17908 0b5e 0000     		.short	0
 17909 0b60 0000     		.short	0
 17910 0b62 0000     		.short	0
ARM GAS  /tmp/ccXeXMPx.s 			page 315


 17911 0b64 0000     		.short	0
 17912 0b66 07F8     		.short	-2041
 17913 0b68 0F7C     		.short	31759
 17914 0b6a 1E3E     		.short	15902
 17915 0b6c 3E3E     		.short	15934
 17916 0b6e 3C1F     		.short	7996
 17917 0b70 F80F     		.short	4088
 17918 0b72 F007     		.short	2032
 17919 0b74 E007     		.short	2016
 17920 0b76 E003     		.short	992
 17921 0b78 E003     		.short	992
 17922 0b7a F007     		.short	2032
 17923 0b7c F80F     		.short	4088
 17924 0b7e 7C0F     		.short	3964
 17925 0b80 7C1E     		.short	7804
 17926 0b82 3E3C     		.short	15422
 17927 0b84 1F78     		.short	30751
 17928 0b86 0F78     		.short	30735
 17929 0b88 0FF0     		.short	-4081
 17930 0b8a 0000     		.short	0
 17931 0b8c 0000     		.short	0
 17932 0b8e 0000     		.short	0
 17933 0b90 0000     		.short	0
 17934 0b92 0000     		.short	0
 17935 0b94 0000     		.short	0
 17936 0b96 0000     		.short	0
 17937 0b98 0000     		.short	0
 17938 0b9a 07F8     		.short	-2041
 17939 0b9c 0778     		.short	30727
 17940 0b9e 0F7C     		.short	31759
 17941 0ba0 1E3C     		.short	15390
 17942 0ba2 1E3E     		.short	15902
 17943 0ba4 3C1F     		.short	7996
 17944 0ba6 780F     		.short	3960
 17945 0ba8 F80F     		.short	4088
 17946 0baa F007     		.short	2032
 17947 0bac E003     		.short	992
 17948 0bae E003     		.short	992
 17949 0bb0 E003     		.short	992
 17950 0bb2 E003     		.short	992
 17951 0bb4 E003     		.short	992
 17952 0bb6 E003     		.short	992
 17953 0bb8 E003     		.short	992
 17954 0bba E003     		.short	992
 17955 0bbc E003     		.short	992
 17956 0bbe 0000     		.short	0
 17957 0bc0 0000     		.short	0
 17958 0bc2 0000     		.short	0
 17959 0bc4 0000     		.short	0
 17960 0bc6 0000     		.short	0
 17961 0bc8 0000     		.short	0
 17962 0bca 0000     		.short	0
 17963 0bcc 0000     		.short	0
 17964 0bce FF7F     		.short	32767
 17965 0bd0 FF7F     		.short	32767
 17966 0bd2 0F00     		.short	15
 17967 0bd4 1F00     		.short	31
ARM GAS  /tmp/ccXeXMPx.s 			page 316


 17968 0bd6 3E00     		.short	62
 17969 0bd8 7C00     		.short	124
 17970 0bda F800     		.short	248
 17971 0bdc F000     		.short	240
 17972 0bde E001     		.short	480
 17973 0be0 E003     		.short	992
 17974 0be2 C007     		.short	1984
 17975 0be4 800F     		.short	3968
 17976 0be6 000F     		.short	3840
 17977 0be8 001E     		.short	7680
 17978 0bea 003E     		.short	15872
 17979 0bec 007C     		.short	31744
 17980 0bee FF7F     		.short	32767
 17981 0bf0 FF7F     		.short	32767
 17982 0bf2 0000     		.short	0
 17983 0bf4 0000     		.short	0
 17984 0bf6 0000     		.short	0
 17985 0bf8 0000     		.short	0
 17986 0bfa 0000     		.short	0
 17987 0bfc FF07     		.short	2047
 17988 0bfe 8007     		.short	1920
 17989 0c00 8007     		.short	1920
 17990 0c02 8007     		.short	1920
 17991 0c04 8007     		.short	1920
 17992 0c06 8007     		.short	1920
 17993 0c08 8007     		.short	1920
 17994 0c0a 8007     		.short	1920
 17995 0c0c 8007     		.short	1920
 17996 0c0e 8007     		.short	1920
 17997 0c10 8007     		.short	1920
 17998 0c12 8007     		.short	1920
 17999 0c14 8007     		.short	1920
 18000 0c16 8007     		.short	1920
 18001 0c18 8007     		.short	1920
 18002 0c1a 8007     		.short	1920
 18003 0c1c 8007     		.short	1920
 18004 0c1e 8007     		.short	1920
 18005 0c20 8007     		.short	1920
 18006 0c22 8007     		.short	1920
 18007 0c24 8007     		.short	1920
 18008 0c26 8007     		.short	1920
 18009 0c28 8007     		.short	1920
 18010 0c2a FF07     		.short	2047
 18011 0c2c FF07     		.short	2047
 18012 0c2e 0000     		.short	0
 18013 0c30 0078     		.short	30720
 18014 0c32 0078     		.short	30720
 18015 0c34 003C     		.short	15360
 18016 0c36 003C     		.short	15360
 18017 0c38 001E     		.short	7680
 18018 0c3a 001E     		.short	7680
 18019 0c3c 000F     		.short	3840
 18020 0c3e 000F     		.short	3840
 18021 0c40 8007     		.short	1920
 18022 0c42 8007     		.short	1920
 18023 0c44 C003     		.short	960
 18024 0c46 C003     		.short	960
ARM GAS  /tmp/ccXeXMPx.s 			page 317


 18025 0c48 E001     		.short	480
 18026 0c4a E001     		.short	480
 18027 0c4c F000     		.short	240
 18028 0c4e F000     		.short	240
 18029 0c50 7800     		.short	120
 18030 0c52 7800     		.short	120
 18031 0c54 3C00     		.short	60
 18032 0c56 3C00     		.short	60
 18033 0c58 1E00     		.short	30
 18034 0c5a 1E00     		.short	30
 18035 0c5c 0F00     		.short	15
 18036 0c5e 0F00     		.short	15
 18037 0c60 0700     		.short	7
 18038 0c62 0000     		.short	0
 18039 0c64 F07F     		.short	32752
 18040 0c66 F000     		.short	240
 18041 0c68 F000     		.short	240
 18042 0c6a F000     		.short	240
 18043 0c6c F000     		.short	240
 18044 0c6e F000     		.short	240
 18045 0c70 F000     		.short	240
 18046 0c72 F000     		.short	240
 18047 0c74 F000     		.short	240
 18048 0c76 F000     		.short	240
 18049 0c78 F000     		.short	240
 18050 0c7a F000     		.short	240
 18051 0c7c F000     		.short	240
 18052 0c7e F000     		.short	240
 18053 0c80 F000     		.short	240
 18054 0c82 F000     		.short	240
 18055 0c84 F000     		.short	240
 18056 0c86 F000     		.short	240
 18057 0c88 F000     		.short	240
 18058 0c8a F000     		.short	240
 18059 0c8c F000     		.short	240
 18060 0c8e F000     		.short	240
 18061 0c90 F000     		.short	240
 18062 0c92 F07F     		.short	32752
 18063 0c94 F07F     		.short	32752
 18064 0c96 0000     		.short	0
 18065 0c98 C000     		.short	192
 18066 0c9a C001     		.short	448
 18067 0c9c C001     		.short	448
 18068 0c9e E003     		.short	992
 18069 0ca0 E003     		.short	992
 18070 0ca2 F007     		.short	2032
 18071 0ca4 F007     		.short	2032
 18072 0ca6 7807     		.short	1912
 18073 0ca8 780F     		.short	3960
 18074 0caa 380F     		.short	3896
 18075 0cac 3C1E     		.short	7740
 18076 0cae 3C1E     		.short	7740
 18077 0cb0 1E3C     		.short	15390
 18078 0cb2 1E3C     		.short	15390
 18079 0cb4 0F38     		.short	14351
 18080 0cb6 0F78     		.short	30735
 18081 0cb8 0778     		.short	30727
ARM GAS  /tmp/ccXeXMPx.s 			page 318


 18082 0cba 0000     		.short	0
 18083 0cbc 0000     		.short	0
 18084 0cbe 0000     		.short	0
 18085 0cc0 0000     		.short	0
 18086 0cc2 0000     		.short	0
 18087 0cc4 0000     		.short	0
 18088 0cc6 0000     		.short	0
 18089 0cc8 0000     		.short	0
 18090 0cca 0000     		.short	0
 18091 0ccc 0000     		.short	0
 18092 0cce 0000     		.short	0
 18093 0cd0 0000     		.short	0
 18094 0cd2 0000     		.short	0
 18095 0cd4 0000     		.short	0
 18096 0cd6 0000     		.short	0
 18097 0cd8 0000     		.short	0
 18098 0cda 0000     		.short	0
 18099 0cdc 0000     		.short	0
 18100 0cde 0000     		.short	0
 18101 0ce0 0000     		.short	0
 18102 0ce2 0000     		.short	0
 18103 0ce4 0000     		.short	0
 18104 0ce6 0000     		.short	0
 18105 0ce8 0000     		.short	0
 18106 0cea 0000     		.short	0
 18107 0cec 0000     		.short	0
 18108 0cee 0000     		.short	0
 18109 0cf0 0000     		.short	0
 18110 0cf2 0000     		.short	0
 18111 0cf4 0000     		.short	0
 18112 0cf6 FFFF     		.short	-1
 18113 0cf8 FFFF     		.short	-1
 18114 0cfa 0000     		.short	0
 18115 0cfc 0000     		.short	0
 18116 0cfe 0000     		.short	0
 18117 0d00 F000     		.short	240
 18118 0d02 0000     		.short	0
 18119 0d04 0000     		.short	0
 18120 0d06 0000     		.short	0
 18121 0d08 0000     		.short	0
 18122 0d0a 0000     		.short	0
 18123 0d0c 0000     		.short	0
 18124 0d0e 0000     		.short	0
 18125 0d10 0000     		.short	0
 18126 0d12 0000     		.short	0
 18127 0d14 0000     		.short	0
 18128 0d16 0000     		.short	0
 18129 0d18 0000     		.short	0
 18130 0d1a 0000     		.short	0
 18131 0d1c 0000     		.short	0
 18132 0d1e 0000     		.short	0
 18133 0d20 0000     		.short	0
 18134 0d22 0000     		.short	0
 18135 0d24 0000     		.short	0
 18136 0d26 0000     		.short	0
 18137 0d28 0000     		.short	0
 18138 0d2a 0000     		.short	0
ARM GAS  /tmp/ccXeXMPx.s 			page 319


 18139 0d2c 0000     		.short	0
 18140 0d2e 0000     		.short	0
 18141 0d30 0000     		.short	0
 18142 0d32 0000     		.short	0
 18143 0d34 0000     		.short	0
 18144 0d36 0000     		.short	0
 18145 0d38 0000     		.short	0
 18146 0d3a 0000     		.short	0
 18147 0d3c 0000     		.short	0
 18148 0d3e 0000     		.short	0
 18149 0d40 F80F     		.short	4088
 18150 0d42 FC3F     		.short	16380
 18151 0d44 7C3C     		.short	15484
 18152 0d46 3E00     		.short	62
 18153 0d48 3E00     		.short	62
 18154 0d4a 3E00     		.short	62
 18155 0d4c FE07     		.short	2046
 18156 0d4e FE1F     		.short	8190
 18157 0d50 3E3E     		.short	15934
 18158 0d52 3E7C     		.short	31806
 18159 0d54 3E78     		.short	30782
 18160 0d56 3E7C     		.short	31806
 18161 0d58 7E7C     		.short	31870
 18162 0d5a FF3F     		.short	16383
 18163 0d5c CF1F     		.short	8143
 18164 0d5e 0000     		.short	0
 18165 0d60 0000     		.short	0
 18166 0d62 0000     		.short	0
 18167 0d64 0000     		.short	0
 18168 0d66 0000     		.short	0
 18169 0d68 003C     		.short	15360
 18170 0d6a 003C     		.short	15360
 18171 0d6c 003C     		.short	15360
 18172 0d6e 003C     		.short	15360
 18173 0d70 003C     		.short	15360
 18174 0d72 003C     		.short	15360
 18175 0d74 F83D     		.short	15864
 18176 0d76 FE3F     		.short	16382
 18177 0d78 3E3F     		.short	16190
 18178 0d7a 1F3E     		.short	15903
 18179 0d7c 0F3C     		.short	15375
 18180 0d7e 0F3C     		.short	15375
 18181 0d80 0F3C     		.short	15375
 18182 0d82 0F3C     		.short	15375
 18183 0d84 0F3C     		.short	15375
 18184 0d86 0F3C     		.short	15375
 18185 0d88 1F3C     		.short	15391
 18186 0d8a 1E3C     		.short	15390
 18187 0d8c 3E3F     		.short	16190
 18188 0d8e FC3F     		.short	16380
 18189 0d90 F03B     		.short	15344
 18190 0d92 0000     		.short	0
 18191 0d94 0000     		.short	0
 18192 0d96 0000     		.short	0
 18193 0d98 0000     		.short	0
 18194 0d9a 0000     		.short	0
 18195 0d9c 0000     		.short	0
ARM GAS  /tmp/ccXeXMPx.s 			page 320


 18196 0d9e 0000     		.short	0
 18197 0da0 0000     		.short	0
 18198 0da2 0000     		.short	0
 18199 0da4 0000     		.short	0
 18200 0da6 0000     		.short	0
 18201 0da8 FE03     		.short	1022
 18202 0daa FF0F     		.short	4095
 18203 0dac 871F     		.short	8071
 18204 0dae 003E     		.short	15872
 18205 0db0 003E     		.short	15872
 18206 0db2 003C     		.short	15360
 18207 0db4 007C     		.short	31744
 18208 0db6 007C     		.short	31744
 18209 0db8 007C     		.short	31744
 18210 0dba 003C     		.short	15360
 18211 0dbc 003E     		.short	15872
 18212 0dbe 003E     		.short	15872
 18213 0dc0 871F     		.short	8071
 18214 0dc2 FF0F     		.short	4095
 18215 0dc4 FE03     		.short	1022
 18216 0dc6 0000     		.short	0
 18217 0dc8 0000     		.short	0
 18218 0dca 0000     		.short	0
 18219 0dcc 0000     		.short	0
 18220 0dce 0000     		.short	0
 18221 0dd0 1F00     		.short	31
 18222 0dd2 1F00     		.short	31
 18223 0dd4 1F00     		.short	31
 18224 0dd6 1F00     		.short	31
 18225 0dd8 1F00     		.short	31
 18226 0dda 1F00     		.short	31
 18227 0ddc FF07     		.short	2047
 18228 0dde FF1F     		.short	8191
 18229 0de0 3F3E     		.short	15935
 18230 0de2 1F3C     		.short	15391
 18231 0de4 1F7C     		.short	31775
 18232 0de6 1F7C     		.short	31775
 18233 0de8 1F7C     		.short	31775
 18234 0dea 1F78     		.short	30751
 18235 0dec 1F78     		.short	30751
 18236 0dee 1F7C     		.short	31775
 18237 0df0 1F7C     		.short	31775
 18238 0df2 3F3C     		.short	15423
 18239 0df4 7F3E     		.short	15999
 18240 0df6 FF1F     		.short	8191
 18241 0df8 DF0F     		.short	4063
 18242 0dfa 0000     		.short	0
 18243 0dfc 0000     		.short	0
 18244 0dfe 0000     		.short	0
 18245 0e00 0000     		.short	0
 18246 0e02 0000     		.short	0
 18247 0e04 0000     		.short	0
 18248 0e06 0000     		.short	0
 18249 0e08 0000     		.short	0
 18250 0e0a 0000     		.short	0
 18251 0e0c 0000     		.short	0
 18252 0e0e 0000     		.short	0
ARM GAS  /tmp/ccXeXMPx.s 			page 321


 18253 0e10 F803     		.short	1016
 18254 0e12 FC0F     		.short	4092
 18255 0e14 3E1F     		.short	7998
 18256 0e16 1E3E     		.short	15902
 18257 0e18 1F3C     		.short	15391
 18258 0e1a 1F7C     		.short	31775
 18259 0e1c FF7F     		.short	32767
 18260 0e1e FF7F     		.short	32767
 18261 0e20 007C     		.short	31744
 18262 0e22 007C     		.short	31744
 18263 0e24 003C     		.short	15360
 18264 0e26 003E     		.short	15872
 18265 0e28 071F     		.short	7943
 18266 0e2a FF0F     		.short	4095
 18267 0e2c FE03     		.short	1022
 18268 0e2e 0000     		.short	0
 18269 0e30 0000     		.short	0
 18270 0e32 0000     		.short	0
 18271 0e34 0000     		.short	0
 18272 0e36 0000     		.short	0
 18273 0e38 FF01     		.short	511
 18274 0e3a E103     		.short	993
 18275 0e3c C003     		.short	960
 18276 0e3e C007     		.short	1984
 18277 0e40 C007     		.short	1984
 18278 0e42 C007     		.short	1984
 18279 0e44 FF7F     		.short	32767
 18280 0e46 FF7F     		.short	32767
 18281 0e48 C007     		.short	1984
 18282 0e4a C007     		.short	1984
 18283 0e4c C007     		.short	1984
 18284 0e4e C007     		.short	1984
 18285 0e50 C007     		.short	1984
 18286 0e52 C007     		.short	1984
 18287 0e54 C007     		.short	1984
 18288 0e56 C007     		.short	1984
 18289 0e58 C007     		.short	1984
 18290 0e5a C007     		.short	1984
 18291 0e5c C007     		.short	1984
 18292 0e5e C007     		.short	1984
 18293 0e60 C007     		.short	1984
 18294 0e62 0000     		.short	0
 18295 0e64 0000     		.short	0
 18296 0e66 0000     		.short	0
 18297 0e68 0000     		.short	0
 18298 0e6a 0000     		.short	0
 18299 0e6c 0000     		.short	0
 18300 0e6e 0000     		.short	0
 18301 0e70 0000     		.short	0
 18302 0e72 0000     		.short	0
 18303 0e74 0000     		.short	0
 18304 0e76 0000     		.short	0
 18305 0e78 EF07     		.short	2031
 18306 0e7a FF1F     		.short	8191
 18307 0e7c 7F3E     		.short	15999
 18308 0e7e 1F3C     		.short	15391
 18309 0e80 1F7C     		.short	31775
ARM GAS  /tmp/ccXeXMPx.s 			page 322


 18310 0e82 1F7C     		.short	31775
 18311 0e84 1F78     		.short	30751
 18312 0e86 1F78     		.short	30751
 18313 0e88 1F78     		.short	30751
 18314 0e8a 1F7C     		.short	31775
 18315 0e8c 1F7C     		.short	31775
 18316 0e8e 3F3C     		.short	15423
 18317 0e90 7F3E     		.short	15999
 18318 0e92 FF1F     		.short	8191
 18319 0e94 DF0F     		.short	4063
 18320 0e96 1E00     		.short	30
 18321 0e98 1E00     		.short	30
 18322 0e9a 1E00     		.short	30
 18323 0e9c 7C38     		.short	14460
 18324 0e9e F83F     		.short	16376
 18325 0ea0 003C     		.short	15360
 18326 0ea2 003C     		.short	15360
 18327 0ea4 003C     		.short	15360
 18328 0ea6 003C     		.short	15360
 18329 0ea8 003C     		.short	15360
 18330 0eaa 003C     		.short	15360
 18331 0eac FC3D     		.short	15868
 18332 0eae FE3F     		.short	16382
 18333 0eb0 9E3F     		.short	16286
 18334 0eb2 1F3F     		.short	16159
 18335 0eb4 1F3E     		.short	15903
 18336 0eb6 1F3C     		.short	15391
 18337 0eb8 1F3C     		.short	15391
 18338 0eba 1F3C     		.short	15391
 18339 0ebc 1F3C     		.short	15391
 18340 0ebe 1F3C     		.short	15391
 18341 0ec0 1F3C     		.short	15391
 18342 0ec2 1F3C     		.short	15391
 18343 0ec4 1F3C     		.short	15391
 18344 0ec6 1F3C     		.short	15391
 18345 0ec8 1F3C     		.short	15391
 18346 0eca 0000     		.short	0
 18347 0ecc 0000     		.short	0
 18348 0ece 0000     		.short	0
 18349 0ed0 0000     		.short	0
 18350 0ed2 0000     		.short	0
 18351 0ed4 F001     		.short	496
 18352 0ed6 F001     		.short	496
 18353 0ed8 0000     		.short	0
 18354 0eda 0000     		.short	0
 18355 0edc 0000     		.short	0
 18356 0ede 0000     		.short	0
 18357 0ee0 E07F     		.short	32736
 18358 0ee2 E07F     		.short	32736
 18359 0ee4 E001     		.short	480
 18360 0ee6 E001     		.short	480
 18361 0ee8 E001     		.short	480
 18362 0eea E001     		.short	480
 18363 0eec E001     		.short	480
 18364 0eee E001     		.short	480
 18365 0ef0 E001     		.short	480
 18366 0ef2 E001     		.short	480
ARM GAS  /tmp/ccXeXMPx.s 			page 323


 18367 0ef4 E001     		.short	480
 18368 0ef6 E001     		.short	480
 18369 0ef8 E001     		.short	480
 18370 0efa E001     		.short	480
 18371 0efc E001     		.short	480
 18372 0efe 0000     		.short	0
 18373 0f00 0000     		.short	0
 18374 0f02 0000     		.short	0
 18375 0f04 0000     		.short	0
 18376 0f06 0000     		.short	0
 18377 0f08 F800     		.short	248
 18378 0f0a F800     		.short	248
 18379 0f0c 0000     		.short	0
 18380 0f0e 0000     		.short	0
 18381 0f10 0000     		.short	0
 18382 0f12 0000     		.short	0
 18383 0f14 F83F     		.short	16376
 18384 0f16 F83F     		.short	16376
 18385 0f18 F800     		.short	248
 18386 0f1a F800     		.short	248
 18387 0f1c F800     		.short	248
 18388 0f1e F800     		.short	248
 18389 0f20 F800     		.short	248
 18390 0f22 F800     		.short	248
 18391 0f24 F800     		.short	248
 18392 0f26 F800     		.short	248
 18393 0f28 F800     		.short	248
 18394 0f2a F800     		.short	248
 18395 0f2c F800     		.short	248
 18396 0f2e F800     		.short	248
 18397 0f30 F800     		.short	248
 18398 0f32 F800     		.short	248
 18399 0f34 F800     		.short	248
 18400 0f36 F000     		.short	240
 18401 0f38 F071     		.short	29168
 18402 0f3a E07F     		.short	32736
 18403 0f3c 003C     		.short	15360
 18404 0f3e 003C     		.short	15360
 18405 0f40 003C     		.short	15360
 18406 0f42 003C     		.short	15360
 18407 0f44 003C     		.short	15360
 18408 0f46 003C     		.short	15360
 18409 0f48 1F3C     		.short	15391
 18410 0f4a 3E3C     		.short	15422
 18411 0f4c 7C3C     		.short	15484
 18412 0f4e F83C     		.short	15608
 18413 0f50 F03D     		.short	15856
 18414 0f52 E03D     		.short	15840
 18415 0f54 C03F     		.short	16320
 18416 0f56 C03F     		.short	16320
 18417 0f58 E03F     		.short	16352
 18418 0f5a F03D     		.short	15856
 18419 0f5c F83C     		.short	15608
 18420 0f5e 7C3C     		.short	15484
 18421 0f60 3E3C     		.short	15422
 18422 0f62 1F3C     		.short	15391
 18423 0f64 1F3C     		.short	15391
ARM GAS  /tmp/ccXeXMPx.s 			page 324


 18424 0f66 0000     		.short	0
 18425 0f68 0000     		.short	0
 18426 0f6a 0000     		.short	0
 18427 0f6c 0000     		.short	0
 18428 0f6e 0000     		.short	0
 18429 0f70 F07F     		.short	32752
 18430 0f72 F001     		.short	496
 18431 0f74 F001     		.short	496
 18432 0f76 F001     		.short	496
 18433 0f78 F001     		.short	496
 18434 0f7a F001     		.short	496
 18435 0f7c F001     		.short	496
 18436 0f7e F001     		.short	496
 18437 0f80 F001     		.short	496
 18438 0f82 F001     		.short	496
 18439 0f84 F001     		.short	496
 18440 0f86 F001     		.short	496
 18441 0f88 F001     		.short	496
 18442 0f8a F001     		.short	496
 18443 0f8c F001     		.short	496
 18444 0f8e F001     		.short	496
 18445 0f90 F001     		.short	496
 18446 0f92 F001     		.short	496
 18447 0f94 F001     		.short	496
 18448 0f96 F001     		.short	496
 18449 0f98 F001     		.short	496
 18450 0f9a 0000     		.short	0
 18451 0f9c 0000     		.short	0
 18452 0f9e 0000     		.short	0
 18453 0fa0 0000     		.short	0
 18454 0fa2 0000     		.short	0
 18455 0fa4 0000     		.short	0
 18456 0fa6 0000     		.short	0
 18457 0fa8 0000     		.short	0
 18458 0faa 0000     		.short	0
 18459 0fac 0000     		.short	0
 18460 0fae 0000     		.short	0
 18461 0fb0 9EF7     		.short	-2146
 18462 0fb2 FFFF     		.short	-1
 18463 0fb4 FFFF     		.short	-1
 18464 0fb6 FFFF     		.short	-1
 18465 0fb8 E7FB     		.short	-1049
 18466 0fba E7F9     		.short	-1561
 18467 0fbc C7F1     		.short	-3641
 18468 0fbe C7F1     		.short	-3641
 18469 0fc0 C7F1     		.short	-3641
 18470 0fc2 C7F1     		.short	-3641
 18471 0fc4 C7F1     		.short	-3641
 18472 0fc6 C7F1     		.short	-3641
 18473 0fc8 C7F1     		.short	-3641
 18474 0fca C7F1     		.short	-3641
 18475 0fcc C7F1     		.short	-3641
 18476 0fce 0000     		.short	0
 18477 0fd0 0000     		.short	0
 18478 0fd2 0000     		.short	0
 18479 0fd4 0000     		.short	0
 18480 0fd6 0000     		.short	0
ARM GAS  /tmp/ccXeXMPx.s 			page 325


 18481 0fd8 0000     		.short	0
 18482 0fda 0000     		.short	0
 18483 0fdc 0000     		.short	0
 18484 0fde 0000     		.short	0
 18485 0fe0 0000     		.short	0
 18486 0fe2 0000     		.short	0
 18487 0fe4 FC3D     		.short	15868
 18488 0fe6 FE3F     		.short	16382
 18489 0fe8 9E3F     		.short	16286
 18490 0fea 1F3F     		.short	16159
 18491 0fec 1F3E     		.short	15903
 18492 0fee 1F3C     		.short	15391
 18493 0ff0 1F3C     		.short	15391
 18494 0ff2 1F3C     		.short	15391
 18495 0ff4 1F3C     		.short	15391
 18496 0ff6 1F3C     		.short	15391
 18497 0ff8 1F3C     		.short	15391
 18498 0ffa 1F3C     		.short	15391
 18499 0ffc 1F3C     		.short	15391
 18500 0ffe 1F3C     		.short	15391
 18501 1000 1F3C     		.short	15391
 18502 1002 0000     		.short	0
 18503 1004 0000     		.short	0
 18504 1006 0000     		.short	0
 18505 1008 0000     		.short	0
 18506 100a 0000     		.short	0
 18507 100c 0000     		.short	0
 18508 100e 0000     		.short	0
 18509 1010 0000     		.short	0
 18510 1012 0000     		.short	0
 18511 1014 0000     		.short	0
 18512 1016 0000     		.short	0
 18513 1018 F007     		.short	2032
 18514 101a FC1F     		.short	8188
 18515 101c 3E3E     		.short	15934
 18516 101e 1F3C     		.short	15391
 18517 1020 1F7C     		.short	31775
 18518 1022 0F78     		.short	30735
 18519 1024 0F78     		.short	30735
 18520 1026 0F78     		.short	30735
 18521 1028 0F78     		.short	30735
 18522 102a 0F78     		.short	30735
 18523 102c 1F7C     		.short	31775
 18524 102e 1F3C     		.short	15391
 18525 1030 3E3E     		.short	15934
 18526 1032 FC1F     		.short	8188
 18527 1034 F007     		.short	2032
 18528 1036 0000     		.short	0
 18529 1038 0000     		.short	0
 18530 103a 0000     		.short	0
 18531 103c 0000     		.short	0
 18532 103e 0000     		.short	0
 18533 1040 0000     		.short	0
 18534 1042 0000     		.short	0
 18535 1044 0000     		.short	0
 18536 1046 0000     		.short	0
 18537 1048 0000     		.short	0
ARM GAS  /tmp/ccXeXMPx.s 			page 326


 18538 104a 0000     		.short	0
 18539 104c F83D     		.short	15864
 18540 104e FE3F     		.short	16382
 18541 1050 3E3F     		.short	16190
 18542 1052 1F3E     		.short	15903
 18543 1054 0F3C     		.short	15375
 18544 1056 0F3C     		.short	15375
 18545 1058 0F3C     		.short	15375
 18546 105a 0F3C     		.short	15375
 18547 105c 0F3C     		.short	15375
 18548 105e 0F3C     		.short	15375
 18549 1060 1F3C     		.short	15391
 18550 1062 1E3E     		.short	15902
 18551 1064 3E3F     		.short	16190
 18552 1066 FC3F     		.short	16380
 18553 1068 F83F     		.short	16376
 18554 106a 003C     		.short	15360
 18555 106c 003C     		.short	15360
 18556 106e 003C     		.short	15360
 18557 1070 003C     		.short	15360
 18558 1072 003C     		.short	15360
 18559 1074 0000     		.short	0
 18560 1076 0000     		.short	0
 18561 1078 0000     		.short	0
 18562 107a 0000     		.short	0
 18563 107c 0000     		.short	0
 18564 107e 0000     		.short	0
 18565 1080 EE07     		.short	2030
 18566 1082 FE1F     		.short	8190
 18567 1084 7E3E     		.short	15998
 18568 1086 1E3C     		.short	15390
 18569 1088 1E7C     		.short	31774
 18570 108a 1E78     		.short	30750
 18571 108c 1E78     		.short	30750
 18572 108e 1E78     		.short	30750
 18573 1090 1E78     		.short	30750
 18574 1092 1E78     		.short	30750
 18575 1094 1E7C     		.short	31774
 18576 1096 3E7C     		.short	31806
 18577 1098 7E3E     		.short	15998
 18578 109a FE1F     		.short	8190
 18579 109c DE0F     		.short	4062
 18580 109e 1E00     		.short	30
 18581 10a0 1E00     		.short	30
 18582 10a2 1E00     		.short	30
 18583 10a4 1E00     		.short	30
 18584 10a6 1E00     		.short	30
 18585 10a8 0000     		.short	0
 18586 10aa 0000     		.short	0
 18587 10ac 0000     		.short	0
 18588 10ae 0000     		.short	0
 18589 10b0 0000     		.short	0
 18590 10b2 0000     		.short	0
 18591 10b4 7F1F     		.short	8063
 18592 10b6 FF1F     		.short	8191
 18593 10b8 E71F     		.short	8167
 18594 10ba C71F     		.short	8135
ARM GAS  /tmp/ccXeXMPx.s 			page 327


 18595 10bc 871F     		.short	8071
 18596 10be 001F     		.short	7936
 18597 10c0 001F     		.short	7936
 18598 10c2 001F     		.short	7936
 18599 10c4 001F     		.short	7936
 18600 10c6 001F     		.short	7936
 18601 10c8 001F     		.short	7936
 18602 10ca 001F     		.short	7936
 18603 10cc 001F     		.short	7936
 18604 10ce 001F     		.short	7936
 18605 10d0 001F     		.short	7936
 18606 10d2 0000     		.short	0
 18607 10d4 0000     		.short	0
 18608 10d6 0000     		.short	0
 18609 10d8 0000     		.short	0
 18610 10da 0000     		.short	0
 18611 10dc 0000     		.short	0
 18612 10de 0000     		.short	0
 18613 10e0 0000     		.short	0
 18614 10e2 0000     		.short	0
 18615 10e4 0000     		.short	0
 18616 10e6 0000     		.short	0
 18617 10e8 FC07     		.short	2044
 18618 10ea FE1F     		.short	8190
 18619 10ec 0E1E     		.short	7694
 18620 10ee 003E     		.short	15872
 18621 10f0 003E     		.short	15872
 18622 10f2 003F     		.short	16128
 18623 10f4 E01F     		.short	8160
 18624 10f6 FC07     		.short	2044
 18625 10f8 FE00     		.short	254
 18626 10fa 3E00     		.short	62
 18627 10fc 1E00     		.short	30
 18628 10fe 1E00     		.short	30
 18629 1100 3E3C     		.short	15422
 18630 1102 FC3F     		.short	16380
 18631 1104 F01F     		.short	8176
 18632 1106 0000     		.short	0
 18633 1108 0000     		.short	0
 18634 110a 0000     		.short	0
 18635 110c 0000     		.short	0
 18636 110e 0000     		.short	0
 18637 1110 0000     		.short	0
 18638 1112 0000     		.short	0
 18639 1114 0000     		.short	0
 18640 1116 8007     		.short	1920
 18641 1118 8007     		.short	1920
 18642 111a 8007     		.short	1920
 18643 111c FF7F     		.short	32767
 18644 111e FF7F     		.short	32767
 18645 1120 8007     		.short	1920
 18646 1122 8007     		.short	1920
 18647 1124 8007     		.short	1920
 18648 1126 8007     		.short	1920
 18649 1128 8007     		.short	1920
 18650 112a 8007     		.short	1920
 18651 112c 8007     		.short	1920
ARM GAS  /tmp/ccXeXMPx.s 			page 328


 18652 112e 8007     		.short	1920
 18653 1130 8007     		.short	1920
 18654 1132 8007     		.short	1920
 18655 1134 C007     		.short	1984
 18656 1136 FF03     		.short	1023
 18657 1138 FF01     		.short	511
 18658 113a 0000     		.short	0
 18659 113c 0000     		.short	0
 18660 113e 0000     		.short	0
 18661 1140 0000     		.short	0
 18662 1142 0000     		.short	0
 18663 1144 0000     		.short	0
 18664 1146 0000     		.short	0
 18665 1148 0000     		.short	0
 18666 114a 0000     		.short	0
 18667 114c 0000     		.short	0
 18668 114e 0000     		.short	0
 18669 1150 1E3C     		.short	15390
 18670 1152 1E3C     		.short	15390
 18671 1154 1E3C     		.short	15390
 18672 1156 1E3C     		.short	15390
 18673 1158 1E3C     		.short	15390
 18674 115a 1E3C     		.short	15390
 18675 115c 1E3C     		.short	15390
 18676 115e 1E3C     		.short	15390
 18677 1160 1E3C     		.short	15390
 18678 1162 1E3C     		.short	15390
 18679 1164 3E3C     		.short	15422
 18680 1166 7E3C     		.short	15486
 18681 1168 FE3E     		.short	16126
 18682 116a FE1F     		.short	8190
 18683 116c DE0F     		.short	4062
 18684 116e 0000     		.short	0
 18685 1170 0000     		.short	0
 18686 1172 0000     		.short	0
 18687 1174 0000     		.short	0
 18688 1176 0000     		.short	0
 18689 1178 0000     		.short	0
 18690 117a 0000     		.short	0
 18691 117c 0000     		.short	0
 18692 117e 0000     		.short	0
 18693 1180 0000     		.short	0
 18694 1182 0000     		.short	0
 18695 1184 07F0     		.short	-4089
 18696 1186 0F78     		.short	30735
 18697 1188 0F78     		.short	30735
 18698 118a 1E3C     		.short	15390
 18699 118c 1E3C     		.short	15390
 18700 118e 1E3E     		.short	15902
 18701 1190 3C1E     		.short	7740
 18702 1192 3C1E     		.short	7740
 18703 1194 780F     		.short	3960
 18704 1196 780F     		.short	3960
 18705 1198 F00F     		.short	4080
 18706 119a F007     		.short	2032
 18707 119c F007     		.short	2032
 18708 119e E003     		.short	992
ARM GAS  /tmp/ccXeXMPx.s 			page 329


 18709 11a0 E003     		.short	992
 18710 11a2 0000     		.short	0
 18711 11a4 0000     		.short	0
 18712 11a6 0000     		.short	0
 18713 11a8 0000     		.short	0
 18714 11aa 0000     		.short	0
 18715 11ac 0000     		.short	0
 18716 11ae 0000     		.short	0
 18717 11b0 0000     		.short	0
 18718 11b2 0000     		.short	0
 18719 11b4 0000     		.short	0
 18720 11b6 0000     		.short	0
 18721 11b8 03F0     		.short	-4093
 18722 11ba E3F1     		.short	-3613
 18723 11bc E3F3     		.short	-3101
 18724 11be E7F3     		.short	-3097
 18725 11c0 F7F3     		.short	-3081
 18726 11c2 F7F3     		.short	-3081
 18727 11c4 F77F     		.short	32759
 18728 11c6 777F     		.short	32631
 18729 11c8 7F7F     		.short	32639
 18730 11ca 7F7F     		.short	32639
 18731 11cc 7F7F     		.short	32639
 18732 11ce 3E3E     		.short	15934
 18733 11d0 3E3E     		.short	15934
 18734 11d2 3E3E     		.short	15934
 18735 11d4 3E3E     		.short	15934
 18736 11d6 0000     		.short	0
 18737 11d8 0000     		.short	0
 18738 11da 0000     		.short	0
 18739 11dc 0000     		.short	0
 18740 11de 0000     		.short	0
 18741 11e0 0000     		.short	0
 18742 11e2 0000     		.short	0
 18743 11e4 0000     		.short	0
 18744 11e6 0000     		.short	0
 18745 11e8 0000     		.short	0
 18746 11ea 0000     		.short	0
 18747 11ec 0F7C     		.short	31759
 18748 11ee 1E3E     		.short	15902
 18749 11f0 3C3E     		.short	15932
 18750 11f2 3C1F     		.short	7996
 18751 11f4 F80F     		.short	4088
 18752 11f6 F007     		.short	2032
 18753 11f8 F007     		.short	2032
 18754 11fa E003     		.short	992
 18755 11fc F007     		.short	2032
 18756 11fe F807     		.short	2040
 18757 1200 F80F     		.short	4088
 18758 1202 7C1E     		.short	7804
 18759 1204 3E3E     		.short	15934
 18760 1206 1F3C     		.short	15391
 18761 1208 1F78     		.short	30751
 18762 120a 0000     		.short	0
 18763 120c 0000     		.short	0
 18764 120e 0000     		.short	0
 18765 1210 0000     		.short	0
ARM GAS  /tmp/ccXeXMPx.s 			page 330


 18766 1212 0000     		.short	0
 18767 1214 0000     		.short	0
 18768 1216 0000     		.short	0
 18769 1218 0000     		.short	0
 18770 121a 0000     		.short	0
 18771 121c 0000     		.short	0
 18772 121e 0000     		.short	0
 18773 1220 07F8     		.short	-2041
 18774 1222 0F78     		.short	30735
 18775 1224 0F7C     		.short	31759
 18776 1226 1E3C     		.short	15390
 18777 1228 1E3C     		.short	15390
 18778 122a 3C1E     		.short	7740
 18779 122c 3C1E     		.short	7740
 18780 122e 3C1F     		.short	7996
 18781 1230 780F     		.short	3960
 18782 1232 F80F     		.short	4088
 18783 1234 F007     		.short	2032
 18784 1236 F007     		.short	2032
 18785 1238 E003     		.short	992
 18786 123a E003     		.short	992
 18787 123c C003     		.short	960
 18788 123e C003     		.short	960
 18789 1240 C003     		.short	960
 18790 1242 8007     		.short	1920
 18791 1244 800F     		.short	3968
 18792 1246 007F     		.short	32512
 18793 1248 0000     		.short	0
 18794 124a 0000     		.short	0
 18795 124c 0000     		.short	0
 18796 124e 0000     		.short	0
 18797 1250 0000     		.short	0
 18798 1252 0000     		.short	0
 18799 1254 FF3F     		.short	16383
 18800 1256 FF3F     		.short	16383
 18801 1258 1F00     		.short	31
 18802 125a 3E00     		.short	62
 18803 125c 7C00     		.short	124
 18804 125e F800     		.short	248
 18805 1260 F001     		.short	496
 18806 1262 E003     		.short	992
 18807 1264 C007     		.short	1984
 18808 1266 800F     		.short	3968
 18809 1268 001F     		.short	7936
 18810 126a 001E     		.short	7680
 18811 126c 003C     		.short	15360
 18812 126e FF7F     		.short	32767
 18813 1270 FF7F     		.short	32767
 18814 1272 0000     		.short	0
 18815 1274 0000     		.short	0
 18816 1276 0000     		.short	0
 18817 1278 0000     		.short	0
 18818 127a 0000     		.short	0
 18819 127c FE01     		.short	510
 18820 127e E003     		.short	992
 18821 1280 C003     		.short	960
 18822 1282 C003     		.short	960
ARM GAS  /tmp/ccXeXMPx.s 			page 331


 18823 1284 C003     		.short	960
 18824 1286 C003     		.short	960
 18825 1288 E001     		.short	480
 18826 128a E001     		.short	480
 18827 128c E001     		.short	480
 18828 128e C001     		.short	448
 18829 1290 C003     		.short	960
 18830 1292 803F     		.short	16256
 18831 1294 803F     		.short	16256
 18832 1296 C003     		.short	960
 18833 1298 C001     		.short	448
 18834 129a E001     		.short	480
 18835 129c E001     		.short	480
 18836 129e E001     		.short	480
 18837 12a0 C003     		.short	960
 18838 12a2 C003     		.short	960
 18839 12a4 C003     		.short	960
 18840 12a6 C003     		.short	960
 18841 12a8 E003     		.short	992
 18842 12aa FE01     		.short	510
 18843 12ac 7E00     		.short	126
 18844 12ae 0000     		.short	0
 18845 12b0 C001     		.short	448
 18846 12b2 C001     		.short	448
 18847 12b4 C001     		.short	448
 18848 12b6 C001     		.short	448
 18849 12b8 C001     		.short	448
 18850 12ba C001     		.short	448
 18851 12bc C001     		.short	448
 18852 12be C001     		.short	448
 18853 12c0 C001     		.short	448
 18854 12c2 C001     		.short	448
 18855 12c4 C001     		.short	448
 18856 12c6 C001     		.short	448
 18857 12c8 C001     		.short	448
 18858 12ca C001     		.short	448
 18859 12cc C001     		.short	448
 18860 12ce C001     		.short	448
 18861 12d0 C001     		.short	448
 18862 12d2 C001     		.short	448
 18863 12d4 C001     		.short	448
 18864 12d6 C001     		.short	448
 18865 12d8 C001     		.short	448
 18866 12da C001     		.short	448
 18867 12dc C001     		.short	448
 18868 12de C001     		.short	448
 18869 12e0 C001     		.short	448
 18870 12e2 0000     		.short	0
 18871 12e4 C03F     		.short	16320
 18872 12e6 E003     		.short	992
 18873 12e8 E001     		.short	480
 18874 12ea E001     		.short	480
 18875 12ec E001     		.short	480
 18876 12ee E001     		.short	480
 18877 12f0 C001     		.short	448
 18878 12f2 C003     		.short	960
 18879 12f4 C003     		.short	960
ARM GAS  /tmp/ccXeXMPx.s 			page 332


 18880 12f6 C001     		.short	448
 18881 12f8 E001     		.short	480
 18882 12fa FE00     		.short	254
 18883 12fc FE00     		.short	254
 18884 12fe E001     		.short	480
 18885 1300 C001     		.short	448
 18886 1302 C003     		.short	960
 18887 1304 C003     		.short	960
 18888 1306 C001     		.short	448
 18889 1308 E001     		.short	480
 18890 130a E001     		.short	480
 18891 130c E001     		.short	480
 18892 130e E001     		.short	480
 18893 1310 E003     		.short	992
 18894 1312 C03F     		.short	16320
 18895 1314 003F     		.short	16128
 18896 1316 0000     		.short	0
 18897 1318 0000     		.short	0
 18898 131a 0000     		.short	0
 18899 131c 0000     		.short	0
 18900 131e 0000     		.short	0
 18901 1320 0000     		.short	0
 18902 1322 0000     		.short	0
 18903 1324 0000     		.short	0
 18904 1326 0000     		.short	0
 18905 1328 0000     		.short	0
 18906 132a 0000     		.short	0
 18907 132c 0000     		.short	0
 18908 132e 073F     		.short	16135
 18909 1330 C77F     		.short	32711
 18910 1332 E773     		.short	29671
 18911 1334 FFF1     		.short	-3585
 18912 1336 7EF0     		.short	-3970
 18913 1338 0000     		.short	0
 18914 133a 0000     		.short	0
 18915 133c 0000     		.short	0
 18916 133e 0000     		.short	0
 18917 1340 0000     		.short	0
 18918 1342 0000     		.short	0
 18919 1344 0000     		.short	0
 18920 1346 0000     		.short	0
 18921 1348 0000     		.short	0
 18922 134a 0000     		.short	0
 18923              		.section	.rodata.Font11x18,"a"
 18924              		.align	2
 18927              	Font11x18:
 18928 0000 0000     		.short	0
 18929 0002 0000     		.short	0
 18930 0004 0000     		.short	0
 18931 0006 0000     		.short	0
 18932 0008 0000     		.short	0
 18933 000a 0000     		.short	0
 18934 000c 0000     		.short	0
 18935 000e 0000     		.short	0
 18936 0010 0000     		.short	0
 18937 0012 0000     		.short	0
 18938 0014 0000     		.short	0
ARM GAS  /tmp/ccXeXMPx.s 			page 333


 18939 0016 0000     		.short	0
 18940 0018 0000     		.short	0
 18941 001a 0000     		.short	0
 18942 001c 0000     		.short	0
 18943 001e 0000     		.short	0
 18944 0020 0000     		.short	0
 18945 0022 0000     		.short	0
 18946 0024 0000     		.short	0
 18947 0026 000C     		.short	3072
 18948 0028 000C     		.short	3072
 18949 002a 000C     		.short	3072
 18950 002c 000C     		.short	3072
 18951 002e 000C     		.short	3072
 18952 0030 000C     		.short	3072
 18953 0032 000C     		.short	3072
 18954 0034 000C     		.short	3072
 18955 0036 000C     		.short	3072
 18956 0038 000C     		.short	3072
 18957 003a 000C     		.short	3072
 18958 003c 0000     		.short	0
 18959 003e 000C     		.short	3072
 18960 0040 000C     		.short	3072
 18961 0042 0000     		.short	0
 18962 0044 0000     		.short	0
 18963 0046 0000     		.short	0
 18964 0048 0000     		.short	0
 18965 004a 001B     		.short	6912
 18966 004c 001B     		.short	6912
 18967 004e 001B     		.short	6912
 18968 0050 001B     		.short	6912
 18969 0052 001B     		.short	6912
 18970 0054 0000     		.short	0
 18971 0056 0000     		.short	0
 18972 0058 0000     		.short	0
 18973 005a 0000     		.short	0
 18974 005c 0000     		.short	0
 18975 005e 0000     		.short	0
 18976 0060 0000     		.short	0
 18977 0062 0000     		.short	0
 18978 0064 0000     		.short	0
 18979 0066 0000     		.short	0
 18980 0068 0000     		.short	0
 18981 006a 0000     		.short	0
 18982 006c 0000     		.short	0
 18983 006e 8019     		.short	6528
 18984 0070 8019     		.short	6528
 18985 0072 8019     		.short	6528
 18986 0074 8019     		.short	6528
 18987 0076 C07F     		.short	32704
 18988 0078 C07F     		.short	32704
 18989 007a 8019     		.short	6528
 18990 007c 0033     		.short	13056
 18991 007e C07F     		.short	32704
 18992 0080 C07F     		.short	32704
 18993 0082 0033     		.short	13056
 18994 0084 0033     		.short	13056
 18995 0086 0033     		.short	13056
ARM GAS  /tmp/ccXeXMPx.s 			page 334


 18996 0088 0033     		.short	13056
 18997 008a 0000     		.short	0
 18998 008c 0000     		.short	0
 18999 008e 0000     		.short	0
 19000 0090 0000     		.short	0
 19001 0092 001E     		.short	7680
 19002 0094 003F     		.short	16128
 19003 0096 8075     		.short	30080
 19004 0098 8065     		.short	25984
 19005 009a 0074     		.short	29696
 19006 009c 003C     		.short	15360
 19007 009e 001E     		.short	7680
 19008 00a0 0007     		.short	1792
 19009 00a2 8005     		.short	1408
 19010 00a4 8065     		.short	25984
 19011 00a6 8065     		.short	25984
 19012 00a8 8075     		.short	30080
 19013 00aa 003F     		.short	16128
 19014 00ac 001E     		.short	7680
 19015 00ae 0004     		.short	1024
 19016 00b0 0004     		.short	1024
 19017 00b2 0000     		.short	0
 19018 00b4 0000     		.short	0
 19019 00b6 0070     		.short	28672
 19020 00b8 00D8     		.short	-10240
 19021 00ba 40D8     		.short	-10176
 19022 00bc C0D8     		.short	-10048
 19023 00be 80D9     		.short	-9856
 19024 00c0 0073     		.short	29440
 19025 00c2 0006     		.short	1536
 19026 00c4 000C     		.short	3072
 19027 00c6 801B     		.short	7040
 19028 00c8 C036     		.short	14016
 19029 00ca C066     		.short	26304
 19030 00cc C046     		.short	18112
 19031 00ce C006     		.short	1728
 19032 00d0 8003     		.short	896
 19033 00d2 0000     		.short	0
 19034 00d4 0000     		.short	0
 19035 00d6 0000     		.short	0
 19036 00d8 0000     		.short	0
 19037 00da 001E     		.short	7680
 19038 00dc 003F     		.short	16128
 19039 00de 0033     		.short	13056
 19040 00e0 0033     		.short	13056
 19041 00e2 0033     		.short	13056
 19042 00e4 001E     		.short	7680
 19043 00e6 000C     		.short	3072
 19044 00e8 C03C     		.short	15552
 19045 00ea C066     		.short	26304
 19046 00ec 8063     		.short	25472
 19047 00ee 8061     		.short	24960
 19048 00f0 8063     		.short	25472
 19049 00f2 C03E     		.short	16064
 19050 00f4 801C     		.short	7296
 19051 00f6 0000     		.short	0
 19052 00f8 0000     		.short	0
ARM GAS  /tmp/ccXeXMPx.s 			page 335


 19053 00fa 0000     		.short	0
 19054 00fc 0000     		.short	0
 19055 00fe 000C     		.short	3072
 19056 0100 000C     		.short	3072
 19057 0102 000C     		.short	3072
 19058 0104 000C     		.short	3072
 19059 0106 000C     		.short	3072
 19060 0108 0000     		.short	0
 19061 010a 0000     		.short	0
 19062 010c 0000     		.short	0
 19063 010e 0000     		.short	0
 19064 0110 0000     		.short	0
 19065 0112 0000     		.short	0
 19066 0114 0000     		.short	0
 19067 0116 0000     		.short	0
 19068 0118 0000     		.short	0
 19069 011a 0000     		.short	0
 19070 011c 0000     		.short	0
 19071 011e 0000     		.short	0
 19072 0120 8000     		.short	128
 19073 0122 0001     		.short	256
 19074 0124 0003     		.short	768
 19075 0126 0006     		.short	1536
 19076 0128 0006     		.short	1536
 19077 012a 0004     		.short	1024
 19078 012c 000C     		.short	3072
 19079 012e 000C     		.short	3072
 19080 0130 000C     		.short	3072
 19081 0132 000C     		.short	3072
 19082 0134 000C     		.short	3072
 19083 0136 000C     		.short	3072
 19084 0138 0004     		.short	1024
 19085 013a 0006     		.short	1536
 19086 013c 0006     		.short	1536
 19087 013e 0003     		.short	768
 19088 0140 0001     		.short	256
 19089 0142 8000     		.short	128
 19090 0144 0020     		.short	8192
 19091 0146 0010     		.short	4096
 19092 0148 0018     		.short	6144
 19093 014a 000C     		.short	3072
 19094 014c 000C     		.short	3072
 19095 014e 0004     		.short	1024
 19096 0150 0006     		.short	1536
 19097 0152 0006     		.short	1536
 19098 0154 0006     		.short	1536
 19099 0156 0006     		.short	1536
 19100 0158 0006     		.short	1536
 19101 015a 0006     		.short	1536
 19102 015c 0004     		.short	1024
 19103 015e 000C     		.short	3072
 19104 0160 000C     		.short	3072
 19105 0162 0018     		.short	6144
 19106 0164 0010     		.short	4096
 19107 0166 0020     		.short	8192
 19108 0168 0000     		.short	0
 19109 016a 000C     		.short	3072
ARM GAS  /tmp/ccXeXMPx.s 			page 336


 19110 016c 002D     		.short	11520
 19111 016e 003F     		.short	16128
 19112 0170 001E     		.short	7680
 19113 0172 0033     		.short	13056
 19114 0174 0000     		.short	0
 19115 0176 0000     		.short	0
 19116 0178 0000     		.short	0
 19117 017a 0000     		.short	0
 19118 017c 0000     		.short	0
 19119 017e 0000     		.short	0
 19120 0180 0000     		.short	0
 19121 0182 0000     		.short	0
 19122 0184 0000     		.short	0
 19123 0186 0000     		.short	0
 19124 0188 0000     		.short	0
 19125 018a 0000     		.short	0
 19126 018c 0000     		.short	0
 19127 018e 0000     		.short	0
 19128 0190 0000     		.short	0
 19129 0192 000C     		.short	3072
 19130 0194 000C     		.short	3072
 19131 0196 000C     		.short	3072
 19132 0198 000C     		.short	3072
 19133 019a C0FF     		.short	-64
 19134 019c C0FF     		.short	-64
 19135 019e 000C     		.short	3072
 19136 01a0 000C     		.short	3072
 19137 01a2 000C     		.short	3072
 19138 01a4 000C     		.short	3072
 19139 01a6 0000     		.short	0
 19140 01a8 0000     		.short	0
 19141 01aa 0000     		.short	0
 19142 01ac 0000     		.short	0
 19143 01ae 0000     		.short	0
 19144 01b0 0000     		.short	0
 19145 01b2 0000     		.short	0
 19146 01b4 0000     		.short	0
 19147 01b6 0000     		.short	0
 19148 01b8 0000     		.short	0
 19149 01ba 0000     		.short	0
 19150 01bc 0000     		.short	0
 19151 01be 0000     		.short	0
 19152 01c0 0000     		.short	0
 19153 01c2 0000     		.short	0
 19154 01c4 0000     		.short	0
 19155 01c6 0000     		.short	0
 19156 01c8 0000     		.short	0
 19157 01ca 000C     		.short	3072
 19158 01cc 000C     		.short	3072
 19159 01ce 0004     		.short	1024
 19160 01d0 0004     		.short	1024
 19161 01d2 0008     		.short	2048
 19162 01d4 0000     		.short	0
 19163 01d6 0000     		.short	0
 19164 01d8 0000     		.short	0
 19165 01da 0000     		.short	0
 19166 01dc 0000     		.short	0
ARM GAS  /tmp/ccXeXMPx.s 			page 337


 19167 01de 0000     		.short	0
 19168 01e0 0000     		.short	0
 19169 01e2 0000     		.short	0
 19170 01e4 0000     		.short	0
 19171 01e6 001E     		.short	7680
 19172 01e8 001E     		.short	7680
 19173 01ea 0000     		.short	0
 19174 01ec 0000     		.short	0
 19175 01ee 0000     		.short	0
 19176 01f0 0000     		.short	0
 19177 01f2 0000     		.short	0
 19178 01f4 0000     		.short	0
 19179 01f6 0000     		.short	0
 19180 01f8 0000     		.short	0
 19181 01fa 0000     		.short	0
 19182 01fc 0000     		.short	0
 19183 01fe 0000     		.short	0
 19184 0200 0000     		.short	0
 19185 0202 0000     		.short	0
 19186 0204 0000     		.short	0
 19187 0206 0000     		.short	0
 19188 0208 0000     		.short	0
 19189 020a 0000     		.short	0
 19190 020c 0000     		.short	0
 19191 020e 0000     		.short	0
 19192 0210 0000     		.short	0
 19193 0212 000C     		.short	3072
 19194 0214 000C     		.short	3072
 19195 0216 0000     		.short	0
 19196 0218 0000     		.short	0
 19197 021a 0000     		.short	0
 19198 021c 0000     		.short	0
 19199 021e 0003     		.short	768
 19200 0220 0003     		.short	768
 19201 0222 0003     		.short	768
 19202 0224 0006     		.short	1536
 19203 0226 0006     		.short	1536
 19204 0228 0006     		.short	1536
 19205 022a 0006     		.short	1536
 19206 022c 000C     		.short	3072
 19207 022e 000C     		.short	3072
 19208 0230 000C     		.short	3072
 19209 0232 000C     		.short	3072
 19210 0234 0018     		.short	6144
 19211 0236 0018     		.short	6144
 19212 0238 0018     		.short	6144
 19213 023a 0000     		.short	0
 19214 023c 0000     		.short	0
 19215 023e 0000     		.short	0
 19216 0240 0000     		.short	0
 19217 0242 001E     		.short	7680
 19218 0244 003F     		.short	16128
 19219 0246 0033     		.short	13056
 19220 0248 8061     		.short	24960
 19221 024a 8061     		.short	24960
 19222 024c 8061     		.short	24960
 19223 024e 806D     		.short	28032
ARM GAS  /tmp/ccXeXMPx.s 			page 338


 19224 0250 806D     		.short	28032
 19225 0252 8061     		.short	24960
 19226 0254 8061     		.short	24960
 19227 0256 8061     		.short	24960
 19228 0258 0033     		.short	13056
 19229 025a 003F     		.short	16128
 19230 025c 001E     		.short	7680
 19231 025e 0000     		.short	0
 19232 0260 0000     		.short	0
 19233 0262 0000     		.short	0
 19234 0264 0000     		.short	0
 19235 0266 0006     		.short	1536
 19236 0268 000E     		.short	3584
 19237 026a 001E     		.short	7680
 19238 026c 0036     		.short	13824
 19239 026e 0026     		.short	9728
 19240 0270 0006     		.short	1536
 19241 0272 0006     		.short	1536
 19242 0274 0006     		.short	1536
 19243 0276 0006     		.short	1536
 19244 0278 0006     		.short	1536
 19245 027a 0006     		.short	1536
 19246 027c 0006     		.short	1536
 19247 027e 0006     		.short	1536
 19248 0280 0006     		.short	1536
 19249 0282 0000     		.short	0
 19250 0284 0000     		.short	0
 19251 0286 0000     		.short	0
 19252 0288 0000     		.short	0
 19253 028a 001E     		.short	7680
 19254 028c 003F     		.short	16128
 19255 028e 8073     		.short	29568
 19256 0290 8061     		.short	24960
 19257 0292 8061     		.short	24960
 19258 0294 8001     		.short	384
 19259 0296 0003     		.short	768
 19260 0298 0006     		.short	1536
 19261 029a 000C     		.short	3072
 19262 029c 0018     		.short	6144
 19263 029e 0030     		.short	12288
 19264 02a0 0060     		.short	24576
 19265 02a2 807F     		.short	32640
 19266 02a4 807F     		.short	32640
 19267 02a6 0000     		.short	0
 19268 02a8 0000     		.short	0
 19269 02aa 0000     		.short	0
 19270 02ac 0000     		.short	0
 19271 02ae 001C     		.short	7168
 19272 02b0 003E     		.short	15872
 19273 02b2 0063     		.short	25344
 19274 02b4 0063     		.short	25344
 19275 02b6 0003     		.short	768
 19276 02b8 000E     		.short	3584
 19277 02ba 000E     		.short	3584
 19278 02bc 0003     		.short	768
 19279 02be 8001     		.short	384
 19280 02c0 8001     		.short	384
ARM GAS  /tmp/ccXeXMPx.s 			page 339


 19281 02c2 8061     		.short	24960
 19282 02c4 8073     		.short	29568
 19283 02c6 003F     		.short	16128
 19284 02c8 001E     		.short	7680
 19285 02ca 0000     		.short	0
 19286 02cc 0000     		.short	0
 19287 02ce 0000     		.short	0
 19288 02d0 0000     		.short	0
 19289 02d2 0006     		.short	1536
 19290 02d4 000E     		.short	3584
 19291 02d6 000E     		.short	3584
 19292 02d8 001E     		.short	7680
 19293 02da 001E     		.short	7680
 19294 02dc 0016     		.short	5632
 19295 02de 0036     		.short	13824
 19296 02e0 0036     		.short	13824
 19297 02e2 0066     		.short	26112
 19298 02e4 807F     		.short	32640
 19299 02e6 807F     		.short	32640
 19300 02e8 0006     		.short	1536
 19301 02ea 0006     		.short	1536
 19302 02ec 0006     		.short	1536
 19303 02ee 0000     		.short	0
 19304 02f0 0000     		.short	0
 19305 02f2 0000     		.short	0
 19306 02f4 0000     		.short	0
 19307 02f6 007F     		.short	32512
 19308 02f8 007F     		.short	32512
 19309 02fa 0060     		.short	24576
 19310 02fc 0060     		.short	24576
 19311 02fe 0060     		.short	24576
 19312 0300 006E     		.short	28160
 19313 0302 007F     		.short	32512
 19314 0304 8063     		.short	25472
 19315 0306 8001     		.short	384
 19316 0308 8001     		.short	384
 19317 030a 8061     		.short	24960
 19318 030c 8073     		.short	29568
 19319 030e 003F     		.short	16128
 19320 0310 001E     		.short	7680
 19321 0312 0000     		.short	0
 19322 0314 0000     		.short	0
 19323 0316 0000     		.short	0
 19324 0318 0000     		.short	0
 19325 031a 001E     		.short	7680
 19326 031c 003F     		.short	16128
 19327 031e 8033     		.short	13184
 19328 0320 8061     		.short	24960
 19329 0322 0060     		.short	24576
 19330 0324 006E     		.short	28160
 19331 0326 007F     		.short	32512
 19332 0328 8073     		.short	29568
 19333 032a 8061     		.short	24960
 19334 032c 8061     		.short	24960
 19335 032e 8061     		.short	24960
 19336 0330 8033     		.short	13184
 19337 0332 003F     		.short	16128
ARM GAS  /tmp/ccXeXMPx.s 			page 340


 19338 0334 001E     		.short	7680
 19339 0336 0000     		.short	0
 19340 0338 0000     		.short	0
 19341 033a 0000     		.short	0
 19342 033c 0000     		.short	0
 19343 033e 807F     		.short	32640
 19344 0340 807F     		.short	32640
 19345 0342 8001     		.short	384
 19346 0344 0003     		.short	768
 19347 0346 0003     		.short	768
 19348 0348 0006     		.short	1536
 19349 034a 0006     		.short	1536
 19350 034c 000C     		.short	3072
 19351 034e 000C     		.short	3072
 19352 0350 000C     		.short	3072
 19353 0352 0008     		.short	2048
 19354 0354 0018     		.short	6144
 19355 0356 0018     		.short	6144
 19356 0358 0018     		.short	6144
 19357 035a 0000     		.short	0
 19358 035c 0000     		.short	0
 19359 035e 0000     		.short	0
 19360 0360 0000     		.short	0
 19361 0362 001E     		.short	7680
 19362 0364 003F     		.short	16128
 19363 0366 8063     		.short	25472
 19364 0368 8061     		.short	24960
 19365 036a 8061     		.short	24960
 19366 036c 0021     		.short	8448
 19367 036e 001E     		.short	7680
 19368 0370 003F     		.short	16128
 19369 0372 8061     		.short	24960
 19370 0374 8061     		.short	24960
 19371 0376 8061     		.short	24960
 19372 0378 8061     		.short	24960
 19373 037a 003F     		.short	16128
 19374 037c 001E     		.short	7680
 19375 037e 0000     		.short	0
 19376 0380 0000     		.short	0
 19377 0382 0000     		.short	0
 19378 0384 0000     		.short	0
 19379 0386 001E     		.short	7680
 19380 0388 003F     		.short	16128
 19381 038a 0073     		.short	29440
 19382 038c 8061     		.short	24960
 19383 038e 8061     		.short	24960
 19384 0390 8061     		.short	24960
 19385 0392 8073     		.short	29568
 19386 0394 803F     		.short	16256
 19387 0396 801D     		.short	7552
 19388 0398 8001     		.short	384
 19389 039a 8061     		.short	24960
 19390 039c 0073     		.short	29440
 19391 039e 003F     		.short	16128
 19392 03a0 001E     		.short	7680
 19393 03a2 0000     		.short	0
 19394 03a4 0000     		.short	0
ARM GAS  /tmp/ccXeXMPx.s 			page 341


 19395 03a6 0000     		.short	0
 19396 03a8 0000     		.short	0
 19397 03aa 0000     		.short	0
 19398 03ac 0000     		.short	0
 19399 03ae 0000     		.short	0
 19400 03b0 0000     		.short	0
 19401 03b2 000C     		.short	3072
 19402 03b4 000C     		.short	3072
 19403 03b6 0000     		.short	0
 19404 03b8 0000     		.short	0
 19405 03ba 0000     		.short	0
 19406 03bc 0000     		.short	0
 19407 03be 0000     		.short	0
 19408 03c0 0000     		.short	0
 19409 03c2 000C     		.short	3072
 19410 03c4 000C     		.short	3072
 19411 03c6 0000     		.short	0
 19412 03c8 0000     		.short	0
 19413 03ca 0000     		.short	0
 19414 03cc 0000     		.short	0
 19415 03ce 0000     		.short	0
 19416 03d0 0000     		.short	0
 19417 03d2 0000     		.short	0
 19418 03d4 0000     		.short	0
 19419 03d6 0000     		.short	0
 19420 03d8 000C     		.short	3072
 19421 03da 000C     		.short	3072
 19422 03dc 0000     		.short	0
 19423 03de 0000     		.short	0
 19424 03e0 0000     		.short	0
 19425 03e2 0000     		.short	0
 19426 03e4 0000     		.short	0
 19427 03e6 000C     		.short	3072
 19428 03e8 000C     		.short	3072
 19429 03ea 0004     		.short	1024
 19430 03ec 0004     		.short	1024
 19431 03ee 0008     		.short	2048
 19432 03f0 0000     		.short	0
 19433 03f2 0000     		.short	0
 19434 03f4 0000     		.short	0
 19435 03f6 0000     		.short	0
 19436 03f8 8000     		.short	128
 19437 03fa 8003     		.short	896
 19438 03fc 000E     		.short	3584
 19439 03fe 0038     		.short	14336
 19440 0400 0060     		.short	24576
 19441 0402 0038     		.short	14336
 19442 0404 000E     		.short	3584
 19443 0406 8003     		.short	896
 19444 0408 8000     		.short	128
 19445 040a 0000     		.short	0
 19446 040c 0000     		.short	0
 19447 040e 0000     		.short	0
 19448 0410 0000     		.short	0
 19449 0412 0000     		.short	0
 19450 0414 0000     		.short	0
 19451 0416 0000     		.short	0
ARM GAS  /tmp/ccXeXMPx.s 			page 342


 19452 0418 0000     		.short	0
 19453 041a 0000     		.short	0
 19454 041c 0000     		.short	0
 19455 041e 807F     		.short	32640
 19456 0420 807F     		.short	32640
 19457 0422 0000     		.short	0
 19458 0424 0000     		.short	0
 19459 0426 807F     		.short	32640
 19460 0428 807F     		.short	32640
 19461 042a 0000     		.short	0
 19462 042c 0000     		.short	0
 19463 042e 0000     		.short	0
 19464 0430 0000     		.short	0
 19465 0432 0000     		.short	0
 19466 0434 0000     		.short	0
 19467 0436 0000     		.short	0
 19468 0438 0000     		.short	0
 19469 043a 0000     		.short	0
 19470 043c 0000     		.short	0
 19471 043e 0000     		.short	0
 19472 0440 0040     		.short	16384
 19473 0442 0070     		.short	28672
 19474 0444 001C     		.short	7168
 19475 0446 0007     		.short	1792
 19476 0448 8001     		.short	384
 19477 044a 0007     		.short	1792
 19478 044c 001C     		.short	7168
 19479 044e 0070     		.short	28672
 19480 0450 0040     		.short	16384
 19481 0452 0000     		.short	0
 19482 0454 0000     		.short	0
 19483 0456 0000     		.short	0
 19484 0458 0000     		.short	0
 19485 045a 0000     		.short	0
 19486 045c 0000     		.short	0
 19487 045e 001F     		.short	7936
 19488 0460 803F     		.short	16256
 19489 0462 C071     		.short	29120
 19490 0464 C060     		.short	24768
 19491 0466 C000     		.short	192
 19492 0468 C001     		.short	448
 19493 046a 8003     		.short	896
 19494 046c 0007     		.short	1792
 19495 046e 000E     		.short	3584
 19496 0470 000C     		.short	3072
 19497 0472 000C     		.short	3072
 19498 0474 0000     		.short	0
 19499 0476 000C     		.short	3072
 19500 0478 000C     		.short	3072
 19501 047a 0000     		.short	0
 19502 047c 0000     		.short	0
 19503 047e 0000     		.short	0
 19504 0480 0000     		.short	0
 19505 0482 001E     		.short	7680
 19506 0484 003F     		.short	16128
 19507 0486 8031     		.short	12672
 19508 0488 8071     		.short	29056
ARM GAS  /tmp/ccXeXMPx.s 			page 343


 19509 048a 8063     		.short	25472
 19510 048c 806F     		.short	28544
 19511 048e 806D     		.short	28032
 19512 0490 806D     		.short	28032
 19513 0492 806F     		.short	28544
 19514 0494 8067     		.short	26496
 19515 0496 0060     		.short	24576
 19516 0498 0032     		.short	12800
 19517 049a 003E     		.short	15872
 19518 049c 001C     		.short	7168
 19519 049e 0000     		.short	0
 19520 04a0 0000     		.short	0
 19521 04a2 0000     		.short	0
 19522 04a4 0000     		.short	0
 19523 04a6 000E     		.short	3584
 19524 04a8 000E     		.short	3584
 19525 04aa 001B     		.short	6912
 19526 04ac 001B     		.short	6912
 19527 04ae 001B     		.short	6912
 19528 04b0 001B     		.short	6912
 19529 04b2 8031     		.short	12672
 19530 04b4 8031     		.short	12672
 19531 04b6 803F     		.short	16256
 19532 04b8 803F     		.short	16256
 19533 04ba 8031     		.short	12672
 19534 04bc C060     		.short	24768
 19535 04be C060     		.short	24768
 19536 04c0 C060     		.short	24768
 19537 04c2 0000     		.short	0
 19538 04c4 0000     		.short	0
 19539 04c6 0000     		.short	0
 19540 04c8 0000     		.short	0
 19541 04ca 007C     		.short	31744
 19542 04cc 007E     		.short	32256
 19543 04ce 0063     		.short	25344
 19544 04d0 0063     		.short	25344
 19545 04d2 0063     		.short	25344
 19546 04d4 0063     		.short	25344
 19547 04d6 007E     		.short	32256
 19548 04d8 007E     		.short	32256
 19549 04da 0063     		.short	25344
 19550 04dc 8061     		.short	24960
 19551 04de 8061     		.short	24960
 19552 04e0 8063     		.short	25472
 19553 04e2 007F     		.short	32512
 19554 04e4 007E     		.short	32256
 19555 04e6 0000     		.short	0
 19556 04e8 0000     		.short	0
 19557 04ea 0000     		.short	0
 19558 04ec 0000     		.short	0
 19559 04ee 001E     		.short	7680
 19560 04f0 003F     		.short	16128
 19561 04f2 8031     		.short	12672
 19562 04f4 8061     		.short	24960
 19563 04f6 0060     		.short	24576
 19564 04f8 0060     		.short	24576
 19565 04fa 0060     		.short	24576
ARM GAS  /tmp/ccXeXMPx.s 			page 344


 19566 04fc 0060     		.short	24576
 19567 04fe 0060     		.short	24576
 19568 0500 0060     		.short	24576
 19569 0502 8061     		.short	24960
 19570 0504 8031     		.short	12672
 19571 0506 003F     		.short	16128
 19572 0508 001E     		.short	7680
 19573 050a 0000     		.short	0
 19574 050c 0000     		.short	0
 19575 050e 0000     		.short	0
 19576 0510 0000     		.short	0
 19577 0512 007C     		.short	31744
 19578 0514 007F     		.short	32512
 19579 0516 0063     		.short	25344
 19580 0518 8063     		.short	25472
 19581 051a 8061     		.short	24960
 19582 051c 8061     		.short	24960
 19583 051e 8061     		.short	24960
 19584 0520 8061     		.short	24960
 19585 0522 8061     		.short	24960
 19586 0524 8061     		.short	24960
 19587 0526 0063     		.short	25344
 19588 0528 0063     		.short	25344
 19589 052a 007E     		.short	32256
 19590 052c 007C     		.short	31744
 19591 052e 0000     		.short	0
 19592 0530 0000     		.short	0
 19593 0532 0000     		.short	0
 19594 0534 0000     		.short	0
 19595 0536 807F     		.short	32640
 19596 0538 807F     		.short	32640
 19597 053a 0060     		.short	24576
 19598 053c 0060     		.short	24576
 19599 053e 0060     		.short	24576
 19600 0540 0060     		.short	24576
 19601 0542 007F     		.short	32512
 19602 0544 007F     		.short	32512
 19603 0546 0060     		.short	24576
 19604 0548 0060     		.short	24576
 19605 054a 0060     		.short	24576
 19606 054c 0060     		.short	24576
 19607 054e 807F     		.short	32640
 19608 0550 807F     		.short	32640
 19609 0552 0000     		.short	0
 19610 0554 0000     		.short	0
 19611 0556 0000     		.short	0
 19612 0558 0000     		.short	0
 19613 055a 807F     		.short	32640
 19614 055c 807F     		.short	32640
 19615 055e 0060     		.short	24576
 19616 0560 0060     		.short	24576
 19617 0562 0060     		.short	24576
 19618 0564 0060     		.short	24576
 19619 0566 007F     		.short	32512
 19620 0568 007F     		.short	32512
 19621 056a 0060     		.short	24576
 19622 056c 0060     		.short	24576
ARM GAS  /tmp/ccXeXMPx.s 			page 345


 19623 056e 0060     		.short	24576
 19624 0570 0060     		.short	24576
 19625 0572 0060     		.short	24576
 19626 0574 0060     		.short	24576
 19627 0576 0000     		.short	0
 19628 0578 0000     		.short	0
 19629 057a 0000     		.short	0
 19630 057c 0000     		.short	0
 19631 057e 001E     		.short	7680
 19632 0580 003F     		.short	16128
 19633 0582 8031     		.short	12672
 19634 0584 8061     		.short	24960
 19635 0586 0060     		.short	24576
 19636 0588 0060     		.short	24576
 19637 058a 0060     		.short	24576
 19638 058c 8063     		.short	25472
 19639 058e 8063     		.short	25472
 19640 0590 8061     		.short	24960
 19641 0592 8061     		.short	24960
 19642 0594 8031     		.short	12672
 19643 0596 803F     		.short	16256
 19644 0598 001E     		.short	7680
 19645 059a 0000     		.short	0
 19646 059c 0000     		.short	0
 19647 059e 0000     		.short	0
 19648 05a0 0000     		.short	0
 19649 05a2 8061     		.short	24960
 19650 05a4 8061     		.short	24960
 19651 05a6 8061     		.short	24960
 19652 05a8 8061     		.short	24960
 19653 05aa 8061     		.short	24960
 19654 05ac 8061     		.short	24960
 19655 05ae 807F     		.short	32640
 19656 05b0 807F     		.short	32640
 19657 05b2 8061     		.short	24960
 19658 05b4 8061     		.short	24960
 19659 05b6 8061     		.short	24960
 19660 05b8 8061     		.short	24960
 19661 05ba 8061     		.short	24960
 19662 05bc 8061     		.short	24960
 19663 05be 0000     		.short	0
 19664 05c0 0000     		.short	0
 19665 05c2 0000     		.short	0
 19666 05c4 0000     		.short	0
 19667 05c6 003F     		.short	16128
 19668 05c8 003F     		.short	16128
 19669 05ca 000C     		.short	3072
 19670 05cc 000C     		.short	3072
 19671 05ce 000C     		.short	3072
 19672 05d0 000C     		.short	3072
 19673 05d2 000C     		.short	3072
 19674 05d4 000C     		.short	3072
 19675 05d6 000C     		.short	3072
 19676 05d8 000C     		.short	3072
 19677 05da 000C     		.short	3072
 19678 05dc 000C     		.short	3072
 19679 05de 003F     		.short	16128
ARM GAS  /tmp/ccXeXMPx.s 			page 346


 19680 05e0 003F     		.short	16128
 19681 05e2 0000     		.short	0
 19682 05e4 0000     		.short	0
 19683 05e6 0000     		.short	0
 19684 05e8 0000     		.short	0
 19685 05ea 8001     		.short	384
 19686 05ec 8001     		.short	384
 19687 05ee 8001     		.short	384
 19688 05f0 8001     		.short	384
 19689 05f2 8001     		.short	384
 19690 05f4 8001     		.short	384
 19691 05f6 8001     		.short	384
 19692 05f8 8001     		.short	384
 19693 05fa 8001     		.short	384
 19694 05fc 8061     		.short	24960
 19695 05fe 8061     		.short	24960
 19696 0600 8073     		.short	29568
 19697 0602 003F     		.short	16128
 19698 0604 001E     		.short	7680
 19699 0606 0000     		.short	0
 19700 0608 0000     		.short	0
 19701 060a 0000     		.short	0
 19702 060c 0000     		.short	0
 19703 060e C060     		.short	24768
 19704 0610 8061     		.short	24960
 19705 0612 0063     		.short	25344
 19706 0614 0066     		.short	26112
 19707 0616 0066     		.short	26112
 19708 0618 006C     		.short	27648
 19709 061a 0078     		.short	30720
 19710 061c 007C     		.short	31744
 19711 061e 0066     		.short	26112
 19712 0620 0066     		.short	26112
 19713 0622 0063     		.short	25344
 19714 0624 8061     		.short	24960
 19715 0626 8061     		.short	24960
 19716 0628 C060     		.short	24768
 19717 062a 0000     		.short	0
 19718 062c 0000     		.short	0
 19719 062e 0000     		.short	0
 19720 0630 0000     		.short	0
 19721 0632 0060     		.short	24576
 19722 0634 0060     		.short	24576
 19723 0636 0060     		.short	24576
 19724 0638 0060     		.short	24576
 19725 063a 0060     		.short	24576
 19726 063c 0060     		.short	24576
 19727 063e 0060     		.short	24576
 19728 0640 0060     		.short	24576
 19729 0642 0060     		.short	24576
 19730 0644 0060     		.short	24576
 19731 0646 0060     		.short	24576
 19732 0648 0060     		.short	24576
 19733 064a 807F     		.short	32640
 19734 064c 807F     		.short	32640
 19735 064e 0000     		.short	0
 19736 0650 0000     		.short	0
ARM GAS  /tmp/ccXeXMPx.s 			page 347


 19737 0652 0000     		.short	0
 19738 0654 0000     		.short	0
 19739 0656 C071     		.short	29120
 19740 0658 C071     		.short	29120
 19741 065a C07B     		.short	31680
 19742 065c C07A     		.short	31424
 19743 065e C06A     		.short	27328
 19744 0660 C06A     		.short	27328
 19745 0662 C06E     		.short	28352
 19746 0664 C064     		.short	25792
 19747 0666 C060     		.short	24768
 19748 0668 C060     		.short	24768
 19749 066a C060     		.short	24768
 19750 066c C060     		.short	24768
 19751 066e C060     		.short	24768
 19752 0670 C060     		.short	24768
 19753 0672 0000     		.short	0
 19754 0674 0000     		.short	0
 19755 0676 0000     		.short	0
 19756 0678 0000     		.short	0
 19757 067a 8071     		.short	29056
 19758 067c 8071     		.short	29056
 19759 067e 8079     		.short	31104
 19760 0680 8079     		.short	31104
 19761 0682 8079     		.short	31104
 19762 0684 806D     		.short	28032
 19763 0686 806D     		.short	28032
 19764 0688 806D     		.short	28032
 19765 068a 8065     		.short	25984
 19766 068c 8067     		.short	26496
 19767 068e 8067     		.short	26496
 19768 0690 8067     		.short	26496
 19769 0692 8063     		.short	25472
 19770 0694 8063     		.short	25472
 19771 0696 0000     		.short	0
 19772 0698 0000     		.short	0
 19773 069a 0000     		.short	0
 19774 069c 0000     		.short	0
 19775 069e 001E     		.short	7680
 19776 06a0 003F     		.short	16128
 19777 06a2 0033     		.short	13056
 19778 06a4 8061     		.short	24960
 19779 06a6 8061     		.short	24960
 19780 06a8 8061     		.short	24960
 19781 06aa 8061     		.short	24960
 19782 06ac 8061     		.short	24960
 19783 06ae 8061     		.short	24960
 19784 06b0 8061     		.short	24960
 19785 06b2 8061     		.short	24960
 19786 06b4 0033     		.short	13056
 19787 06b6 003F     		.short	16128
 19788 06b8 001E     		.short	7680
 19789 06ba 0000     		.short	0
 19790 06bc 0000     		.short	0
 19791 06be 0000     		.short	0
 19792 06c0 0000     		.short	0
 19793 06c2 007E     		.short	32256
ARM GAS  /tmp/ccXeXMPx.s 			page 348


 19794 06c4 007F     		.short	32512
 19795 06c6 8063     		.short	25472
 19796 06c8 8061     		.short	24960
 19797 06ca 8061     		.short	24960
 19798 06cc 8061     		.short	24960
 19799 06ce 8063     		.short	25472
 19800 06d0 007F     		.short	32512
 19801 06d2 007E     		.short	32256
 19802 06d4 0060     		.short	24576
 19803 06d6 0060     		.short	24576
 19804 06d8 0060     		.short	24576
 19805 06da 0060     		.short	24576
 19806 06dc 0060     		.short	24576
 19807 06de 0000     		.short	0
 19808 06e0 0000     		.short	0
 19809 06e2 0000     		.short	0
 19810 06e4 0000     		.short	0
 19811 06e6 001E     		.short	7680
 19812 06e8 003F     		.short	16128
 19813 06ea 0033     		.short	13056
 19814 06ec 8061     		.short	24960
 19815 06ee 8061     		.short	24960
 19816 06f0 8061     		.short	24960
 19817 06f2 8061     		.short	24960
 19818 06f4 8061     		.short	24960
 19819 06f6 8061     		.short	24960
 19820 06f8 8065     		.short	25984
 19821 06fa 8067     		.short	26496
 19822 06fc 0033     		.short	13056
 19823 06fe 803F     		.short	16256
 19824 0700 401E     		.short	7744
 19825 0702 0000     		.short	0
 19826 0704 0000     		.short	0
 19827 0706 0000     		.short	0
 19828 0708 0000     		.short	0
 19829 070a 007E     		.short	32256
 19830 070c 007F     		.short	32512
 19831 070e 8063     		.short	25472
 19832 0710 8061     		.short	24960
 19833 0712 8061     		.short	24960
 19834 0714 8063     		.short	25472
 19835 0716 007F     		.short	32512
 19836 0718 007E     		.short	32256
 19837 071a 0066     		.short	26112
 19838 071c 0063     		.short	25344
 19839 071e 0063     		.short	25344
 19840 0720 8061     		.short	24960
 19841 0722 8061     		.short	24960
 19842 0724 C060     		.short	24768
 19843 0726 0000     		.short	0
 19844 0728 0000     		.short	0
 19845 072a 0000     		.short	0
 19846 072c 0000     		.short	0
 19847 072e 000E     		.short	3584
 19848 0730 001F     		.short	7936
 19849 0732 8031     		.short	12672
 19850 0734 8031     		.short	12672
ARM GAS  /tmp/ccXeXMPx.s 			page 349


 19851 0736 0030     		.short	12288
 19852 0738 0038     		.short	14336
 19853 073a 001E     		.short	7680
 19854 073c 0007     		.short	1792
 19855 073e 8003     		.short	896
 19856 0740 8061     		.short	24960
 19857 0742 8061     		.short	24960
 19858 0744 8031     		.short	12672
 19859 0746 003F     		.short	16128
 19860 0748 001E     		.short	7680
 19861 074a 0000     		.short	0
 19862 074c 0000     		.short	0
 19863 074e 0000     		.short	0
 19864 0750 0000     		.short	0
 19865 0752 C0FF     		.short	-64
 19866 0754 C0FF     		.short	-64
 19867 0756 000C     		.short	3072
 19868 0758 000C     		.short	3072
 19869 075a 000C     		.short	3072
 19870 075c 000C     		.short	3072
 19871 075e 000C     		.short	3072
 19872 0760 000C     		.short	3072
 19873 0762 000C     		.short	3072
 19874 0764 000C     		.short	3072
 19875 0766 000C     		.short	3072
 19876 0768 000C     		.short	3072
 19877 076a 000C     		.short	3072
 19878 076c 000C     		.short	3072
 19879 076e 0000     		.short	0
 19880 0770 0000     		.short	0
 19881 0772 0000     		.short	0
 19882 0774 0000     		.short	0
 19883 0776 8061     		.short	24960
 19884 0778 8061     		.short	24960
 19885 077a 8061     		.short	24960
 19886 077c 8061     		.short	24960
 19887 077e 8061     		.short	24960
 19888 0780 8061     		.short	24960
 19889 0782 8061     		.short	24960
 19890 0784 8061     		.short	24960
 19891 0786 8061     		.short	24960
 19892 0788 8061     		.short	24960
 19893 078a 8061     		.short	24960
 19894 078c 8073     		.short	29568
 19895 078e 003F     		.short	16128
 19896 0790 001E     		.short	7680
 19897 0792 0000     		.short	0
 19898 0794 0000     		.short	0
 19899 0796 0000     		.short	0
 19900 0798 0000     		.short	0
 19901 079a C060     		.short	24768
 19902 079c C060     		.short	24768
 19903 079e C060     		.short	24768
 19904 07a0 8031     		.short	12672
 19905 07a2 8031     		.short	12672
 19906 07a4 8031     		.short	12672
 19907 07a6 001B     		.short	6912
ARM GAS  /tmp/ccXeXMPx.s 			page 350


 19908 07a8 001B     		.short	6912
 19909 07aa 001B     		.short	6912
 19910 07ac 001B     		.short	6912
 19911 07ae 000E     		.short	3584
 19912 07b0 000E     		.short	3584
 19913 07b2 000E     		.short	3584
 19914 07b4 0004     		.short	1024
 19915 07b6 0000     		.short	0
 19916 07b8 0000     		.short	0
 19917 07ba 0000     		.short	0
 19918 07bc 0000     		.short	0
 19919 07be C0C0     		.short	-16192
 19920 07c0 C0C0     		.short	-16192
 19921 07c2 C0C0     		.short	-16192
 19922 07c4 C0C0     		.short	-16192
 19923 07c6 C0C0     		.short	-16192
 19924 07c8 C0CC     		.short	-13120
 19925 07ca 804C     		.short	19584
 19926 07cc 804C     		.short	19584
 19927 07ce 805E     		.short	24192
 19928 07d0 8052     		.short	21120
 19929 07d2 8052     		.short	21120
 19930 07d4 8073     		.short	29568
 19931 07d6 8061     		.short	24960
 19932 07d8 8061     		.short	24960
 19933 07da 0000     		.short	0
 19934 07dc 0000     		.short	0
 19935 07de 0000     		.short	0
 19936 07e0 0000     		.short	0
 19937 07e2 C0C0     		.short	-16192
 19938 07e4 8060     		.short	24704
 19939 07e6 8061     		.short	24960
 19940 07e8 0033     		.short	13056
 19941 07ea 003B     		.short	15104
 19942 07ec 001E     		.short	7680
 19943 07ee 000C     		.short	3072
 19944 07f0 000C     		.short	3072
 19945 07f2 001E     		.short	7680
 19946 07f4 001F     		.short	7936
 19947 07f6 003B     		.short	15104
 19948 07f8 8071     		.short	29056
 19949 07fa 8061     		.short	24960
 19950 07fc C0C0     		.short	-16192
 19951 07fe 0000     		.short	0
 19952 0800 0000     		.short	0
 19953 0802 0000     		.short	0
 19954 0804 0000     		.short	0
 19955 0806 C0C0     		.short	-16192
 19956 0808 8061     		.short	24960
 19957 080a 8061     		.short	24960
 19958 080c 0033     		.short	13056
 19959 080e 0033     		.short	13056
 19960 0810 001E     		.short	7680
 19961 0812 001E     		.short	7680
 19962 0814 000C     		.short	3072
 19963 0816 000C     		.short	3072
 19964 0818 000C     		.short	3072
ARM GAS  /tmp/ccXeXMPx.s 			page 351


 19965 081a 000C     		.short	3072
 19966 081c 000C     		.short	3072
 19967 081e 000C     		.short	3072
 19968 0820 000C     		.short	3072
 19969 0822 0000     		.short	0
 19970 0824 0000     		.short	0
 19971 0826 0000     		.short	0
 19972 0828 0000     		.short	0
 19973 082a 803F     		.short	16256
 19974 082c 803F     		.short	16256
 19975 082e 8001     		.short	384
 19976 0830 0003     		.short	768
 19977 0832 0003     		.short	768
 19978 0834 0006     		.short	1536
 19979 0836 000C     		.short	3072
 19980 0838 000C     		.short	3072
 19981 083a 0018     		.short	6144
 19982 083c 0018     		.short	6144
 19983 083e 0030     		.short	12288
 19984 0840 0060     		.short	24576
 19985 0842 807F     		.short	32640
 19986 0844 807F     		.short	32640
 19987 0846 0000     		.short	0
 19988 0848 0000     		.short	0
 19989 084a 0000     		.short	0
 19990 084c 000F     		.short	3840
 19991 084e 000F     		.short	3840
 19992 0850 000C     		.short	3072
 19993 0852 000C     		.short	3072
 19994 0854 000C     		.short	3072
 19995 0856 000C     		.short	3072
 19996 0858 000C     		.short	3072
 19997 085a 000C     		.short	3072
 19998 085c 000C     		.short	3072
 19999 085e 000C     		.short	3072
 20000 0860 000C     		.short	3072
 20001 0862 000C     		.short	3072
 20002 0864 000C     		.short	3072
 20003 0866 000C     		.short	3072
 20004 0868 000C     		.short	3072
 20005 086a 000C     		.short	3072
 20006 086c 000F     		.short	3840
 20007 086e 000F     		.short	3840
 20008 0870 0000     		.short	0
 20009 0872 0018     		.short	6144
 20010 0874 0018     		.short	6144
 20011 0876 0018     		.short	6144
 20012 0878 000C     		.short	3072
 20013 087a 000C     		.short	3072
 20014 087c 000C     		.short	3072
 20015 087e 000C     		.short	3072
 20016 0880 0006     		.short	1536
 20017 0882 0006     		.short	1536
 20018 0884 0006     		.short	1536
 20019 0886 0006     		.short	1536
 20020 0888 0003     		.short	768
 20021 088a 0003     		.short	768
ARM GAS  /tmp/ccXeXMPx.s 			page 352


 20022 088c 0003     		.short	768
 20023 088e 0000     		.short	0
 20024 0890 0000     		.short	0
 20025 0892 0000     		.short	0
 20026 0894 001E     		.short	7680
 20027 0896 001E     		.short	7680
 20028 0898 0006     		.short	1536
 20029 089a 0006     		.short	1536
 20030 089c 0006     		.short	1536
 20031 089e 0006     		.short	1536
 20032 08a0 0006     		.short	1536
 20033 08a2 0006     		.short	1536
 20034 08a4 0006     		.short	1536
 20035 08a6 0006     		.short	1536
 20036 08a8 0006     		.short	1536
 20037 08aa 0006     		.short	1536
 20038 08ac 0006     		.short	1536
 20039 08ae 0006     		.short	1536
 20040 08b0 0006     		.short	1536
 20041 08b2 0006     		.short	1536
 20042 08b4 001E     		.short	7680
 20043 08b6 001E     		.short	7680
 20044 08b8 0000     		.short	0
 20045 08ba 000C     		.short	3072
 20046 08bc 000C     		.short	3072
 20047 08be 001E     		.short	7680
 20048 08c0 0012     		.short	4608
 20049 08c2 0033     		.short	13056
 20050 08c4 0033     		.short	13056
 20051 08c6 8061     		.short	24960
 20052 08c8 8061     		.short	24960
 20053 08ca 0000     		.short	0
 20054 08cc 0000     		.short	0
 20055 08ce 0000     		.short	0
 20056 08d0 0000     		.short	0
 20057 08d2 0000     		.short	0
 20058 08d4 0000     		.short	0
 20059 08d6 0000     		.short	0
 20060 08d8 0000     		.short	0
 20061 08da 0000     		.short	0
 20062 08dc 0000     		.short	0
 20063 08de 0000     		.short	0
 20064 08e0 0000     		.short	0
 20065 08e2 0000     		.short	0
 20066 08e4 0000     		.short	0
 20067 08e6 0000     		.short	0
 20068 08e8 0000     		.short	0
 20069 08ea 0000     		.short	0
 20070 08ec 0000     		.short	0
 20071 08ee 0000     		.short	0
 20072 08f0 0000     		.short	0
 20073 08f2 0000     		.short	0
 20074 08f4 0000     		.short	0
 20075 08f6 0000     		.short	0
 20076 08f8 0000     		.short	0
 20077 08fa 0000     		.short	0
 20078 08fc E0FF     		.short	-32
ARM GAS  /tmp/ccXeXMPx.s 			page 353


 20079 08fe 0000     		.short	0
 20080 0900 0000     		.short	0
 20081 0902 0038     		.short	14336
 20082 0904 0018     		.short	6144
 20083 0906 000C     		.short	3072
 20084 0908 0000     		.short	0
 20085 090a 0000     		.short	0
 20086 090c 0000     		.short	0
 20087 090e 0000     		.short	0
 20088 0910 0000     		.short	0
 20089 0912 0000     		.short	0
 20090 0914 0000     		.short	0
 20091 0916 0000     		.short	0
 20092 0918 0000     		.short	0
 20093 091a 0000     		.short	0
 20094 091c 0000     		.short	0
 20095 091e 0000     		.short	0
 20096 0920 0000     		.short	0
 20097 0922 0000     		.short	0
 20098 0924 0000     		.short	0
 20099 0926 0000     		.short	0
 20100 0928 0000     		.short	0
 20101 092a 0000     		.short	0
 20102 092c 0000     		.short	0
 20103 092e 001F     		.short	7936
 20104 0930 803F     		.short	16256
 20105 0932 8061     		.short	24960
 20106 0934 8001     		.short	384
 20107 0936 801F     		.short	8064
 20108 0938 803F     		.short	16256
 20109 093a 8061     		.short	24960
 20110 093c 8063     		.short	25472
 20111 093e 807F     		.short	32640
 20112 0940 C038     		.short	14528
 20113 0942 0000     		.short	0
 20114 0944 0000     		.short	0
 20115 0946 0000     		.short	0
 20116 0948 0000     		.short	0
 20117 094a 0060     		.short	24576
 20118 094c 0060     		.short	24576
 20119 094e 0060     		.short	24576
 20120 0950 0060     		.short	24576
 20121 0952 006E     		.short	28160
 20122 0954 007F     		.short	32512
 20123 0956 8073     		.short	29568
 20124 0958 8061     		.short	24960
 20125 095a 8061     		.short	24960
 20126 095c 8061     		.short	24960
 20127 095e 8061     		.short	24960
 20128 0960 8073     		.short	29568
 20129 0962 007F     		.short	32512
 20130 0964 006E     		.short	28160
 20131 0966 0000     		.short	0
 20132 0968 0000     		.short	0
 20133 096a 0000     		.short	0
 20134 096c 0000     		.short	0
 20135 096e 0000     		.short	0
ARM GAS  /tmp/ccXeXMPx.s 			page 354


 20136 0970 0000     		.short	0
 20137 0972 0000     		.short	0
 20138 0974 0000     		.short	0
 20139 0976 001E     		.short	7680
 20140 0978 003F     		.short	16128
 20141 097a 8073     		.short	29568
 20142 097c 8061     		.short	24960
 20143 097e 0060     		.short	24576
 20144 0980 0060     		.short	24576
 20145 0982 8061     		.short	24960
 20146 0984 8073     		.short	29568
 20147 0986 003F     		.short	16128
 20148 0988 001E     		.short	7680
 20149 098a 0000     		.short	0
 20150 098c 0000     		.short	0
 20151 098e 0000     		.short	0
 20152 0990 0000     		.short	0
 20153 0992 8001     		.short	384
 20154 0994 8001     		.short	384
 20155 0996 8001     		.short	384
 20156 0998 8001     		.short	384
 20157 099a 801D     		.short	7552
 20158 099c 803F     		.short	16256
 20159 099e 8073     		.short	29568
 20160 09a0 8061     		.short	24960
 20161 09a2 8061     		.short	24960
 20162 09a4 8061     		.short	24960
 20163 09a6 8061     		.short	24960
 20164 09a8 8073     		.short	29568
 20165 09aa 803F     		.short	16256
 20166 09ac 801D     		.short	7552
 20167 09ae 0000     		.short	0
 20168 09b0 0000     		.short	0
 20169 09b2 0000     		.short	0
 20170 09b4 0000     		.short	0
 20171 09b6 0000     		.short	0
 20172 09b8 0000     		.short	0
 20173 09ba 0000     		.short	0
 20174 09bc 0000     		.short	0
 20175 09be 001E     		.short	7680
 20176 09c0 003F     		.short	16128
 20177 09c2 0073     		.short	29440
 20178 09c4 8061     		.short	24960
 20179 09c6 807F     		.short	32640
 20180 09c8 807F     		.short	32640
 20181 09ca 0060     		.short	24576
 20182 09cc 8071     		.short	29056
 20183 09ce 003F     		.short	16128
 20184 09d0 001E     		.short	7680
 20185 09d2 0000     		.short	0
 20186 09d4 0000     		.short	0
 20187 09d6 0000     		.short	0
 20188 09d8 0000     		.short	0
 20189 09da C007     		.short	1984
 20190 09dc C00F     		.short	4032
 20191 09de 000C     		.short	3072
 20192 09e0 000C     		.short	3072
ARM GAS  /tmp/ccXeXMPx.s 			page 355


 20193 09e2 807F     		.short	32640
 20194 09e4 807F     		.short	32640
 20195 09e6 000C     		.short	3072
 20196 09e8 000C     		.short	3072
 20197 09ea 000C     		.short	3072
 20198 09ec 000C     		.short	3072
 20199 09ee 000C     		.short	3072
 20200 09f0 000C     		.short	3072
 20201 09f2 000C     		.short	3072
 20202 09f4 000C     		.short	3072
 20203 09f6 0000     		.short	0
 20204 09f8 0000     		.short	0
 20205 09fa 0000     		.short	0
 20206 09fc 0000     		.short	0
 20207 09fe 0000     		.short	0
 20208 0a00 0000     		.short	0
 20209 0a02 0000     		.short	0
 20210 0a04 801D     		.short	7552
 20211 0a06 803F     		.short	16256
 20212 0a08 8073     		.short	29568
 20213 0a0a 8061     		.short	24960
 20214 0a0c 8061     		.short	24960
 20215 0a0e 8061     		.short	24960
 20216 0a10 8061     		.short	24960
 20217 0a12 8073     		.short	29568
 20218 0a14 803F     		.short	16256
 20219 0a16 801D     		.short	7552
 20220 0a18 8001     		.short	384
 20221 0a1a 8063     		.short	25472
 20222 0a1c 007F     		.short	32512
 20223 0a1e 003E     		.short	15872
 20224 0a20 0000     		.short	0
 20225 0a22 0060     		.short	24576
 20226 0a24 0060     		.short	24576
 20227 0a26 0060     		.short	24576
 20228 0a28 0060     		.short	24576
 20229 0a2a 006F     		.short	28416
 20230 0a2c 807F     		.short	32640
 20231 0a2e 8071     		.short	29056
 20232 0a30 8061     		.short	24960
 20233 0a32 8061     		.short	24960
 20234 0a34 8061     		.short	24960
 20235 0a36 8061     		.short	24960
 20236 0a38 8061     		.short	24960
 20237 0a3a 8061     		.short	24960
 20238 0a3c 8061     		.short	24960
 20239 0a3e 0000     		.short	0
 20240 0a40 0000     		.short	0
 20241 0a42 0000     		.short	0
 20242 0a44 0000     		.short	0
 20243 0a46 0006     		.short	1536
 20244 0a48 0006     		.short	1536
 20245 0a4a 0000     		.short	0
 20246 0a4c 0000     		.short	0
 20247 0a4e 003E     		.short	15872
 20248 0a50 003E     		.short	15872
 20249 0a52 0006     		.short	1536
ARM GAS  /tmp/ccXeXMPx.s 			page 356


 20250 0a54 0006     		.short	1536
 20251 0a56 0006     		.short	1536
 20252 0a58 0006     		.short	1536
 20253 0a5a 0006     		.short	1536
 20254 0a5c 0006     		.short	1536
 20255 0a5e 0006     		.short	1536
 20256 0a60 0006     		.short	1536
 20257 0a62 0000     		.short	0
 20258 0a64 0000     		.short	0
 20259 0a66 0000     		.short	0
 20260 0a68 0006     		.short	1536
 20261 0a6a 0006     		.short	1536
 20262 0a6c 0000     		.short	0
 20263 0a6e 0000     		.short	0
 20264 0a70 003E     		.short	15872
 20265 0a72 003E     		.short	15872
 20266 0a74 0006     		.short	1536
 20267 0a76 0006     		.short	1536
 20268 0a78 0006     		.short	1536
 20269 0a7a 0006     		.short	1536
 20270 0a7c 0006     		.short	1536
 20271 0a7e 0006     		.short	1536
 20272 0a80 0006     		.short	1536
 20273 0a82 0006     		.short	1536
 20274 0a84 0006     		.short	1536
 20275 0a86 0046     		.short	17920
 20276 0a88 007E     		.short	32256
 20277 0a8a 003C     		.short	15360
 20278 0a8c 0000     		.short	0
 20279 0a8e 0060     		.short	24576
 20280 0a90 0060     		.short	24576
 20281 0a92 0060     		.short	24576
 20282 0a94 0060     		.short	24576
 20283 0a96 8061     		.short	24960
 20284 0a98 0063     		.short	25344
 20285 0a9a 0066     		.short	26112
 20286 0a9c 006C     		.short	27648
 20287 0a9e 007C     		.short	31744
 20288 0aa0 0076     		.short	30208
 20289 0aa2 0063     		.short	25344
 20290 0aa4 0063     		.short	25344
 20291 0aa6 8061     		.short	24960
 20292 0aa8 C060     		.short	24768
 20293 0aaa 0000     		.short	0
 20294 0aac 0000     		.short	0
 20295 0aae 0000     		.short	0
 20296 0ab0 0000     		.short	0
 20297 0ab2 003E     		.short	15872
 20298 0ab4 003E     		.short	15872
 20299 0ab6 0006     		.short	1536
 20300 0ab8 0006     		.short	1536
 20301 0aba 0006     		.short	1536
 20302 0abc 0006     		.short	1536
 20303 0abe 0006     		.short	1536
 20304 0ac0 0006     		.short	1536
 20305 0ac2 0006     		.short	1536
 20306 0ac4 0006     		.short	1536
ARM GAS  /tmp/ccXeXMPx.s 			page 357


 20307 0ac6 0006     		.short	1536
 20308 0ac8 0006     		.short	1536
 20309 0aca 0006     		.short	1536
 20310 0acc 0006     		.short	1536
 20311 0ace 0000     		.short	0
 20312 0ad0 0000     		.short	0
 20313 0ad2 0000     		.short	0
 20314 0ad4 0000     		.short	0
 20315 0ad6 0000     		.short	0
 20316 0ad8 0000     		.short	0
 20317 0ada 0000     		.short	0
 20318 0adc 0000     		.short	0
 20319 0ade 80DD     		.short	-8832
 20320 0ae0 C0FF     		.short	-64
 20321 0ae2 C0CE     		.short	-12608
 20322 0ae4 C0CC     		.short	-13120
 20323 0ae6 C0CC     		.short	-13120
 20324 0ae8 C0CC     		.short	-13120
 20325 0aea C0CC     		.short	-13120
 20326 0aec C0CC     		.short	-13120
 20327 0aee C0CC     		.short	-13120
 20328 0af0 C0CC     		.short	-13120
 20329 0af2 0000     		.short	0
 20330 0af4 0000     		.short	0
 20331 0af6 0000     		.short	0
 20332 0af8 0000     		.short	0
 20333 0afa 0000     		.short	0
 20334 0afc 0000     		.short	0
 20335 0afe 0000     		.short	0
 20336 0b00 0000     		.short	0
 20337 0b02 006F     		.short	28416
 20338 0b04 807F     		.short	32640
 20339 0b06 8071     		.short	29056
 20340 0b08 8061     		.short	24960
 20341 0b0a 8061     		.short	24960
 20342 0b0c 8061     		.short	24960
 20343 0b0e 8061     		.short	24960
 20344 0b10 8061     		.short	24960
 20345 0b12 8061     		.short	24960
 20346 0b14 8061     		.short	24960
 20347 0b16 0000     		.short	0
 20348 0b18 0000     		.short	0
 20349 0b1a 0000     		.short	0
 20350 0b1c 0000     		.short	0
 20351 0b1e 0000     		.short	0
 20352 0b20 0000     		.short	0
 20353 0b22 0000     		.short	0
 20354 0b24 0000     		.short	0
 20355 0b26 001E     		.short	7680
 20356 0b28 003F     		.short	16128
 20357 0b2a 8073     		.short	29568
 20358 0b2c 8061     		.short	24960
 20359 0b2e 8061     		.short	24960
 20360 0b30 8061     		.short	24960
 20361 0b32 8061     		.short	24960
 20362 0b34 8073     		.short	29568
 20363 0b36 003F     		.short	16128
ARM GAS  /tmp/ccXeXMPx.s 			page 358


 20364 0b38 001E     		.short	7680
 20365 0b3a 0000     		.short	0
 20366 0b3c 0000     		.short	0
 20367 0b3e 0000     		.short	0
 20368 0b40 0000     		.short	0
 20369 0b42 0000     		.short	0
 20370 0b44 0000     		.short	0
 20371 0b46 0000     		.short	0
 20372 0b48 006E     		.short	28160
 20373 0b4a 007F     		.short	32512
 20374 0b4c 8073     		.short	29568
 20375 0b4e 8061     		.short	24960
 20376 0b50 8061     		.short	24960
 20377 0b52 8061     		.short	24960
 20378 0b54 8061     		.short	24960
 20379 0b56 8073     		.short	29568
 20380 0b58 007F     		.short	32512
 20381 0b5a 006E     		.short	28160
 20382 0b5c 0060     		.short	24576
 20383 0b5e 0060     		.short	24576
 20384 0b60 0060     		.short	24576
 20385 0b62 0060     		.short	24576
 20386 0b64 0000     		.short	0
 20387 0b66 0000     		.short	0
 20388 0b68 0000     		.short	0
 20389 0b6a 0000     		.short	0
 20390 0b6c 801D     		.short	7552
 20391 0b6e 803F     		.short	16256
 20392 0b70 8073     		.short	29568
 20393 0b72 8061     		.short	24960
 20394 0b74 8061     		.short	24960
 20395 0b76 8061     		.short	24960
 20396 0b78 8061     		.short	24960
 20397 0b7a 8073     		.short	29568
 20398 0b7c 803F     		.short	16256
 20399 0b7e 801D     		.short	7552
 20400 0b80 8001     		.short	384
 20401 0b82 8001     		.short	384
 20402 0b84 8001     		.short	384
 20403 0b86 8001     		.short	384
 20404 0b88 0000     		.short	0
 20405 0b8a 0000     		.short	0
 20406 0b8c 0000     		.short	0
 20407 0b8e 0000     		.short	0
 20408 0b90 0000     		.short	0
 20409 0b92 0067     		.short	26368
 20410 0b94 803F     		.short	16256
 20411 0b96 0039     		.short	14592
 20412 0b98 0030     		.short	12288
 20413 0b9a 0030     		.short	12288
 20414 0b9c 0030     		.short	12288
 20415 0b9e 0030     		.short	12288
 20416 0ba0 0030     		.short	12288
 20417 0ba2 0030     		.short	12288
 20418 0ba4 0030     		.short	12288
 20419 0ba6 0000     		.short	0
 20420 0ba8 0000     		.short	0
ARM GAS  /tmp/ccXeXMPx.s 			page 359


 20421 0baa 0000     		.short	0
 20422 0bac 0000     		.short	0
 20423 0bae 0000     		.short	0
 20424 0bb0 0000     		.short	0
 20425 0bb2 0000     		.short	0
 20426 0bb4 0000     		.short	0
 20427 0bb6 001E     		.short	7680
 20428 0bb8 803F     		.short	16256
 20429 0bba 8061     		.short	24960
 20430 0bbc 0060     		.short	24576
 20431 0bbe 007F     		.short	32512
 20432 0bc0 803F     		.short	16256
 20433 0bc2 8001     		.short	384
 20434 0bc4 8061     		.short	24960
 20435 0bc6 007F     		.short	32512
 20436 0bc8 001E     		.short	7680
 20437 0bca 0000     		.short	0
 20438 0bcc 0000     		.short	0
 20439 0bce 0000     		.short	0
 20440 0bd0 0000     		.short	0
 20441 0bd2 0000     		.short	0
 20442 0bd4 0008     		.short	2048
 20443 0bd6 0018     		.short	6144
 20444 0bd8 0018     		.short	6144
 20445 0bda 007F     		.short	32512
 20446 0bdc 007F     		.short	32512
 20447 0bde 0018     		.short	6144
 20448 0be0 0018     		.short	6144
 20449 0be2 0018     		.short	6144
 20450 0be4 0018     		.short	6144
 20451 0be6 0018     		.short	6144
 20452 0be8 0018     		.short	6144
 20453 0bea 801F     		.short	8064
 20454 0bec 800F     		.short	3968
 20455 0bee 0000     		.short	0
 20456 0bf0 0000     		.short	0
 20457 0bf2 0000     		.short	0
 20458 0bf4 0000     		.short	0
 20459 0bf6 0000     		.short	0
 20460 0bf8 0000     		.short	0
 20461 0bfa 0000     		.short	0
 20462 0bfc 0000     		.short	0
 20463 0bfe 8061     		.short	24960
 20464 0c00 8061     		.short	24960
 20465 0c02 8061     		.short	24960
 20466 0c04 8061     		.short	24960
 20467 0c06 8061     		.short	24960
 20468 0c08 8061     		.short	24960
 20469 0c0a 8061     		.short	24960
 20470 0c0c 8063     		.short	25472
 20471 0c0e 807F     		.short	32640
 20472 0c10 803D     		.short	15744
 20473 0c12 0000     		.short	0
 20474 0c14 0000     		.short	0
 20475 0c16 0000     		.short	0
 20476 0c18 0000     		.short	0
 20477 0c1a 0000     		.short	0
ARM GAS  /tmp/ccXeXMPx.s 			page 360


 20478 0c1c 0000     		.short	0
 20479 0c1e 0000     		.short	0
 20480 0c20 0000     		.short	0
 20481 0c22 C060     		.short	24768
 20482 0c24 8031     		.short	12672
 20483 0c26 8031     		.short	12672
 20484 0c28 8031     		.short	12672
 20485 0c2a 001B     		.short	6912
 20486 0c2c 001B     		.short	6912
 20487 0c2e 001B     		.short	6912
 20488 0c30 000E     		.short	3584
 20489 0c32 000E     		.short	3584
 20490 0c34 0006     		.short	1536
 20491 0c36 0000     		.short	0
 20492 0c38 0000     		.short	0
 20493 0c3a 0000     		.short	0
 20494 0c3c 0000     		.short	0
 20495 0c3e 0000     		.short	0
 20496 0c40 0000     		.short	0
 20497 0c42 0000     		.short	0
 20498 0c44 0000     		.short	0
 20499 0c46 80DD     		.short	-8832
 20500 0c48 80DD     		.short	-8832
 20501 0c4a 80DD     		.short	-8832
 20502 0c4c 0055     		.short	21760
 20503 0c4e 0055     		.short	21760
 20504 0c50 0055     		.short	21760
 20505 0c52 0077     		.short	30464
 20506 0c54 0077     		.short	30464
 20507 0c56 0022     		.short	8704
 20508 0c58 0022     		.short	8704
 20509 0c5a 0000     		.short	0
 20510 0c5c 0000     		.short	0
 20511 0c5e 0000     		.short	0
 20512 0c60 0000     		.short	0
 20513 0c62 0000     		.short	0
 20514 0c64 0000     		.short	0
 20515 0c66 0000     		.short	0
 20516 0c68 0000     		.short	0
 20517 0c6a 8061     		.short	24960
 20518 0c6c 0033     		.short	13056
 20519 0c6e 0033     		.short	13056
 20520 0c70 001E     		.short	7680
 20521 0c72 000C     		.short	3072
 20522 0c74 000C     		.short	3072
 20523 0c76 001E     		.short	7680
 20524 0c78 0033     		.short	13056
 20525 0c7a 0033     		.short	13056
 20526 0c7c 8061     		.short	24960
 20527 0c7e 0000     		.short	0
 20528 0c80 0000     		.short	0
 20529 0c82 0000     		.short	0
 20530 0c84 0000     		.short	0
 20531 0c86 0000     		.short	0
 20532 0c88 0000     		.short	0
 20533 0c8a 0000     		.short	0
 20534 0c8c 8061     		.short	24960
ARM GAS  /tmp/ccXeXMPx.s 			page 361


 20535 0c8e 8061     		.short	24960
 20536 0c90 8031     		.short	12672
 20537 0c92 0033     		.short	13056
 20538 0c94 0033     		.short	13056
 20539 0c96 001B     		.short	6912
 20540 0c98 001B     		.short	6912
 20541 0c9a 001B     		.short	6912
 20542 0c9c 000E     		.short	3584
 20543 0c9e 000E     		.short	3584
 20544 0ca0 000E     		.short	3584
 20545 0ca2 001C     		.short	7168
 20546 0ca4 007C     		.short	31744
 20547 0ca6 0070     		.short	28672
 20548 0ca8 0000     		.short	0
 20549 0caa 0000     		.short	0
 20550 0cac 0000     		.short	0
 20551 0cae 0000     		.short	0
 20552 0cb0 0000     		.short	0
 20553 0cb2 C07F     		.short	32704
 20554 0cb4 C07F     		.short	32704
 20555 0cb6 8001     		.short	384
 20556 0cb8 0003     		.short	768
 20557 0cba 0006     		.short	1536
 20558 0cbc 000C     		.short	3072
 20559 0cbe 0018     		.short	6144
 20560 0cc0 0030     		.short	12288
 20561 0cc2 C07F     		.short	32704
 20562 0cc4 C07F     		.short	32704
 20563 0cc6 0000     		.short	0
 20564 0cc8 0000     		.short	0
 20565 0cca 0000     		.short	0
 20566 0ccc 8003     		.short	896
 20567 0cce 8007     		.short	1920
 20568 0cd0 0006     		.short	1536
 20569 0cd2 0006     		.short	1536
 20570 0cd4 0006     		.short	1536
 20571 0cd6 0006     		.short	1536
 20572 0cd8 0006     		.short	1536
 20573 0cda 000E     		.short	3584
 20574 0cdc 001C     		.short	7168
 20575 0cde 001C     		.short	7168
 20576 0ce0 000E     		.short	3584
 20577 0ce2 0006     		.short	1536
 20578 0ce4 0006     		.short	1536
 20579 0ce6 0006     		.short	1536
 20580 0ce8 0006     		.short	1536
 20581 0cea 0006     		.short	1536
 20582 0cec 8007     		.short	1920
 20583 0cee 8003     		.short	896
 20584 0cf0 0006     		.short	1536
 20585 0cf2 0006     		.short	1536
 20586 0cf4 0006     		.short	1536
 20587 0cf6 0006     		.short	1536
 20588 0cf8 0006     		.short	1536
 20589 0cfa 0006     		.short	1536
 20590 0cfc 0006     		.short	1536
 20591 0cfe 0006     		.short	1536
ARM GAS  /tmp/ccXeXMPx.s 			page 362


 20592 0d00 0006     		.short	1536
 20593 0d02 0006     		.short	1536
 20594 0d04 0006     		.short	1536
 20595 0d06 0006     		.short	1536
 20596 0d08 0006     		.short	1536
 20597 0d0a 0006     		.short	1536
 20598 0d0c 0006     		.short	1536
 20599 0d0e 0006     		.short	1536
 20600 0d10 0006     		.short	1536
 20601 0d12 0006     		.short	1536
 20602 0d14 0038     		.short	14336
 20603 0d16 003C     		.short	15360
 20604 0d18 000C     		.short	3072
 20605 0d1a 000C     		.short	3072
 20606 0d1c 000C     		.short	3072
 20607 0d1e 000C     		.short	3072
 20608 0d20 000C     		.short	3072
 20609 0d22 000E     		.short	3584
 20610 0d24 0007     		.short	1792
 20611 0d26 0007     		.short	1792
 20612 0d28 000E     		.short	3584
 20613 0d2a 000C     		.short	3072
 20614 0d2c 000C     		.short	3072
 20615 0d2e 000C     		.short	3072
 20616 0d30 000C     		.short	3072
 20617 0d32 000C     		.short	3072
 20618 0d34 003C     		.short	15360
 20619 0d36 0038     		.short	14336
 20620 0d38 0000     		.short	0
 20621 0d3a 0000     		.short	0
 20622 0d3c 0000     		.short	0
 20623 0d3e 0000     		.short	0
 20624 0d40 0000     		.short	0
 20625 0d42 0000     		.short	0
 20626 0d44 0000     		.short	0
 20627 0d46 8038     		.short	14464
 20628 0d48 807F     		.short	32640
 20629 0d4a 0047     		.short	18176
 20630 0d4c 0000     		.short	0
 20631 0d4e 0000     		.short	0
 20632 0d50 0000     		.short	0
 20633 0d52 0000     		.short	0
 20634 0d54 0000     		.short	0
 20635 0d56 0000     		.short	0
 20636 0d58 0000     		.short	0
 20637 0d5a 0000     		.short	0
 20638              		.section	.rodata.Font7x10,"a"
 20639              		.align	2
 20642              	Font7x10:
 20643 0000 0000     		.short	0
 20644 0002 0000     		.short	0
 20645 0004 0000     		.short	0
 20646 0006 0000     		.short	0
 20647 0008 0000     		.short	0
 20648 000a 0000     		.short	0
 20649 000c 0000     		.short	0
 20650 000e 0000     		.short	0
ARM GAS  /tmp/ccXeXMPx.s 			page 363


 20651 0010 0000     		.short	0
 20652 0012 0000     		.short	0
 20653 0014 0010     		.short	4096
 20654 0016 0010     		.short	4096
 20655 0018 0010     		.short	4096
 20656 001a 0010     		.short	4096
 20657 001c 0010     		.short	4096
 20658 001e 0010     		.short	4096
 20659 0020 0000     		.short	0
 20660 0022 0010     		.short	4096
 20661 0024 0000     		.short	0
 20662 0026 0000     		.short	0
 20663 0028 0028     		.short	10240
 20664 002a 0028     		.short	10240
 20665 002c 0028     		.short	10240
 20666 002e 0000     		.short	0
 20667 0030 0000     		.short	0
 20668 0032 0000     		.short	0
 20669 0034 0000     		.short	0
 20670 0036 0000     		.short	0
 20671 0038 0000     		.short	0
 20672 003a 0000     		.short	0
 20673 003c 0024     		.short	9216
 20674 003e 0024     		.short	9216
 20675 0040 007C     		.short	31744
 20676 0042 0024     		.short	9216
 20677 0044 0048     		.short	18432
 20678 0046 007C     		.short	31744
 20679 0048 0048     		.short	18432
 20680 004a 0048     		.short	18432
 20681 004c 0000     		.short	0
 20682 004e 0000     		.short	0
 20683 0050 0038     		.short	14336
 20684 0052 0054     		.short	21504
 20685 0054 0050     		.short	20480
 20686 0056 0038     		.short	14336
 20687 0058 0014     		.short	5120
 20688 005a 0054     		.short	21504
 20689 005c 0054     		.short	21504
 20690 005e 0038     		.short	14336
 20691 0060 0010     		.short	4096
 20692 0062 0000     		.short	0
 20693 0064 0020     		.short	8192
 20694 0066 0054     		.short	21504
 20695 0068 0058     		.short	22528
 20696 006a 0030     		.short	12288
 20697 006c 0028     		.short	10240
 20698 006e 0054     		.short	21504
 20699 0070 0014     		.short	5120
 20700 0072 0008     		.short	2048
 20701 0074 0000     		.short	0
 20702 0076 0000     		.short	0
 20703 0078 0010     		.short	4096
 20704 007a 0028     		.short	10240
 20705 007c 0028     		.short	10240
 20706 007e 0010     		.short	4096
 20707 0080 0034     		.short	13312
ARM GAS  /tmp/ccXeXMPx.s 			page 364


 20708 0082 0048     		.short	18432
 20709 0084 0048     		.short	18432
 20710 0086 0034     		.short	13312
 20711 0088 0000     		.short	0
 20712 008a 0000     		.short	0
 20713 008c 0010     		.short	4096
 20714 008e 0010     		.short	4096
 20715 0090 0010     		.short	4096
 20716 0092 0000     		.short	0
 20717 0094 0000     		.short	0
 20718 0096 0000     		.short	0
 20719 0098 0000     		.short	0
 20720 009a 0000     		.short	0
 20721 009c 0000     		.short	0
 20722 009e 0000     		.short	0
 20723 00a0 0008     		.short	2048
 20724 00a2 0010     		.short	4096
 20725 00a4 0020     		.short	8192
 20726 00a6 0020     		.short	8192
 20727 00a8 0020     		.short	8192
 20728 00aa 0020     		.short	8192
 20729 00ac 0020     		.short	8192
 20730 00ae 0020     		.short	8192
 20731 00b0 0010     		.short	4096
 20732 00b2 0008     		.short	2048
 20733 00b4 0020     		.short	8192
 20734 00b6 0010     		.short	4096
 20735 00b8 0008     		.short	2048
 20736 00ba 0008     		.short	2048
 20737 00bc 0008     		.short	2048
 20738 00be 0008     		.short	2048
 20739 00c0 0008     		.short	2048
 20740 00c2 0008     		.short	2048
 20741 00c4 0010     		.short	4096
 20742 00c6 0020     		.short	8192
 20743 00c8 0010     		.short	4096
 20744 00ca 0038     		.short	14336
 20745 00cc 0010     		.short	4096
 20746 00ce 0028     		.short	10240
 20747 00d0 0000     		.short	0
 20748 00d2 0000     		.short	0
 20749 00d4 0000     		.short	0
 20750 00d6 0000     		.short	0
 20751 00d8 0000     		.short	0
 20752 00da 0000     		.short	0
 20753 00dc 0000     		.short	0
 20754 00de 0000     		.short	0
 20755 00e0 0010     		.short	4096
 20756 00e2 0010     		.short	4096
 20757 00e4 007C     		.short	31744
 20758 00e6 0010     		.short	4096
 20759 00e8 0010     		.short	4096
 20760 00ea 0000     		.short	0
 20761 00ec 0000     		.short	0
 20762 00ee 0000     		.short	0
 20763 00f0 0000     		.short	0
 20764 00f2 0000     		.short	0
ARM GAS  /tmp/ccXeXMPx.s 			page 365


 20765 00f4 0000     		.short	0
 20766 00f6 0000     		.short	0
 20767 00f8 0000     		.short	0
 20768 00fa 0000     		.short	0
 20769 00fc 0000     		.short	0
 20770 00fe 0010     		.short	4096
 20771 0100 0010     		.short	4096
 20772 0102 0010     		.short	4096
 20773 0104 0000     		.short	0
 20774 0106 0000     		.short	0
 20775 0108 0000     		.short	0
 20776 010a 0000     		.short	0
 20777 010c 0000     		.short	0
 20778 010e 0038     		.short	14336
 20779 0110 0000     		.short	0
 20780 0112 0000     		.short	0
 20781 0114 0000     		.short	0
 20782 0116 0000     		.short	0
 20783 0118 0000     		.short	0
 20784 011a 0000     		.short	0
 20785 011c 0000     		.short	0
 20786 011e 0000     		.short	0
 20787 0120 0000     		.short	0
 20788 0122 0000     		.short	0
 20789 0124 0000     		.short	0
 20790 0126 0010     		.short	4096
 20791 0128 0000     		.short	0
 20792 012a 0000     		.short	0
 20793 012c 0008     		.short	2048
 20794 012e 0008     		.short	2048
 20795 0130 0010     		.short	4096
 20796 0132 0010     		.short	4096
 20797 0134 0010     		.short	4096
 20798 0136 0010     		.short	4096
 20799 0138 0020     		.short	8192
 20800 013a 0020     		.short	8192
 20801 013c 0000     		.short	0
 20802 013e 0000     		.short	0
 20803 0140 0038     		.short	14336
 20804 0142 0044     		.short	17408
 20805 0144 0044     		.short	17408
 20806 0146 0054     		.short	21504
 20807 0148 0044     		.short	17408
 20808 014a 0044     		.short	17408
 20809 014c 0044     		.short	17408
 20810 014e 0038     		.short	14336
 20811 0150 0000     		.short	0
 20812 0152 0000     		.short	0
 20813 0154 0010     		.short	4096
 20814 0156 0030     		.short	12288
 20815 0158 0050     		.short	20480
 20816 015a 0010     		.short	4096
 20817 015c 0010     		.short	4096
 20818 015e 0010     		.short	4096
 20819 0160 0010     		.short	4096
 20820 0162 0010     		.short	4096
 20821 0164 0000     		.short	0
ARM GAS  /tmp/ccXeXMPx.s 			page 366


 20822 0166 0000     		.short	0
 20823 0168 0038     		.short	14336
 20824 016a 0044     		.short	17408
 20825 016c 0044     		.short	17408
 20826 016e 0004     		.short	1024
 20827 0170 0008     		.short	2048
 20828 0172 0010     		.short	4096
 20829 0174 0020     		.short	8192
 20830 0176 007C     		.short	31744
 20831 0178 0000     		.short	0
 20832 017a 0000     		.short	0
 20833 017c 0038     		.short	14336
 20834 017e 0044     		.short	17408
 20835 0180 0004     		.short	1024
 20836 0182 0018     		.short	6144
 20837 0184 0004     		.short	1024
 20838 0186 0004     		.short	1024
 20839 0188 0044     		.short	17408
 20840 018a 0038     		.short	14336
 20841 018c 0000     		.short	0
 20842 018e 0000     		.short	0
 20843 0190 0008     		.short	2048
 20844 0192 0018     		.short	6144
 20845 0194 0028     		.short	10240
 20846 0196 0028     		.short	10240
 20847 0198 0048     		.short	18432
 20848 019a 007C     		.short	31744
 20849 019c 0008     		.short	2048
 20850 019e 0008     		.short	2048
 20851 01a0 0000     		.short	0
 20852 01a2 0000     		.short	0
 20853 01a4 007C     		.short	31744
 20854 01a6 0040     		.short	16384
 20855 01a8 0040     		.short	16384
 20856 01aa 0078     		.short	30720
 20857 01ac 0004     		.short	1024
 20858 01ae 0004     		.short	1024
 20859 01b0 0044     		.short	17408
 20860 01b2 0038     		.short	14336
 20861 01b4 0000     		.short	0
 20862 01b6 0000     		.short	0
 20863 01b8 0038     		.short	14336
 20864 01ba 0044     		.short	17408
 20865 01bc 0040     		.short	16384
 20866 01be 0078     		.short	30720
 20867 01c0 0044     		.short	17408
 20868 01c2 0044     		.short	17408
 20869 01c4 0044     		.short	17408
 20870 01c6 0038     		.short	14336
 20871 01c8 0000     		.short	0
 20872 01ca 0000     		.short	0
 20873 01cc 007C     		.short	31744
 20874 01ce 0004     		.short	1024
 20875 01d0 0008     		.short	2048
 20876 01d2 0010     		.short	4096
 20877 01d4 0010     		.short	4096
 20878 01d6 0020     		.short	8192
ARM GAS  /tmp/ccXeXMPx.s 			page 367


 20879 01d8 0020     		.short	8192
 20880 01da 0020     		.short	8192
 20881 01dc 0000     		.short	0
 20882 01de 0000     		.short	0
 20883 01e0 0038     		.short	14336
 20884 01e2 0044     		.short	17408
 20885 01e4 0044     		.short	17408
 20886 01e6 0038     		.short	14336
 20887 01e8 0044     		.short	17408
 20888 01ea 0044     		.short	17408
 20889 01ec 0044     		.short	17408
 20890 01ee 0038     		.short	14336
 20891 01f0 0000     		.short	0
 20892 01f2 0000     		.short	0
 20893 01f4 0038     		.short	14336
 20894 01f6 0044     		.short	17408
 20895 01f8 0044     		.short	17408
 20896 01fa 0044     		.short	17408
 20897 01fc 003C     		.short	15360
 20898 01fe 0004     		.short	1024
 20899 0200 0044     		.short	17408
 20900 0202 0038     		.short	14336
 20901 0204 0000     		.short	0
 20902 0206 0000     		.short	0
 20903 0208 0000     		.short	0
 20904 020a 0000     		.short	0
 20905 020c 0010     		.short	4096
 20906 020e 0000     		.short	0
 20907 0210 0000     		.short	0
 20908 0212 0000     		.short	0
 20909 0214 0000     		.short	0
 20910 0216 0010     		.short	4096
 20911 0218 0000     		.short	0
 20912 021a 0000     		.short	0
 20913 021c 0000     		.short	0
 20914 021e 0000     		.short	0
 20915 0220 0000     		.short	0
 20916 0222 0010     		.short	4096
 20917 0224 0000     		.short	0
 20918 0226 0000     		.short	0
 20919 0228 0000     		.short	0
 20920 022a 0010     		.short	4096
 20921 022c 0010     		.short	4096
 20922 022e 0010     		.short	4096
 20923 0230 0000     		.short	0
 20924 0232 0000     		.short	0
 20925 0234 000C     		.short	3072
 20926 0236 0030     		.short	12288
 20927 0238 0040     		.short	16384
 20928 023a 0030     		.short	12288
 20929 023c 000C     		.short	3072
 20930 023e 0000     		.short	0
 20931 0240 0000     		.short	0
 20932 0242 0000     		.short	0
 20933 0244 0000     		.short	0
 20934 0246 0000     		.short	0
 20935 0248 0000     		.short	0
ARM GAS  /tmp/ccXeXMPx.s 			page 368


 20936 024a 007C     		.short	31744
 20937 024c 0000     		.short	0
 20938 024e 007C     		.short	31744
 20939 0250 0000     		.short	0
 20940 0252 0000     		.short	0
 20941 0254 0000     		.short	0
 20942 0256 0000     		.short	0
 20943 0258 0000     		.short	0
 20944 025a 0000     		.short	0
 20945 025c 0060     		.short	24576
 20946 025e 0018     		.short	6144
 20947 0260 0004     		.short	1024
 20948 0262 0018     		.short	6144
 20949 0264 0060     		.short	24576
 20950 0266 0000     		.short	0
 20951 0268 0000     		.short	0
 20952 026a 0000     		.short	0
 20953 026c 0038     		.short	14336
 20954 026e 0044     		.short	17408
 20955 0270 0004     		.short	1024
 20956 0272 0008     		.short	2048
 20957 0274 0010     		.short	4096
 20958 0276 0010     		.short	4096
 20959 0278 0000     		.short	0
 20960 027a 0010     		.short	4096
 20961 027c 0000     		.short	0
 20962 027e 0000     		.short	0
 20963 0280 0038     		.short	14336
 20964 0282 0044     		.short	17408
 20965 0284 004C     		.short	19456
 20966 0286 0054     		.short	21504
 20967 0288 005C     		.short	23552
 20968 028a 0040     		.short	16384
 20969 028c 0040     		.short	16384
 20970 028e 0038     		.short	14336
 20971 0290 0000     		.short	0
 20972 0292 0000     		.short	0
 20973 0294 0010     		.short	4096
 20974 0296 0028     		.short	10240
 20975 0298 0028     		.short	10240
 20976 029a 0028     		.short	10240
 20977 029c 0028     		.short	10240
 20978 029e 007C     		.short	31744
 20979 02a0 0044     		.short	17408
 20980 02a2 0044     		.short	17408
 20981 02a4 0000     		.short	0
 20982 02a6 0000     		.short	0
 20983 02a8 0078     		.short	30720
 20984 02aa 0044     		.short	17408
 20985 02ac 0044     		.short	17408
 20986 02ae 0078     		.short	30720
 20987 02b0 0044     		.short	17408
 20988 02b2 0044     		.short	17408
 20989 02b4 0044     		.short	17408
 20990 02b6 0078     		.short	30720
 20991 02b8 0000     		.short	0
 20992 02ba 0000     		.short	0
ARM GAS  /tmp/ccXeXMPx.s 			page 369


 20993 02bc 0038     		.short	14336
 20994 02be 0044     		.short	17408
 20995 02c0 0040     		.short	16384
 20996 02c2 0040     		.short	16384
 20997 02c4 0040     		.short	16384
 20998 02c6 0040     		.short	16384
 20999 02c8 0044     		.short	17408
 21000 02ca 0038     		.short	14336
 21001 02cc 0000     		.short	0
 21002 02ce 0000     		.short	0
 21003 02d0 0070     		.short	28672
 21004 02d2 0048     		.short	18432
 21005 02d4 0044     		.short	17408
 21006 02d6 0044     		.short	17408
 21007 02d8 0044     		.short	17408
 21008 02da 0044     		.short	17408
 21009 02dc 0048     		.short	18432
 21010 02de 0070     		.short	28672
 21011 02e0 0000     		.short	0
 21012 02e2 0000     		.short	0
 21013 02e4 007C     		.short	31744
 21014 02e6 0040     		.short	16384
 21015 02e8 0040     		.short	16384
 21016 02ea 007C     		.short	31744
 21017 02ec 0040     		.short	16384
 21018 02ee 0040     		.short	16384
 21019 02f0 0040     		.short	16384
 21020 02f2 007C     		.short	31744
 21021 02f4 0000     		.short	0
 21022 02f6 0000     		.short	0
 21023 02f8 007C     		.short	31744
 21024 02fa 0040     		.short	16384
 21025 02fc 0040     		.short	16384
 21026 02fe 0078     		.short	30720
 21027 0300 0040     		.short	16384
 21028 0302 0040     		.short	16384
 21029 0304 0040     		.short	16384
 21030 0306 0040     		.short	16384
 21031 0308 0000     		.short	0
 21032 030a 0000     		.short	0
 21033 030c 0038     		.short	14336
 21034 030e 0044     		.short	17408
 21035 0310 0040     		.short	16384
 21036 0312 0040     		.short	16384
 21037 0314 005C     		.short	23552
 21038 0316 0044     		.short	17408
 21039 0318 0044     		.short	17408
 21040 031a 0038     		.short	14336
 21041 031c 0000     		.short	0
 21042 031e 0000     		.short	0
 21043 0320 0044     		.short	17408
 21044 0322 0044     		.short	17408
 21045 0324 0044     		.short	17408
 21046 0326 007C     		.short	31744
 21047 0328 0044     		.short	17408
 21048 032a 0044     		.short	17408
 21049 032c 0044     		.short	17408
ARM GAS  /tmp/ccXeXMPx.s 			page 370


 21050 032e 0044     		.short	17408
 21051 0330 0000     		.short	0
 21052 0332 0000     		.short	0
 21053 0334 0038     		.short	14336
 21054 0336 0010     		.short	4096
 21055 0338 0010     		.short	4096
 21056 033a 0010     		.short	4096
 21057 033c 0010     		.short	4096
 21058 033e 0010     		.short	4096
 21059 0340 0010     		.short	4096
 21060 0342 0038     		.short	14336
 21061 0344 0000     		.short	0
 21062 0346 0000     		.short	0
 21063 0348 0004     		.short	1024
 21064 034a 0004     		.short	1024
 21065 034c 0004     		.short	1024
 21066 034e 0004     		.short	1024
 21067 0350 0004     		.short	1024
 21068 0352 0004     		.short	1024
 21069 0354 0044     		.short	17408
 21070 0356 0038     		.short	14336
 21071 0358 0000     		.short	0
 21072 035a 0000     		.short	0
 21073 035c 0044     		.short	17408
 21074 035e 0048     		.short	18432
 21075 0360 0050     		.short	20480
 21076 0362 0060     		.short	24576
 21077 0364 0050     		.short	20480
 21078 0366 0048     		.short	18432
 21079 0368 0048     		.short	18432
 21080 036a 0044     		.short	17408
 21081 036c 0000     		.short	0
 21082 036e 0000     		.short	0
 21083 0370 0040     		.short	16384
 21084 0372 0040     		.short	16384
 21085 0374 0040     		.short	16384
 21086 0376 0040     		.short	16384
 21087 0378 0040     		.short	16384
 21088 037a 0040     		.short	16384
 21089 037c 0040     		.short	16384
 21090 037e 007C     		.short	31744
 21091 0380 0000     		.short	0
 21092 0382 0000     		.short	0
 21093 0384 0044     		.short	17408
 21094 0386 006C     		.short	27648
 21095 0388 006C     		.short	27648
 21096 038a 0054     		.short	21504
 21097 038c 0044     		.short	17408
 21098 038e 0044     		.short	17408
 21099 0390 0044     		.short	17408
 21100 0392 0044     		.short	17408
 21101 0394 0000     		.short	0
 21102 0396 0000     		.short	0
 21103 0398 0044     		.short	17408
 21104 039a 0064     		.short	25600
 21105 039c 0064     		.short	25600
 21106 039e 0054     		.short	21504
ARM GAS  /tmp/ccXeXMPx.s 			page 371


 21107 03a0 0054     		.short	21504
 21108 03a2 004C     		.short	19456
 21109 03a4 004C     		.short	19456
 21110 03a6 0044     		.short	17408
 21111 03a8 0000     		.short	0
 21112 03aa 0000     		.short	0
 21113 03ac 0038     		.short	14336
 21114 03ae 0044     		.short	17408
 21115 03b0 0044     		.short	17408
 21116 03b2 0044     		.short	17408
 21117 03b4 0044     		.short	17408
 21118 03b6 0044     		.short	17408
 21119 03b8 0044     		.short	17408
 21120 03ba 0038     		.short	14336
 21121 03bc 0000     		.short	0
 21122 03be 0000     		.short	0
 21123 03c0 0078     		.short	30720
 21124 03c2 0044     		.short	17408
 21125 03c4 0044     		.short	17408
 21126 03c6 0044     		.short	17408
 21127 03c8 0078     		.short	30720
 21128 03ca 0040     		.short	16384
 21129 03cc 0040     		.short	16384
 21130 03ce 0040     		.short	16384
 21131 03d0 0000     		.short	0
 21132 03d2 0000     		.short	0
 21133 03d4 0038     		.short	14336
 21134 03d6 0044     		.short	17408
 21135 03d8 0044     		.short	17408
 21136 03da 0044     		.short	17408
 21137 03dc 0044     		.short	17408
 21138 03de 0044     		.short	17408
 21139 03e0 0054     		.short	21504
 21140 03e2 0038     		.short	14336
 21141 03e4 0004     		.short	1024
 21142 03e6 0000     		.short	0
 21143 03e8 0078     		.short	30720
 21144 03ea 0044     		.short	17408
 21145 03ec 0044     		.short	17408
 21146 03ee 0044     		.short	17408
 21147 03f0 0078     		.short	30720
 21148 03f2 0048     		.short	18432
 21149 03f4 0048     		.short	18432
 21150 03f6 0044     		.short	17408
 21151 03f8 0000     		.short	0
 21152 03fa 0000     		.short	0
 21153 03fc 0038     		.short	14336
 21154 03fe 0044     		.short	17408
 21155 0400 0040     		.short	16384
 21156 0402 0030     		.short	12288
 21157 0404 0008     		.short	2048
 21158 0406 0004     		.short	1024
 21159 0408 0044     		.short	17408
 21160 040a 0038     		.short	14336
 21161 040c 0000     		.short	0
 21162 040e 0000     		.short	0
 21163 0410 007C     		.short	31744
ARM GAS  /tmp/ccXeXMPx.s 			page 372


 21164 0412 0010     		.short	4096
 21165 0414 0010     		.short	4096
 21166 0416 0010     		.short	4096
 21167 0418 0010     		.short	4096
 21168 041a 0010     		.short	4096
 21169 041c 0010     		.short	4096
 21170 041e 0010     		.short	4096
 21171 0420 0000     		.short	0
 21172 0422 0000     		.short	0
 21173 0424 0044     		.short	17408
 21174 0426 0044     		.short	17408
 21175 0428 0044     		.short	17408
 21176 042a 0044     		.short	17408
 21177 042c 0044     		.short	17408
 21178 042e 0044     		.short	17408
 21179 0430 0044     		.short	17408
 21180 0432 0038     		.short	14336
 21181 0434 0000     		.short	0
 21182 0436 0000     		.short	0
 21183 0438 0044     		.short	17408
 21184 043a 0044     		.short	17408
 21185 043c 0044     		.short	17408
 21186 043e 0028     		.short	10240
 21187 0440 0028     		.short	10240
 21188 0442 0028     		.short	10240
 21189 0444 0010     		.short	4096
 21190 0446 0010     		.short	4096
 21191 0448 0000     		.short	0
 21192 044a 0000     		.short	0
 21193 044c 0044     		.short	17408
 21194 044e 0044     		.short	17408
 21195 0450 0054     		.short	21504
 21196 0452 0054     		.short	21504
 21197 0454 0054     		.short	21504
 21198 0456 006C     		.short	27648
 21199 0458 0028     		.short	10240
 21200 045a 0028     		.short	10240
 21201 045c 0000     		.short	0
 21202 045e 0000     		.short	0
 21203 0460 0044     		.short	17408
 21204 0462 0028     		.short	10240
 21205 0464 0028     		.short	10240
 21206 0466 0010     		.short	4096
 21207 0468 0010     		.short	4096
 21208 046a 0028     		.short	10240
 21209 046c 0028     		.short	10240
 21210 046e 0044     		.short	17408
 21211 0470 0000     		.short	0
 21212 0472 0000     		.short	0
 21213 0474 0044     		.short	17408
 21214 0476 0044     		.short	17408
 21215 0478 0028     		.short	10240
 21216 047a 0028     		.short	10240
 21217 047c 0010     		.short	4096
 21218 047e 0010     		.short	4096
 21219 0480 0010     		.short	4096
 21220 0482 0010     		.short	4096
ARM GAS  /tmp/ccXeXMPx.s 			page 373


 21221 0484 0000     		.short	0
 21222 0486 0000     		.short	0
 21223 0488 007C     		.short	31744
 21224 048a 0004     		.short	1024
 21225 048c 0008     		.short	2048
 21226 048e 0010     		.short	4096
 21227 0490 0010     		.short	4096
 21228 0492 0020     		.short	8192
 21229 0494 0040     		.short	16384
 21230 0496 007C     		.short	31744
 21231 0498 0000     		.short	0
 21232 049a 0000     		.short	0
 21233 049c 0018     		.short	6144
 21234 049e 0010     		.short	4096
 21235 04a0 0010     		.short	4096
 21236 04a2 0010     		.short	4096
 21237 04a4 0010     		.short	4096
 21238 04a6 0010     		.short	4096
 21239 04a8 0010     		.short	4096
 21240 04aa 0010     		.short	4096
 21241 04ac 0010     		.short	4096
 21242 04ae 0018     		.short	6144
 21243 04b0 0020     		.short	8192
 21244 04b2 0020     		.short	8192
 21245 04b4 0010     		.short	4096
 21246 04b6 0010     		.short	4096
 21247 04b8 0010     		.short	4096
 21248 04ba 0010     		.short	4096
 21249 04bc 0008     		.short	2048
 21250 04be 0008     		.short	2048
 21251 04c0 0000     		.short	0
 21252 04c2 0000     		.short	0
 21253 04c4 0030     		.short	12288
 21254 04c6 0010     		.short	4096
 21255 04c8 0010     		.short	4096
 21256 04ca 0010     		.short	4096
 21257 04cc 0010     		.short	4096
 21258 04ce 0010     		.short	4096
 21259 04d0 0010     		.short	4096
 21260 04d2 0010     		.short	4096
 21261 04d4 0010     		.short	4096
 21262 04d6 0030     		.short	12288
 21263 04d8 0010     		.short	4096
 21264 04da 0028     		.short	10240
 21265 04dc 0028     		.short	10240
 21266 04de 0044     		.short	17408
 21267 04e0 0000     		.short	0
 21268 04e2 0000     		.short	0
 21269 04e4 0000     		.short	0
 21270 04e6 0000     		.short	0
 21271 04e8 0000     		.short	0
 21272 04ea 0000     		.short	0
 21273 04ec 0000     		.short	0
 21274 04ee 0000     		.short	0
 21275 04f0 0000     		.short	0
 21276 04f2 0000     		.short	0
 21277 04f4 0000     		.short	0
ARM GAS  /tmp/ccXeXMPx.s 			page 374


 21278 04f6 0000     		.short	0
 21279 04f8 0000     		.short	0
 21280 04fa 0000     		.short	0
 21281 04fc 0000     		.short	0
 21282 04fe 00FE     		.short	-512
 21283 0500 0020     		.short	8192
 21284 0502 0010     		.short	4096
 21285 0504 0000     		.short	0
 21286 0506 0000     		.short	0
 21287 0508 0000     		.short	0
 21288 050a 0000     		.short	0
 21289 050c 0000     		.short	0
 21290 050e 0000     		.short	0
 21291 0510 0000     		.short	0
 21292 0512 0000     		.short	0
 21293 0514 0000     		.short	0
 21294 0516 0000     		.short	0
 21295 0518 0038     		.short	14336
 21296 051a 0044     		.short	17408
 21297 051c 003C     		.short	15360
 21298 051e 0044     		.short	17408
 21299 0520 004C     		.short	19456
 21300 0522 0034     		.short	13312
 21301 0524 0000     		.short	0
 21302 0526 0000     		.short	0
 21303 0528 0040     		.short	16384
 21304 052a 0040     		.short	16384
 21305 052c 0058     		.short	22528
 21306 052e 0064     		.short	25600
 21307 0530 0044     		.short	17408
 21308 0532 0044     		.short	17408
 21309 0534 0064     		.short	25600
 21310 0536 0058     		.short	22528
 21311 0538 0000     		.short	0
 21312 053a 0000     		.short	0
 21313 053c 0000     		.short	0
 21314 053e 0000     		.short	0
 21315 0540 0038     		.short	14336
 21316 0542 0044     		.short	17408
 21317 0544 0040     		.short	16384
 21318 0546 0040     		.short	16384
 21319 0548 0044     		.short	17408
 21320 054a 0038     		.short	14336
 21321 054c 0000     		.short	0
 21322 054e 0000     		.short	0
 21323 0550 0004     		.short	1024
 21324 0552 0004     		.short	1024
 21325 0554 0034     		.short	13312
 21326 0556 004C     		.short	19456
 21327 0558 0044     		.short	17408
 21328 055a 0044     		.short	17408
 21329 055c 004C     		.short	19456
 21330 055e 0034     		.short	13312
 21331 0560 0000     		.short	0
 21332 0562 0000     		.short	0
 21333 0564 0000     		.short	0
 21334 0566 0000     		.short	0
ARM GAS  /tmp/ccXeXMPx.s 			page 375


 21335 0568 0038     		.short	14336
 21336 056a 0044     		.short	17408
 21337 056c 007C     		.short	31744
 21338 056e 0040     		.short	16384
 21339 0570 0044     		.short	17408
 21340 0572 0038     		.short	14336
 21341 0574 0000     		.short	0
 21342 0576 0000     		.short	0
 21343 0578 000C     		.short	3072
 21344 057a 0010     		.short	4096
 21345 057c 007C     		.short	31744
 21346 057e 0010     		.short	4096
 21347 0580 0010     		.short	4096
 21348 0582 0010     		.short	4096
 21349 0584 0010     		.short	4096
 21350 0586 0010     		.short	4096
 21351 0588 0000     		.short	0
 21352 058a 0000     		.short	0
 21353 058c 0000     		.short	0
 21354 058e 0000     		.short	0
 21355 0590 0034     		.short	13312
 21356 0592 004C     		.short	19456
 21357 0594 0044     		.short	17408
 21358 0596 0044     		.short	17408
 21359 0598 004C     		.short	19456
 21360 059a 0034     		.short	13312
 21361 059c 0004     		.short	1024
 21362 059e 0078     		.short	30720
 21363 05a0 0040     		.short	16384
 21364 05a2 0040     		.short	16384
 21365 05a4 0058     		.short	22528
 21366 05a6 0064     		.short	25600
 21367 05a8 0044     		.short	17408
 21368 05aa 0044     		.short	17408
 21369 05ac 0044     		.short	17408
 21370 05ae 0044     		.short	17408
 21371 05b0 0000     		.short	0
 21372 05b2 0000     		.short	0
 21373 05b4 0010     		.short	4096
 21374 05b6 0000     		.short	0
 21375 05b8 0070     		.short	28672
 21376 05ba 0010     		.short	4096
 21377 05bc 0010     		.short	4096
 21378 05be 0010     		.short	4096
 21379 05c0 0010     		.short	4096
 21380 05c2 0010     		.short	4096
 21381 05c4 0000     		.short	0
 21382 05c6 0000     		.short	0
 21383 05c8 0010     		.short	4096
 21384 05ca 0000     		.short	0
 21385 05cc 0070     		.short	28672
 21386 05ce 0010     		.short	4096
 21387 05d0 0010     		.short	4096
 21388 05d2 0010     		.short	4096
 21389 05d4 0010     		.short	4096
 21390 05d6 0010     		.short	4096
 21391 05d8 0010     		.short	4096
ARM GAS  /tmp/ccXeXMPx.s 			page 376


 21392 05da 00E0     		.short	-8192
 21393 05dc 0040     		.short	16384
 21394 05de 0040     		.short	16384
 21395 05e0 0048     		.short	18432
 21396 05e2 0050     		.short	20480
 21397 05e4 0060     		.short	24576
 21398 05e6 0050     		.short	20480
 21399 05e8 0048     		.short	18432
 21400 05ea 0044     		.short	17408
 21401 05ec 0000     		.short	0
 21402 05ee 0000     		.short	0
 21403 05f0 0070     		.short	28672
 21404 05f2 0010     		.short	4096
 21405 05f4 0010     		.short	4096
 21406 05f6 0010     		.short	4096
 21407 05f8 0010     		.short	4096
 21408 05fa 0010     		.short	4096
 21409 05fc 0010     		.short	4096
 21410 05fe 0010     		.short	4096
 21411 0600 0000     		.short	0
 21412 0602 0000     		.short	0
 21413 0604 0000     		.short	0
 21414 0606 0000     		.short	0
 21415 0608 0078     		.short	30720
 21416 060a 0054     		.short	21504
 21417 060c 0054     		.short	21504
 21418 060e 0054     		.short	21504
 21419 0610 0054     		.short	21504
 21420 0612 0054     		.short	21504
 21421 0614 0000     		.short	0
 21422 0616 0000     		.short	0
 21423 0618 0000     		.short	0
 21424 061a 0000     		.short	0
 21425 061c 0058     		.short	22528
 21426 061e 0064     		.short	25600
 21427 0620 0044     		.short	17408
 21428 0622 0044     		.short	17408
 21429 0624 0044     		.short	17408
 21430 0626 0044     		.short	17408
 21431 0628 0000     		.short	0
 21432 062a 0000     		.short	0
 21433 062c 0000     		.short	0
 21434 062e 0000     		.short	0
 21435 0630 0038     		.short	14336
 21436 0632 0044     		.short	17408
 21437 0634 0044     		.short	17408
 21438 0636 0044     		.short	17408
 21439 0638 0044     		.short	17408
 21440 063a 0038     		.short	14336
 21441 063c 0000     		.short	0
 21442 063e 0000     		.short	0
 21443 0640 0000     		.short	0
 21444 0642 0000     		.short	0
 21445 0644 0058     		.short	22528
 21446 0646 0064     		.short	25600
 21447 0648 0044     		.short	17408
 21448 064a 0044     		.short	17408
ARM GAS  /tmp/ccXeXMPx.s 			page 377


 21449 064c 0064     		.short	25600
 21450 064e 0058     		.short	22528
 21451 0650 0040     		.short	16384
 21452 0652 0040     		.short	16384
 21453 0654 0000     		.short	0
 21454 0656 0000     		.short	0
 21455 0658 0034     		.short	13312
 21456 065a 004C     		.short	19456
 21457 065c 0044     		.short	17408
 21458 065e 0044     		.short	17408
 21459 0660 004C     		.short	19456
 21460 0662 0034     		.short	13312
 21461 0664 0004     		.short	1024
 21462 0666 0004     		.short	1024
 21463 0668 0000     		.short	0
 21464 066a 0000     		.short	0
 21465 066c 0058     		.short	22528
 21466 066e 0064     		.short	25600
 21467 0670 0040     		.short	16384
 21468 0672 0040     		.short	16384
 21469 0674 0040     		.short	16384
 21470 0676 0040     		.short	16384
 21471 0678 0000     		.short	0
 21472 067a 0000     		.short	0
 21473 067c 0000     		.short	0
 21474 067e 0000     		.short	0
 21475 0680 0038     		.short	14336
 21476 0682 0044     		.short	17408
 21477 0684 0030     		.short	12288
 21478 0686 0008     		.short	2048
 21479 0688 0044     		.short	17408
 21480 068a 0038     		.short	14336
 21481 068c 0000     		.short	0
 21482 068e 0000     		.short	0
 21483 0690 0020     		.short	8192
 21484 0692 0020     		.short	8192
 21485 0694 0078     		.short	30720
 21486 0696 0020     		.short	8192
 21487 0698 0020     		.short	8192
 21488 069a 0020     		.short	8192
 21489 069c 0020     		.short	8192
 21490 069e 0018     		.short	6144
 21491 06a0 0000     		.short	0
 21492 06a2 0000     		.short	0
 21493 06a4 0000     		.short	0
 21494 06a6 0000     		.short	0
 21495 06a8 0044     		.short	17408
 21496 06aa 0044     		.short	17408
 21497 06ac 0044     		.short	17408
 21498 06ae 0044     		.short	17408
 21499 06b0 004C     		.short	19456
 21500 06b2 0034     		.short	13312
 21501 06b4 0000     		.short	0
 21502 06b6 0000     		.short	0
 21503 06b8 0000     		.short	0
 21504 06ba 0000     		.short	0
 21505 06bc 0044     		.short	17408
ARM GAS  /tmp/ccXeXMPx.s 			page 378


 21506 06be 0044     		.short	17408
 21507 06c0 0028     		.short	10240
 21508 06c2 0028     		.short	10240
 21509 06c4 0028     		.short	10240
 21510 06c6 0010     		.short	4096
 21511 06c8 0000     		.short	0
 21512 06ca 0000     		.short	0
 21513 06cc 0000     		.short	0
 21514 06ce 0000     		.short	0
 21515 06d0 0054     		.short	21504
 21516 06d2 0054     		.short	21504
 21517 06d4 0054     		.short	21504
 21518 06d6 006C     		.short	27648
 21519 06d8 0028     		.short	10240
 21520 06da 0028     		.short	10240
 21521 06dc 0000     		.short	0
 21522 06de 0000     		.short	0
 21523 06e0 0000     		.short	0
 21524 06e2 0000     		.short	0
 21525 06e4 0044     		.short	17408
 21526 06e6 0028     		.short	10240
 21527 06e8 0010     		.short	4096
 21528 06ea 0010     		.short	4096
 21529 06ec 0028     		.short	10240
 21530 06ee 0044     		.short	17408
 21531 06f0 0000     		.short	0
 21532 06f2 0000     		.short	0
 21533 06f4 0000     		.short	0
 21534 06f6 0000     		.short	0
 21535 06f8 0044     		.short	17408
 21536 06fa 0044     		.short	17408
 21537 06fc 0028     		.short	10240
 21538 06fe 0028     		.short	10240
 21539 0700 0010     		.short	4096
 21540 0702 0010     		.short	4096
 21541 0704 0010     		.short	4096
 21542 0706 0060     		.short	24576
 21543 0708 0000     		.short	0
 21544 070a 0000     		.short	0
 21545 070c 007C     		.short	31744
 21546 070e 0008     		.short	2048
 21547 0710 0010     		.short	4096
 21548 0712 0020     		.short	8192
 21549 0714 0040     		.short	16384
 21550 0716 007C     		.short	31744
 21551 0718 0000     		.short	0
 21552 071a 0000     		.short	0
 21553 071c 0018     		.short	6144
 21554 071e 0010     		.short	4096
 21555 0720 0010     		.short	4096
 21556 0722 0010     		.short	4096
 21557 0724 0020     		.short	8192
 21558 0726 0020     		.short	8192
 21559 0728 0010     		.short	4096
 21560 072a 0010     		.short	4096
 21561 072c 0010     		.short	4096
 21562 072e 0018     		.short	6144
ARM GAS  /tmp/ccXeXMPx.s 			page 379


 21563 0730 0010     		.short	4096
 21564 0732 0010     		.short	4096
 21565 0734 0010     		.short	4096
 21566 0736 0010     		.short	4096
 21567 0738 0010     		.short	4096
 21568 073a 0010     		.short	4096
 21569 073c 0010     		.short	4096
 21570 073e 0010     		.short	4096
 21571 0740 0010     		.short	4096
 21572 0742 0010     		.short	4096
 21573 0744 0030     		.short	12288
 21574 0746 0010     		.short	4096
 21575 0748 0010     		.short	4096
 21576 074a 0010     		.short	4096
 21577 074c 0008     		.short	2048
 21578 074e 0008     		.short	2048
 21579 0750 0010     		.short	4096
 21580 0752 0010     		.short	4096
 21581 0754 0010     		.short	4096
 21582 0756 0030     		.short	12288
 21583 0758 0000     		.short	0
 21584 075a 0000     		.short	0
 21585 075c 0000     		.short	0
 21586 075e 0074     		.short	29696
 21587 0760 004C     		.short	19456
 21588 0762 0000     		.short	0
 21589 0764 0000     		.short	0
 21590 0766 0000     		.short	0
 21591 0768 0000     		.short	0
 21592 076a 0000     		.short	0
 21593              		.section	.rodata.Font8x8,"a"
 21594              		.align	2
 21597              	Font8x8:
 21598 0000 0000     		.short	0
 21599 0002 0000     		.short	0
 21600 0004 0000     		.short	0
 21601 0006 0000     		.short	0
 21602 0008 0000     		.short	0
 21603 000a 0000     		.short	0
 21604 000c 0000     		.short	0
 21605 000e 0000     		.short	0
 21606 0010 0018     		.short	6144
 21607 0012 0018     		.short	6144
 21608 0014 0018     		.short	6144
 21609 0016 0018     		.short	6144
 21610 0018 0018     		.short	6144
 21611 001a 0000     		.short	0
 21612 001c 0018     		.short	6144
 21613 001e 0000     		.short	0
 21614 0020 006C     		.short	27648
 21615 0022 006C     		.short	27648
 21616 0024 006C     		.short	27648
 21617 0026 0000     		.short	0
 21618 0028 0000     		.short	0
 21619 002a 0000     		.short	0
 21620 002c 0000     		.short	0
 21621 002e 0000     		.short	0
ARM GAS  /tmp/ccXeXMPx.s 			page 380


 21622 0030 0036     		.short	13824
 21623 0032 0036     		.short	13824
 21624 0034 007F     		.short	32512
 21625 0036 0036     		.short	13824
 21626 0038 007F     		.short	32512
 21627 003a 0036     		.short	13824
 21628 003c 0036     		.short	13824
 21629 003e 0000     		.short	0
 21630 0040 000C     		.short	3072
 21631 0042 003F     		.short	16128
 21632 0044 0068     		.short	26624
 21633 0046 003E     		.short	15872
 21634 0048 000B     		.short	2816
 21635 004a 007E     		.short	32256
 21636 004c 0018     		.short	6144
 21637 004e 0000     		.short	0
 21638 0050 0060     		.short	24576
 21639 0052 0066     		.short	26112
 21640 0054 000C     		.short	3072
 21641 0056 0018     		.short	6144
 21642 0058 0030     		.short	12288
 21643 005a 0066     		.short	26112
 21644 005c 0006     		.short	1536
 21645 005e 0000     		.short	0
 21646 0060 0038     		.short	14336
 21647 0062 006C     		.short	27648
 21648 0064 006C     		.short	27648
 21649 0066 0038     		.short	14336
 21650 0068 006D     		.short	27904
 21651 006a 0066     		.short	26112
 21652 006c 003B     		.short	15104
 21653 006e 0000     		.short	0
 21654 0070 000C     		.short	3072
 21655 0072 0018     		.short	6144
 21656 0074 0030     		.short	12288
 21657 0076 0000     		.short	0
 21658 0078 0000     		.short	0
 21659 007a 0000     		.short	0
 21660 007c 0000     		.short	0
 21661 007e 0000     		.short	0
 21662 0080 000C     		.short	3072
 21663 0082 0018     		.short	6144
 21664 0084 0030     		.short	12288
 21665 0086 0030     		.short	12288
 21666 0088 0030     		.short	12288
 21667 008a 0018     		.short	6144
 21668 008c 000C     		.short	3072
 21669 008e 0000     		.short	0
 21670 0090 0030     		.short	12288
 21671 0092 0018     		.short	6144
 21672 0094 000C     		.short	3072
 21673 0096 000C     		.short	3072
 21674 0098 000C     		.short	3072
 21675 009a 0018     		.short	6144
 21676 009c 0030     		.short	12288
 21677 009e 0000     		.short	0
 21678 00a0 0000     		.short	0
ARM GAS  /tmp/ccXeXMPx.s 			page 381


 21679 00a2 0018     		.short	6144
 21680 00a4 007E     		.short	32256
 21681 00a6 003C     		.short	15360
 21682 00a8 007E     		.short	32256
 21683 00aa 0018     		.short	6144
 21684 00ac 0000     		.short	0
 21685 00ae 0000     		.short	0
 21686 00b0 0000     		.short	0
 21687 00b2 0018     		.short	6144
 21688 00b4 0018     		.short	6144
 21689 00b6 007E     		.short	32256
 21690 00b8 0018     		.short	6144
 21691 00ba 0018     		.short	6144
 21692 00bc 0000     		.short	0
 21693 00be 0000     		.short	0
 21694 00c0 0000     		.short	0
 21695 00c2 0000     		.short	0
 21696 00c4 0000     		.short	0
 21697 00c6 0000     		.short	0
 21698 00c8 0000     		.short	0
 21699 00ca 0018     		.short	6144
 21700 00cc 0018     		.short	6144
 21701 00ce 0030     		.short	12288
 21702 00d0 0000     		.short	0
 21703 00d2 0000     		.short	0
 21704 00d4 0000     		.short	0
 21705 00d6 007E     		.short	32256
 21706 00d8 0000     		.short	0
 21707 00da 0000     		.short	0
 21708 00dc 0000     		.short	0
 21709 00de 0000     		.short	0
 21710 00e0 0000     		.short	0
 21711 00e2 0000     		.short	0
 21712 00e4 0000     		.short	0
 21713 00e6 0000     		.short	0
 21714 00e8 0000     		.short	0
 21715 00ea 0018     		.short	6144
 21716 00ec 0018     		.short	6144
 21717 00ee 0000     		.short	0
 21718 00f0 0000     		.short	0
 21719 00f2 0006     		.short	1536
 21720 00f4 000C     		.short	3072
 21721 00f6 0018     		.short	6144
 21722 00f8 0030     		.short	12288
 21723 00fa 0060     		.short	24576
 21724 00fc 0000     		.short	0
 21725 00fe 0000     		.short	0
 21726 0100 003C     		.short	15360
 21727 0102 0066     		.short	26112
 21728 0104 006E     		.short	28160
 21729 0106 007E     		.short	32256
 21730 0108 0076     		.short	30208
 21731 010a 0066     		.short	26112
 21732 010c 003C     		.short	15360
 21733 010e 0000     		.short	0
 21734 0110 0018     		.short	6144
 21735 0112 0038     		.short	14336
ARM GAS  /tmp/ccXeXMPx.s 			page 382


 21736 0114 0018     		.short	6144
 21737 0116 0018     		.short	6144
 21738 0118 0018     		.short	6144
 21739 011a 0018     		.short	6144
 21740 011c 007E     		.short	32256
 21741 011e 0000     		.short	0
 21742 0120 003C     		.short	15360
 21743 0122 0066     		.short	26112
 21744 0124 0006     		.short	1536
 21745 0126 000C     		.short	3072
 21746 0128 0018     		.short	6144
 21747 012a 0030     		.short	12288
 21748 012c 007E     		.short	32256
 21749 012e 0000     		.short	0
 21750 0130 003C     		.short	15360
 21751 0132 0066     		.short	26112
 21752 0134 0006     		.short	1536
 21753 0136 001C     		.short	7168
 21754 0138 0006     		.short	1536
 21755 013a 0066     		.short	26112
 21756 013c 003C     		.short	15360
 21757 013e 0000     		.short	0
 21758 0140 000C     		.short	3072
 21759 0142 001C     		.short	7168
 21760 0144 003C     		.short	15360
 21761 0146 006C     		.short	27648
 21762 0148 007E     		.short	32256
 21763 014a 000C     		.short	3072
 21764 014c 000C     		.short	3072
 21765 014e 0000     		.short	0
 21766 0150 007E     		.short	32256
 21767 0152 0060     		.short	24576
 21768 0154 007C     		.short	31744
 21769 0156 0006     		.short	1536
 21770 0158 0006     		.short	1536
 21771 015a 0066     		.short	26112
 21772 015c 003C     		.short	15360
 21773 015e 0000     		.short	0
 21774 0160 001C     		.short	7168
 21775 0162 0030     		.short	12288
 21776 0164 0060     		.short	24576
 21777 0166 007C     		.short	31744
 21778 0168 0066     		.short	26112
 21779 016a 0066     		.short	26112
 21780 016c 003C     		.short	15360
 21781 016e 0000     		.short	0
 21782 0170 007E     		.short	32256
 21783 0172 0006     		.short	1536
 21784 0174 000C     		.short	3072
 21785 0176 0018     		.short	6144
 21786 0178 0030     		.short	12288
 21787 017a 0030     		.short	12288
 21788 017c 0030     		.short	12288
 21789 017e 0000     		.short	0
 21790 0180 003C     		.short	15360
 21791 0182 0066     		.short	26112
 21792 0184 0066     		.short	26112
ARM GAS  /tmp/ccXeXMPx.s 			page 383


 21793 0186 003C     		.short	15360
 21794 0188 0066     		.short	26112
 21795 018a 0066     		.short	26112
 21796 018c 003C     		.short	15360
 21797 018e 0000     		.short	0
 21798 0190 003C     		.short	15360
 21799 0192 0066     		.short	26112
 21800 0194 0066     		.short	26112
 21801 0196 003E     		.short	15872
 21802 0198 0006     		.short	1536
 21803 019a 000C     		.short	3072
 21804 019c 0038     		.short	14336
 21805 019e 0000     		.short	0
 21806 01a0 0000     		.short	0
 21807 01a2 0000     		.short	0
 21808 01a4 0018     		.short	6144
 21809 01a6 0018     		.short	6144
 21810 01a8 0000     		.short	0
 21811 01aa 0018     		.short	6144
 21812 01ac 0018     		.short	6144
 21813 01ae 0000     		.short	0
 21814 01b0 0000     		.short	0
 21815 01b2 0000     		.short	0
 21816 01b4 0018     		.short	6144
 21817 01b6 0018     		.short	6144
 21818 01b8 0000     		.short	0
 21819 01ba 0018     		.short	6144
 21820 01bc 0018     		.short	6144
 21821 01be 0030     		.short	12288
 21822 01c0 000C     		.short	3072
 21823 01c2 0018     		.short	6144
 21824 01c4 0030     		.short	12288
 21825 01c6 0060     		.short	24576
 21826 01c8 0030     		.short	12288
 21827 01ca 0018     		.short	6144
 21828 01cc 000C     		.short	3072
 21829 01ce 0000     		.short	0
 21830 01d0 0000     		.short	0
 21831 01d2 0000     		.short	0
 21832 01d4 007E     		.short	32256
 21833 01d6 0000     		.short	0
 21834 01d8 007E     		.short	32256
 21835 01da 0000     		.short	0
 21836 01dc 0000     		.short	0
 21837 01de 0000     		.short	0
 21838 01e0 0030     		.short	12288
 21839 01e2 0018     		.short	6144
 21840 01e4 000C     		.short	3072
 21841 01e6 0006     		.short	1536
 21842 01e8 000C     		.short	3072
 21843 01ea 0018     		.short	6144
 21844 01ec 0030     		.short	12288
 21845 01ee 0000     		.short	0
 21846 01f0 003C     		.short	15360
 21847 01f2 0066     		.short	26112
 21848 01f4 000C     		.short	3072
 21849 01f6 0018     		.short	6144
ARM GAS  /tmp/ccXeXMPx.s 			page 384


 21850 01f8 0018     		.short	6144
 21851 01fa 0000     		.short	0
 21852 01fc 0018     		.short	6144
 21853 01fe 0000     		.short	0
 21854 0200 003C     		.short	15360
 21855 0202 0066     		.short	26112
 21856 0204 006E     		.short	28160
 21857 0206 006A     		.short	27136
 21858 0208 006E     		.short	28160
 21859 020a 0060     		.short	24576
 21860 020c 003C     		.short	15360
 21861 020e 0000     		.short	0
 21862 0210 003C     		.short	15360
 21863 0212 0066     		.short	26112
 21864 0214 0066     		.short	26112
 21865 0216 007E     		.short	32256
 21866 0218 0066     		.short	26112
 21867 021a 0066     		.short	26112
 21868 021c 0066     		.short	26112
 21869 021e 0000     		.short	0
 21870 0220 007C     		.short	31744
 21871 0222 0066     		.short	26112
 21872 0224 0066     		.short	26112
 21873 0226 007C     		.short	31744
 21874 0228 0066     		.short	26112
 21875 022a 0066     		.short	26112
 21876 022c 007C     		.short	31744
 21877 022e 0000     		.short	0
 21878 0230 003C     		.short	15360
 21879 0232 0066     		.short	26112
 21880 0234 0060     		.short	24576
 21881 0236 0060     		.short	24576
 21882 0238 0060     		.short	24576
 21883 023a 0066     		.short	26112
 21884 023c 003C     		.short	15360
 21885 023e 0000     		.short	0
 21886 0240 0078     		.short	30720
 21887 0242 006C     		.short	27648
 21888 0244 0066     		.short	26112
 21889 0246 0066     		.short	26112
 21890 0248 0066     		.short	26112
 21891 024a 006C     		.short	27648
 21892 024c 0078     		.short	30720
 21893 024e 0000     		.short	0
 21894 0250 007E     		.short	32256
 21895 0252 0060     		.short	24576
 21896 0254 0060     		.short	24576
 21897 0256 007C     		.short	31744
 21898 0258 0060     		.short	24576
 21899 025a 0060     		.short	24576
 21900 025c 007E     		.short	32256
 21901 025e 0000     		.short	0
 21902 0260 007E     		.short	32256
 21903 0262 0060     		.short	24576
 21904 0264 0060     		.short	24576
 21905 0266 007C     		.short	31744
 21906 0268 0060     		.short	24576
ARM GAS  /tmp/ccXeXMPx.s 			page 385


 21907 026a 0060     		.short	24576
 21908 026c 0060     		.short	24576
 21909 026e 0000     		.short	0
 21910 0270 003C     		.short	15360
 21911 0272 0066     		.short	26112
 21912 0274 0060     		.short	24576
 21913 0276 006E     		.short	28160
 21914 0278 0066     		.short	26112
 21915 027a 0066     		.short	26112
 21916 027c 003C     		.short	15360
 21917 027e 0000     		.short	0
 21918 0280 0066     		.short	26112
 21919 0282 0066     		.short	26112
 21920 0284 0066     		.short	26112
 21921 0286 007E     		.short	32256
 21922 0288 0066     		.short	26112
 21923 028a 0066     		.short	26112
 21924 028c 0066     		.short	26112
 21925 028e 0000     		.short	0
 21926 0290 007E     		.short	32256
 21927 0292 0018     		.short	6144
 21928 0294 0018     		.short	6144
 21929 0296 0018     		.short	6144
 21930 0298 0018     		.short	6144
 21931 029a 0018     		.short	6144
 21932 029c 007E     		.short	32256
 21933 029e 0000     		.short	0
 21934 02a0 003E     		.short	15872
 21935 02a2 000C     		.short	3072
 21936 02a4 000C     		.short	3072
 21937 02a6 000C     		.short	3072
 21938 02a8 000C     		.short	3072
 21939 02aa 006C     		.short	27648
 21940 02ac 0038     		.short	14336
 21941 02ae 0000     		.short	0
 21942 02b0 0066     		.short	26112
 21943 02b2 006C     		.short	27648
 21944 02b4 0078     		.short	30720
 21945 02b6 0070     		.short	28672
 21946 02b8 0078     		.short	30720
 21947 02ba 006C     		.short	27648
 21948 02bc 0066     		.short	26112
 21949 02be 0000     		.short	0
 21950 02c0 0060     		.short	24576
 21951 02c2 0060     		.short	24576
 21952 02c4 0060     		.short	24576
 21953 02c6 0060     		.short	24576
 21954 02c8 0060     		.short	24576
 21955 02ca 0060     		.short	24576
 21956 02cc 007E     		.short	32256
 21957 02ce 0000     		.short	0
 21958 02d0 0063     		.short	25344
 21959 02d2 0077     		.short	30464
 21960 02d4 007F     		.short	32512
 21961 02d6 006B     		.short	27392
 21962 02d8 006B     		.short	27392
 21963 02da 0063     		.short	25344
ARM GAS  /tmp/ccXeXMPx.s 			page 386


 21964 02dc 0063     		.short	25344
 21965 02de 0000     		.short	0
 21966 02e0 0066     		.short	26112
 21967 02e2 0066     		.short	26112
 21968 02e4 0076     		.short	30208
 21969 02e6 007E     		.short	32256
 21970 02e8 006E     		.short	28160
 21971 02ea 0066     		.short	26112
 21972 02ec 0066     		.short	26112
 21973 02ee 0000     		.short	0
 21974 02f0 003C     		.short	15360
 21975 02f2 0066     		.short	26112
 21976 02f4 0066     		.short	26112
 21977 02f6 0066     		.short	26112
 21978 02f8 0066     		.short	26112
 21979 02fa 0066     		.short	26112
 21980 02fc 003C     		.short	15360
 21981 02fe 0000     		.short	0
 21982 0300 007C     		.short	31744
 21983 0302 0066     		.short	26112
 21984 0304 0066     		.short	26112
 21985 0306 007C     		.short	31744
 21986 0308 0060     		.short	24576
 21987 030a 0060     		.short	24576
 21988 030c 0060     		.short	24576
 21989 030e 0000     		.short	0
 21990 0310 003C     		.short	15360
 21991 0312 0066     		.short	26112
 21992 0314 0066     		.short	26112
 21993 0316 0066     		.short	26112
 21994 0318 006A     		.short	27136
 21995 031a 006C     		.short	27648
 21996 031c 0036     		.short	13824
 21997 031e 0000     		.short	0
 21998 0320 007C     		.short	31744
 21999 0322 0066     		.short	26112
 22000 0324 0066     		.short	26112
 22001 0326 007C     		.short	31744
 22002 0328 006C     		.short	27648
 22003 032a 0066     		.short	26112
 22004 032c 0066     		.short	26112
 22005 032e 0000     		.short	0
 22006 0330 003C     		.short	15360
 22007 0332 0066     		.short	26112
 22008 0334 0060     		.short	24576
 22009 0336 003C     		.short	15360
 22010 0338 0006     		.short	1536
 22011 033a 0066     		.short	26112
 22012 033c 003C     		.short	15360
 22013 033e 0000     		.short	0
 22014 0340 007E     		.short	32256
 22015 0342 0018     		.short	6144
 22016 0344 0018     		.short	6144
 22017 0346 0018     		.short	6144
 22018 0348 0018     		.short	6144
 22019 034a 0018     		.short	6144
 22020 034c 0018     		.short	6144
ARM GAS  /tmp/ccXeXMPx.s 			page 387


 22021 034e 0000     		.short	0
 22022 0350 0066     		.short	26112
 22023 0352 0066     		.short	26112
 22024 0354 0066     		.short	26112
 22025 0356 0066     		.short	26112
 22026 0358 0066     		.short	26112
 22027 035a 0066     		.short	26112
 22028 035c 003C     		.short	15360
 22029 035e 0000     		.short	0
 22030 0360 0066     		.short	26112
 22031 0362 0066     		.short	26112
 22032 0364 0066     		.short	26112
 22033 0366 0066     		.short	26112
 22034 0368 0066     		.short	26112
 22035 036a 003C     		.short	15360
 22036 036c 0018     		.short	6144
 22037 036e 0000     		.short	0
 22038 0370 0063     		.short	25344
 22039 0372 0063     		.short	25344
 22040 0374 006B     		.short	27392
 22041 0376 006B     		.short	27392
 22042 0378 007F     		.short	32512
 22043 037a 0077     		.short	30464
 22044 037c 0063     		.short	25344
 22045 037e 0000     		.short	0
 22046 0380 0066     		.short	26112
 22047 0382 0066     		.short	26112
 22048 0384 003C     		.short	15360
 22049 0386 0018     		.short	6144
 22050 0388 003C     		.short	15360
 22051 038a 0066     		.short	26112
 22052 038c 0066     		.short	26112
 22053 038e 0000     		.short	0
 22054 0390 0066     		.short	26112
 22055 0392 0066     		.short	26112
 22056 0394 0066     		.short	26112
 22057 0396 003C     		.short	15360
 22058 0398 0018     		.short	6144
 22059 039a 0018     		.short	6144
 22060 039c 0018     		.short	6144
 22061 039e 0000     		.short	0
 22062 03a0 007E     		.short	32256
 22063 03a2 0006     		.short	1536
 22064 03a4 000C     		.short	3072
 22065 03a6 0018     		.short	6144
 22066 03a8 0030     		.short	12288
 22067 03aa 0060     		.short	24576
 22068 03ac 007E     		.short	32256
 22069 03ae 0000     		.short	0
 22070 03b0 007C     		.short	31744
 22071 03b2 0060     		.short	24576
 22072 03b4 0060     		.short	24576
 22073 03b6 0060     		.short	24576
 22074 03b8 0060     		.short	24576
 22075 03ba 0060     		.short	24576
 22076 03bc 007C     		.short	31744
 22077 03be 0000     		.short	0
ARM GAS  /tmp/ccXeXMPx.s 			page 388


 22078 03c0 0000     		.short	0
 22079 03c2 0060     		.short	24576
 22080 03c4 0030     		.short	12288
 22081 03c6 0018     		.short	6144
 22082 03c8 000C     		.short	3072
 22083 03ca 0006     		.short	1536
 22084 03cc 0000     		.short	0
 22085 03ce 0000     		.short	0
 22086 03d0 003E     		.short	15872
 22087 03d2 0006     		.short	1536
 22088 03d4 0006     		.short	1536
 22089 03d6 0006     		.short	1536
 22090 03d8 0006     		.short	1536
 22091 03da 0006     		.short	1536
 22092 03dc 003E     		.short	15872
 22093 03de 0000     		.short	0
 22094 03e0 0018     		.short	6144
 22095 03e2 003C     		.short	15360
 22096 03e4 0066     		.short	26112
 22097 03e6 0042     		.short	16896
 22098 03e8 0000     		.short	0
 22099 03ea 0000     		.short	0
 22100 03ec 0000     		.short	0
 22101 03ee 0000     		.short	0
 22102 03f0 0000     		.short	0
 22103 03f2 0000     		.short	0
 22104 03f4 0000     		.short	0
 22105 03f6 0000     		.short	0
 22106 03f8 0000     		.short	0
 22107 03fa 0000     		.short	0
 22108 03fc 0000     		.short	0
 22109 03fe 00FF     		.short	-256
 22110 0400 001C     		.short	7168
 22111 0402 0036     		.short	13824
 22112 0404 0030     		.short	12288
 22113 0406 007C     		.short	31744
 22114 0408 0030     		.short	12288
 22115 040a 0030     		.short	12288
 22116 040c 007E     		.short	32256
 22117 040e 0000     		.short	0
 22118 0410 0000     		.short	0
 22119 0412 0000     		.short	0
 22120 0414 003C     		.short	15360
 22121 0416 0006     		.short	1536
 22122 0418 003E     		.short	15872
 22123 041a 0066     		.short	26112
 22124 041c 003E     		.short	15872
 22125 041e 0000     		.short	0
 22126 0420 0060     		.short	24576
 22127 0422 0060     		.short	24576
 22128 0424 007C     		.short	31744
 22129 0426 0066     		.short	26112
 22130 0428 0066     		.short	26112
 22131 042a 0066     		.short	26112
 22132 042c 007C     		.short	31744
 22133 042e 0000     		.short	0
 22134 0430 0000     		.short	0
ARM GAS  /tmp/ccXeXMPx.s 			page 389


 22135 0432 0000     		.short	0
 22136 0434 003C     		.short	15360
 22137 0436 0066     		.short	26112
 22138 0438 0060     		.short	24576
 22139 043a 0066     		.short	26112
 22140 043c 003C     		.short	15360
 22141 043e 0000     		.short	0
 22142 0440 0006     		.short	1536
 22143 0442 0006     		.short	1536
 22144 0444 003E     		.short	15872
 22145 0446 0066     		.short	26112
 22146 0448 0066     		.short	26112
 22147 044a 0066     		.short	26112
 22148 044c 003E     		.short	15872
 22149 044e 0000     		.short	0
 22150 0450 0000     		.short	0
 22151 0452 0000     		.short	0
 22152 0454 003C     		.short	15360
 22153 0456 0066     		.short	26112
 22154 0458 007E     		.short	32256
 22155 045a 0060     		.short	24576
 22156 045c 003C     		.short	15360
 22157 045e 0000     		.short	0
 22158 0460 001C     		.short	7168
 22159 0462 0030     		.short	12288
 22160 0464 0030     		.short	12288
 22161 0466 007C     		.short	31744
 22162 0468 0030     		.short	12288
 22163 046a 0030     		.short	12288
 22164 046c 0030     		.short	12288
 22165 046e 0000     		.short	0
 22166 0470 0000     		.short	0
 22167 0472 0000     		.short	0
 22168 0474 003E     		.short	15872
 22169 0476 0066     		.short	26112
 22170 0478 0066     		.short	26112
 22171 047a 003E     		.short	15872
 22172 047c 0006     		.short	1536
 22173 047e 003C     		.short	15360
 22174 0480 0060     		.short	24576
 22175 0482 0060     		.short	24576
 22176 0484 007C     		.short	31744
 22177 0486 0066     		.short	26112
 22178 0488 0066     		.short	26112
 22179 048a 0066     		.short	26112
 22180 048c 0066     		.short	26112
 22181 048e 0000     		.short	0
 22182 0490 0018     		.short	6144
 22183 0492 0000     		.short	0
 22184 0494 0038     		.short	14336
 22185 0496 0018     		.short	6144
 22186 0498 0018     		.short	6144
 22187 049a 0018     		.short	6144
 22188 049c 003C     		.short	15360
 22189 049e 0000     		.short	0
 22190 04a0 0018     		.short	6144
 22191 04a2 0000     		.short	0
ARM GAS  /tmp/ccXeXMPx.s 			page 390


 22192 04a4 0038     		.short	14336
 22193 04a6 0018     		.short	6144
 22194 04a8 0018     		.short	6144
 22195 04aa 0018     		.short	6144
 22196 04ac 0018     		.short	6144
 22197 04ae 0070     		.short	28672
 22198 04b0 0060     		.short	24576
 22199 04b2 0060     		.short	24576
 22200 04b4 0066     		.short	26112
 22201 04b6 006C     		.short	27648
 22202 04b8 0078     		.short	30720
 22203 04ba 006C     		.short	27648
 22204 04bc 0066     		.short	26112
 22205 04be 0000     		.short	0
 22206 04c0 0038     		.short	14336
 22207 04c2 0018     		.short	6144
 22208 04c4 0018     		.short	6144
 22209 04c6 0018     		.short	6144
 22210 04c8 0018     		.short	6144
 22211 04ca 0018     		.short	6144
 22212 04cc 003C     		.short	15360
 22213 04ce 0000     		.short	0
 22214 04d0 0000     		.short	0
 22215 04d2 0000     		.short	0
 22216 04d4 0036     		.short	13824
 22217 04d6 007F     		.short	32512
 22218 04d8 006B     		.short	27392
 22219 04da 006B     		.short	27392
 22220 04dc 0063     		.short	25344
 22221 04de 0000     		.short	0
 22222 04e0 0000     		.short	0
 22223 04e2 0000     		.short	0
 22224 04e4 007C     		.short	31744
 22225 04e6 0066     		.short	26112
 22226 04e8 0066     		.short	26112
 22227 04ea 0066     		.short	26112
 22228 04ec 0066     		.short	26112
 22229 04ee 0000     		.short	0
 22230 04f0 0000     		.short	0
 22231 04f2 0000     		.short	0
 22232 04f4 003C     		.short	15360
 22233 04f6 0066     		.short	26112
 22234 04f8 0066     		.short	26112
 22235 04fa 0066     		.short	26112
 22236 04fc 003C     		.short	15360
 22237 04fe 0000     		.short	0
 22238 0500 0000     		.short	0
 22239 0502 0000     		.short	0
 22240 0504 007C     		.short	31744
 22241 0506 0066     		.short	26112
 22242 0508 0066     		.short	26112
 22243 050a 007C     		.short	31744
 22244 050c 0060     		.short	24576
 22245 050e 0060     		.short	24576
 22246 0510 0000     		.short	0
 22247 0512 0000     		.short	0
 22248 0514 003E     		.short	15872
ARM GAS  /tmp/ccXeXMPx.s 			page 391


 22249 0516 0066     		.short	26112
 22250 0518 0066     		.short	26112
 22251 051a 003E     		.short	15872
 22252 051c 0006     		.short	1536
 22253 051e 0007     		.short	1792
 22254 0520 0000     		.short	0
 22255 0522 0000     		.short	0
 22256 0524 006C     		.short	27648
 22257 0526 0076     		.short	30208
 22258 0528 0060     		.short	24576
 22259 052a 0060     		.short	24576
 22260 052c 0060     		.short	24576
 22261 052e 0000     		.short	0
 22262 0530 0000     		.short	0
 22263 0532 0000     		.short	0
 22264 0534 003E     		.short	15872
 22265 0536 0060     		.short	24576
 22266 0538 003C     		.short	15360
 22267 053a 0006     		.short	1536
 22268 053c 007C     		.short	31744
 22269 053e 0000     		.short	0
 22270 0540 0030     		.short	12288
 22271 0542 0030     		.short	12288
 22272 0544 007C     		.short	31744
 22273 0546 0030     		.short	12288
 22274 0548 0030     		.short	12288
 22275 054a 0030     		.short	12288
 22276 054c 001C     		.short	7168
 22277 054e 0000     		.short	0
 22278 0550 0000     		.short	0
 22279 0552 0000     		.short	0
 22280 0554 0066     		.short	26112
 22281 0556 0066     		.short	26112
 22282 0558 0066     		.short	26112
 22283 055a 0066     		.short	26112
 22284 055c 003E     		.short	15872
 22285 055e 0000     		.short	0
 22286 0560 0000     		.short	0
 22287 0562 0000     		.short	0
 22288 0564 0066     		.short	26112
 22289 0566 0066     		.short	26112
 22290 0568 0066     		.short	26112
 22291 056a 003C     		.short	15360
 22292 056c 0018     		.short	6144
 22293 056e 0000     		.short	0
 22294 0570 0000     		.short	0
 22295 0572 0000     		.short	0
 22296 0574 0063     		.short	25344
 22297 0576 006B     		.short	27392
 22298 0578 006B     		.short	27392
 22299 057a 007F     		.short	32512
 22300 057c 0036     		.short	13824
 22301 057e 0000     		.short	0
 22302 0580 0000     		.short	0
 22303 0582 0000     		.short	0
 22304 0584 0066     		.short	26112
 22305 0586 003C     		.short	15360
ARM GAS  /tmp/ccXeXMPx.s 			page 392


 22306 0588 0018     		.short	6144
 22307 058a 003C     		.short	15360
 22308 058c 0066     		.short	26112
 22309 058e 0000     		.short	0
 22310 0590 0000     		.short	0
 22311 0592 0000     		.short	0
 22312 0594 0066     		.short	26112
 22313 0596 0066     		.short	26112
 22314 0598 0066     		.short	26112
 22315 059a 003E     		.short	15872
 22316 059c 0006     		.short	1536
 22317 059e 003C     		.short	15360
 22318 05a0 0000     		.short	0
 22319 05a2 0000     		.short	0
 22320 05a4 007E     		.short	32256
 22321 05a6 000C     		.short	3072
 22322 05a8 0018     		.short	6144
 22323 05aa 0030     		.short	12288
 22324 05ac 007E     		.short	32256
 22325 05ae 0000     		.short	0
 22326 05b0 000C     		.short	3072
 22327 05b2 0018     		.short	6144
 22328 05b4 0018     		.short	6144
 22329 05b6 0070     		.short	28672
 22330 05b8 0018     		.short	6144
 22331 05ba 0018     		.short	6144
 22332 05bc 000C     		.short	3072
 22333 05be 0000     		.short	0
 22334 05c0 0018     		.short	6144
 22335 05c2 0018     		.short	6144
 22336 05c4 0018     		.short	6144
 22337 05c6 0000     		.short	0
 22338 05c8 0018     		.short	6144
 22339 05ca 0018     		.short	6144
 22340 05cc 0018     		.short	6144
 22341 05ce 0000     		.short	0
 22342 05d0 0030     		.short	12288
 22343 05d2 0018     		.short	6144
 22344 05d4 0018     		.short	6144
 22345 05d6 000E     		.short	3584
 22346 05d8 0018     		.short	6144
 22347 05da 0018     		.short	6144
 22348 05dc 0030     		.short	12288
 22349 05de 0000     		.short	0
 22350 05e0 0031     		.short	12544
 22351 05e2 006B     		.short	27392
 22352 05e4 0046     		.short	17920
 22353 05e6 0000     		.short	0
 22354 05e8 0000     		.short	0
 22355 05ea 0000     		.short	0
 22356 05ec 0000     		.short	0
 22357 05ee 0000     		.short	0
 22358              		.text
 22359              	.Letext0:
 22360              		.file 2 "/opt/st/stm32cubeclt_1.20.0/GNU-tools-for-STM32/arm-none-eabi/include/machine/_default_ty
 22361              		.file 3 "/opt/st/stm32cubeclt_1.20.0/GNU-tools-for-STM32/arm-none-eabi/include/sys/_stdint.h"
 22362              		.file 4 "../ST7789/fonts.h"
ARM GAS  /tmp/ccXeXMPx.s 			page 393


ARM GAS  /tmp/ccXeXMPx.s 			page 394


DEFINED SYMBOLS
                            *ABS*:00000000 fonts.c
     /tmp/ccXeXMPx.s:23     .data.Font_16x26:00000000 Font_16x26
     /tmp/ccXeXMPx.s:20     .data.Font_16x26:00000000 $d
     /tmp/ccXeXMPx.s:16452  .rodata.Font16x26:00000000 Font16x26
     /tmp/ccXeXMPx.s:33     .data.Font_11x18:00000000 Font_11x18
     /tmp/ccXeXMPx.s:30     .data.Font_11x18:00000000 $d
     /tmp/ccXeXMPx.s:18927  .rodata.Font11x18:00000000 Font11x18
     /tmp/ccXeXMPx.s:43     .data.Font_7x10:00000000 Font_7x10
     /tmp/ccXeXMPx.s:40     .data.Font_7x10:00000000 $d
     /tmp/ccXeXMPx.s:20642  .rodata.Font7x10:00000000 Font7x10
     /tmp/ccXeXMPx.s:53     .data.Font_8x8:00000000 Font_8x8
     /tmp/ccXeXMPx.s:50     .data.Font_8x8:00000000 $d
     /tmp/ccXeXMPx.s:21597  .rodata.Font8x8:00000000 Font8x8
     /tmp/ccXeXMPx.s:63     .rodata.saber:00000000 saber
     /tmp/ccXeXMPx.s:60     .rodata.saber:00000000 $d
     /tmp/ccXeXMPx.s:16449  .rodata.Font16x26:00000000 $d
     /tmp/ccXeXMPx.s:18924  .rodata.Font11x18:00000000 $d
     /tmp/ccXeXMPx.s:20639  .rodata.Font7x10:00000000 $d
     /tmp/ccXeXMPx.s:21594  .rodata.Font8x8:00000000 $d

NO UNDEFINED SYMBOLS
