ARM GAS  /tmp/ccvpQaby.s 			page 1


   1              		.cpu cortex-m3
   2              		.arch armv7-m
   3              		.fpu softvfp
   4              		.eabi_attribute 20, 1
   5              		.eabi_attribute 21, 1
   6              		.eabi_attribute 23, 3
   7              		.eabi_attribute 24, 1
   8              		.eabi_attribute 25, 1
   9              		.eabi_attribute 26, 1
  10              		.eabi_attribute 30, 1
  11              		.eabi_attribute 34, 1
  12              		.eabi_attribute 18, 4
  13              		.file	"st7789.c"
  14              		.text
  15              	.Ltext0:
  16              		.cfi_sections	.debug_frame
  17              		.file 1 "../ST7789/st7789.c"
  18              		.section	.text.ST7789_PrepareCharBuffer,"ax",%progbits
  19              		.align	1
  20              		.syntax unified
  21              		.thumb
  22              		.thumb_func
  24              	ST7789_PrepareCharBuffer:
  25              	.LVL0:
  26              	.LFB99:
   1:../ST7789/st7789.c **** #include "st7789.h"
   2:../ST7789/st7789.c **** #include <stdbool.h>
   3:../ST7789/st7789.c **** 
   4:../ST7789/st7789.c **** #ifdef __CROSSWORKS_ARM
   5:../ST7789/st7789.c **** FontDef   curr_font;
   6:../ST7789/st7789.c **** uint16_t  cx            = 0;
   7:../ST7789/st7789.c **** uint16_t  cy            = 0;
   8:../ST7789/st7789.c **** uint16_t  curr_colour   = BLACK;
   9:../ST7789/st7789.c **** uint16_t  curr_bgcolour = WHITE;
  10:../ST7789/st7789.c **** #endif
  11:../ST7789/st7789.c **** 
  12:../ST7789/st7789.c **** #if ST7789_USE_DMA
  13:../ST7789/st7789.c **** #include <string.h>
  14:../ST7789/st7789.c **** uint16_t DMA_MIN_SIZE = 16;
  15:../ST7789/st7789.c **** /* If you're using DMA, then u need a "framebuffer" to store datas to be displayed.
  16:../ST7789/st7789.c ****  * If your MCU don't have enough RAM, please avoid using DMA(or set 5 to 1).
  17:../ST7789/st7789.c ****  * And if your MCU have enough RAM(even larger than full-frame size),
  18:../ST7789/st7789.c ****  * Then you can specify the framebuffer size to the full resolution below.
  19:../ST7789/st7789.c ****  */
  20:../ST7789/st7789.c ****  #define HOR_LEN 	5	//	Also mind the resolution of your screen!
  21:../ST7789/st7789.c **** uint16_t disp_buf[ST7789_WIDTH * HOR_LEN];
  22:../ST7789/st7789.c **** #endif
  23:../ST7789/st7789.c **** 
  24:../ST7789/st7789.c **** void memset_16(uint16_t* buf, uint16_t value, uint32_t size) 
  25:../ST7789/st7789.c **** {
  26:../ST7789/st7789.c ****     uint16_t swapped = (value >> 8) | (value << 8); 
  27:../ST7789/st7789.c ****     while (size > 0) {
  28:../ST7789/st7789.c ****         *buf = swapped; 
  29:../ST7789/st7789.c ****         buf++;
  30:../ST7789/st7789.c ****         size--;
  31:../ST7789/st7789.c ****     }
  32:../ST7789/st7789.c **** }
ARM GAS  /tmp/ccvpQaby.s 			page 2


  33:../ST7789/st7789.c **** 
  34:../ST7789/st7789.c **** /**
  35:../ST7789/st7789.c ****  * @brief Write command to ST7789 controller
  36:../ST7789/st7789.c ****  * @param cmd -> command to write
  37:../ST7789/st7789.c ****  * @return none
  38:../ST7789/st7789.c ****  */
  39:../ST7789/st7789.c **** static void ST7789_WriteCommand(uint8_t cmd)
  40:../ST7789/st7789.c **** {
  41:../ST7789/st7789.c **** 	ST7789_Select();
  42:../ST7789/st7789.c **** 	ST7789_DC_Clr();
  43:../ST7789/st7789.c **** 	ST7789_SPI_WRITE(&cmd, sizeof(cmd));
  44:../ST7789/st7789.c **** 	ST7789_UnSelect();
  45:../ST7789/st7789.c **** }
  46:../ST7789/st7789.c **** 
  47:../ST7789/st7789.c **** /**
  48:../ST7789/st7789.c ****  * @brief Write data to ST7789 controller
  49:../ST7789/st7789.c ****  * @param buff -> pointer of data buffer
  50:../ST7789/st7789.c ****  * @param buff_size -> size of the data buffer
  51:../ST7789/st7789.c ****  * @return none
  52:../ST7789/st7789.c ****  */
  53:../ST7789/st7789.c **** static void ST7789_WriteData(uint8_t *buff, size_t buff_size)
  54:../ST7789/st7789.c **** {
  55:../ST7789/st7789.c **** 	ST7789_Select();
  56:../ST7789/st7789.c **** 	ST7789_DC_Set();
  57:../ST7789/st7789.c **** 
  58:../ST7789/st7789.c **** 	// split data in small chunks because HAL can't send more than 64K at once
  59:../ST7789/st7789.c **** 
  60:../ST7789/st7789.c **** 	while (buff_size > 0) {
  61:../ST7789/st7789.c **** 		uint16_t chunk_size = buff_size > 65534 ? 65534 : buff_size;
  62:../ST7789/st7789.c **** 		#if ST7789_USE_DMA
  63:../ST7789/st7789.c **** 			if (DMA_MIN_SIZE <= buff_size)
  64:../ST7789/st7789.c **** 			{
  65:../ST7789/st7789.c **** 				ST7789_SPI_WRITE_DMA(buff, chunk_size);
  66:../ST7789/st7789.c **** 				ST7789_SPI_WAIT_DMA();
  67:../ST7789/st7789.c **** 			}
  68:../ST7789/st7789.c **** 			else
  69:../ST7789/st7789.c **** 				ST7789_SPI_WRITE(buff, chunk_size);
  70:../ST7789/st7789.c **** 		#else
  71:../ST7789/st7789.c **** 			ST7789_SPI_WRITE(buff, chunk_size);
  72:../ST7789/st7789.c **** 		#endif
  73:../ST7789/st7789.c **** 		buff += chunk_size;
  74:../ST7789/st7789.c **** 		buff_size -= chunk_size;
  75:../ST7789/st7789.c **** 	}
  76:../ST7789/st7789.c **** 
  77:../ST7789/st7789.c **** 	ST7789_UnSelect();
  78:../ST7789/st7789.c **** }
  79:../ST7789/st7789.c **** 
  80:../ST7789/st7789.c **** void SendBuffer(uint16_t *disp_buf, size_t size) 
  81:../ST7789/st7789.c **** {
  82:../ST7789/st7789.c ****     // Convert 16-bit data into a byte sequence
  83:../ST7789/st7789.c ****     uint8_t *byte_ptr = (uint8_t *)disp_buf; // Cast the pointer to 8-bit
  84:../ST7789/st7789.c **** 
  85:../ST7789/st7789.c ****     // Send data as it is
  86:../ST7789/st7789.c ****     ST7789_WriteData(byte_ptr, size * 2); // Transmit data, size multiplied by 2
  87:../ST7789/st7789.c **** }
  88:../ST7789/st7789.c **** 
  89:../ST7789/st7789.c **** /**
ARM GAS  /tmp/ccvpQaby.s 			page 3


  90:../ST7789/st7789.c ****  * @brief Write data to ST7789 controller, simplify for 8bit data.
  91:../ST7789/st7789.c ****  * data -> data to write
  92:../ST7789/st7789.c ****  * @return none
  93:../ST7789/st7789.c ****  */
  94:../ST7789/st7789.c **** static void ST7789_WriteSmallData(uint8_t data)
  95:../ST7789/st7789.c **** {
  96:../ST7789/st7789.c **** 	ST7789_Select();
  97:../ST7789/st7789.c **** 	ST7789_DC_Set();
  98:../ST7789/st7789.c **** 	ST7789_SPI_WRITE(&data, sizeof(data));
  99:../ST7789/st7789.c **** 	ST7789_UnSelect();
 100:../ST7789/st7789.c **** }
 101:../ST7789/st7789.c **** 
 102:../ST7789/st7789.c **** /**
 103:../ST7789/st7789.c ****  * @brief Set the rotation direction of the display
 104:../ST7789/st7789.c ****  * @param m -> rotation parameter(please refer it in st7789.h)
 105:../ST7789/st7789.c ****  * @return none
 106:../ST7789/st7789.c ****  */
 107:../ST7789/st7789.c **** void ST7789_SetRotation(uint8_t m)
 108:../ST7789/st7789.c **** {
 109:../ST7789/st7789.c **** 	ST7789_WriteCommand(ST7789_MADCTL);	// MADCTL
 110:../ST7789/st7789.c **** 	switch (m) {
 111:../ST7789/st7789.c **** 	case 0:
 112:../ST7789/st7789.c **** 		ST7789_WriteSmallData(ST7789_MADCTL_MX | ST7789_MADCTL_MY | ST7789_MADCTL_RGB);
 113:../ST7789/st7789.c **** 		break;
 114:../ST7789/st7789.c **** 	case 1:
 115:../ST7789/st7789.c **** 		ST7789_WriteSmallData(ST7789_MADCTL_MY | ST7789_MADCTL_MV | ST7789_MADCTL_RGB);
 116:../ST7789/st7789.c **** 		break;
 117:../ST7789/st7789.c **** 	case 2:
 118:../ST7789/st7789.c **** 		ST7789_WriteSmallData(ST7789_MADCTL_RGB);
 119:../ST7789/st7789.c **** 		break;
 120:../ST7789/st7789.c **** 	case 3:
 121:../ST7789/st7789.c **** 		ST7789_WriteSmallData(ST7789_MADCTL_MX | ST7789_MADCTL_MV | ST7789_MADCTL_RGB);
 122:../ST7789/st7789.c **** 		break;
 123:../ST7789/st7789.c **** 	default:
 124:../ST7789/st7789.c **** 		break;
 125:../ST7789/st7789.c **** 	}
 126:../ST7789/st7789.c **** }
 127:../ST7789/st7789.c **** 
 128:../ST7789/st7789.c **** /**
 129:../ST7789/st7789.c ****  * @brief Set address of DisplayWindow
 130:../ST7789/st7789.c ****  * @param xi&yi -> coordinates of window
 131:../ST7789/st7789.c ****  * @return none
 132:../ST7789/st7789.c ****  */
 133:../ST7789/st7789.c **** static void ST7789_SetAddressWindow(uint16_t x0, uint16_t y0, uint16_t x1, uint16_t y1)
 134:../ST7789/st7789.c **** {
 135:../ST7789/st7789.c **** 	ST7789_Select();
 136:../ST7789/st7789.c **** 	uint16_t x_start = x0 + X_SHIFT, x_end = x1 + X_SHIFT;
 137:../ST7789/st7789.c **** 	uint16_t y_start = y0 + Y_SHIFT, y_end = y1 + Y_SHIFT;
 138:../ST7789/st7789.c **** 	
 139:../ST7789/st7789.c **** 	/* Column Address set */
 140:../ST7789/st7789.c **** 	ST7789_WriteCommand(ST7789_CASET); 
 141:../ST7789/st7789.c **** 	{
 142:../ST7789/st7789.c **** 		uint8_t data[] = {x_start >> 8, x_start & 0xFF, x_end >> 8, x_end & 0xFF};
 143:../ST7789/st7789.c **** 		ST7789_WriteData(data, sizeof(data));
 144:../ST7789/st7789.c **** 	}
 145:../ST7789/st7789.c **** 
 146:../ST7789/st7789.c **** 	/* Row Address set */
ARM GAS  /tmp/ccvpQaby.s 			page 4


 147:../ST7789/st7789.c **** 	ST7789_WriteCommand(ST7789_RASET);
 148:../ST7789/st7789.c **** 	{
 149:../ST7789/st7789.c **** 		uint8_t data[] = {y_start >> 8, y_start & 0xFF, y_end >> 8, y_end & 0xFF};
 150:../ST7789/st7789.c **** 		ST7789_WriteData(data, sizeof(data));
 151:../ST7789/st7789.c **** 	}
 152:../ST7789/st7789.c **** 	/* Write to RAM */
 153:../ST7789/st7789.c **** 	ST7789_WriteCommand(ST7789_RAMWR);
 154:../ST7789/st7789.c **** 	ST7789_UnSelect();
 155:../ST7789/st7789.c **** }
 156:../ST7789/st7789.c **** 
 157:../ST7789/st7789.c **** /**
 158:../ST7789/st7789.c ****  * @brief Initialize ST7789 controller
 159:../ST7789/st7789.c ****  * @param none
 160:../ST7789/st7789.c ****  * @return none
 161:../ST7789/st7789.c ****  */
 162:../ST7789/st7789.c **** void ST7789_Init(void)
 163:../ST7789/st7789.c **** {
 164:../ST7789/st7789.c **** 	#if ST7789_USE_DMA
 165:../ST7789/st7789.c **** 		memset(disp_buf, 0, sizeof(disp_buf));
 166:../ST7789/st7789.c **** 	#endif
 167:../ST7789/st7789.c **** 	ST7789_DELAY(10);
 168:../ST7789/st7789.c ****     ST7789_RST_Clr();
 169:../ST7789/st7789.c ****     ST7789_DELAY(10);
 170:../ST7789/st7789.c ****     ST7789_RST_Set();
 171:../ST7789/st7789.c ****     ST7789_DELAY(20);
 172:../ST7789/st7789.c **** 
 173:../ST7789/st7789.c ****     ST7789_WriteCommand(ST7789_COLMOD);		//	Set color mode
 174:../ST7789/st7789.c ****     ST7789_WriteSmallData(ST7789_COLOR_MODE_16bit);
 175:../ST7789/st7789.c ****   	ST7789_WriteCommand(0xB2);				//	Porch control
 176:../ST7789/st7789.c **** 	{
 177:../ST7789/st7789.c **** 		uint8_t data[] = {0x0C, 0x0C, 0x00, 0x33, 0x33};
 178:../ST7789/st7789.c **** 		ST7789_WriteData(data, sizeof(data));
 179:../ST7789/st7789.c **** 	}
 180:../ST7789/st7789.c **** 	ST7789_SetRotation(ST7789_ROTATION);	//	MADCTL (Display Rotation)
 181:../ST7789/st7789.c **** 	
 182:../ST7789/st7789.c **** 	/* Internal LCD Voltage generator settings */
 183:../ST7789/st7789.c ****     ST7789_WriteCommand(0XB7);				//	Gate Control
 184:../ST7789/st7789.c ****     ST7789_WriteSmallData(0x35);			//	Default value
 185:../ST7789/st7789.c ****     ST7789_WriteCommand(0xBB);				//	VCOM setting
 186:../ST7789/st7789.c ****     ST7789_WriteSmallData(0x19);			//	0.725v (default 0.75v for 0x20)
 187:../ST7789/st7789.c ****     ST7789_WriteCommand(0xC0);				//	LCMCTRL	
 188:../ST7789/st7789.c ****     ST7789_WriteSmallData (0x2C);			//	Default value
 189:../ST7789/st7789.c ****     ST7789_WriteCommand (0xC2);				//	VDV and VRH command Enable
 190:../ST7789/st7789.c ****     ST7789_WriteSmallData (0x01);			//	Default value
 191:../ST7789/st7789.c ****     ST7789_WriteCommand (0xC3);				//	VRH set
 192:../ST7789/st7789.c ****     ST7789_WriteSmallData (0x12);			//	+-4.45v (defalut +-4.1v for 0x0B)
 193:../ST7789/st7789.c ****     ST7789_WriteCommand (0xC4);				//	VDV set
 194:../ST7789/st7789.c ****     ST7789_WriteSmallData (0x20);			//	Default value
 195:../ST7789/st7789.c ****     ST7789_WriteCommand (0xC6);				//	Frame rate control in normal mode
 196:../ST7789/st7789.c ****     ST7789_WriteSmallData (0x0F);			//	Default value (60HZ)
 197:../ST7789/st7789.c ****     ST7789_WriteCommand (0xD0);				//	Power control
 198:../ST7789/st7789.c ****     ST7789_WriteSmallData (0xA4);			//	Default value
 199:../ST7789/st7789.c ****     ST7789_WriteSmallData (0xA1);			//	Default value
 200:../ST7789/st7789.c **** 	/**************** Division line ****************/
 201:../ST7789/st7789.c **** 
 202:../ST7789/st7789.c **** 	ST7789_WriteCommand(0xE0);
 203:../ST7789/st7789.c **** 	{
ARM GAS  /tmp/ccvpQaby.s 			page 5


 204:../ST7789/st7789.c **** 		uint8_t data[] = {0xD0, 0x04, 0x0D, 0x11, 0x13, 0x2B, 0x3F, 0x54, 0x4C, 0x18, 0x0D, 0x0B, 0x1F, 0
 205:../ST7789/st7789.c **** 		ST7789_WriteData(data, sizeof(data));
 206:../ST7789/st7789.c **** 	}
 207:../ST7789/st7789.c **** 
 208:../ST7789/st7789.c ****     ST7789_WriteCommand(0xE1);
 209:../ST7789/st7789.c **** 	{
 210:../ST7789/st7789.c **** 		uint8_t data[] = {0xD0, 0x04, 0x0C, 0x11, 0x13, 0x2C, 0x3F, 0x44, 0x51, 0x2F, 0x1F, 0x1F, 0x20, 0
 211:../ST7789/st7789.c **** 		ST7789_WriteData(data, sizeof(data));
 212:../ST7789/st7789.c **** 	}
 213:../ST7789/st7789.c ****     ST7789_WriteCommand (ST7789_INVON);		//	Inversion ON
 214:../ST7789/st7789.c **** 	ST7789_WriteCommand (ST7789_SLPOUT);	//	Out of sleep mode
 215:../ST7789/st7789.c ****   	ST7789_WriteCommand (ST7789_NORON);		//	Normal Display on
 216:../ST7789/st7789.c ****   	ST7789_WriteCommand (ST7789_DISPON);	//	Main screen turned on	
 217:../ST7789/st7789.c **** 
 218:../ST7789/st7789.c **** 	ST7789_Fill_Color(BLACK);               //	Fill with Black.
 219:../ST7789/st7789.c **** 
 220:../ST7789/st7789.c **** #ifdef __CROSSWORKS_ARM
 221:../ST7789/st7789.c ****         ST7789_SetPrintFont( Font_8x8 );
 222:../ST7789/st7789.c **** #endif
 223:../ST7789/st7789.c **** }
 224:../ST7789/st7789.c **** 
 225:../ST7789/st7789.c **** /**
 226:../ST7789/st7789.c ****  * @brief Fill the DisplayWindow with single color
 227:../ST7789/st7789.c ****  * @param color -> color to Fill with
 228:../ST7789/st7789.c ****  * @return none
 229:../ST7789/st7789.c ****  */
 230:../ST7789/st7789.c **** void ST7789_Fill_Color(uint16_t color) {
 231:../ST7789/st7789.c ****     uint16_t i;
 232:../ST7789/st7789.c ****     ST7789_SetAddressWindow(0, 0, ST7789_WIDTH - 1, ST7789_HEIGHT - 1);
 233:../ST7789/st7789.c ****     ST7789_Select();
 234:../ST7789/st7789.c **** 
 235:../ST7789/st7789.c **** 	#if ST7789_USE_DMA
 236:../ST7789/st7789.c **** 
 237:../ST7789/st7789.c ****     for (i = 0; i < (ST7789_HEIGHT * ST7789_WIDTH) / (sizeof(disp_buf) / 2); i++) {
 238:../ST7789/st7789.c ****         memset_16((uint16_t*)disp_buf, color, sizeof(disp_buf) / 2); 
 239:../ST7789/st7789.c ****         SendBuffer((uint16_t*)disp_buf, sizeof(disp_buf) / 2);     
 240:../ST7789/st7789.c ****     }
 241:../ST7789/st7789.c ****     #else
 242:../ST7789/st7789.c ****     uint16_t j;
 243:../ST7789/st7789.c ****     for (i = 0; i < ST7789_HEIGHT; i++) {
 244:../ST7789/st7789.c ****         for (j = 0; j < ST7789_WIDTH; j++) {
 245:../ST7789/st7789.c ****             uint8_t data[] = {color >> 8, color & 0xFF}; 
 246:../ST7789/st7789.c ****             ST7789_WriteData(data, sizeof(data));
 247:../ST7789/st7789.c ****         }
 248:../ST7789/st7789.c ****     }
 249:../ST7789/st7789.c ****     #endif
 250:../ST7789/st7789.c **** 
 251:../ST7789/st7789.c ****     ST7789_UnSelect();
 252:../ST7789/st7789.c **** }
 253:../ST7789/st7789.c **** 
 254:../ST7789/st7789.c **** /**
 255:../ST7789/st7789.c ****  * @brief Draw a Pixel
 256:../ST7789/st7789.c ****  * @param x&y -> coordinate to Draw
 257:../ST7789/st7789.c ****  * @param color -> color of the Pixel
 258:../ST7789/st7789.c ****  * @return none
 259:../ST7789/st7789.c ****  */
 260:../ST7789/st7789.c **** void ST7789_DrawPixel(uint16_t x, uint16_t y, uint16_t color)
ARM GAS  /tmp/ccvpQaby.s 			page 6


 261:../ST7789/st7789.c **** {
 262:../ST7789/st7789.c **** 	if ((x < 0) || (x >= ST7789_WIDTH) ||
 263:../ST7789/st7789.c **** 		 (y < 0) || (y >= ST7789_HEIGHT))	return;
 264:../ST7789/st7789.c **** 	
 265:../ST7789/st7789.c **** 	ST7789_SetAddressWindow(x, y, x, y);
 266:../ST7789/st7789.c **** 	uint8_t data[] = {color >> 8, color & 0xFF};
 267:../ST7789/st7789.c **** 	ST7789_Select();
 268:../ST7789/st7789.c **** 	ST7789_WriteData(data, sizeof(data));
 269:../ST7789/st7789.c **** 	ST7789_UnSelect();
 270:../ST7789/st7789.c **** }
 271:../ST7789/st7789.c **** 
 272:../ST7789/st7789.c **** /**
 273:../ST7789/st7789.c ****  * @brief Fill an Area with single color
 274:../ST7789/st7789.c ****  * @param xSta&ySta -> coordinate of the start point
 275:../ST7789/st7789.c ****  * @param xEnd&yEnd -> coordinate of the end point
 276:../ST7789/st7789.c ****  * @param color -> color to Fill with
 277:../ST7789/st7789.c ****  * @return none
 278:../ST7789/st7789.c ****  */
 279:../ST7789/st7789.c **** void ST7789_Fill(uint16_t xSta, uint16_t ySta, uint16_t xEnd, uint16_t yEnd, uint16_t color)
 280:../ST7789/st7789.c **** {
 281:../ST7789/st7789.c **** 	if ((xEnd < 0) || (xEnd >= ST7789_WIDTH) ||
 282:../ST7789/st7789.c **** 		 (yEnd < 0) || (yEnd >= ST7789_HEIGHT))	return;
 283:../ST7789/st7789.c **** 	ST7789_Select();
 284:../ST7789/st7789.c **** 	uint16_t i, j;
 285:../ST7789/st7789.c **** 	ST7789_SetAddressWindow(xSta, ySta, xEnd, yEnd);
 286:../ST7789/st7789.c **** 	for (i = ySta; i <= yEnd; i++)
 287:../ST7789/st7789.c **** 		for (j = xSta; j <= xEnd; j++) {
 288:../ST7789/st7789.c **** 			uint8_t data[] = {color >> 8, color & 0xFF};
 289:../ST7789/st7789.c **** 			ST7789_WriteData(data, sizeof(data));
 290:../ST7789/st7789.c **** 		}
 291:../ST7789/st7789.c **** 	ST7789_UnSelect();
 292:../ST7789/st7789.c **** }
 293:../ST7789/st7789.c **** 
 294:../ST7789/st7789.c **** /**
 295:../ST7789/st7789.c ****  * @brief Draw a big Pixel at a point
 296:../ST7789/st7789.c ****  * @param x&y -> coordinate of the point
 297:../ST7789/st7789.c ****  * @param color -> color of the Pixel
 298:../ST7789/st7789.c ****  * @return none
 299:../ST7789/st7789.c ****  */
 300:../ST7789/st7789.c **** void ST7789_DrawPixel_4px(uint16_t x, uint16_t y, uint16_t color)
 301:../ST7789/st7789.c **** {
 302:../ST7789/st7789.c **** 	if ((x <= 0) || (x > ST7789_WIDTH) ||
 303:../ST7789/st7789.c **** 		 (y <= 0) || (y > ST7789_HEIGHT))	return;
 304:../ST7789/st7789.c **** 	ST7789_Select();
 305:../ST7789/st7789.c **** 	ST7789_Fill(x - 1, y - 1, x + 1, y + 1, color);
 306:../ST7789/st7789.c **** 	ST7789_UnSelect();
 307:../ST7789/st7789.c **** }
 308:../ST7789/st7789.c **** 
 309:../ST7789/st7789.c **** /**
 310:../ST7789/st7789.c ****  * @brief Draw a line with single color
 311:../ST7789/st7789.c ****  * @param x1&y1 -> coordinate of the start point
 312:../ST7789/st7789.c ****  * @param x2&y2 -> coordinate of the end point
 313:../ST7789/st7789.c ****  * @param color -> color of the line to Draw
 314:../ST7789/st7789.c ****  * @return none
 315:../ST7789/st7789.c ****  */
 316:../ST7789/st7789.c **** void ST7789_DrawLine(uint16_t x0, uint16_t y0, uint16_t x1, uint16_t y1,
 317:../ST7789/st7789.c ****         uint16_t color) {
ARM GAS  /tmp/ccvpQaby.s 			page 7


 318:../ST7789/st7789.c **** 	uint16_t swap;
 319:../ST7789/st7789.c ****     uint16_t steep = ABS(y1 - y0) > ABS(x1 - x0);
 320:../ST7789/st7789.c ****     if (steep) {
 321:../ST7789/st7789.c **** 		swap = x0;
 322:../ST7789/st7789.c **** 		x0 = y0;
 323:../ST7789/st7789.c **** 		y0 = swap;
 324:../ST7789/st7789.c **** 
 325:../ST7789/st7789.c **** 		swap = x1;
 326:../ST7789/st7789.c **** 		x1 = y1;
 327:../ST7789/st7789.c **** 		y1 = swap;
 328:../ST7789/st7789.c ****         //_swap_int16_t(x0, y0);
 329:../ST7789/st7789.c ****         //_swap_int16_t(x1, y1);
 330:../ST7789/st7789.c ****     }
 331:../ST7789/st7789.c **** 
 332:../ST7789/st7789.c ****     if (x0 > x1) {
 333:../ST7789/st7789.c **** 		swap = x0;
 334:../ST7789/st7789.c **** 		x0 = x1;
 335:../ST7789/st7789.c **** 		x1 = swap;
 336:../ST7789/st7789.c **** 
 337:../ST7789/st7789.c **** 		swap = y0;
 338:../ST7789/st7789.c **** 		y0 = y1;
 339:../ST7789/st7789.c **** 		y1 = swap;
 340:../ST7789/st7789.c ****         //_swap_int16_t(x0, x1);
 341:../ST7789/st7789.c ****         //_swap_int16_t(y0, y1);
 342:../ST7789/st7789.c ****     }
 343:../ST7789/st7789.c **** 
 344:../ST7789/st7789.c ****     int16_t dx, dy;
 345:../ST7789/st7789.c ****     dx = x1 - x0;
 346:../ST7789/st7789.c ****     dy = ABS(y1 - y0);
 347:../ST7789/st7789.c **** 
 348:../ST7789/st7789.c ****     int16_t err = dx / 2;
 349:../ST7789/st7789.c ****     int16_t ystep;
 350:../ST7789/st7789.c **** 
 351:../ST7789/st7789.c ****     if (y0 < y1) {
 352:../ST7789/st7789.c ****         ystep = 1;
 353:../ST7789/st7789.c ****     } else {
 354:../ST7789/st7789.c ****         ystep = -1;
 355:../ST7789/st7789.c ****     }
 356:../ST7789/st7789.c **** 
 357:../ST7789/st7789.c ****     for (; x0<=x1; x0++) {
 358:../ST7789/st7789.c ****         if (steep) {
 359:../ST7789/st7789.c ****             ST7789_DrawPixel(y0, x0, color);
 360:../ST7789/st7789.c ****         } else {
 361:../ST7789/st7789.c ****             ST7789_DrawPixel(x0, y0, color);
 362:../ST7789/st7789.c ****         }
 363:../ST7789/st7789.c ****         err -= dy;
 364:../ST7789/st7789.c ****         if (err < 0) {
 365:../ST7789/st7789.c ****             y0 += ystep;
 366:../ST7789/st7789.c ****             err += dx;
 367:../ST7789/st7789.c ****         }
 368:../ST7789/st7789.c ****     }
 369:../ST7789/st7789.c **** }
 370:../ST7789/st7789.c **** 
 371:../ST7789/st7789.c **** /**
 372:../ST7789/st7789.c ****  * @brief Draw a Rectangle with single color
 373:../ST7789/st7789.c ****  * @param xi&yi -> 2 coordinates of 2 top points.
 374:../ST7789/st7789.c ****  * @param color -> color of the Rectangle line
ARM GAS  /tmp/ccvpQaby.s 			page 8


 375:../ST7789/st7789.c ****  * @return none
 376:../ST7789/st7789.c ****  */
 377:../ST7789/st7789.c **** void ST7789_DrawRectangle(uint16_t x1, uint16_t y1, uint16_t x2, uint16_t y2, uint16_t color)
 378:../ST7789/st7789.c **** {
 379:../ST7789/st7789.c **** 	ST7789_Select();
 380:../ST7789/st7789.c **** 	ST7789_DrawLine(x1, y1, x2, y1, color);
 381:../ST7789/st7789.c **** 	ST7789_DrawLine(x1, y1, x1, y2, color);
 382:../ST7789/st7789.c **** 	ST7789_DrawLine(x1, y2, x2, y2, color);
 383:../ST7789/st7789.c **** 	ST7789_DrawLine(x2, y1, x2, y2, color);
 384:../ST7789/st7789.c **** 	ST7789_UnSelect();
 385:../ST7789/st7789.c **** }
 386:../ST7789/st7789.c **** 
 387:../ST7789/st7789.c **** 
 388:../ST7789/st7789.c **** /** 
 389:../ST7789/st7789.c ****  * @brief Draw a circle with single color
 390:../ST7789/st7789.c ****  * @param x0&y0 -> coordinate of circle center
 391:../ST7789/st7789.c ****  * @param r -> radius of circle
 392:../ST7789/st7789.c ****  * @param color -> color of circle line
 393:../ST7789/st7789.c ****  * @return  none
 394:../ST7789/st7789.c ****  */
 395:../ST7789/st7789.c **** void ST7789_DrawCircle(uint16_t x0, uint16_t y0, uint8_t r, uint16_t color)
 396:../ST7789/st7789.c **** {
 397:../ST7789/st7789.c **** 	int16_t f = 1 - r;
 398:../ST7789/st7789.c **** 	int16_t ddF_x = 1;
 399:../ST7789/st7789.c **** 	int16_t ddF_y = -2 * r;
 400:../ST7789/st7789.c **** 	int16_t x = 0;
 401:../ST7789/st7789.c **** 	int16_t y = r;
 402:../ST7789/st7789.c **** 
 403:../ST7789/st7789.c **** 	ST7789_Select();
 404:../ST7789/st7789.c **** 	ST7789_DrawPixel(x0, y0 + r, color);
 405:../ST7789/st7789.c **** 	ST7789_DrawPixel(x0, y0 - r, color);
 406:../ST7789/st7789.c **** 	ST7789_DrawPixel(x0 + r, y0, color);
 407:../ST7789/st7789.c **** 	ST7789_DrawPixel(x0 - r, y0, color);
 408:../ST7789/st7789.c **** 
 409:../ST7789/st7789.c **** 	while (x < y) {
 410:../ST7789/st7789.c **** 		if (f >= 0) {
 411:../ST7789/st7789.c **** 			y--;
 412:../ST7789/st7789.c **** 			ddF_y += 2;
 413:../ST7789/st7789.c **** 			f += ddF_y;
 414:../ST7789/st7789.c **** 		}
 415:../ST7789/st7789.c **** 		x++;
 416:../ST7789/st7789.c **** 		ddF_x += 2;
 417:../ST7789/st7789.c **** 		f += ddF_x;
 418:../ST7789/st7789.c **** 
 419:../ST7789/st7789.c **** 		ST7789_DrawPixel(x0 + x, y0 + y, color);
 420:../ST7789/st7789.c **** 		ST7789_DrawPixel(x0 - x, y0 + y, color);
 421:../ST7789/st7789.c **** 		ST7789_DrawPixel(x0 + x, y0 - y, color);
 422:../ST7789/st7789.c **** 		ST7789_DrawPixel(x0 - x, y0 - y, color);
 423:../ST7789/st7789.c **** 
 424:../ST7789/st7789.c **** 		ST7789_DrawPixel(x0 + y, y0 + x, color);
 425:../ST7789/st7789.c **** 		ST7789_DrawPixel(x0 - y, y0 + x, color);
 426:../ST7789/st7789.c **** 		ST7789_DrawPixel(x0 + y, y0 - x, color);
 427:../ST7789/st7789.c **** 		ST7789_DrawPixel(x0 - y, y0 - x, color);
 428:../ST7789/st7789.c **** 	}
 429:../ST7789/st7789.c **** 	ST7789_UnSelect();
 430:../ST7789/st7789.c **** }
 431:../ST7789/st7789.c **** 
ARM GAS  /tmp/ccvpQaby.s 			page 9


 432:../ST7789/st7789.c **** /**
 433:../ST7789/st7789.c ****  * @brief Draw an Image on the screen
 434:../ST7789/st7789.c ****  * @param x&y -> start point of the Image
 435:../ST7789/st7789.c ****  * @param w&h -> width & height of the Image to Draw
 436:../ST7789/st7789.c ****  * @param data -> pointer of the Image array
 437:../ST7789/st7789.c ****  * @return none
 438:../ST7789/st7789.c ****  */
 439:../ST7789/st7789.c **** void ST7789_DrawImage(uint16_t x, uint16_t y, uint16_t w, uint16_t h, const uint16_t *data)
 440:../ST7789/st7789.c **** {
 441:../ST7789/st7789.c **** 	if ((x >= ST7789_WIDTH) || (y >= ST7789_HEIGHT))
 442:../ST7789/st7789.c **** 		return;
 443:../ST7789/st7789.c **** 	if ((x + w - 1) >= ST7789_WIDTH)
 444:../ST7789/st7789.c **** 		return;
 445:../ST7789/st7789.c **** 	if ((y + h - 1) >= ST7789_HEIGHT)
 446:../ST7789/st7789.c **** 		return;
 447:../ST7789/st7789.c **** 
 448:../ST7789/st7789.c **** 	ST7789_Select();
 449:../ST7789/st7789.c **** 	ST7789_SetAddressWindow(x, y, x + w - 1, y + h - 1);
 450:../ST7789/st7789.c **** 	ST7789_WriteData((uint8_t *)data, sizeof(uint16_t) * w * h);
 451:../ST7789/st7789.c **** 	ST7789_UnSelect();
 452:../ST7789/st7789.c **** }
 453:../ST7789/st7789.c **** 
 454:../ST7789/st7789.c **** /**
 455:../ST7789/st7789.c ****  * @brief Invert Fullscreen color
 456:../ST7789/st7789.c ****  * @param invert -> Whether to invert
 457:../ST7789/st7789.c ****  * @return none
 458:../ST7789/st7789.c ****  */
 459:../ST7789/st7789.c **** void ST7789_InvertColors(uint8_t invert)
 460:../ST7789/st7789.c **** {
 461:../ST7789/st7789.c **** 	ST7789_Select();
 462:../ST7789/st7789.c **** 	ST7789_WriteCommand(invert ? 0x21 /* INVON */ : 0x20 /* INVOFF */);
 463:../ST7789/st7789.c **** 	ST7789_UnSelect();
 464:../ST7789/st7789.c **** }
 465:../ST7789/st7789.c **** 
 466:../ST7789/st7789.c **** /** 
 467:../ST7789/st7789.c ****  * @brief Write a char
 468:../ST7789/st7789.c ****  * @param  x&y -> cursor of the start point.
 469:../ST7789/st7789.c ****  * @param ch -> char to write
 470:../ST7789/st7789.c ****  * @param font -> fontstyle of the string
 471:../ST7789/st7789.c ****  * @param color -> color of the char
 472:../ST7789/st7789.c ****  * @param bgcolor -> background color of the char
 473:../ST7789/st7789.c ****  * @return  none
 474:../ST7789/st7789.c ****  */
 475:../ST7789/st7789.c **** void ST7789_WriteChar(uint16_t x, uint16_t y, char ch, FontDef font, uint16_t color, uint16_t bgcol
 476:../ST7789/st7789.c **** {
 477:../ST7789/st7789.c **** 	uint32_t i, b, j;
 478:../ST7789/st7789.c **** 	ST7789_Select();
 479:../ST7789/st7789.c **** 	ST7789_SetAddressWindow(x, y, x + font.width - 1, y + font.height - 1);
 480:../ST7789/st7789.c **** 
 481:../ST7789/st7789.c **** 	for (i = 0; i < font.height; i++) {
 482:../ST7789/st7789.c **** 		b = font.data[(ch - 32) * font.height + i];
 483:../ST7789/st7789.c **** 		for (j = 0; j < font.width; j++) {
 484:../ST7789/st7789.c **** 			if ((b << j) & 0x8000) {
 485:../ST7789/st7789.c **** 				uint8_t data[] = {color >> 8, color & 0xFF};
 486:../ST7789/st7789.c **** 				ST7789_WriteData(data, sizeof(data));
 487:../ST7789/st7789.c **** 			}
 488:../ST7789/st7789.c **** 			else {
ARM GAS  /tmp/ccvpQaby.s 			page 10


 489:../ST7789/st7789.c **** 				uint8_t data[] = {bgcolor >> 8, bgcolor & 0xFF};
 490:../ST7789/st7789.c **** 				ST7789_WriteData(data, sizeof(data));
 491:../ST7789/st7789.c **** 			}
 492:../ST7789/st7789.c **** 		}
 493:../ST7789/st7789.c **** 	}
 494:../ST7789/st7789.c **** 	ST7789_UnSelect();
 495:../ST7789/st7789.c **** }
 496:../ST7789/st7789.c **** 
 497:../ST7789/st7789.c **** /** 
 498:../ST7789/st7789.c ****  * @brief Write a string 
 499:../ST7789/st7789.c ****  * @param  x&y -> cursor of the start point.
 500:../ST7789/st7789.c ****  * @param str -> string to write
 501:../ST7789/st7789.c ****  * @param font -> fontstyle of the string
 502:../ST7789/st7789.c ****  * @param color -> color of the string
 503:../ST7789/st7789.c ****  * @param bgcolor -> background color of the string
 504:../ST7789/st7789.c ****  * @return  none
 505:../ST7789/st7789.c ****  */
 506:../ST7789/st7789.c **** void ST7789_WriteString(uint16_t x, uint16_t y, const char *str, FontDef font, uint16_t color, uint
 507:../ST7789/st7789.c **** {
 508:../ST7789/st7789.c **** 	ST7789_Select();
 509:../ST7789/st7789.c **** 	while (*str) {
 510:../ST7789/st7789.c **** 		if (x + font.width >= ST7789_WIDTH) {
 511:../ST7789/st7789.c **** 			x = 0;
 512:../ST7789/st7789.c **** 			y += font.height;
 513:../ST7789/st7789.c **** 			if (y + font.height >= ST7789_HEIGHT) {
 514:../ST7789/st7789.c **** 				break;
 515:../ST7789/st7789.c **** 			}
 516:../ST7789/st7789.c **** 
 517:../ST7789/st7789.c **** 			//if (*str == ' ') {
 518:../ST7789/st7789.c **** 			//	// skip spaces in the beginning of the new line
 519:../ST7789/st7789.c **** 			//	str++;
 520:../ST7789/st7789.c **** 			//	continue;
 521:../ST7789/st7789.c **** 			//}
 522:../ST7789/st7789.c **** 		}
 523:../ST7789/st7789.c **** 		ST7789_WriteChar(x, y, *str, font, color, bgcolor);
 524:../ST7789/st7789.c **** 		x += font.width;
 525:../ST7789/st7789.c **** 		str++;
 526:../ST7789/st7789.c **** 	}
 527:../ST7789/st7789.c **** 	ST7789_UnSelect();
 528:../ST7789/st7789.c **** }
 529:../ST7789/st7789.c **** 
 530:../ST7789/st7789.c **** /** 
 531:../ST7789/st7789.c ****  * @brief Draw a filled Rectangle with single color
 532:../ST7789/st7789.c ****  * @param  x&y -> coordinates of the starting point
 533:../ST7789/st7789.c ****  * @param w&h -> width & height of the Rectangle
 534:../ST7789/st7789.c ****  * @param color -> color of the Rectangle
 535:../ST7789/st7789.c ****  * @return  none
 536:../ST7789/st7789.c ****  */
 537:../ST7789/st7789.c **** void ST7789_DrawFilledRectangle(uint16_t x, uint16_t y, uint16_t w, uint16_t h, uint16_t color)
 538:../ST7789/st7789.c **** {
 539:../ST7789/st7789.c **** 	ST7789_Select();
 540:../ST7789/st7789.c **** 	uint8_t i;
 541:../ST7789/st7789.c **** 
 542:../ST7789/st7789.c **** 	/* Check input parameters */
 543:../ST7789/st7789.c **** 	if (x >= ST7789_WIDTH ||
 544:../ST7789/st7789.c **** 		y >= ST7789_HEIGHT) {
 545:../ST7789/st7789.c **** 		/* Return error */
ARM GAS  /tmp/ccvpQaby.s 			page 11


 546:../ST7789/st7789.c **** 		return;
 547:../ST7789/st7789.c **** 	}
 548:../ST7789/st7789.c **** 
 549:../ST7789/st7789.c **** 	/* Check width and height */
 550:../ST7789/st7789.c **** 	if ((x + w) >= ST7789_WIDTH) {
 551:../ST7789/st7789.c **** 		w = ST7789_WIDTH - x;
 552:../ST7789/st7789.c **** 	}
 553:../ST7789/st7789.c **** 	if ((y + h) >= ST7789_HEIGHT) {
 554:../ST7789/st7789.c **** 		h = ST7789_HEIGHT - y;
 555:../ST7789/st7789.c **** 	}
 556:../ST7789/st7789.c **** 
 557:../ST7789/st7789.c **** 	/* Draw lines */
 558:../ST7789/st7789.c **** 	for (i = 0; i <= h; i++) {
 559:../ST7789/st7789.c **** 		/* Draw lines */
 560:../ST7789/st7789.c **** 		ST7789_DrawLine(x, y + i, x + w, y + i, color);
 561:../ST7789/st7789.c **** 	}
 562:../ST7789/st7789.c **** 	ST7789_UnSelect();
 563:../ST7789/st7789.c **** }
 564:../ST7789/st7789.c **** 
 565:../ST7789/st7789.c **** /** 
 566:../ST7789/st7789.c ****  * @brief Draw a Triangle with single color
 567:../ST7789/st7789.c ****  * @param  xi&yi -> 3 coordinates of 3 top points.
 568:../ST7789/st7789.c ****  * @param color ->color of the lines
 569:../ST7789/st7789.c ****  * @return  none
 570:../ST7789/st7789.c ****  */
 571:../ST7789/st7789.c **** void ST7789_DrawTriangle(uint16_t x1, uint16_t y1, uint16_t x2, uint16_t y2, uint16_t x3, uint16_t 
 572:../ST7789/st7789.c **** {
 573:../ST7789/st7789.c **** 	ST7789_Select();
 574:../ST7789/st7789.c **** 	/* Draw lines */
 575:../ST7789/st7789.c **** 	ST7789_DrawLine(x1, y1, x2, y2, color);
 576:../ST7789/st7789.c **** 	ST7789_DrawLine(x2, y2, x3, y3, color);
 577:../ST7789/st7789.c **** 	ST7789_DrawLine(x3, y3, x1, y1, color);
 578:../ST7789/st7789.c **** 	ST7789_UnSelect();
 579:../ST7789/st7789.c **** }
 580:../ST7789/st7789.c **** 
 581:../ST7789/st7789.c **** /** 
 582:../ST7789/st7789.c ****  * @brief Draw a filled Triangle with single color
 583:../ST7789/st7789.c ****  * @param  xi&yi -> 3 coordinates of 3 top points.
 584:../ST7789/st7789.c ****  * @param color ->color of the triangle
 585:../ST7789/st7789.c ****  * @return  none
 586:../ST7789/st7789.c ****  */
 587:../ST7789/st7789.c **** void ST7789_DrawFilledTriangle(uint16_t x1, uint16_t y1, uint16_t x2, uint16_t y2, uint16_t x3, uin
 588:../ST7789/st7789.c **** {
 589:../ST7789/st7789.c **** 	ST7789_Select();
 590:../ST7789/st7789.c **** 	int16_t deltax = 0, deltay = 0, x = 0, y = 0, xinc1 = 0, xinc2 = 0,
 591:../ST7789/st7789.c **** 			yinc1 = 0, yinc2 = 0, den = 0, num = 0, numadd = 0, numpixels = 0,
 592:../ST7789/st7789.c **** 			curpixel = 0;
 593:../ST7789/st7789.c **** 
 594:../ST7789/st7789.c **** 	deltax = ABS(x2 - x1);
 595:../ST7789/st7789.c **** 	deltay = ABS(y2 - y1);
 596:../ST7789/st7789.c **** 	x = x1;
 597:../ST7789/st7789.c **** 	y = y1;
 598:../ST7789/st7789.c **** 
 599:../ST7789/st7789.c **** 	if (x2 >= x1) {
 600:../ST7789/st7789.c **** 		xinc1 = 1;
 601:../ST7789/st7789.c **** 		xinc2 = 1;
 602:../ST7789/st7789.c **** 	}
ARM GAS  /tmp/ccvpQaby.s 			page 12


 603:../ST7789/st7789.c **** 	else {
 604:../ST7789/st7789.c **** 		xinc1 = -1;
 605:../ST7789/st7789.c **** 		xinc2 = -1;
 606:../ST7789/st7789.c **** 	}
 607:../ST7789/st7789.c **** 
 608:../ST7789/st7789.c **** 	if (y2 >= y1) {
 609:../ST7789/st7789.c **** 		yinc1 = 1;
 610:../ST7789/st7789.c **** 		yinc2 = 1;
 611:../ST7789/st7789.c **** 	}
 612:../ST7789/st7789.c **** 	else {
 613:../ST7789/st7789.c **** 		yinc1 = -1;
 614:../ST7789/st7789.c **** 		yinc2 = -1;
 615:../ST7789/st7789.c **** 	}
 616:../ST7789/st7789.c **** 
 617:../ST7789/st7789.c **** 	if (deltax >= deltay) {
 618:../ST7789/st7789.c **** 		xinc1 = 0;
 619:../ST7789/st7789.c **** 		yinc2 = 0;
 620:../ST7789/st7789.c **** 		den = deltax;
 621:../ST7789/st7789.c **** 		num = deltax / 2;
 622:../ST7789/st7789.c **** 		numadd = deltay;
 623:../ST7789/st7789.c **** 		numpixels = deltax;
 624:../ST7789/st7789.c **** 	}
 625:../ST7789/st7789.c **** 	else {
 626:../ST7789/st7789.c **** 		xinc2 = 0;
 627:../ST7789/st7789.c **** 		yinc1 = 0;
 628:../ST7789/st7789.c **** 		den = deltay;
 629:../ST7789/st7789.c **** 		num = deltay / 2;
 630:../ST7789/st7789.c **** 		numadd = deltax;
 631:../ST7789/st7789.c **** 		numpixels = deltay;
 632:../ST7789/st7789.c **** 	}
 633:../ST7789/st7789.c **** 
 634:../ST7789/st7789.c **** 	for (curpixel = 0; curpixel <= numpixels; curpixel++) {
 635:../ST7789/st7789.c **** 		ST7789_DrawLine(x, y, x3, y3, color);
 636:../ST7789/st7789.c **** 
 637:../ST7789/st7789.c **** 		num += numadd;
 638:../ST7789/st7789.c **** 		if (num >= den) {
 639:../ST7789/st7789.c **** 			num -= den;
 640:../ST7789/st7789.c **** 			x += xinc1;
 641:../ST7789/st7789.c **** 			y += yinc1;
 642:../ST7789/st7789.c **** 		}
 643:../ST7789/st7789.c **** 		x += xinc2;
 644:../ST7789/st7789.c **** 		y += yinc2;
 645:../ST7789/st7789.c **** 	}
 646:../ST7789/st7789.c **** 	ST7789_UnSelect();
 647:../ST7789/st7789.c **** }
 648:../ST7789/st7789.c **** 
 649:../ST7789/st7789.c **** /** 
 650:../ST7789/st7789.c ****  * @brief Draw a Filled circle with single color
 651:../ST7789/st7789.c ****  * @param x0&y0 -> coordinate of circle center
 652:../ST7789/st7789.c ****  * @param r -> radius of circle
 653:../ST7789/st7789.c ****  * @param color -> color of circle
 654:../ST7789/st7789.c ****  * @return  none
 655:../ST7789/st7789.c ****  */
 656:../ST7789/st7789.c **** void ST7789_DrawFilledCircle(int16_t x0, int16_t y0, int16_t r, uint16_t color)
 657:../ST7789/st7789.c **** {
 658:../ST7789/st7789.c **** 	ST7789_Select();
 659:../ST7789/st7789.c **** 	int16_t f = 1 - r;
ARM GAS  /tmp/ccvpQaby.s 			page 13


 660:../ST7789/st7789.c **** 	int16_t ddF_x = 1;
 661:../ST7789/st7789.c **** 	int16_t ddF_y = -2 * r;
 662:../ST7789/st7789.c **** 	int16_t x = 0;
 663:../ST7789/st7789.c **** 	int16_t y = r;
 664:../ST7789/st7789.c **** 
 665:../ST7789/st7789.c **** 	ST7789_DrawPixel(x0, y0 + r, color);
 666:../ST7789/st7789.c **** 	ST7789_DrawPixel(x0, y0 - r, color);
 667:../ST7789/st7789.c **** 	ST7789_DrawPixel(x0 + r, y0, color);
 668:../ST7789/st7789.c **** 	ST7789_DrawPixel(x0 - r, y0, color);
 669:../ST7789/st7789.c **** 	ST7789_DrawLine(x0 - r, y0, x0 + r, y0, color);
 670:../ST7789/st7789.c **** 
 671:../ST7789/st7789.c **** 	while (x < y) {
 672:../ST7789/st7789.c **** 		if (f >= 0) {
 673:../ST7789/st7789.c **** 			y--;
 674:../ST7789/st7789.c **** 			ddF_y += 2;
 675:../ST7789/st7789.c **** 			f += ddF_y;
 676:../ST7789/st7789.c **** 		}
 677:../ST7789/st7789.c **** 		x++;
 678:../ST7789/st7789.c **** 		ddF_x += 2;
 679:../ST7789/st7789.c **** 		f += ddF_x;
 680:../ST7789/st7789.c **** 
 681:../ST7789/st7789.c **** 		ST7789_DrawLine(x0 - x, y0 + y, x0 + x, y0 + y, color);
 682:../ST7789/st7789.c **** 		ST7789_DrawLine(x0 + x, y0 - y, x0 - x, y0 - y, color);
 683:../ST7789/st7789.c **** 
 684:../ST7789/st7789.c **** 		ST7789_DrawLine(x0 + y, y0 + x, x0 - y, y0 + x, color);
 685:../ST7789/st7789.c **** 		ST7789_DrawLine(x0 + y, y0 - x, x0 - y, y0 - x, color);
 686:../ST7789/st7789.c **** 	}
 687:../ST7789/st7789.c **** 	ST7789_UnSelect();
 688:../ST7789/st7789.c **** }
 689:../ST7789/st7789.c **** 
 690:../ST7789/st7789.c **** 
 691:../ST7789/st7789.c **** /**
 692:../ST7789/st7789.c ****  * @brief Open/Close tearing effect line
 693:../ST7789/st7789.c ****  * @param tear -> Whether to tear
 694:../ST7789/st7789.c ****  * @return none
 695:../ST7789/st7789.c ****  */
 696:../ST7789/st7789.c **** void ST7789_TearEffect(uint8_t tear)
 697:../ST7789/st7789.c **** {
 698:../ST7789/st7789.c **** 	ST7789_Select();
 699:../ST7789/st7789.c **** 	ST7789_WriteCommand(tear ? 0x35 /* TEON */ : 0x34 /* TEOFF */);
 700:../ST7789/st7789.c **** 	ST7789_UnSelect();
 701:../ST7789/st7789.c **** }
 702:../ST7789/st7789.c **** 
 703:../ST7789/st7789.c **** /** 
 704:../ST7789/st7789.c ****  * @brief A Simple test function for ST7789
 705:../ST7789/st7789.c ****  * @param  none
 706:../ST7789/st7789.c ****  * @return  none
 707:../ST7789/st7789.c ****  */
 708:../ST7789/st7789.c **** void ST7789_Test(void)
 709:../ST7789/st7789.c **** {
 710:../ST7789/st7789.c **** 	ST7789_Fill_Color(WHITE);
 711:../ST7789/st7789.c **** 	ST7789_DELAY(1000);
 712:../ST7789/st7789.c **** 	ST7789_WriteString(10, 20, "Speed Test", Font_11x18, RED, WHITE);
 713:../ST7789/st7789.c **** 	ST7789_DELAY(1000);
 714:../ST7789/st7789.c **** 	ST7789_Fill_Color(CYAN);
 715:../ST7789/st7789.c **** 	ST7789_DELAY(500);
 716:../ST7789/st7789.c **** 	ST7789_Fill_Color(RED);
ARM GAS  /tmp/ccvpQaby.s 			page 14


 717:../ST7789/st7789.c **** 	ST7789_DELAY(500);
 718:../ST7789/st7789.c **** 	ST7789_Fill_Color(BLUE);
 719:../ST7789/st7789.c **** 	ST7789_DELAY(500);
 720:../ST7789/st7789.c **** 	ST7789_Fill_Color(GREEN);
 721:../ST7789/st7789.c **** 	ST7789_DELAY(500);
 722:../ST7789/st7789.c **** 	ST7789_Fill_Color(YELLOW);
 723:../ST7789/st7789.c **** 	ST7789_DELAY(500);
 724:../ST7789/st7789.c **** 	ST7789_Fill_Color(BROWN);
 725:../ST7789/st7789.c **** 	ST7789_DELAY(500);
 726:../ST7789/st7789.c **** 	ST7789_Fill_Color(DARKBLUE);
 727:../ST7789/st7789.c **** 	ST7789_DELAY(500);
 728:../ST7789/st7789.c **** 	ST7789_Fill_Color(MAGENTA);
 729:../ST7789/st7789.c **** 	ST7789_DELAY(500);
 730:../ST7789/st7789.c **** 	ST7789_Fill_Color(LIGHTGREEN);
 731:../ST7789/st7789.c **** 	ST7789_DELAY(500);
 732:../ST7789/st7789.c **** 	ST7789_Fill_Color(LGRAY);
 733:../ST7789/st7789.c **** 	ST7789_DELAY(500);
 734:../ST7789/st7789.c **** 	ST7789_Fill_Color(LBBLUE);
 735:../ST7789/st7789.c **** 	ST7789_DELAY(500);
 736:../ST7789/st7789.c **** 	ST7789_Fill_Color(WHITE);
 737:../ST7789/st7789.c **** 	ST7789_DELAY(500);
 738:../ST7789/st7789.c **** 
 739:../ST7789/st7789.c **** 	ST7789_WriteString(10, 10, "Font test.", Font_16x26, GBLUE, WHITE);
 740:../ST7789/st7789.c **** 	ST7789_WriteString(10, 50, "Hello Steve!", Font_7x10, RED, WHITE);
 741:../ST7789/st7789.c **** 	ST7789_WriteString(10, 75, "Hello Steve!", Font_11x18, YELLOW, WHITE);
 742:../ST7789/st7789.c **** 	ST7789_WriteString(10, 100, "Hello Steve!", Font_16x26, MAGENTA, WHITE);
 743:../ST7789/st7789.c **** 	ST7789_DELAY(1000);
 744:../ST7789/st7789.c **** 
 745:../ST7789/st7789.c **** 	ST7789_Fill_Color(BLACK);
 746:../ST7789/st7789.c **** 	ST7789_WriteString(10, 10, "Rect./Line.", Font_11x18, YELLOW, BLACK);
 747:../ST7789/st7789.c **** 	ST7789_DrawRectangle(30, 30, 100, 100, WHITE);
 748:../ST7789/st7789.c **** 	ST7789_DELAY(1000);
 749:../ST7789/st7789.c **** 
 750:../ST7789/st7789.c **** 	ST7789_Fill_Color(BLACK);
 751:../ST7789/st7789.c **** 	ST7789_WriteString(10, 10, "Filled Rect.", Font_11x18, YELLOW, BLACK);
 752:../ST7789/st7789.c **** 	ST7789_DrawFilledRectangle(30, 30, 50, 50, WHITE);
 753:../ST7789/st7789.c **** 	ST7789_DELAY(1000);
 754:../ST7789/st7789.c **** 
 755:../ST7789/st7789.c **** 	ST7789_Fill_Color(BLACK);
 756:../ST7789/st7789.c **** 	ST7789_WriteString(10, 10, "Circle.", Font_11x18, YELLOW, BLACK);
 757:../ST7789/st7789.c **** 	ST7789_DrawCircle(60, 60, 25, WHITE);
 758:../ST7789/st7789.c **** 	ST7789_DELAY(1000);
 759:../ST7789/st7789.c **** 
 760:../ST7789/st7789.c **** 	ST7789_Fill_Color(BLACK);
 761:../ST7789/st7789.c **** 	ST7789_WriteString(10, 10, "Filled Cir.", Font_11x18, YELLOW, BLACK);
 762:../ST7789/st7789.c **** 	ST7789_DrawFilledCircle(60, 60, 25, WHITE);
 763:../ST7789/st7789.c **** 	ST7789_DELAY(1000);
 764:../ST7789/st7789.c **** 
 765:../ST7789/st7789.c **** 	ST7789_Fill_Color(BLACK);
 766:../ST7789/st7789.c **** 	ST7789_WriteString(10, 10, "Triangle", Font_11x18, YELLOW, BLACK);
 767:../ST7789/st7789.c **** 	ST7789_DrawTriangle(30, 30, 30, 70, 60, 40, WHITE);
 768:../ST7789/st7789.c **** 	ST7789_DELAY(1000);
 769:../ST7789/st7789.c **** 
 770:../ST7789/st7789.c **** 	ST7789_Fill_Color(BLACK);
 771:../ST7789/st7789.c **** 	ST7789_WriteString(10, 10, "Filled Tri", Font_11x18, YELLOW, BLACK);
 772:../ST7789/st7789.c **** 	ST7789_DrawFilledTriangle(30, 30, 30, 70, 60, 40, WHITE);
 773:../ST7789/st7789.c **** 	ST7789_DELAY(1000);
ARM GAS  /tmp/ccvpQaby.s 			page 15


 774:../ST7789/st7789.c **** 
 775:../ST7789/st7789.c **** 	//	If FLASH cannot storage anymore datas, please delete codes below.
 776:../ST7789/st7789.c **** 	ST7789_Fill_Color(WHITE);
 777:../ST7789/st7789.c **** 	ST7789_DrawImage(0, 0, 128, 128, (uint16_t *)saber);
 778:../ST7789/st7789.c **** 	ST7789_DELAY(3000);
 779:../ST7789/st7789.c **** }
 780:../ST7789/st7789.c **** 
 781:../ST7789/st7789.c **** /** 
 782:../ST7789/st7789.c ****  * @brief Function to check colors 
 783:../ST7789/st7789.c ****  * @param  none
 784:../ST7789/st7789.c ****  * @return  none
 785:../ST7789/st7789.c ****  */
 786:../ST7789/st7789.c **** void ST7789_TestColors(void) 
 787:../ST7789/st7789.c **** {
 788:../ST7789/st7789.c ****     ST7789_Fill_Color(RED); 
 789:../ST7789/st7789.c **** 	ST7789_WriteString(100, 100, "RED", Font_16x26, WHITE, BLACK);
 790:../ST7789/st7789.c **** 	ST7789_DELAY(1000);
 791:../ST7789/st7789.c **** 
 792:../ST7789/st7789.c ****     ST7789_Fill_Color(GREEN); 
 793:../ST7789/st7789.c **** 	ST7789_WriteString(85, 100, "GREEN", Font_16x26, WHITE, BLACK);
 794:../ST7789/st7789.c **** 	ST7789_DELAY(1000);
 795:../ST7789/st7789.c **** 
 796:../ST7789/st7789.c ****     ST7789_Fill_Color(BLUE); 
 797:../ST7789/st7789.c **** 	ST7789_WriteString(90, 100, "BLUE", Font_16x26, WHITE, BLACK);
 798:../ST7789/st7789.c **** 	ST7789_DELAY(1000);
 799:../ST7789/st7789.c **** }
 800:../ST7789/st7789.c **** 
 801:../ST7789/st7789.c **** /* Fast drawing with DMA */
 802:../ST7789/st7789.c **** 
 803:../ST7789/st7789.c **** /**
 804:../ST7789/st7789.c ****  * @brief Draw a fast vertical line using DMA
 805:../ST7789/st7789.c ****  * @param x -> X-coordinate of the starting point
 806:../ST7789/st7789.c ****  * @param y -> Y-coordinate of the line
 807:../ST7789/st7789.c ****  * @param w -> Width of the line
 808:../ST7789/st7789.c ****  * @param color -> Color of the line
 809:../ST7789/st7789.c ****  * @return none
 810:../ST7789/st7789.c ****  */
 811:../ST7789/st7789.c **** void ST7789_DrawFastVLine(uint16_t x, uint16_t y, uint16_t h, uint16_t color) 
 812:../ST7789/st7789.c **** {
 813:../ST7789/st7789.c ****     if ((x >= ST7789_WIDTH) || (y >= ST7789_HEIGHT)) return;
 814:../ST7789/st7789.c **** 
 815:../ST7789/st7789.c ****     uint16_t adjusted_height = (y + h > ST7789_HEIGHT) ? (ST7789_HEIGHT - y) : h;
 816:../ST7789/st7789.c **** 
 817:../ST7789/st7789.c ****     ST7789_SetAddressWindow(x, y, x, y + adjusted_height - 1);
 818:../ST7789/st7789.c **** 
 819:../ST7789/st7789.c **** #if ST7789_USE_DMA
 820:../ST7789/st7789.c ****     memset_16((uint16_t*)disp_buf, color, sizeof(disp_buf) / 2); // Размер в элемент�
 821:../ST7789/st7789.c ****     SendBuffer((uint16_t*)disp_buf, sizeof(disp_buf) / 2);      // Размер в 16-битных 
 822:../ST7789/st7789.c **** #else
 823:../ST7789/st7789.c **** 
 824:../ST7789/st7789.c ****     for (uint16_t i = 0; i < adjusted_height; i++) {
 825:../ST7789/st7789.c ****         uint8_t data[] = { color >> 8, color & 0xFF };
 826:../ST7789/st7789.c ****         ST7789_WriteData(data, sizeof(data));
 827:../ST7789/st7789.c ****     }
 828:../ST7789/st7789.c **** #endif
 829:../ST7789/st7789.c **** }
 830:../ST7789/st7789.c **** 
ARM GAS  /tmp/ccvpQaby.s 			page 16


 831:../ST7789/st7789.c **** /**
 832:../ST7789/st7789.c ****  * @brief Draw fast a horizontal line using DMA
 833:../ST7789/st7789.c ****  * @param x -> X-coordinate of the starting point
 834:../ST7789/st7789.c ****  * @param y -> Y-coordinate of the line
 835:../ST7789/st7789.c ****  * @param w -> Width of the line
 836:../ST7789/st7789.c ****  * @param color -> Color of the line
 837:../ST7789/st7789.c ****  * @return none
 838:../ST7789/st7789.c ****  */
 839:../ST7789/st7789.c **** void ST7789_DrawFastHLine(uint16_t x, uint16_t y, uint16_t w, uint16_t color) 
 840:../ST7789/st7789.c **** {
 841:../ST7789/st7789.c ****     if ((x >= ST7789_WIDTH) || (y >= ST7789_HEIGHT)) return;
 842:../ST7789/st7789.c **** 
 843:../ST7789/st7789.c ****     uint16_t adjusted_width = (x + w > ST7789_WIDTH) ? (ST7789_WIDTH - x) : w;
 844:../ST7789/st7789.c **** 
 845:../ST7789/st7789.c ****     ST7789_SetAddressWindow(x, y, x + adjusted_width - 1, y);
 846:../ST7789/st7789.c **** 
 847:../ST7789/st7789.c **** #if ST7789_USE_DMA
 848:../ST7789/st7789.c ****      memset_16((uint16_t*)disp_buf, color, sizeof(disp_buf) / 2); 
 849:../ST7789/st7789.c ****     SendBuffer((uint16_t*)disp_buf, sizeof(disp_buf) / 2);     
 850:../ST7789/st7789.c **** #else
 851:../ST7789/st7789.c **** 
 852:../ST7789/st7789.c ****     for (uint16_t i = 0; i < adjusted_width; i++) {
 853:../ST7789/st7789.c ****         uint8_t data[] = { color >> 8, color & 0xFF };
 854:../ST7789/st7789.c ****         ST7789_WriteData(data, sizeof(data));
 855:../ST7789/st7789.c ****     }
 856:../ST7789/st7789.c **** #endif
 857:../ST7789/st7789.c **** }
 858:../ST7789/st7789.c **** 
 859:../ST7789/st7789.c **** 
 860:../ST7789/st7789.c **** /**
 861:../ST7789/st7789.c ****  * @brief Draw fast a Rectangle with single color
 862:../ST7789/st7789.c ****  * @param xi&yi -> 2 coordinates of 2 top points.
 863:../ST7789/st7789.c ****  * @param color -> color of the Rectangle line
 864:../ST7789/st7789.c ****  * @return none
 865:../ST7789/st7789.c ****  */
 866:../ST7789/st7789.c **** void ST7789_DrawFastFilledRectangle(uint16_t x, uint16_t y, uint16_t w, uint16_t h, uint16_t color)
 867:../ST7789/st7789.c **** {
 868:../ST7789/st7789.c ****     /* Validate input */
 869:../ST7789/st7789.c ****     if (x >= ST7789_WIDTH || y >= ST7789_HEIGHT) {
 870:../ST7789/st7789.c ****         return; // Out of bounds, exit
 871:../ST7789/st7789.c ****     }
 872:../ST7789/st7789.c **** 
 873:../ST7789/st7789.c ****     /* Correct width and height if rectangle overflows */
 874:../ST7789/st7789.c ****     if ((x + w) > ST7789_WIDTH) {
 875:../ST7789/st7789.c ****         w = ST7789_WIDTH - x;
 876:../ST7789/st7789.c ****     }
 877:../ST7789/st7789.c ****     if ((y + h) > ST7789_HEIGHT) {
 878:../ST7789/st7789.c ****         h = ST7789_HEIGHT - y;
 879:../ST7789/st7789.c ****     }
 880:../ST7789/st7789.c **** 
 881:../ST7789/st7789.c ****     /* Set the window area */
 882:../ST7789/st7789.c ****     ST7789_SetAddressWindow(x, y, x + w - 1, y + h - 1);
 883:../ST7789/st7789.c ****     ST7789_Select();
 884:../ST7789/st7789.c **** 
 885:../ST7789/st7789.c **** 	#if ST7789_USE_DMA
 886:../ST7789/st7789.c ****     /* Fill the rectangle using DMA */
 887:../ST7789/st7789.c ****     uint32_t total_pixels = w * h;
ARM GAS  /tmp/ccvpQaby.s 			page 17


 888:../ST7789/st7789.c ****     uint32_t buffer_size = sizeof(disp_buf) / 2; // Buffer size in 16-bit pixels
 889:../ST7789/st7789.c **** 
 890:../ST7789/st7789.c ****     for (uint32_t i = 0; i < total_pixels / buffer_size; i++) {
 891:../ST7789/st7789.c ****         memset_16((uint16_t*)disp_buf, color, buffer_size); // Fill buffer with color
 892:../ST7789/st7789.c ****         SendBuffer((uint16_t*)disp_buf, buffer_size);       // Send filled buffer
 893:../ST7789/st7789.c ****     }
 894:../ST7789/st7789.c **** 
 895:../ST7789/st7789.c ****     /* Handle the remainder if total_pixels is not a multiple of buffer_size */
 896:../ST7789/st7789.c ****     uint32_t remaining_pixels = total_pixels % buffer_size;
 897:../ST7789/st7789.c ****     if (remaining_pixels > 0) {
 898:../ST7789/st7789.c ****         memset_16((uint16_t*)disp_buf, color, remaining_pixels);
 899:../ST7789/st7789.c ****         SendBuffer((uint16_t*)disp_buf, remaining_pixels);
 900:../ST7789/st7789.c ****     }
 901:../ST7789/st7789.c **** 
 902:../ST7789/st7789.c ****     #else
 903:../ST7789/st7789.c ****     /* CPU-based rectangle filling */
 904:../ST7789/st7789.c ****     for (uint16_t i = 0; i < h; i++) {
 905:../ST7789/st7789.c ****         for (uint16_t j = 0; j < w; j++) {
 906:../ST7789/st7789.c ****             uint8_t data[] = {color >> 8, color & 0xFF};
 907:../ST7789/st7789.c ****             ST7789_WriteData(data, sizeof(data));
 908:../ST7789/st7789.c ****         }
 909:../ST7789/st7789.c ****     }
 910:../ST7789/st7789.c ****     #endif
 911:../ST7789/st7789.c **** 
 912:../ST7789/st7789.c ****     ST7789_UnSelect();
 913:../ST7789/st7789.c **** }
 914:../ST7789/st7789.c **** 
 915:../ST7789/st7789.c **** #define SWAP(a, b) do { int16_t temp = a; a = b; b = temp; } while (0)
 916:../ST7789/st7789.c **** 
 917:../ST7789/st7789.c **** void ST7789_DrawFastFilledTriangle(uint16_t x1, uint16_t y1, uint16_t x2, uint16_t y2, uint16_t x3,
 918:../ST7789/st7789.c **** {
 919:../ST7789/st7789.c ****     // Sort the vertices by their y-coordinates (y1 <= y2 <= y3)
 920:../ST7789/st7789.c ****     if (y1 > y2) { SWAP(x1, x2); SWAP(y1, y2); }
 921:../ST7789/st7789.c ****     if (y2 > y3) { SWAP(x2, x3); SWAP(y2, y3); }
 922:../ST7789/st7789.c ****     if (y1 > y2) { SWAP(x1, x2); SWAP(y1, y2); }
 923:../ST7789/st7789.c **** 
 924:../ST7789/st7789.c ****     ST7789_Select();
 925:../ST7789/st7789.c **** 
 926:../ST7789/st7789.c ****     uint16_t total_height = y3 - y1;
 927:../ST7789/st7789.c **** 
 928:../ST7789/st7789.c ****     // Iterate over the vertical range of the triangle
 929:../ST7789/st7789.c ****     for (uint16_t y = y1; y <= y3; y++) {
 930:../ST7789/st7789.c ****         // Check whether the current scanline belongs to the lower or upper segment of the triangle
 931:../ST7789/st7789.c ****         bool is_lower = y > y2 || y2 == y1;
 932:../ST7789/st7789.c ****         uint16_t segment_height = is_lower ? (y3 - y2) : (y2 - y1);
 933:../ST7789/st7789.c **** 
 934:../ST7789/st7789.c ****         // Compute the horizontal interpolation progress for the edges
 935:../ST7789/st7789.c ****         float alpha = (float)(y - y1) / total_height; // Progress along the entire height
 936:../ST7789/st7789.c ****         float beta = (float)(y - (is_lower ? y2 : y1)) / segment_height; // Progress within the seg
 937:../ST7789/st7789.c **** 
 938:../ST7789/st7789.c ****         // Calculate the horizontal boundaries for the current scanline
 939:../ST7789/st7789.c ****         int16_t A = x1 + (x3 - x1) * alpha;
 940:../ST7789/st7789.c ****         int16_t B = is_lower ? x2 + (x3 - x2) * beta : x1 + (x2 - x1) * beta;
 941:../ST7789/st7789.c **** 
 942:../ST7789/st7789.c ****         // Ensure A is to the left of B
 943:../ST7789/st7789.c ****         if (A > B) SWAP(A, B);
 944:../ST7789/st7789.c **** 
ARM GAS  /tmp/ccvpQaby.s 			page 18


 945:../ST7789/st7789.c ****         // Draw the horizontal line using DMA
 946:../ST7789/st7789.c ****         ST7789_DrawFastHLine(A, y, B - A + 1, color);
 947:../ST7789/st7789.c ****     }
 948:../ST7789/st7789.c **** 
 949:../ST7789/st7789.c ****     ST7789_UnSelect();
 950:../ST7789/st7789.c **** }
 951:../ST7789/st7789.c **** 
 952:../ST7789/st7789.c **** /** 
 953:../ST7789/st7789.c ****  * @brief Draw Fast a Filled circle with single color
 954:../ST7789/st7789.c ****  * @param x0&y0 -> coordinate of circle center
 955:../ST7789/st7789.c ****  * @param r -> radius of circle
 956:../ST7789/st7789.c ****  * @param color -> color of circle
 957:../ST7789/st7789.c ****  * @return  none
 958:../ST7789/st7789.c ****  */
 959:../ST7789/st7789.c **** void ST7789_DrawFastFilledCircle(int16_t x0, int16_t y0, int16_t r, uint16_t color) 
 960:../ST7789/st7789.c **** {
 961:../ST7789/st7789.c ****     ST7789_Select();
 962:../ST7789/st7789.c ****     int16_t f = 1 - r;
 963:../ST7789/st7789.c ****     int16_t ddF_x = 1;
 964:../ST7789/st7789.c ****     int16_t ddF_y = -2 * r;
 965:../ST7789/st7789.c ****     int16_t x = 0;
 966:../ST7789/st7789.c ****     int16_t y = r;
 967:../ST7789/st7789.c **** 
 968:../ST7789/st7789.c ****     ST7789_DrawFastHLine(x0 - r, y0, 2 * r + 1, color);
 969:../ST7789/st7789.c **** 
 970:../ST7789/st7789.c ****     while (x < y) {
 971:../ST7789/st7789.c ****         if (f >= 0) {
 972:../ST7789/st7789.c ****             y--;
 973:../ST7789/st7789.c ****             ddF_y += 2;
 974:../ST7789/st7789.c ****             f += ddF_y;
 975:../ST7789/st7789.c ****         }
 976:../ST7789/st7789.c ****         x++;
 977:../ST7789/st7789.c ****         ddF_x += 2;
 978:../ST7789/st7789.c ****         f += ddF_x;
 979:../ST7789/st7789.c **** 
 980:../ST7789/st7789.c ****         ST7789_DrawFastHLine(x0 - x, y0 + y, 2 * x + 1, color); 
 981:../ST7789/st7789.c ****         ST7789_DrawFastHLine(x0 - x, y0 - y, 2 * x + 1, color); 
 982:../ST7789/st7789.c **** 
 983:../ST7789/st7789.c ****         ST7789_DrawFastHLine(x0 - y, y0 + x, 2 * y + 1, color); 
 984:../ST7789/st7789.c ****         ST7789_DrawFastHLine(x0 - y, y0 - x, 2 * y + 1, color); 
 985:../ST7789/st7789.c ****     }
 986:../ST7789/st7789.c **** 
 987:../ST7789/st7789.c ****     ST7789_UnSelect();
 988:../ST7789/st7789.c **** }
 989:../ST7789/st7789.c **** 
 990:../ST7789/st7789.c **** static void ST7789_PrepareCharBuffer(char c, FontDef font, uint16_t color, uint16_t bgcolor, uint16
 991:../ST7789/st7789.c **** {
  27              		.loc 1 991 1 view -0
  28              		.cfi_startproc
  29              		@ args = 8, pretend = 0, frame = 8
  30              		@ frame_needed = 0, uses_anonymous_args = 0
  31              		.loc 1 991 1 is_stmt 0 view .LVU1
  32 0000 70B5     		push	{r4, r5, r6, lr}
  33              	.LCFI0:
  34              		.cfi_def_cfa_offset 16
  35              		.cfi_offset 4, -16
  36              		.cfi_offset 5, -12
ARM GAS  /tmp/ccvpQaby.s 			page 19


  37              		.cfi_offset 6, -8
  38              		.cfi_offset 14, -4
  39 0002 82B0     		sub	sp, sp, #8
  40              	.LCFI1:
  41              		.cfi_def_cfa_offset 24
  42 0004 02AC     		add	r4, sp, #8
  43 0006 04E90600 		stmdb	r4, {r1, r2}
  44 000a 1D46     		mov	r5, r3
  45 000c BDF81860 		ldrh	r6, [sp, #24]
  46 0010 079C     		ldr	r4, [sp, #28]
 990:../ST7789/st7789.c **** {
  47              		.loc 1 990 129 view .LVU2
  48 0012 9DF80010 		ldrb	r1, [sp]	@ zero_extendqisi2
  49              	.LVL1:
 992:../ST7789/st7789.c ****     uint32_t b;
  50              		.loc 1 992 5 is_stmt 1 view .LVU3
 993:../ST7789/st7789.c ****     for (uint16_t i = 0; i < font.height; i++) {
  51              		.loc 1 993 5 view .LVU4
  52              	.LBB2:
  53              		.loc 1 993 10 view .LVU5
  54              		.loc 1 993 19 is_stmt 0 view .LVU6
  55 0016 4FF0000E 		mov	lr, #0
  56              		.loc 1 993 5 view .LVU7
  57 001a 19E0     		b	.L2
  58              	.LVL2:
  59              	.L4:
  60              	.LBB3:
 994:../ST7789/st7789.c ****         b = font.data[(c - 32) * font.height + i];
 995:../ST7789/st7789.c ****         for (uint16_t j = 0; j < font.width; j++) {
 996:../ST7789/st7789.c ****             if ((b << j) & 0x8000) {
 997:../ST7789/st7789.c ****                 char_buf[i][j] = color; // Foreground color
 998:../ST7789/st7789.c ****             } else {
 999:../ST7789/st7789.c ****                 char_buf[i][j] = bgcolor; // Background color
  61              		.loc 1 999 17 is_stmt 1 view .LVU8
  62              		.loc 1 999 25 is_stmt 0 view .LVU9
  63 001c 01FB0EFC 		mul	ip, r1, lr
  64 0020 04EB4C0C 		add	ip, r4, ip, lsl #1
  65              		.loc 1 999 32 view .LVU10
  66 0024 2CF81260 		strh	r6, [ip, r2, lsl #1]	@ movhi
  67              	.L5:
 995:../ST7789/st7789.c ****             if ((b << j) & 0x8000) {
  68              		.loc 1 995 47 is_stmt 1 discriminator 2 view .LVU11
  69 0028 0132     		adds	r2, r2, #1
  70              	.LVL3:
 995:../ST7789/st7789.c ****             if ((b << j) & 0x8000) {
  71              		.loc 1 995 47 is_stmt 0 discriminator 2 view .LVU12
  72 002a 92B2     		uxth	r2, r2
  73              	.LVL4:
  74              	.L3:
 995:../ST7789/st7789.c ****             if ((b << j) & 0x8000) {
  75              		.loc 1 995 32 is_stmt 1 discriminator 1 view .LVU13
  76 002c 9142     		cmp	r1, r2
  77 002e 0BD9     		bls	.L9
 996:../ST7789/st7789.c ****                 char_buf[i][j] = color; // Foreground color
  78              		.loc 1 996 13 view .LVU14
 996:../ST7789/st7789.c ****                 char_buf[i][j] = color; // Foreground color
  79              		.loc 1 996 20 is_stmt 0 view .LVU15
ARM GAS  /tmp/ccvpQaby.s 			page 20


  80 0030 03FA02FC 		lsl	ip, r3, r2
 996:../ST7789/st7789.c ****                 char_buf[i][j] = color; // Foreground color
  81              		.loc 1 996 16 view .LVU16
  82 0034 1CF4004F 		tst	ip, #32768
  83 0038 F0D0     		beq	.L4
 997:../ST7789/st7789.c ****             } else {
  84              		.loc 1 997 17 is_stmt 1 view .LVU17
 997:../ST7789/st7789.c ****             } else {
  85              		.loc 1 997 25 is_stmt 0 view .LVU18
  86 003a 01FB0EFC 		mul	ip, r1, lr
  87 003e 04EB4C0C 		add	ip, r4, ip, lsl #1
 997:../ST7789/st7789.c ****             } else {
  88              		.loc 1 997 32 view .LVU19
  89 0042 2CF81250 		strh	r5, [ip, r2, lsl #1]	@ movhi
  90 0046 EFE7     		b	.L5
  91              	.L9:
 997:../ST7789/st7789.c ****             } else {
  92              		.loc 1 997 32 view .LVU20
  93              	.LBE3:
 993:../ST7789/st7789.c ****         b = font.data[(c - 32) * font.height + i];
  94              		.loc 1 993 44 is_stmt 1 discriminator 2 view .LVU21
  95 0048 0EF1010E 		add	lr, lr, #1
  96              	.LVL5:
 993:../ST7789/st7789.c ****         b = font.data[(c - 32) * font.height + i];
  97              		.loc 1 993 44 is_stmt 0 discriminator 2 view .LVU22
  98 004c 1FFA8EFE 		uxth	lr, lr
  99              	.LVL6:
 100              	.L2:
 993:../ST7789/st7789.c ****         b = font.data[(c - 32) * font.height + i];
 101              		.loc 1 993 28 is_stmt 1 discriminator 1 view .LVU23
 993:../ST7789/st7789.c ****         b = font.data[(c - 32) * font.height + i];
 102              		.loc 1 993 34 is_stmt 0 discriminator 1 view .LVU24
 103 0050 9DF80120 		ldrb	r2, [sp, #1]	@ zero_extendqisi2
 993:../ST7789/st7789.c ****         b = font.data[(c - 32) * font.height + i];
 104              		.loc 1 993 28 discriminator 1 view .LVU25
 105 0054 7245     		cmp	r2, lr
 106 0056 08D9     		bls	.L10
 994:../ST7789/st7789.c ****         for (uint16_t j = 0; j < font.width; j++) {
 107              		.loc 1 994 9 is_stmt 1 view .LVU26
 994:../ST7789/st7789.c ****         for (uint16_t j = 0; j < font.width; j++) {
 108              		.loc 1 994 26 is_stmt 0 view .LVU27
 109 0058 A0F12003 		sub	r3, r0, #32
 994:../ST7789/st7789.c ****         for (uint16_t j = 0; j < font.width; j++) {
 110              		.loc 1 994 46 view .LVU28
 111 005c 02FB03E3 		mla	r3, r2, r3, lr
 994:../ST7789/st7789.c ****         for (uint16_t j = 0; j < font.width; j++) {
 112              		.loc 1 994 22 view .LVU29
 113 0060 019A     		ldr	r2, [sp, #4]
 114 0062 32F81330 		ldrh	r3, [r2, r3, lsl #1]
 115              	.LVL7:
 995:../ST7789/st7789.c ****             if ((b << j) & 0x8000) {
 116              		.loc 1 995 9 is_stmt 1 view .LVU30
 117              	.LBB4:
 995:../ST7789/st7789.c ****             if ((b << j) & 0x8000) {
 118              		.loc 1 995 14 view .LVU31
 995:../ST7789/st7789.c ****             if ((b << j) & 0x8000) {
 119              		.loc 1 995 23 is_stmt 0 view .LVU32
ARM GAS  /tmp/ccvpQaby.s 			page 21


 120 0066 0022     		movs	r2, #0
 995:../ST7789/st7789.c ****             if ((b << j) & 0x8000) {
 121              		.loc 1 995 9 view .LVU33
 122 0068 E0E7     		b	.L3
 123              	.LVL8:
 124              	.L10:
 995:../ST7789/st7789.c ****             if ((b << j) & 0x8000) {
 125              		.loc 1 995 9 view .LVU34
 126              	.LBE4:
 127              	.LBE2:
1000:../ST7789/st7789.c ****             }
1001:../ST7789/st7789.c ****         }
1002:../ST7789/st7789.c ****     }
1003:../ST7789/st7789.c **** }
 128              		.loc 1 1003 1 view .LVU35
 129 006a 02B0     		add	sp, sp, #8
 130              	.LCFI2:
 131              		.cfi_def_cfa_offset 16
 132              		@ sp needed
 133 006c 70BD     		pop	{r4, r5, r6, pc}
 134              		.loc 1 1003 1 view .LVU36
 135              		.cfi_endproc
 136              	.LFE99:
 138              		.section	.text.ST7789_WriteData,"ax",%progbits
 139              		.align	1
 140              		.syntax unified
 141              		.thumb
 142              		.thumb_func
 144              	ST7789_WriteData:
 145              	.LVL9:
 146              	.LFB70:
  54:../ST7789/st7789.c **** 	ST7789_Select();
 147              		.loc 1 54 1 is_stmt 1 view -0
 148              		.cfi_startproc
 149              		@ args = 0, pretend = 0, frame = 0
 150              		@ frame_needed = 0, uses_anonymous_args = 0
  54:../ST7789/st7789.c **** 	ST7789_Select();
 151              		.loc 1 54 1 is_stmt 0 view .LVU38
 152 0000 70B5     		push	{r4, r5, r6, lr}
 153              	.LCFI3:
 154              		.cfi_def_cfa_offset 16
 155              		.cfi_offset 4, -16
 156              		.cfi_offset 5, -12
 157              		.cfi_offset 6, -8
 158              		.cfi_offset 14, -4
 159 0002 0646     		mov	r6, r0
 160 0004 0D46     		mov	r5, r1
  55:../ST7789/st7789.c **** 	ST7789_DC_Set();
 161              		.loc 1 55 2 is_stmt 1 view .LVU39
 162              		.syntax unified
 163              	@ 55 "../ST7789/st7789.c" 1
 164 0006 00BF     		nop
 165              	@ 0 "" 2
  56:../ST7789/st7789.c **** 
 166              		.loc 1 56 2 view .LVU40
 167              		.thumb
 168              		.syntax unified
ARM GAS  /tmp/ccvpQaby.s 			page 22


 169 0008 0122     		movs	r2, #1
 170 000a 8021     		movs	r1, #128
 171              	.LVL10:
  56:../ST7789/st7789.c **** 
 172              		.loc 1 56 2 is_stmt 0 view .LVU41
 173 000c 1248     		ldr	r0, .L20
 174              	.LVL11:
  56:../ST7789/st7789.c **** 
 175              		.loc 1 56 2 view .LVU42
 176 000e FFF7FEFF 		bl	HAL_GPIO_WritePin
 177              	.LVL12:
  60:../ST7789/st7789.c **** 		uint16_t chunk_size = buff_size > 65534 ? 65534 : buff_size;
 178              		.loc 1 60 2 is_stmt 1 view .LVU43
  60:../ST7789/st7789.c **** 		uint16_t chunk_size = buff_size > 65534 ? 65534 : buff_size;
 179              		.loc 1 60 8 is_stmt 0 view .LVU44
 180 0012 0DE0     		b	.L12
 181              	.LVL13:
 182              	.L19:
 183              	.LBB5:
  65:../ST7789/st7789.c **** 				ST7789_SPI_WAIT_DMA();
 184              		.loc 1 65 5 is_stmt 1 view .LVU45
 185 0014 3146     		mov	r1, r6
 186 0016 1148     		ldr	r0, .L20+4
 187 0018 FFF7FEFF 		bl	HAL_SPI_Transmit_DMA
 188              	.LVL14:
  66:../ST7789/st7789.c **** 			}
 189              		.loc 1 66 5 view .LVU46
 190              	.L14:
  66:../ST7789/st7789.c **** 			}
 191              		.loc 1 66 5 discriminator 1 view .LVU47
  66:../ST7789/st7789.c **** 			}
 192              		.loc 1 66 5 discriminator 1 view .LVU48
 193 001c 0F4B     		ldr	r3, .L20+4
 194 001e 9B6C     		ldr	r3, [r3, #72]
 195 0020 93F82130 		ldrb	r3, [r3, #33]	@ zero_extendqisi2
 196 0024 DBB2     		uxtb	r3, r3
 197 0026 012B     		cmp	r3, #1
 198 0028 F8D1     		bne	.L14
 199              	.L15:
  73:../ST7789/st7789.c **** 		buff_size -= chunk_size;
 200              		.loc 1 73 3 view .LVU49
 201 002a A4B2     		uxth	r4, r4
  73:../ST7789/st7789.c **** 		buff_size -= chunk_size;
 202              		.loc 1 73 8 is_stmt 0 view .LVU50
 203 002c 2644     		add	r6, r6, r4
 204              	.LVL15:
  74:../ST7789/st7789.c **** 	}
 205              		.loc 1 74 3 is_stmt 1 view .LVU51
  74:../ST7789/st7789.c **** 	}
 206              		.loc 1 74 13 is_stmt 0 view .LVU52
 207 002e 2D1B     		subs	r5, r5, r4
 208              	.LVL16:
 209              	.L12:
  74:../ST7789/st7789.c **** 	}
 210              		.loc 1 74 13 view .LVU53
 211              	.LBE5:
  60:../ST7789/st7789.c **** 		uint16_t chunk_size = buff_size > 65534 ? 65534 : buff_size;
ARM GAS  /tmp/ccvpQaby.s 			page 23


 212              		.loc 1 60 19 is_stmt 1 view .LVU54
 213 0030 85B1     		cbz	r5, .L18
 214              	.LBB6:
  61:../ST7789/st7789.c **** 		#if ST7789_USE_DMA
 215              		.loc 1 61 3 view .LVU55
  61:../ST7789/st7789.c **** 		#if ST7789_USE_DMA
 216              		.loc 1 61 51 is_stmt 0 view .LVU56
 217 0032 4FF6FE74 		movw	r4, #65534
 218 0036 AC42     		cmp	r4, r5
 219 0038 28BF     		it	cs
 220 003a 2C46     		movcs	r4, r5
  61:../ST7789/st7789.c **** 		#if ST7789_USE_DMA
 221              		.loc 1 61 12 view .LVU57
 222 003c A2B2     		uxth	r2, r4
 223              	.LVL17:
  63:../ST7789/st7789.c **** 			{
 224              		.loc 1 63 4 is_stmt 1 view .LVU58
  63:../ST7789/st7789.c **** 			{
 225              		.loc 1 63 21 is_stmt 0 view .LVU59
 226 003e 084B     		ldr	r3, .L20+8
 227 0040 1B88     		ldrh	r3, [r3]
  63:../ST7789/st7789.c **** 			{
 228              		.loc 1 63 7 view .LVU60
 229 0042 AB42     		cmp	r3, r5
 230 0044 E6D9     		bls	.L19
  69:../ST7789/st7789.c **** 		#else
 231              		.loc 1 69 5 is_stmt 1 view .LVU61
 232 0046 4FF0FF33 		mov	r3, #-1
 233 004a 3146     		mov	r1, r6
 234 004c 0348     		ldr	r0, .L20+4
 235 004e FFF7FEFF 		bl	HAL_SPI_Transmit
 236              	.LVL18:
  69:../ST7789/st7789.c **** 		#else
 237              		.loc 1 69 5 is_stmt 0 view .LVU62
 238 0052 EAE7     		b	.L15
 239              	.LVL19:
 240              	.L18:
  69:../ST7789/st7789.c **** 		#else
 241              		.loc 1 69 5 view .LVU63
 242              	.LBE6:
  77:../ST7789/st7789.c **** }
 243              		.loc 1 77 2 is_stmt 1 view .LVU64
 244              		.syntax unified
 245              	@ 77 "../ST7789/st7789.c" 1
 246 0054 00BF     		nop
 247              	@ 0 "" 2
  78:../ST7789/st7789.c **** 
 248              		.loc 1 78 1 is_stmt 0 view .LVU65
 249              		.thumb
 250              		.syntax unified
 251 0056 70BD     		pop	{r4, r5, r6, pc}
 252              	.LVL20:
 253              	.L21:
  78:../ST7789/st7789.c **** 
 254              		.loc 1 78 1 view .LVU66
 255              		.align	2
 256              	.L20:
ARM GAS  /tmp/ccvpQaby.s 			page 24


 257 0058 000C0140 		.word	1073810432
 258 005c 00000000 		.word	hspi1
 259 0060 00000000 		.word	DMA_MIN_SIZE
 260              		.cfi_endproc
 261              	.LFE70:
 263              		.section	.text.ST7789_WriteCommand,"ax",%progbits
 264              		.align	1
 265              		.syntax unified
 266              		.thumb
 267              		.thumb_func
 269              	ST7789_WriteCommand:
 270              	.LVL21:
 271              	.LFB69:
  40:../ST7789/st7789.c **** 	ST7789_Select();
 272              		.loc 1 40 1 is_stmt 1 view -0
 273              		.cfi_startproc
 274              		@ args = 0, pretend = 0, frame = 8
 275              		@ frame_needed = 0, uses_anonymous_args = 0
  40:../ST7789/st7789.c **** 	ST7789_Select();
 276              		.loc 1 40 1 is_stmt 0 view .LVU68
 277 0000 00B5     		push	{lr}
 278              	.LCFI4:
 279              		.cfi_def_cfa_offset 4
 280              		.cfi_offset 14, -4
 281 0002 83B0     		sub	sp, sp, #12
 282              	.LCFI5:
 283              		.cfi_def_cfa_offset 16
 284 0004 8DF80700 		strb	r0, [sp, #7]
  41:../ST7789/st7789.c **** 	ST7789_DC_Clr();
 285              		.loc 1 41 2 is_stmt 1 view .LVU69
 286              		.syntax unified
 287              	@ 41 "../ST7789/st7789.c" 1
 288 0008 00BF     		nop
 289              	@ 0 "" 2
  42:../ST7789/st7789.c **** 	ST7789_SPI_WRITE(&cmd, sizeof(cmd));
 290              		.loc 1 42 2 view .LVU70
 291              		.thumb
 292              		.syntax unified
 293 000a 0022     		movs	r2, #0
 294 000c 8021     		movs	r1, #128
 295 000e 0748     		ldr	r0, .L24
 296              	.LVL22:
  42:../ST7789/st7789.c **** 	ST7789_SPI_WRITE(&cmd, sizeof(cmd));
 297              		.loc 1 42 2 is_stmt 0 view .LVU71
 298 0010 FFF7FEFF 		bl	HAL_GPIO_WritePin
 299              	.LVL23:
  43:../ST7789/st7789.c **** 	ST7789_UnSelect();
 300              		.loc 1 43 2 is_stmt 1 view .LVU72
 301 0014 4FF0FF33 		mov	r3, #-1
 302 0018 0122     		movs	r2, #1
 303 001a 0DF10701 		add	r1, sp, #7
 304 001e 0448     		ldr	r0, .L24+4
 305 0020 FFF7FEFF 		bl	HAL_SPI_Transmit
 306              	.LVL24:
  44:../ST7789/st7789.c **** }
 307              		.loc 1 44 2 view .LVU73
 308              		.syntax unified
ARM GAS  /tmp/ccvpQaby.s 			page 25


 309              	@ 44 "../ST7789/st7789.c" 1
 310 0024 00BF     		nop
 311              	@ 0 "" 2
  45:../ST7789/st7789.c **** 
 312              		.loc 1 45 1 is_stmt 0 view .LVU74
 313              		.thumb
 314              		.syntax unified
 315 0026 03B0     		add	sp, sp, #12
 316              	.LCFI6:
 317              		.cfi_def_cfa_offset 4
 318              		@ sp needed
 319 0028 5DF804FB 		ldr	pc, [sp], #4
 320              	.L25:
 321              		.align	2
 322              	.L24:
 323 002c 000C0140 		.word	1073810432
 324 0030 00000000 		.word	hspi1
 325              		.cfi_endproc
 326              	.LFE69:
 328              		.section	.text.ST7789_SetAddressWindow,"ax",%progbits
 329              		.align	1
 330              		.syntax unified
 331              		.thumb
 332              		.thumb_func
 334              	ST7789_SetAddressWindow:
 335              	.LVL25:
 336              	.LFB74:
 134:../ST7789/st7789.c **** 	ST7789_Select();
 337              		.loc 1 134 1 is_stmt 1 view -0
 338              		.cfi_startproc
 339              		@ args = 0, pretend = 0, frame = 8
 340              		@ frame_needed = 0, uses_anonymous_args = 0
 134:../ST7789/st7789.c **** 	ST7789_Select();
 341              		.loc 1 134 1 is_stmt 0 view .LVU76
 342 0000 F0B5     		push	{r4, r5, r6, r7, lr}
 343              	.LCFI7:
 344              		.cfi_def_cfa_offset 20
 345              		.cfi_offset 4, -20
 346              		.cfi_offset 5, -16
 347              		.cfi_offset 6, -12
 348              		.cfi_offset 7, -8
 349              		.cfi_offset 14, -4
 350 0002 83B0     		sub	sp, sp, #12
 351              	.LCFI8:
 352              		.cfi_def_cfa_offset 32
 353 0004 0746     		mov	r7, r0
 354 0006 0D46     		mov	r5, r1
 355 0008 1646     		mov	r6, r2
 356 000a 1C46     		mov	r4, r3
 135:../ST7789/st7789.c **** 	uint16_t x_start = x0 + X_SHIFT, x_end = x1 + X_SHIFT;
 357              		.loc 1 135 2 is_stmt 1 view .LVU77
 358              		.syntax unified
 359              	@ 135 "../ST7789/st7789.c" 1
 360 000c 00BF     		nop
 361              	@ 0 "" 2
 136:../ST7789/st7789.c **** 	uint16_t y_start = y0 + Y_SHIFT, y_end = y1 + Y_SHIFT;
 362              		.loc 1 136 2 view .LVU78
ARM GAS  /tmp/ccvpQaby.s 			page 26


 363              	.LVL26:
 137:../ST7789/st7789.c **** 	
 364              		.loc 1 137 2 view .LVU79
 140:../ST7789/st7789.c **** 	{
 365              		.loc 1 140 2 view .LVU80
 366              		.thumb
 367              		.syntax unified
 368 000e 2A20     		movs	r0, #42
 369              	.LVL27:
 140:../ST7789/st7789.c **** 	{
 370              		.loc 1 140 2 is_stmt 0 view .LVU81
 371 0010 FFF7FEFF 		bl	ST7789_WriteCommand
 372              	.LVL28:
 373              	.LBB7:
 142:../ST7789/st7789.c **** 		ST7789_WriteData(data, sizeof(data));
 374              		.loc 1 142 3 is_stmt 1 view .LVU82
 142:../ST7789/st7789.c **** 		ST7789_WriteData(data, sizeof(data));
 375              		.loc 1 142 11 is_stmt 0 view .LVU83
 376 0014 3B0A     		lsrs	r3, r7, #8
 377 0016 8DF80430 		strb	r3, [sp, #4]
 378 001a 8DF80570 		strb	r7, [sp, #5]
 379 001e 330A     		lsrs	r3, r6, #8
 380 0020 8DF80630 		strb	r3, [sp, #6]
 381 0024 8DF80760 		strb	r6, [sp, #7]
 143:../ST7789/st7789.c **** 	}
 382              		.loc 1 143 3 is_stmt 1 view .LVU84
 383 0028 0421     		movs	r1, #4
 384 002a 0DEB0100 		add	r0, sp, r1
 385 002e FFF7FEFF 		bl	ST7789_WriteData
 386              	.LVL29:
 387              	.LBE7:
 147:../ST7789/st7789.c **** 	{
 388              		.loc 1 147 2 view .LVU85
 389 0032 2B20     		movs	r0, #43
 390 0034 FFF7FEFF 		bl	ST7789_WriteCommand
 391              	.LVL30:
 392              	.LBB8:
 149:../ST7789/st7789.c **** 		ST7789_WriteData(data, sizeof(data));
 393              		.loc 1 149 3 view .LVU86
 149:../ST7789/st7789.c **** 		ST7789_WriteData(data, sizeof(data));
 394              		.loc 1 149 11 is_stmt 0 view .LVU87
 395 0038 2B0A     		lsrs	r3, r5, #8
 396 003a 8DF80430 		strb	r3, [sp, #4]
 397 003e 8DF80550 		strb	r5, [sp, #5]
 398 0042 230A     		lsrs	r3, r4, #8
 399 0044 8DF80630 		strb	r3, [sp, #6]
 400 0048 8DF80740 		strb	r4, [sp, #7]
 150:../ST7789/st7789.c **** 	}
 401              		.loc 1 150 3 is_stmt 1 view .LVU88
 402 004c 0421     		movs	r1, #4
 403 004e 0DEB0100 		add	r0, sp, r1
 404 0052 FFF7FEFF 		bl	ST7789_WriteData
 405              	.LVL31:
 406              	.LBE8:
 153:../ST7789/st7789.c **** 	ST7789_UnSelect();
 407              		.loc 1 153 2 view .LVU89
 408 0056 2C20     		movs	r0, #44
ARM GAS  /tmp/ccvpQaby.s 			page 27


 409 0058 FFF7FEFF 		bl	ST7789_WriteCommand
 410              	.LVL32:
 154:../ST7789/st7789.c **** }
 411              		.loc 1 154 2 view .LVU90
 412              		.syntax unified
 413              	@ 154 "../ST7789/st7789.c" 1
 414 005c 00BF     		nop
 415              	@ 0 "" 2
 155:../ST7789/st7789.c **** 
 416              		.loc 1 155 1 is_stmt 0 view .LVU91
 417              		.thumb
 418              		.syntax unified
 419 005e 03B0     		add	sp, sp, #12
 420              	.LCFI9:
 421              		.cfi_def_cfa_offset 20
 422              		@ sp needed
 423 0060 F0BD     		pop	{r4, r5, r6, r7, pc}
 155:../ST7789/st7789.c **** 
 424              		.loc 1 155 1 view .LVU92
 425              		.cfi_endproc
 426              	.LFE74:
 428              		.section	.text.ST7789_WriteSmallData,"ax",%progbits
 429              		.align	1
 430              		.syntax unified
 431              		.thumb
 432              		.thumb_func
 434              	ST7789_WriteSmallData:
 435              	.LVL33:
 436              	.LFB72:
  95:../ST7789/st7789.c **** 	ST7789_Select();
 437              		.loc 1 95 1 is_stmt 1 view -0
 438              		.cfi_startproc
 439              		@ args = 0, pretend = 0, frame = 8
 440              		@ frame_needed = 0, uses_anonymous_args = 0
  95:../ST7789/st7789.c **** 	ST7789_Select();
 441              		.loc 1 95 1 is_stmt 0 view .LVU94
 442 0000 00B5     		push	{lr}
 443              	.LCFI10:
 444              		.cfi_def_cfa_offset 4
 445              		.cfi_offset 14, -4
 446 0002 83B0     		sub	sp, sp, #12
 447              	.LCFI11:
 448              		.cfi_def_cfa_offset 16
 449 0004 8DF80700 		strb	r0, [sp, #7]
  96:../ST7789/st7789.c **** 	ST7789_DC_Set();
 450              		.loc 1 96 2 is_stmt 1 view .LVU95
 451              		.syntax unified
 452              	@ 96 "../ST7789/st7789.c" 1
 453 0008 00BF     		nop
 454              	@ 0 "" 2
  97:../ST7789/st7789.c **** 	ST7789_SPI_WRITE(&data, sizeof(data));
 455              		.loc 1 97 2 view .LVU96
 456              		.thumb
 457              		.syntax unified
 458 000a 0122     		movs	r2, #1
 459 000c 8021     		movs	r1, #128
 460 000e 0748     		ldr	r0, .L30
ARM GAS  /tmp/ccvpQaby.s 			page 28


 461              	.LVL34:
  97:../ST7789/st7789.c **** 	ST7789_SPI_WRITE(&data, sizeof(data));
 462              		.loc 1 97 2 is_stmt 0 view .LVU97
 463 0010 FFF7FEFF 		bl	HAL_GPIO_WritePin
 464              	.LVL35:
  98:../ST7789/st7789.c **** 	ST7789_UnSelect();
 465              		.loc 1 98 2 is_stmt 1 view .LVU98
 466 0014 4FF0FF33 		mov	r3, #-1
 467 0018 0122     		movs	r2, #1
 468 001a 0DF10701 		add	r1, sp, #7
 469 001e 0448     		ldr	r0, .L30+4
 470 0020 FFF7FEFF 		bl	HAL_SPI_Transmit
 471              	.LVL36:
  99:../ST7789/st7789.c **** }
 472              		.loc 1 99 2 view .LVU99
 473              		.syntax unified
 474              	@ 99 "../ST7789/st7789.c" 1
 475 0024 00BF     		nop
 476              	@ 0 "" 2
 100:../ST7789/st7789.c **** 
 477              		.loc 1 100 1 is_stmt 0 view .LVU100
 478              		.thumb
 479              		.syntax unified
 480 0026 03B0     		add	sp, sp, #12
 481              	.LCFI12:
 482              		.cfi_def_cfa_offset 4
 483              		@ sp needed
 484 0028 5DF804FB 		ldr	pc, [sp], #4
 485              	.L31:
 486              		.align	2
 487              	.L30:
 488 002c 000C0140 		.word	1073810432
 489 0030 00000000 		.word	hspi1
 490              		.cfi_endproc
 491              	.LFE72:
 493              		.section	.text.memset_16,"ax",%progbits
 494              		.align	1
 495              		.global	memset_16
 496              		.syntax unified
 497              		.thumb
 498              		.thumb_func
 500              	memset_16:
 501              	.LVL37:
 502              	.LFB68:
  25:../ST7789/st7789.c ****     uint16_t swapped = (value >> 8) | (value << 8); 
 503              		.loc 1 25 1 is_stmt 1 view -0
 504              		.cfi_startproc
 505              		@ args = 0, pretend = 0, frame = 0
 506              		@ frame_needed = 0, uses_anonymous_args = 0
 507              		@ link register save eliminated.
  26:../ST7789/st7789.c ****     while (size > 0) {
 508              		.loc 1 26 5 view .LVU102
  26:../ST7789/st7789.c ****     while (size > 0) {
 509              		.loc 1 26 14 is_stmt 0 view .LVU103
 510 0000 0B02     		lsls	r3, r1, #8
 511 0002 43EA1123 		orr	r3, r3, r1, lsr #8
 512 0006 9BB2     		uxth	r3, r3
ARM GAS  /tmp/ccvpQaby.s 			page 29


 513              	.LVL38:
  27:../ST7789/st7789.c ****         *buf = swapped; 
 514              		.loc 1 27 5 is_stmt 1 view .LVU104
  27:../ST7789/st7789.c ****         *buf = swapped; 
 515              		.loc 1 27 11 is_stmt 0 view .LVU105
 516 0008 02E0     		b	.L33
 517              	.L34:
  28:../ST7789/st7789.c ****         buf++;
 518              		.loc 1 28 9 is_stmt 1 view .LVU106
  28:../ST7789/st7789.c ****         buf++;
 519              		.loc 1 28 14 is_stmt 0 view .LVU107
 520 000a 20F8023B 		strh	r3, [r0], #2	@ movhi
 521              	.LVL39:
  29:../ST7789/st7789.c ****         size--;
 522              		.loc 1 29 9 is_stmt 1 view .LVU108
  30:../ST7789/st7789.c ****     }
 523              		.loc 1 30 9 view .LVU109
  30:../ST7789/st7789.c ****     }
 524              		.loc 1 30 13 is_stmt 0 view .LVU110
 525 000e 013A     		subs	r2, r2, #1
 526              	.LVL40:
 527              	.L33:
  27:../ST7789/st7789.c ****         *buf = swapped; 
 528              		.loc 1 27 17 is_stmt 1 view .LVU111
 529 0010 002A     		cmp	r2, #0
 530 0012 FAD1     		bne	.L34
  32:../ST7789/st7789.c **** 
 531              		.loc 1 32 1 is_stmt 0 view .LVU112
 532 0014 7047     		bx	lr
 533              		.cfi_endproc
 534              	.LFE68:
 536              		.section	.text.SendBuffer,"ax",%progbits
 537              		.align	1
 538              		.global	SendBuffer
 539              		.syntax unified
 540              		.thumb
 541              		.thumb_func
 543              	SendBuffer:
 544              	.LVL41:
 545              	.LFB71:
  81:../ST7789/st7789.c ****     // Convert 16-bit data into a byte sequence
 546              		.loc 1 81 1 is_stmt 1 view -0
 547              		.cfi_startproc
 548              		@ args = 0, pretend = 0, frame = 0
 549              		@ frame_needed = 0, uses_anonymous_args = 0
  81:../ST7789/st7789.c ****     // Convert 16-bit data into a byte sequence
 550              		.loc 1 81 1 is_stmt 0 view .LVU114
 551 0000 08B5     		push	{r3, lr}
 552              	.LCFI13:
 553              		.cfi_def_cfa_offset 8
 554              		.cfi_offset 3, -8
 555              		.cfi_offset 14, -4
  83:../ST7789/st7789.c **** 
 556              		.loc 1 83 5 is_stmt 1 view .LVU115
 557              	.LVL42:
  86:../ST7789/st7789.c **** }
 558              		.loc 1 86 5 view .LVU116
ARM GAS  /tmp/ccvpQaby.s 			page 30


 559 0002 4900     		lsls	r1, r1, #1
 560              	.LVL43:
  86:../ST7789/st7789.c **** }
 561              		.loc 1 86 5 is_stmt 0 view .LVU117
 562 0004 FFF7FEFF 		bl	ST7789_WriteData
 563              	.LVL44:
  87:../ST7789/st7789.c **** 
 564              		.loc 1 87 1 view .LVU118
 565 0008 08BD     		pop	{r3, pc}
 566              		.cfi_endproc
 567              	.LFE71:
 569              		.section	.text.ST7789_SetRotation,"ax",%progbits
 570              		.align	1
 571              		.global	ST7789_SetRotation
 572              		.syntax unified
 573              		.thumb
 574              		.thumb_func
 576              	ST7789_SetRotation:
 577              	.LVL45:
 578              	.LFB73:
 108:../ST7789/st7789.c **** 	ST7789_WriteCommand(ST7789_MADCTL);	// MADCTL
 579              		.loc 1 108 1 is_stmt 1 view -0
 580              		.cfi_startproc
 581              		@ args = 0, pretend = 0, frame = 0
 582              		@ frame_needed = 0, uses_anonymous_args = 0
 108:../ST7789/st7789.c **** 	ST7789_WriteCommand(ST7789_MADCTL);	// MADCTL
 583              		.loc 1 108 1 is_stmt 0 view .LVU120
 584 0000 10B5     		push	{r4, lr}
 585              	.LCFI14:
 586              		.cfi_def_cfa_offset 8
 587              		.cfi_offset 4, -8
 588              		.cfi_offset 14, -4
 589 0002 0446     		mov	r4, r0
 109:../ST7789/st7789.c **** 	switch (m) {
 590              		.loc 1 109 2 is_stmt 1 view .LVU121
 591 0004 3620     		movs	r0, #54
 592              	.LVL46:
 109:../ST7789/st7789.c **** 	switch (m) {
 593              		.loc 1 109 2 is_stmt 0 view .LVU122
 594 0006 FFF7FEFF 		bl	ST7789_WriteCommand
 595              	.LVL47:
 110:../ST7789/st7789.c **** 	case 0:
 596              		.loc 1 110 2 is_stmt 1 view .LVU123
 597 000a 032C     		cmp	r4, #3
 598 000c 06D8     		bhi	.L37
 599 000e DFE804F0 		tbb	[pc, r4]
 600              	.L40:
 601 0012 02       		.byte	(.L43-.L40)/2
 602 0013 06       		.byte	(.L42-.L40)/2
 603 0014 0A       		.byte	(.L41-.L40)/2
 604 0015 0E       		.byte	(.L39-.L40)/2
 605              		.p2align 1
 606              	.L43:
 112:../ST7789/st7789.c **** 		break;
 607              		.loc 1 112 3 view .LVU124
 608 0016 C020     		movs	r0, #192
 609 0018 FFF7FEFF 		bl	ST7789_WriteSmallData
ARM GAS  /tmp/ccvpQaby.s 			page 31


 610              	.LVL48:
 113:../ST7789/st7789.c **** 	case 1:
 611              		.loc 1 113 3 view .LVU125
 612              	.L37:
 126:../ST7789/st7789.c **** 
 613              		.loc 1 126 1 is_stmt 0 view .LVU126
 614 001c 10BD     		pop	{r4, pc}
 615              	.LVL49:
 616              	.L42:
 115:../ST7789/st7789.c **** 		break;
 617              		.loc 1 115 3 is_stmt 1 view .LVU127
 618 001e A020     		movs	r0, #160
 619 0020 FFF7FEFF 		bl	ST7789_WriteSmallData
 620              	.LVL50:
 116:../ST7789/st7789.c **** 	case 2:
 621              		.loc 1 116 3 view .LVU128
 622 0024 FAE7     		b	.L37
 623              	.L41:
 118:../ST7789/st7789.c **** 		break;
 624              		.loc 1 118 3 view .LVU129
 625 0026 0020     		movs	r0, #0
 626 0028 FFF7FEFF 		bl	ST7789_WriteSmallData
 627              	.LVL51:
 119:../ST7789/st7789.c **** 	case 3:
 628              		.loc 1 119 3 view .LVU130
 629 002c F6E7     		b	.L37
 630              	.L39:
 121:../ST7789/st7789.c **** 		break;
 631              		.loc 1 121 3 view .LVU131
 632 002e 6020     		movs	r0, #96
 633 0030 FFF7FEFF 		bl	ST7789_WriteSmallData
 634              	.LVL52:
 122:../ST7789/st7789.c **** 	default:
 635              		.loc 1 122 3 view .LVU132
 126:../ST7789/st7789.c **** 
 636              		.loc 1 126 1 is_stmt 0 view .LVU133
 637 0034 F2E7     		b	.L37
 638              		.cfi_endproc
 639              	.LFE73:
 641              		.section	.text.ST7789_Fill_Color,"ax",%progbits
 642              		.align	1
 643              		.global	ST7789_Fill_Color
 644              		.syntax unified
 645              		.thumb
 646              		.thumb_func
 648              	ST7789_Fill_Color:
 649              	.LVL53:
 650              	.LFB76:
 230:../ST7789/st7789.c ****     uint16_t i;
 651              		.loc 1 230 40 is_stmt 1 view -0
 652              		.cfi_startproc
 653              		@ args = 0, pretend = 0, frame = 0
 654              		@ frame_needed = 0, uses_anonymous_args = 0
 230:../ST7789/st7789.c ****     uint16_t i;
 655              		.loc 1 230 40 is_stmt 0 view .LVU135
 656 0000 70B5     		push	{r4, r5, r6, lr}
 657              	.LCFI15:
ARM GAS  /tmp/ccvpQaby.s 			page 32


 658              		.cfi_def_cfa_offset 16
 659              		.cfi_offset 4, -16
 660              		.cfi_offset 5, -12
 661              		.cfi_offset 6, -8
 662              		.cfi_offset 14, -4
 663 0002 0646     		mov	r6, r0
 231:../ST7789/st7789.c ****     ST7789_SetAddressWindow(0, 0, ST7789_WIDTH - 1, ST7789_HEIGHT - 1);
 664              		.loc 1 231 5 is_stmt 1 view .LVU136
 232:../ST7789/st7789.c ****     ST7789_Select();
 665              		.loc 1 232 5 view .LVU137
 666 0004 EF23     		movs	r3, #239
 667 0006 40F23F12 		movw	r2, #319
 668 000a 0021     		movs	r1, #0
 669 000c 0846     		mov	r0, r1
 670              	.LVL54:
 232:../ST7789/st7789.c ****     ST7789_Select();
 671              		.loc 1 232 5 is_stmt 0 view .LVU138
 672 000e FFF7FEFF 		bl	ST7789_SetAddressWindow
 673              	.LVL55:
 233:../ST7789/st7789.c **** 
 674              		.loc 1 233 5 is_stmt 1 view .LVU139
 675              		.syntax unified
 676              	@ 233 "../ST7789/st7789.c" 1
 677 0012 00BF     		nop
 678              	@ 0 "" 2
 237:../ST7789/st7789.c ****         memset_16((uint16_t*)disp_buf, color, sizeof(disp_buf) / 2); 
 679              		.loc 1 237 5 view .LVU140
 680              	.LVL56:
 237:../ST7789/st7789.c ****         memset_16((uint16_t*)disp_buf, color, sizeof(disp_buf) / 2); 
 681              		.loc 1 237 12 is_stmt 0 view .LVU141
 682              		.thumb
 683              		.syntax unified
 684 0014 0024     		movs	r4, #0
 237:../ST7789/st7789.c ****         memset_16((uint16_t*)disp_buf, color, sizeof(disp_buf) / 2); 
 685              		.loc 1 237 5 view .LVU142
 686 0016 0DE0     		b	.L47
 687              	.LVL57:
 688              	.L48:
 238:../ST7789/st7789.c ****         SendBuffer((uint16_t*)disp_buf, sizeof(disp_buf) / 2);     
 689              		.loc 1 238 9 is_stmt 1 view .LVU143
 690 0018 084D     		ldr	r5, .L50
 691 001a 4FF4C862 		mov	r2, #1600
 692 001e 3146     		mov	r1, r6
 693 0020 2846     		mov	r0, r5
 694 0022 FFF7FEFF 		bl	memset_16
 695              	.LVL58:
 239:../ST7789/st7789.c ****     }
 696              		.loc 1 239 9 view .LVU144
 697 0026 4FF4C861 		mov	r1, #1600
 698 002a 2846     		mov	r0, r5
 699 002c FFF7FEFF 		bl	SendBuffer
 700              	.LVL59:
 237:../ST7789/st7789.c ****         memset_16((uint16_t*)disp_buf, color, sizeof(disp_buf) / 2); 
 701              		.loc 1 237 79 discriminator 3 view .LVU145
 702 0030 0134     		adds	r4, r4, #1
 703              	.LVL60:
 237:../ST7789/st7789.c ****         memset_16((uint16_t*)disp_buf, color, sizeof(disp_buf) / 2); 
ARM GAS  /tmp/ccvpQaby.s 			page 33


 704              		.loc 1 237 79 is_stmt 0 discriminator 3 view .LVU146
 705 0032 A4B2     		uxth	r4, r4
 706              	.LVL61:
 707              	.L47:
 237:../ST7789/st7789.c ****         memset_16((uint16_t*)disp_buf, color, sizeof(disp_buf) / 2); 
 708              		.loc 1 237 19 is_stmt 1 discriminator 1 view .LVU147
 709 0034 2F2C     		cmp	r4, #47
 710 0036 EFD9     		bls	.L48
 251:../ST7789/st7789.c **** }
 711              		.loc 1 251 5 view .LVU148
 712              		.syntax unified
 713              	@ 251 "../ST7789/st7789.c" 1
 714 0038 00BF     		nop
 715              	@ 0 "" 2
 252:../ST7789/st7789.c **** 
 716              		.loc 1 252 1 is_stmt 0 view .LVU149
 717              		.thumb
 718              		.syntax unified
 719 003a 70BD     		pop	{r4, r5, r6, pc}
 720              	.LVL62:
 721              	.L51:
 252:../ST7789/st7789.c **** 
 722              		.loc 1 252 1 view .LVU150
 723              		.align	2
 724              	.L50:
 725 003c 00000000 		.word	disp_buf
 726              		.cfi_endproc
 727              	.LFE76:
 729              		.section	.rodata.ST7789_Init.str1.4,"aMS",%progbits,1
 730              		.align	2
 731              	.LC1:
 732 0000 D0040D11 		.ascii	"\320\004\015\021\023+?TL\030\015\013\037#\000"
 732      132B3F54 
 732      4C180D0B 
 732      1F2300
 733 000f 00       		.align	2
 734              	.LC2:
 735 0010 D0040C11 		.ascii	"\320\004\014\021\023,?DQ/\037\037 #\000"
 735      132C3F44 
 735      512F1F1F 
 735      202300
 736              		.section	.text.ST7789_Init,"ax",%progbits
 737              		.align	1
 738              		.global	ST7789_Init
 739              		.syntax unified
 740              		.thumb
 741              		.thumb_func
 743              	ST7789_Init:
 744              	.LFB75:
 163:../ST7789/st7789.c **** 	#if ST7789_USE_DMA
 745              		.loc 1 163 1 is_stmt 1 view -0
 746              		.cfi_startproc
 747              		@ args = 0, pretend = 0, frame = 16
 748              		@ frame_needed = 0, uses_anonymous_args = 0
 749 0000 10B5     		push	{r4, lr}
 750              	.LCFI16:
 751              		.cfi_def_cfa_offset 8
ARM GAS  /tmp/ccvpQaby.s 			page 34


 752              		.cfi_offset 4, -8
 753              		.cfi_offset 14, -4
 754 0002 84B0     		sub	sp, sp, #16
 755              	.LCFI17:
 756              		.cfi_def_cfa_offset 24
 165:../ST7789/st7789.c **** 	#endif
 757              		.loc 1 165 3 view .LVU152
 758 0004 4FF44862 		mov	r2, #3200
 759 0008 0021     		movs	r1, #0
 760 000a 4648     		ldr	r0, .L54
 761 000c FFF7FEFF 		bl	memset
 762              	.LVL63:
 167:../ST7789/st7789.c ****     ST7789_RST_Clr();
 763              		.loc 1 167 2 view .LVU153
 764 0010 0A20     		movs	r0, #10
 765 0012 FFF7FEFF 		bl	HAL_Delay
 766              	.LVL64:
 168:../ST7789/st7789.c ****     ST7789_DELAY(10);
 767              		.loc 1 168 5 view .LVU154
 768 0016 444C     		ldr	r4, .L54+4
 769 0018 0022     		movs	r2, #0
 770 001a 4021     		movs	r1, #64
 771 001c 2046     		mov	r0, r4
 772 001e FFF7FEFF 		bl	HAL_GPIO_WritePin
 773              	.LVL65:
 169:../ST7789/st7789.c ****     ST7789_RST_Set();
 774              		.loc 1 169 5 view .LVU155
 775 0022 0A20     		movs	r0, #10
 776 0024 FFF7FEFF 		bl	HAL_Delay
 777              	.LVL66:
 170:../ST7789/st7789.c ****     ST7789_DELAY(20);
 778              		.loc 1 170 5 view .LVU156
 779 0028 0122     		movs	r2, #1
 780 002a 4021     		movs	r1, #64
 781 002c 2046     		mov	r0, r4
 782 002e FFF7FEFF 		bl	HAL_GPIO_WritePin
 783              	.LVL67:
 171:../ST7789/st7789.c **** 
 784              		.loc 1 171 5 view .LVU157
 785 0032 1420     		movs	r0, #20
 786 0034 FFF7FEFF 		bl	HAL_Delay
 787              	.LVL68:
 173:../ST7789/st7789.c ****     ST7789_WriteSmallData(ST7789_COLOR_MODE_16bit);
 788              		.loc 1 173 5 view .LVU158
 789 0038 3A20     		movs	r0, #58
 790 003a FFF7FEFF 		bl	ST7789_WriteCommand
 791              	.LVL69:
 174:../ST7789/st7789.c ****   	ST7789_WriteCommand(0xB2);				//	Porch control
 792              		.loc 1 174 5 view .LVU159
 793 003e 5520     		movs	r0, #85
 794 0040 FFF7FEFF 		bl	ST7789_WriteSmallData
 795              	.LVL70:
 175:../ST7789/st7789.c **** 	{
 796              		.loc 1 175 4 view .LVU160
 797 0044 B220     		movs	r0, #178
 798 0046 FFF7FEFF 		bl	ST7789_WriteCommand
 799              	.LVL71:
ARM GAS  /tmp/ccvpQaby.s 			page 35


 800              	.LBB9:
 177:../ST7789/st7789.c **** 		ST7789_WriteData(data, sizeof(data));
 801              		.loc 1 177 3 view .LVU161
 177:../ST7789/st7789.c **** 		ST7789_WriteData(data, sizeof(data));
 802              		.loc 1 177 11 is_stmt 0 view .LVU162
 803 004a 384B     		ldr	r3, .L54+8
 804 004c 93E80300 		ldm	r3, {r0, r1}
 805 0050 0090     		str	r0, [sp]
 806 0052 8DF80410 		strb	r1, [sp, #4]
 178:../ST7789/st7789.c **** 	}
 807              		.loc 1 178 3 is_stmt 1 view .LVU163
 808 0056 0521     		movs	r1, #5
 809 0058 6846     		mov	r0, sp
 810 005a FFF7FEFF 		bl	ST7789_WriteData
 811              	.LVL72:
 812              	.LBE9:
 180:../ST7789/st7789.c **** 	
 813              		.loc 1 180 2 view .LVU164
 814 005e 0120     		movs	r0, #1
 815 0060 FFF7FEFF 		bl	ST7789_SetRotation
 816              	.LVL73:
 183:../ST7789/st7789.c ****     ST7789_WriteSmallData(0x35);			//	Default value
 817              		.loc 1 183 5 view .LVU165
 818 0064 B720     		movs	r0, #183
 819 0066 FFF7FEFF 		bl	ST7789_WriteCommand
 820              	.LVL74:
 184:../ST7789/st7789.c ****     ST7789_WriteCommand(0xBB);				//	VCOM setting
 821              		.loc 1 184 5 view .LVU166
 822 006a 3520     		movs	r0, #53
 823 006c FFF7FEFF 		bl	ST7789_WriteSmallData
 824              	.LVL75:
 185:../ST7789/st7789.c ****     ST7789_WriteSmallData(0x19);			//	0.725v (default 0.75v for 0x20)
 825              		.loc 1 185 5 view .LVU167
 826 0070 BB20     		movs	r0, #187
 827 0072 FFF7FEFF 		bl	ST7789_WriteCommand
 828              	.LVL76:
 186:../ST7789/st7789.c ****     ST7789_WriteCommand(0xC0);				//	LCMCTRL	
 829              		.loc 1 186 5 view .LVU168
 830 0076 1920     		movs	r0, #25
 831 0078 FFF7FEFF 		bl	ST7789_WriteSmallData
 832              	.LVL77:
 187:../ST7789/st7789.c ****     ST7789_WriteSmallData (0x2C);			//	Default value
 833              		.loc 1 187 5 view .LVU169
 834 007c C020     		movs	r0, #192
 835 007e FFF7FEFF 		bl	ST7789_WriteCommand
 836              	.LVL78:
 188:../ST7789/st7789.c ****     ST7789_WriteCommand (0xC2);				//	VDV and VRH command Enable
 837              		.loc 1 188 5 view .LVU170
 838 0082 2C20     		movs	r0, #44
 839 0084 FFF7FEFF 		bl	ST7789_WriteSmallData
 840              	.LVL79:
 189:../ST7789/st7789.c ****     ST7789_WriteSmallData (0x01);			//	Default value
 841              		.loc 1 189 5 view .LVU171
 842 0088 C220     		movs	r0, #194
 843 008a FFF7FEFF 		bl	ST7789_WriteCommand
 844              	.LVL80:
 190:../ST7789/st7789.c ****     ST7789_WriteCommand (0xC3);				//	VRH set
ARM GAS  /tmp/ccvpQaby.s 			page 36


 845              		.loc 1 190 5 view .LVU172
 846 008e 0120     		movs	r0, #1
 847 0090 FFF7FEFF 		bl	ST7789_WriteSmallData
 848              	.LVL81:
 191:../ST7789/st7789.c ****     ST7789_WriteSmallData (0x12);			//	+-4.45v (defalut +-4.1v for 0x0B)
 849              		.loc 1 191 5 view .LVU173
 850 0094 C320     		movs	r0, #195
 851 0096 FFF7FEFF 		bl	ST7789_WriteCommand
 852              	.LVL82:
 192:../ST7789/st7789.c ****     ST7789_WriteCommand (0xC4);				//	VDV set
 853              		.loc 1 192 5 view .LVU174
 854 009a 1220     		movs	r0, #18
 855 009c FFF7FEFF 		bl	ST7789_WriteSmallData
 856              	.LVL83:
 193:../ST7789/st7789.c ****     ST7789_WriteSmallData (0x20);			//	Default value
 857              		.loc 1 193 5 view .LVU175
 858 00a0 C420     		movs	r0, #196
 859 00a2 FFF7FEFF 		bl	ST7789_WriteCommand
 860              	.LVL84:
 194:../ST7789/st7789.c ****     ST7789_WriteCommand (0xC6);				//	Frame rate control in normal mode
 861              		.loc 1 194 5 view .LVU176
 862 00a6 2020     		movs	r0, #32
 863 00a8 FFF7FEFF 		bl	ST7789_WriteSmallData
 864              	.LVL85:
 195:../ST7789/st7789.c ****     ST7789_WriteSmallData (0x0F);			//	Default value (60HZ)
 865              		.loc 1 195 5 view .LVU177
 866 00ac C620     		movs	r0, #198
 867 00ae FFF7FEFF 		bl	ST7789_WriteCommand
 868              	.LVL86:
 196:../ST7789/st7789.c ****     ST7789_WriteCommand (0xD0);				//	Power control
 869              		.loc 1 196 5 view .LVU178
 870 00b2 0F20     		movs	r0, #15
 871 00b4 FFF7FEFF 		bl	ST7789_WriteSmallData
 872              	.LVL87:
 197:../ST7789/st7789.c ****     ST7789_WriteSmallData (0xA4);			//	Default value
 873              		.loc 1 197 5 view .LVU179
 874 00b8 D020     		movs	r0, #208
 875 00ba FFF7FEFF 		bl	ST7789_WriteCommand
 876              	.LVL88:
 198:../ST7789/st7789.c ****     ST7789_WriteSmallData (0xA1);			//	Default value
 877              		.loc 1 198 5 view .LVU180
 878 00be A420     		movs	r0, #164
 879 00c0 FFF7FEFF 		bl	ST7789_WriteSmallData
 880              	.LVL89:
 199:../ST7789/st7789.c **** 	/**************** Division line ****************/
 881              		.loc 1 199 5 view .LVU181
 882 00c4 A120     		movs	r0, #161
 883 00c6 FFF7FEFF 		bl	ST7789_WriteSmallData
 884              	.LVL90:
 202:../ST7789/st7789.c **** 	{
 885              		.loc 1 202 2 view .LVU182
 886 00ca E020     		movs	r0, #224
 887 00cc FFF7FEFF 		bl	ST7789_WriteCommand
 888              	.LVL91:
 889              	.LBB10:
 204:../ST7789/st7789.c **** 		ST7789_WriteData(data, sizeof(data));
 890              		.loc 1 204 3 view .LVU183
ARM GAS  /tmp/ccvpQaby.s 			page 37


 204:../ST7789/st7789.c **** 		ST7789_WriteData(data, sizeof(data));
 891              		.loc 1 204 11 is_stmt 0 view .LVU184
 892 00d0 174B     		ldr	r3, .L54+12
 893 00d2 EC46     		mov	ip, sp
 894 00d4 0FCB     		ldm	r3, {r0, r1, r2, r3}
 895 00d6 ACE80700 		stmia	ip!, {r0, r1, r2}
 896 00da ACF80030 		strh	r3, [ip]	@ movhi
 205:../ST7789/st7789.c **** 	}
 897              		.loc 1 205 3 is_stmt 1 view .LVU185
 898 00de 0E21     		movs	r1, #14
 899 00e0 6846     		mov	r0, sp
 900 00e2 FFF7FEFF 		bl	ST7789_WriteData
 901              	.LVL92:
 902              	.LBE10:
 208:../ST7789/st7789.c **** 	{
 903              		.loc 1 208 5 view .LVU186
 904 00e6 E120     		movs	r0, #225
 905 00e8 FFF7FEFF 		bl	ST7789_WriteCommand
 906              	.LVL93:
 907              	.LBB11:
 210:../ST7789/st7789.c **** 		ST7789_WriteData(data, sizeof(data));
 908              		.loc 1 210 3 view .LVU187
 210:../ST7789/st7789.c **** 		ST7789_WriteData(data, sizeof(data));
 909              		.loc 1 210 11 is_stmt 0 view .LVU188
 910 00ec 114B     		ldr	r3, .L54+16
 911 00ee EC46     		mov	ip, sp
 912 00f0 0FCB     		ldm	r3, {r0, r1, r2, r3}
 913 00f2 ACE80700 		stmia	ip!, {r0, r1, r2}
 914 00f6 ACF80030 		strh	r3, [ip]	@ movhi
 211:../ST7789/st7789.c **** 	}
 915              		.loc 1 211 3 is_stmt 1 view .LVU189
 916 00fa 0E21     		movs	r1, #14
 917 00fc 6846     		mov	r0, sp
 918 00fe FFF7FEFF 		bl	ST7789_WriteData
 919              	.LVL94:
 920              	.LBE11:
 213:../ST7789/st7789.c **** 	ST7789_WriteCommand (ST7789_SLPOUT);	//	Out of sleep mode
 921              		.loc 1 213 5 view .LVU190
 922 0102 2120     		movs	r0, #33
 923 0104 FFF7FEFF 		bl	ST7789_WriteCommand
 924              	.LVL95:
 214:../ST7789/st7789.c ****   	ST7789_WriteCommand (ST7789_NORON);		//	Normal Display on
 925              		.loc 1 214 2 view .LVU191
 926 0108 1120     		movs	r0, #17
 927 010a FFF7FEFF 		bl	ST7789_WriteCommand
 928              	.LVL96:
 215:../ST7789/st7789.c ****   	ST7789_WriteCommand (ST7789_DISPON);	//	Main screen turned on	
 929              		.loc 1 215 4 view .LVU192
 930 010e 1320     		movs	r0, #19
 931 0110 FFF7FEFF 		bl	ST7789_WriteCommand
 932              	.LVL97:
 216:../ST7789/st7789.c **** 
 933              		.loc 1 216 4 view .LVU193
 934 0114 2920     		movs	r0, #41
 935 0116 FFF7FEFF 		bl	ST7789_WriteCommand
 936              	.LVL98:
 218:../ST7789/st7789.c **** 
ARM GAS  /tmp/ccvpQaby.s 			page 38


 937              		.loc 1 218 2 view .LVU194
 938 011a 0020     		movs	r0, #0
 939 011c FFF7FEFF 		bl	ST7789_Fill_Color
 940              	.LVL99:
 223:../ST7789/st7789.c **** 
 941              		.loc 1 223 1 is_stmt 0 view .LVU195
 942 0120 04B0     		add	sp, sp, #16
 943              	.LCFI18:
 944              		.cfi_def_cfa_offset 8
 945              		@ sp needed
 946 0122 10BD     		pop	{r4, pc}
 947              	.L55:
 948              		.align	2
 949              	.L54:
 950 0124 00000000 		.word	disp_buf
 951 0128 000C0140 		.word	1073810432
 952 012c 00000000 		.word	.LANCHOR0
 953 0130 00000000 		.word	.LC1
 954 0134 10000000 		.word	.LC2
 955              		.cfi_endproc
 956              	.LFE75:
 958              		.section	.text.ST7789_DrawPixel,"ax",%progbits
 959              		.align	1
 960              		.global	ST7789_DrawPixel
 961              		.syntax unified
 962              		.thumb
 963              		.thumb_func
 965              	ST7789_DrawPixel:
 966              	.LVL100:
 967              	.LFB77:
 261:../ST7789/st7789.c **** 	if ((x < 0) || (x >= ST7789_WIDTH) ||
 968              		.loc 1 261 1 is_stmt 1 view -0
 969              		.cfi_startproc
 970              		@ args = 0, pretend = 0, frame = 8
 971              		@ frame_needed = 0, uses_anonymous_args = 0
 262:../ST7789/st7789.c **** 		 (y < 0) || (y >= ST7789_HEIGHT))	return;
 972              		.loc 1 262 2 view .LVU197
 262:../ST7789/st7789.c **** 		 (y < 0) || (y >= ST7789_HEIGHT))	return;
 973              		.loc 1 262 5 is_stmt 0 view .LVU198
 974 0000 B0F5A07F 		cmp	r0, #320
 975 0004 16D2     		bcs	.L61
 261:../ST7789/st7789.c **** 	if ((x < 0) || (x >= ST7789_WIDTH) ||
 976              		.loc 1 261 1 view .LVU199
 977 0006 10B5     		push	{r4, lr}
 978              	.LCFI19:
 979              		.cfi_def_cfa_offset 8
 980              		.cfi_offset 4, -8
 981              		.cfi_offset 14, -4
 982 0008 82B0     		sub	sp, sp, #8
 983              	.LCFI20:
 984              		.cfi_def_cfa_offset 16
 985 000a 1446     		mov	r4, r2
 263:../ST7789/st7789.c **** 	
 986              		.loc 1 263 12 view .LVU200
 987 000c EF29     		cmp	r1, #239
 988 000e 01D9     		bls	.L64
 989              	.LVL101:
ARM GAS  /tmp/ccvpQaby.s 			page 39


 990              	.L56:
 270:../ST7789/st7789.c **** 
 991              		.loc 1 270 1 view .LVU201
 992 0010 02B0     		add	sp, sp, #8
 993              	.LCFI21:
 994              		.cfi_remember_state
 995              		.cfi_def_cfa_offset 8
 996              		@ sp needed
 997 0012 10BD     		pop	{r4, pc}
 998              	.LVL102:
 999              	.L64:
 1000              	.LCFI22:
 1001              		.cfi_restore_state
 265:../ST7789/st7789.c **** 	uint8_t data[] = {color >> 8, color & 0xFF};
 1002              		.loc 1 265 2 is_stmt 1 view .LVU202
 1003 0014 0B46     		mov	r3, r1
 1004 0016 0246     		mov	r2, r0
 1005              	.LVL103:
 265:../ST7789/st7789.c **** 	uint8_t data[] = {color >> 8, color & 0xFF};
 1006              		.loc 1 265 2 is_stmt 0 view .LVU203
 1007 0018 FFF7FEFF 		bl	ST7789_SetAddressWindow
 1008              	.LVL104:
 266:../ST7789/st7789.c **** 	ST7789_Select();
 1009              		.loc 1 266 2 is_stmt 1 view .LVU204
 266:../ST7789/st7789.c **** 	ST7789_Select();
 1010              		.loc 1 266 10 is_stmt 0 view .LVU205
 1011 001c 230A     		lsrs	r3, r4, #8
 1012 001e 8DF80430 		strb	r3, [sp, #4]
 1013 0022 8DF80540 		strb	r4, [sp, #5]
 267:../ST7789/st7789.c **** 	ST7789_WriteData(data, sizeof(data));
 1014              		.loc 1 267 2 is_stmt 1 view .LVU206
 1015              		.syntax unified
 1016              	@ 267 "../ST7789/st7789.c" 1
 1017 0026 00BF     		nop
 1018              	@ 0 "" 2
 268:../ST7789/st7789.c **** 	ST7789_UnSelect();
 1019              		.loc 1 268 2 view .LVU207
 1020              		.thumb
 1021              		.syntax unified
 1022 0028 0221     		movs	r1, #2
 1023 002a 01A8     		add	r0, sp, #4
 1024 002c FFF7FEFF 		bl	ST7789_WriteData
 1025              	.LVL105:
 269:../ST7789/st7789.c **** }
 1026              		.loc 1 269 2 view .LVU208
 1027              		.syntax unified
 1028              	@ 269 "../ST7789/st7789.c" 1
 1029 0030 00BF     		nop
 1030              	@ 0 "" 2
 1031              		.thumb
 1032              		.syntax unified
 1033 0032 EDE7     		b	.L56
 1034              	.LVL106:
 1035              	.L61:
 1036              	.LCFI23:
 1037              		.cfi_def_cfa_offset 0
 1038              		.cfi_restore 4
ARM GAS  /tmp/ccvpQaby.s 			page 40


 1039              		.cfi_restore 14
 269:../ST7789/st7789.c **** }
 1040              		.loc 1 269 2 is_stmt 0 view .LVU209
 1041 0034 7047     		bx	lr
 1042              		.cfi_endproc
 1043              	.LFE77:
 1045              		.section	.text.ST7789_Fill,"ax",%progbits
 1046              		.align	1
 1047              		.global	ST7789_Fill
 1048              		.syntax unified
 1049              		.thumb
 1050              		.thumb_func
 1052              	ST7789_Fill:
 1053              	.LVL107:
 1054              	.LFB78:
 280:../ST7789/st7789.c **** 	if ((xEnd < 0) || (xEnd >= ST7789_WIDTH) ||
 1055              		.loc 1 280 1 is_stmt 1 view -0
 1056              		.cfi_startproc
 1057              		@ args = 4, pretend = 0, frame = 8
 1058              		@ frame_needed = 0, uses_anonymous_args = 0
 280:../ST7789/st7789.c **** 	if ((xEnd < 0) || (xEnd >= ST7789_WIDTH) ||
 1059              		.loc 1 280 1 is_stmt 0 view .LVU211
 1060 0000 2DE9F043 		push	{r4, r5, r6, r7, r8, r9, lr}
 1061              	.LCFI24:
 1062              		.cfi_def_cfa_offset 28
 1063              		.cfi_offset 4, -28
 1064              		.cfi_offset 5, -24
 1065              		.cfi_offset 6, -20
 1066              		.cfi_offset 7, -16
 1067              		.cfi_offset 8, -12
 1068              		.cfi_offset 9, -8
 1069              		.cfi_offset 14, -4
 1070 0004 83B0     		sub	sp, sp, #12
 1071              	.LCFI25:
 1072              		.cfi_def_cfa_offset 40
 1073 0006 BDF82850 		ldrh	r5, [sp, #40]
 281:../ST7789/st7789.c **** 		 (yEnd < 0) || (yEnd >= ST7789_HEIGHT))	return;
 1074              		.loc 1 281 2 is_stmt 1 view .LVU212
 281:../ST7789/st7789.c **** 		 (yEnd < 0) || (yEnd >= ST7789_HEIGHT))	return;
 1075              		.loc 1 281 5 is_stmt 0 view .LVU213
 1076 000a B2F5A07F 		cmp	r2, #320
 1077 000e 05D2     		bcs	.L65
 1078 0010 8146     		mov	r9, r0
 1079 0012 0F46     		mov	r7, r1
 1080 0014 1646     		mov	r6, r2
 1081 0016 9846     		mov	r8, r3
 282:../ST7789/st7789.c **** 	ST7789_Select();
 1082              		.loc 1 282 15 view .LVU214
 1083 0018 EF2B     		cmp	r3, #239
 1084 001a 02D9     		bls	.L72
 1085              	.LVL108:
 1086              	.L65:
 292:../ST7789/st7789.c **** 
 1087              		.loc 1 292 1 view .LVU215
 1088 001c 03B0     		add	sp, sp, #12
 1089              	.LCFI26:
 1090              		.cfi_remember_state
ARM GAS  /tmp/ccvpQaby.s 			page 41


 1091              		.cfi_def_cfa_offset 28
 1092              		@ sp needed
 1093 001e BDE8F083 		pop	{r4, r5, r6, r7, r8, r9, pc}
 1094              	.LVL109:
 1095              	.L72:
 1096              	.LCFI27:
 1097              		.cfi_restore_state
 283:../ST7789/st7789.c **** 	uint16_t i, j;
 1098              		.loc 1 283 2 is_stmt 1 view .LVU216
 1099              		.syntax unified
 1100              	@ 283 "../ST7789/st7789.c" 1
 1101 0022 00BF     		nop
 1102              	@ 0 "" 2
 284:../ST7789/st7789.c **** 	ST7789_SetAddressWindow(xSta, ySta, xEnd, yEnd);
 1103              		.loc 1 284 2 view .LVU217
 285:../ST7789/st7789.c **** 	for (i = ySta; i <= yEnd; i++)
 1104              		.loc 1 285 2 view .LVU218
 1105              		.thumb
 1106              		.syntax unified
 1107 0024 FFF7FEFF 		bl	ST7789_SetAddressWindow
 1108              	.LVL110:
 286:../ST7789/st7789.c **** 		for (j = xSta; j <= xEnd; j++) {
 1109              		.loc 1 286 2 view .LVU219
 286:../ST7789/st7789.c **** 		for (j = xSta; j <= xEnd; j++) {
 1110              		.loc 1 286 2 is_stmt 0 view .LVU220
 1111 0028 0FE0     		b	.L67
 1112              	.LVL111:
 1113              	.L68:
 1114              	.LBB12:
 288:../ST7789/st7789.c **** 			ST7789_WriteData(data, sizeof(data));
 1115              		.loc 1 288 4 is_stmt 1 view .LVU221
 288:../ST7789/st7789.c **** 			ST7789_WriteData(data, sizeof(data));
 1116              		.loc 1 288 12 is_stmt 0 view .LVU222
 1117 002a 4FEA152C 		lsr	ip, r5, #8
 1118 002e 8DF804C0 		strb	ip, [sp, #4]
 1119 0032 8DF80550 		strb	r5, [sp, #5]
 289:../ST7789/st7789.c **** 		}
 1120              		.loc 1 289 4 is_stmt 1 view .LVU223
 1121 0036 0221     		movs	r1, #2
 1122 0038 01A8     		add	r0, sp, #4
 1123 003a FFF7FEFF 		bl	ST7789_WriteData
 1124              	.LVL112:
 1125              	.LBE12:
 287:../ST7789/st7789.c **** 			uint8_t data[] = {color >> 8, color & 0xFF};
 1126              		.loc 1 287 30 discriminator 3 view .LVU224
 1127 003e 0134     		adds	r4, r4, #1
 1128              	.LVL113:
 287:../ST7789/st7789.c **** 			uint8_t data[] = {color >> 8, color & 0xFF};
 1129              		.loc 1 287 30 is_stmt 0 discriminator 3 view .LVU225
 1130 0040 A4B2     		uxth	r4, r4
 1131              	.LVL114:
 1132              	.L69:
 287:../ST7789/st7789.c **** 			uint8_t data[] = {color >> 8, color & 0xFF};
 1133              		.loc 1 287 20 is_stmt 1 discriminator 1 view .LVU226
 1134 0042 B442     		cmp	r4, r6
 1135 0044 F1D9     		bls	.L68
 286:../ST7789/st7789.c **** 		for (j = xSta; j <= xEnd; j++) {
ARM GAS  /tmp/ccvpQaby.s 			page 42


 1136              		.loc 1 286 29 discriminator 2 view .LVU227
 1137 0046 0137     		adds	r7, r7, #1
 1138              	.LVL115:
 286:../ST7789/st7789.c **** 		for (j = xSta; j <= xEnd; j++) {
 1139              		.loc 1 286 29 is_stmt 0 discriminator 2 view .LVU228
 1140 0048 BFB2     		uxth	r7, r7
 1141              	.LVL116:
 1142              	.L67:
 286:../ST7789/st7789.c **** 		for (j = xSta; j <= xEnd; j++) {
 1143              		.loc 1 286 19 is_stmt 1 discriminator 1 view .LVU229
 1144 004a 4745     		cmp	r7, r8
 1145 004c 01D8     		bhi	.L73
 287:../ST7789/st7789.c **** 			uint8_t data[] = {color >> 8, color & 0xFF};
 1146              		.loc 1 287 10 is_stmt 0 view .LVU230
 1147 004e 4C46     		mov	r4, r9
 1148 0050 F7E7     		b	.L69
 1149              	.L73:
 291:../ST7789/st7789.c **** }
 1150              		.loc 1 291 2 is_stmt 1 view .LVU231
 1151              		.syntax unified
 1152              	@ 291 "../ST7789/st7789.c" 1
 1153 0052 00BF     		nop
 1154              	@ 0 "" 2
 1155              		.thumb
 1156              		.syntax unified
 1157 0054 E2E7     		b	.L65
 1158              		.cfi_endproc
 1159              	.LFE78:
 1161              		.section	.text.ST7789_DrawPixel_4px,"ax",%progbits
 1162              		.align	1
 1163              		.global	ST7789_DrawPixel_4px
 1164              		.syntax unified
 1165              		.thumb
 1166              		.thumb_func
 1168              	ST7789_DrawPixel_4px:
 1169              	.LVL117:
 1170              	.LFB79:
 301:../ST7789/st7789.c **** 	if ((x <= 0) || (x > ST7789_WIDTH) ||
 1171              		.loc 1 301 1 view -0
 1172              		.cfi_startproc
 1173              		@ args = 0, pretend = 0, frame = 0
 1174              		@ frame_needed = 0, uses_anonymous_args = 0
 301:../ST7789/st7789.c **** 	if ((x <= 0) || (x > ST7789_WIDTH) ||
 1175              		.loc 1 301 1 is_stmt 0 view .LVU233
 1176 0000 00B5     		push	{lr}
 1177              	.LCFI28:
 1178              		.cfi_def_cfa_offset 4
 1179              		.cfi_offset 14, -4
 1180 0002 83B0     		sub	sp, sp, #12
 1181              	.LCFI29:
 1182              		.cfi_def_cfa_offset 16
 302:../ST7789/st7789.c **** 		 (y <= 0) || (y > ST7789_HEIGHT))	return;
 1183              		.loc 1 302 2 is_stmt 1 view .LVU234
 302:../ST7789/st7789.c **** 		 (y <= 0) || (y > ST7789_HEIGHT))	return;
 1184              		.loc 1 302 15 is_stmt 0 view .LVU235
 1185 0004 00F1FF3E 		add	lr, r0, #-1
 1186 0008 1FFA8EFE 		uxth	lr, lr
ARM GAS  /tmp/ccvpQaby.s 			page 43


 302:../ST7789/st7789.c **** 		 (y <= 0) || (y > ST7789_HEIGHT))	return;
 1187              		.loc 1 302 5 view .LVU236
 1188 000c BEF5A07F 		cmp	lr, #320
 1189 0010 02D2     		bcs	.L74
 302:../ST7789/st7789.c **** 		 (y <= 0) || (y > ST7789_HEIGHT))	return;
 1190              		.loc 1 302 37 discriminator 1 view .LVU237
 1191 0012 09B1     		cbz	r1, .L74
 303:../ST7789/st7789.c **** 	ST7789_Select();
 1192              		.loc 1 303 13 view .LVU238
 1193 0014 F029     		cmp	r1, #240
 1194 0016 02D9     		bls	.L77
 1195              	.LVL118:
 1196              	.L74:
 307:../ST7789/st7789.c **** 
 1197              		.loc 1 307 1 view .LVU239
 1198 0018 03B0     		add	sp, sp, #12
 1199              	.LCFI30:
 1200              		.cfi_remember_state
 1201              		.cfi_def_cfa_offset 4
 1202              		@ sp needed
 1203 001a 5DF804FB 		ldr	pc, [sp], #4
 1204              	.LVL119:
 1205              	.L77:
 1206              	.LCFI31:
 1207              		.cfi_restore_state
 304:../ST7789/st7789.c **** 	ST7789_Fill(x - 1, y - 1, x + 1, y + 1, color);
 1208              		.loc 1 304 2 is_stmt 1 view .LVU240
 1209              		.syntax unified
 1210              	@ 304 "../ST7789/st7789.c" 1
 1211 001e 00BF     		nop
 1212              	@ 0 "" 2
 305:../ST7789/st7789.c **** 	ST7789_UnSelect();
 1213              		.loc 1 305 2 view .LVU241
 1214              		.thumb
 1215              		.syntax unified
 1216 0020 4B1C     		adds	r3, r1, #1
 1217 0022 0130     		adds	r0, r0, #1
 1218              	.LVL120:
 305:../ST7789/st7789.c **** 	ST7789_UnSelect();
 1219              		.loc 1 305 2 is_stmt 0 view .LVU242
 1220 0024 0139     		subs	r1, r1, #1
 1221              	.LVL121:
 305:../ST7789/st7789.c **** 	ST7789_UnSelect();
 1222              		.loc 1 305 2 view .LVU243
 1223 0026 0092     		str	r2, [sp]
 1224 0028 9BB2     		uxth	r3, r3
 1225 002a 82B2     		uxth	r2, r0
 1226              	.LVL122:
 305:../ST7789/st7789.c **** 	ST7789_UnSelect();
 1227              		.loc 1 305 2 view .LVU244
 1228 002c 89B2     		uxth	r1, r1
 1229 002e 7046     		mov	r0, lr
 1230 0030 FFF7FEFF 		bl	ST7789_Fill
 1231              	.LVL123:
 306:../ST7789/st7789.c **** }
 1232              		.loc 1 306 2 is_stmt 1 view .LVU245
 1233              		.syntax unified
ARM GAS  /tmp/ccvpQaby.s 			page 44


 1234              	@ 306 "../ST7789/st7789.c" 1
 1235 0034 00BF     		nop
 1236              	@ 0 "" 2
 1237              		.thumb
 1238              		.syntax unified
 1239 0036 EFE7     		b	.L74
 1240              		.cfi_endproc
 1241              	.LFE79:
 1243              		.section	.text.ST7789_DrawLine,"ax",%progbits
 1244              		.align	1
 1245              		.global	ST7789_DrawLine
 1246              		.syntax unified
 1247              		.thumb
 1248              		.thumb_func
 1250              	ST7789_DrawLine:
 1251              	.LVL124:
 1252              	.LFB80:
 317:../ST7789/st7789.c **** 	uint16_t swap;
 1253              		.loc 1 317 25 view -0
 1254              		.cfi_startproc
 1255              		@ args = 4, pretend = 0, frame = 8
 1256              		@ frame_needed = 0, uses_anonymous_args = 0
 317:../ST7789/st7789.c **** 	uint16_t swap;
 1257              		.loc 1 317 25 is_stmt 0 view .LVU247
 1258 0000 2DE9F04F 		push	{r4, r5, r6, r7, r8, r9, r10, fp, lr}
 1259              	.LCFI32:
 1260              		.cfi_def_cfa_offset 36
 1261              		.cfi_offset 4, -36
 1262              		.cfi_offset 5, -32
 1263              		.cfi_offset 6, -28
 1264              		.cfi_offset 7, -24
 1265              		.cfi_offset 8, -20
 1266              		.cfi_offset 9, -16
 1267              		.cfi_offset 10, -12
 1268              		.cfi_offset 11, -8
 1269              		.cfi_offset 14, -4
 1270 0004 83B0     		sub	sp, sp, #12
 1271              	.LCFI33:
 1272              		.cfi_def_cfa_offset 48
 1273 0006 8B46     		mov	fp, r1
 1274 0008 1546     		mov	r5, r2
 1275 000a 1E46     		mov	r6, r3
 1276 000c BDF83080 		ldrh	r8, [sp, #48]
 318:../ST7789/st7789.c ****     uint16_t steep = ABS(y1 - y0) > ABS(x1 - x0);
 1277              		.loc 1 318 2 is_stmt 1 view .LVU248
 319:../ST7789/st7789.c ****     if (steep) {
 1278              		.loc 1 319 5 view .LVU249
 319:../ST7789/st7789.c ****     if (steep) {
 1279              		.loc 1 319 22 is_stmt 0 view .LVU250
 1280 0010 5A1A     		subs	r2, r3, r1
 1281              	.LVL125:
 319:../ST7789/st7789.c ****     if (steep) {
 1282              		.loc 1 319 22 view .LVU251
 1283 0012 82EAE279 		eor	r9, r2, r2, asr #31
 1284 0016 A9EBE279 		sub	r9, r9, r2, asr #31
 319:../ST7789/st7789.c ****     if (steep) {
 1285              		.loc 1 319 37 view .LVU252
ARM GAS  /tmp/ccvpQaby.s 			page 45


 1286 001a 291A     		subs	r1, r5, r0
 1287              	.LVL126:
 319:../ST7789/st7789.c ****     if (steep) {
 1288              		.loc 1 319 37 view .LVU253
 1289 001c 81EAE17A 		eor	r10, r1, r1, asr #31
 1290 0020 AAEBE17A 		sub	r10, r10, r1, asr #31
 1291              	.LVL127:
 320:../ST7789/st7789.c **** 		swap = x0;
 1292              		.loc 1 320 5 is_stmt 1 view .LVU254
 320:../ST7789/st7789.c **** 		swap = x0;
 1293              		.loc 1 320 8 is_stmt 0 view .LVU255
 1294 0024 D145     		cmp	r9, r10
 1295 0026 04DC     		bgt	.L79
 1296 0028 2E46     		mov	r6, r5
 1297 002a 1D46     		mov	r5, r3
 1298              	.LVL128:
 320:../ST7789/st7789.c **** 		swap = x0;
 1299              		.loc 1 320 8 view .LVU256
 1300 002c 5B46     		mov	r3, fp
 1301              	.LVL129:
 320:../ST7789/st7789.c **** 		swap = x0;
 1302              		.loc 1 320 8 view .LVU257
 1303 002e 8346     		mov	fp, r0
 1304              	.LVL130:
 320:../ST7789/st7789.c **** 		swap = x0;
 1305              		.loc 1 320 8 view .LVU258
 1306 0030 1846     		mov	r0, r3
 1307              	.LVL131:
 1308              	.L79:
 332:../ST7789/st7789.c **** 		swap = x0;
 1309              		.loc 1 332 5 is_stmt 1 view .LVU259
 332:../ST7789/st7789.c **** 		swap = x0;
 1310              		.loc 1 332 8 is_stmt 0 view .LVU260
 1311 0032 B345     		cmp	fp, r6
 1312 0034 05D8     		bhi	.L80
 1313 0036 2B46     		mov	r3, r5
 1314 0038 0546     		mov	r5, r0
 1315              	.LVL132:
 332:../ST7789/st7789.c **** 		swap = x0;
 1316              		.loc 1 332 8 view .LVU261
 1317 003a 1846     		mov	r0, r3
 1318              	.LVL133:
 332:../ST7789/st7789.c **** 		swap = x0;
 1319              		.loc 1 332 8 view .LVU262
 1320 003c 3346     		mov	r3, r6
 1321              	.LVL134:
 332:../ST7789/st7789.c **** 		swap = x0;
 1322              		.loc 1 332 8 view .LVU263
 1323 003e 5E46     		mov	r6, fp
 1324              	.LVL135:
 332:../ST7789/st7789.c **** 		swap = x0;
 1325              		.loc 1 332 8 view .LVU264
 1326 0040 9B46     		mov	fp, r3
 1327              	.LVL136:
 1328              	.L80:
 344:../ST7789/st7789.c ****     dx = x1 - x0;
 1329              		.loc 1 344 5 is_stmt 1 view .LVU265
ARM GAS  /tmp/ccvpQaby.s 			page 46


 345:../ST7789/st7789.c ****     dy = ABS(y1 - y0);
 1330              		.loc 1 345 5 view .LVU266
 345:../ST7789/st7789.c ****     dy = ABS(y1 - y0);
 1331              		.loc 1 345 13 is_stmt 0 view .LVU267
 1332 0042 ABEB0604 		sub	r4, fp, r6
 1333 0046 A3B2     		uxth	r3, r4
 1334 0048 0093     		str	r3, [sp]
 345:../ST7789/st7789.c ****     dy = ABS(y1 - y0);
 1335              		.loc 1 345 8 view .LVU268
 1336 004a 23B2     		sxth	r3, r4
 1337              	.LVL137:
 346:../ST7789/st7789.c **** 
 1338              		.loc 1 346 5 is_stmt 1 view .LVU269
 346:../ST7789/st7789.c **** 
 1339              		.loc 1 346 10 is_stmt 0 view .LVU270
 1340 004c 471B     		subs	r7, r0, r5
 1341 004e 002F     		cmp	r7, #0
 1342 0050 B8BF     		it	lt
 1343 0052 7F42     		rsblt	r7, r7, #0
 1344              	.LVL138:
 348:../ST7789/st7789.c ****     int16_t ystep;
 1345              		.loc 1 348 5 is_stmt 1 view .LVU271
 348:../ST7789/st7789.c ****     int16_t ystep;
 1346              		.loc 1 348 13 is_stmt 0 view .LVU272
 1347 0054 C4F3C034 		ubfx	r4, r4, #15, #1
 1348 0058 1C44     		add	r4, r4, r3
 1349 005a 6410     		asrs	r4, r4, #1
 1350              	.LVL139:
 349:../ST7789/st7789.c **** 
 1351              		.loc 1 349 5 is_stmt 1 view .LVU273
 351:../ST7789/st7789.c ****         ystep = 1;
 1352              		.loc 1 351 5 view .LVU274
 351:../ST7789/st7789.c ****         ystep = 1;
 1353              		.loc 1 351 8 is_stmt 0 view .LVU275
 1354 005c 8542     		cmp	r5, r0
 1355 005e 20D3     		bcc	.L81
 354:../ST7789/st7789.c ****     }
 1356              		.loc 1 354 15 view .LVU276
 1357 0060 4FF0FF33 		mov	r3, #-1
 1358              	.LVL140:
 354:../ST7789/st7789.c ****     }
 1359              		.loc 1 354 15 view .LVU277
 1360 0064 0193     		str	r3, [sp, #4]
 1361 0066 0BE0     		b	.L86
 1362              	.LVL141:
 1363              	.L83:
 361:../ST7789/st7789.c ****         }
 1364              		.loc 1 361 13 is_stmt 1 view .LVU278
 1365 0068 4246     		mov	r2, r8
 1366 006a 2946     		mov	r1, r5
 1367 006c 3046     		mov	r0, r6
 1368 006e FFF7FEFF 		bl	ST7789_DrawPixel
 1369              	.LVL142:
 1370              	.L84:
 363:../ST7789/st7789.c ****         if (err < 0) {
 1371              		.loc 1 363 9 view .LVU279
 363:../ST7789/st7789.c ****         if (err < 0) {
ARM GAS  /tmp/ccvpQaby.s 			page 47


 1372              		.loc 1 363 13 is_stmt 0 view .LVU280
 1373 0072 E41B     		subs	r4, r4, r7
 1374              	.LVL143:
 363:../ST7789/st7789.c ****         if (err < 0) {
 1375              		.loc 1 363 13 view .LVU281
 1376 0074 A3B2     		uxth	r3, r4
 1377 0076 24B2     		sxth	r4, r4
 1378              	.LVL144:
 364:../ST7789/st7789.c ****             y0 += ystep;
 1379              		.loc 1 364 9 is_stmt 1 view .LVU282
 364:../ST7789/st7789.c ****             y0 += ystep;
 1380              		.loc 1 364 12 is_stmt 0 view .LVU283
 1381 0078 002C     		cmp	r4, #0
 1382 007a 0BDB     		blt	.L89
 1383              	.L85:
 357:../ST7789/st7789.c ****         if (steep) {
 1384              		.loc 1 357 22 is_stmt 1 view .LVU284
 1385 007c 0136     		adds	r6, r6, #1
 1386              	.LVL145:
 357:../ST7789/st7789.c ****         if (steep) {
 1387              		.loc 1 357 22 is_stmt 0 view .LVU285
 1388 007e B6B2     		uxth	r6, r6
 1389              	.LVL146:
 1390              	.L86:
 357:../ST7789/st7789.c ****         if (steep) {
 1391              		.loc 1 357 14 is_stmt 1 discriminator 1 view .LVU286
 1392 0080 5E45     		cmp	r6, fp
 1393 0082 11D8     		bhi	.L90
 358:../ST7789/st7789.c ****             ST7789_DrawPixel(y0, x0, color);
 1394              		.loc 1 358 9 view .LVU287
 358:../ST7789/st7789.c ****             ST7789_DrawPixel(y0, x0, color);
 1395              		.loc 1 358 12 is_stmt 0 view .LVU288
 1396 0084 D145     		cmp	r9, r10
 1397 0086 EFDD     		ble	.L83
 359:../ST7789/st7789.c ****         } else {
 1398              		.loc 1 359 13 is_stmt 1 view .LVU289
 1399 0088 4246     		mov	r2, r8
 1400 008a 3146     		mov	r1, r6
 1401 008c 2846     		mov	r0, r5
 1402 008e FFF7FEFF 		bl	ST7789_DrawPixel
 1403              	.LVL147:
 1404 0092 EEE7     		b	.L84
 1405              	.L89:
 365:../ST7789/st7789.c ****             err += dx;
 1406              		.loc 1 365 13 view .LVU290
 365:../ST7789/st7789.c ****             err += dx;
 1407              		.loc 1 365 16 is_stmt 0 view .LVU291
 1408 0094 019A     		ldr	r2, [sp, #4]
 1409 0096 1544     		add	r5, r5, r2
 1410              	.LVL148:
 365:../ST7789/st7789.c ****             err += dx;
 1411              		.loc 1 365 16 view .LVU292
 1412 0098 ADB2     		uxth	r5, r5
 1413              	.LVL149:
 366:../ST7789/st7789.c ****         }
 1414              		.loc 1 366 13 is_stmt 1 view .LVU293
 366:../ST7789/st7789.c ****         }
ARM GAS  /tmp/ccvpQaby.s 			page 48


 1415              		.loc 1 366 17 is_stmt 0 view .LVU294
 1416 009a 009A     		ldr	r2, [sp]
 1417 009c 1344     		add	r3, r3, r2
 1418 009e 1CB2     		sxth	r4, r3
 1419              	.LVL150:
 366:../ST7789/st7789.c ****         }
 1420              		.loc 1 366 17 view .LVU295
 1421 00a0 ECE7     		b	.L85
 1422              	.LVL151:
 1423              	.L81:
 352:../ST7789/st7789.c ****     } else {
 1424              		.loc 1 352 15 view .LVU296
 1425 00a2 0123     		movs	r3, #1
 1426              	.LVL152:
 352:../ST7789/st7789.c ****     } else {
 1427              		.loc 1 352 15 view .LVU297
 1428 00a4 0193     		str	r3, [sp, #4]
 1429 00a6 EBE7     		b	.L86
 1430              	.LVL153:
 1431              	.L90:
 369:../ST7789/st7789.c **** 
 1432              		.loc 1 369 1 view .LVU298
 1433 00a8 03B0     		add	sp, sp, #12
 1434              	.LCFI34:
 1435              		.cfi_def_cfa_offset 36
 1436              	.LVL154:
 369:../ST7789/st7789.c **** 
 1437              		.loc 1 369 1 view .LVU299
 1438              		@ sp needed
 1439 00aa BDE8F08F 		pop	{r4, r5, r6, r7, r8, r9, r10, fp, pc}
 369:../ST7789/st7789.c **** 
 1440              		.loc 1 369 1 view .LVU300
 1441              		.cfi_endproc
 1442              	.LFE80:
 1444              		.section	.text.ST7789_DrawRectangle,"ax",%progbits
 1445              		.align	1
 1446              		.global	ST7789_DrawRectangle
 1447              		.syntax unified
 1448              		.thumb
 1449              		.thumb_func
 1451              	ST7789_DrawRectangle:
 1452              	.LVL155:
 1453              	.LFB81:
 378:../ST7789/st7789.c **** 	ST7789_Select();
 1454              		.loc 1 378 1 is_stmt 1 view -0
 1455              		.cfi_startproc
 1456              		@ args = 4, pretend = 0, frame = 0
 1457              		@ frame_needed = 0, uses_anonymous_args = 0
 378:../ST7789/st7789.c **** 	ST7789_Select();
 1458              		.loc 1 378 1 is_stmt 0 view .LVU302
 1459 0000 2DE9F041 		push	{r4, r5, r6, r7, r8, lr}
 1460              	.LCFI35:
 1461              		.cfi_def_cfa_offset 24
 1462              		.cfi_offset 4, -24
 1463              		.cfi_offset 5, -20
 1464              		.cfi_offset 6, -16
 1465              		.cfi_offset 7, -12
ARM GAS  /tmp/ccvpQaby.s 			page 49


 1466              		.cfi_offset 8, -8
 1467              		.cfi_offset 14, -4
 1468 0004 82B0     		sub	sp, sp, #8
 1469              	.LCFI36:
 1470              		.cfi_def_cfa_offset 32
 1471 0006 0746     		mov	r7, r0
 1472 0008 0E46     		mov	r6, r1
 1473 000a 1546     		mov	r5, r2
 1474 000c 1C46     		mov	r4, r3
 1475 000e BDF82080 		ldrh	r8, [sp, #32]
 379:../ST7789/st7789.c **** 	ST7789_DrawLine(x1, y1, x2, y1, color);
 1476              		.loc 1 379 2 is_stmt 1 view .LVU303
 1477              		.syntax unified
 1478              	@ 379 "../ST7789/st7789.c" 1
 1479 0012 00BF     		nop
 1480              	@ 0 "" 2
 380:../ST7789/st7789.c **** 	ST7789_DrawLine(x1, y1, x1, y2, color);
 1481              		.loc 1 380 2 view .LVU304
 1482              		.thumb
 1483              		.syntax unified
 1484 0014 CDF80080 		str	r8, [sp]
 1485 0018 0B46     		mov	r3, r1
 1486              	.LVL156:
 380:../ST7789/st7789.c **** 	ST7789_DrawLine(x1, y1, x1, y2, color);
 1487              		.loc 1 380 2 is_stmt 0 view .LVU305
 1488 001a FFF7FEFF 		bl	ST7789_DrawLine
 1489              	.LVL157:
 381:../ST7789/st7789.c **** 	ST7789_DrawLine(x1, y2, x2, y2, color);
 1490              		.loc 1 381 2 is_stmt 1 view .LVU306
 1491 001e CDF80080 		str	r8, [sp]
 1492 0022 2346     		mov	r3, r4
 1493 0024 3A46     		mov	r2, r7
 1494 0026 3146     		mov	r1, r6
 1495 0028 3846     		mov	r0, r7
 1496 002a FFF7FEFF 		bl	ST7789_DrawLine
 1497              	.LVL158:
 382:../ST7789/st7789.c **** 	ST7789_DrawLine(x2, y1, x2, y2, color);
 1498              		.loc 1 382 2 view .LVU307
 1499 002e CDF80080 		str	r8, [sp]
 1500 0032 2346     		mov	r3, r4
 1501 0034 2A46     		mov	r2, r5
 1502 0036 2146     		mov	r1, r4
 1503 0038 3846     		mov	r0, r7
 1504 003a FFF7FEFF 		bl	ST7789_DrawLine
 1505              	.LVL159:
 383:../ST7789/st7789.c **** 	ST7789_UnSelect();
 1506              		.loc 1 383 2 view .LVU308
 1507 003e CDF80080 		str	r8, [sp]
 1508 0042 2346     		mov	r3, r4
 1509 0044 2A46     		mov	r2, r5
 1510 0046 3146     		mov	r1, r6
 1511 0048 2846     		mov	r0, r5
 1512 004a FFF7FEFF 		bl	ST7789_DrawLine
 1513              	.LVL160:
 384:../ST7789/st7789.c **** }
 1514              		.loc 1 384 2 view .LVU309
 1515              		.syntax unified
ARM GAS  /tmp/ccvpQaby.s 			page 50


 1516              	@ 384 "../ST7789/st7789.c" 1
 1517 004e 00BF     		nop
 1518              	@ 0 "" 2
 385:../ST7789/st7789.c **** 
 1519              		.loc 1 385 1 is_stmt 0 view .LVU310
 1520              		.thumb
 1521              		.syntax unified
 1522 0050 02B0     		add	sp, sp, #8
 1523              	.LCFI37:
 1524              		.cfi_def_cfa_offset 24
 1525              		@ sp needed
 1526 0052 BDE8F081 		pop	{r4, r5, r6, r7, r8, pc}
 385:../ST7789/st7789.c **** 
 1527              		.loc 1 385 1 view .LVU311
 1528              		.cfi_endproc
 1529              	.LFE81:
 1531              		.section	.text.ST7789_DrawCircle,"ax",%progbits
 1532              		.align	1
 1533              		.global	ST7789_DrawCircle
 1534              		.syntax unified
 1535              		.thumb
 1536              		.thumb_func
 1538              	ST7789_DrawCircle:
 1539              	.LVL161:
 1540              	.LFB82:
 396:../ST7789/st7789.c **** 	int16_t f = 1 - r;
 1541              		.loc 1 396 1 is_stmt 1 view -0
 1542              		.cfi_startproc
 1543              		@ args = 0, pretend = 0, frame = 24
 1544              		@ frame_needed = 0, uses_anonymous_args = 0
 396:../ST7789/st7789.c **** 	int16_t f = 1 - r;
 1545              		.loc 1 396 1 is_stmt 0 view .LVU313
 1546 0000 2DE9F04F 		push	{r4, r5, r6, r7, r8, r9, r10, fp, lr}
 1547              	.LCFI38:
 1548              		.cfi_def_cfa_offset 36
 1549              		.cfi_offset 4, -36
 1550              		.cfi_offset 5, -32
 1551              		.cfi_offset 6, -28
 1552              		.cfi_offset 7, -24
 1553              		.cfi_offset 8, -20
 1554              		.cfi_offset 9, -16
 1555              		.cfi_offset 10, -12
 1556              		.cfi_offset 11, -8
 1557              		.cfi_offset 14, -4
 1558 0004 87B0     		sub	sp, sp, #28
 1559              	.LCFI39:
 1560              		.cfi_def_cfa_offset 64
 1561 0006 8346     		mov	fp, r0
 1562 0008 8A46     		mov	r10, r1
 1563 000a 1446     		mov	r4, r2
 1564 000c 1E46     		mov	r6, r3
 397:../ST7789/st7789.c **** 	int16_t ddF_x = 1;
 1565              		.loc 1 397 2 is_stmt 1 view .LVU314
 397:../ST7789/st7789.c **** 	int16_t ddF_x = 1;
 1566              		.loc 1 397 10 is_stmt 0 view .LVU315
 1567 000e C2F10109 		rsb	r9, r2, #1
 1568              	.LVL162:
ARM GAS  /tmp/ccvpQaby.s 			page 51


 398:../ST7789/st7789.c **** 	int16_t ddF_y = -2 * r;
 1569              		.loc 1 398 2 is_stmt 1 view .LVU316
 399:../ST7789/st7789.c **** 	int16_t x = 0;
 1570              		.loc 1 399 2 view .LVU317
 399:../ST7789/st7789.c **** 	int16_t x = 0;
 1571              		.loc 1 399 10 is_stmt 0 view .LVU318
 1572 0012 C2EBC233 		rsb	r3, r2, r2, lsl #15
 1573              	.LVL163:
 399:../ST7789/st7789.c **** 	int16_t x = 0;
 1574              		.loc 1 399 10 view .LVU319
 1575 0016 5B00     		lsls	r3, r3, #1
 1576 0018 1BB2     		sxth	r3, r3
 1577 001a 0593     		str	r3, [sp, #20]
 1578              	.LVL164:
 400:../ST7789/st7789.c **** 	int16_t y = r;
 1579              		.loc 1 400 2 is_stmt 1 view .LVU320
 401:../ST7789/st7789.c **** 
 1580              		.loc 1 401 2 view .LVU321
 401:../ST7789/st7789.c **** 
 1581              		.loc 1 401 10 is_stmt 0 view .LVU322
 1582 001c 13B2     		sxth	r3, r2
 1583 001e 0193     		str	r3, [sp, #4]
 1584              	.LVL165:
 403:../ST7789/st7789.c **** 	ST7789_DrawPixel(x0, y0 + r, color);
 1585              		.loc 1 403 2 is_stmt 1 view .LVU323
 1586              		.syntax unified
 1587              	@ 403 "../ST7789/st7789.c" 1
 1588 0020 00BF     		nop
 1589              	@ 0 "" 2
 404:../ST7789/st7789.c **** 	ST7789_DrawPixel(x0, y0 - r, color);
 1590              		.loc 1 404 2 view .LVU324
 1591              		.thumb
 1592              		.syntax unified
 1593 0022 5118     		adds	r1, r2, r1
 1594              	.LVL166:
 404:../ST7789/st7789.c **** 	ST7789_DrawPixel(x0, y0 - r, color);
 1595              		.loc 1 404 2 is_stmt 0 view .LVU325
 1596 0024 3246     		mov	r2, r6
 1597              	.LVL167:
 404:../ST7789/st7789.c **** 	ST7789_DrawPixel(x0, y0 - r, color);
 1598              		.loc 1 404 2 view .LVU326
 1599 0026 89B2     		uxth	r1, r1
 1600 0028 FFF7FEFF 		bl	ST7789_DrawPixel
 1601              	.LVL168:
 405:../ST7789/st7789.c **** 	ST7789_DrawPixel(x0 + r, y0, color);
 1602              		.loc 1 405 2 is_stmt 1 view .LVU327
 1603 002c AAEB0401 		sub	r1, r10, r4
 1604 0030 3246     		mov	r2, r6
 1605 0032 89B2     		uxth	r1, r1
 1606 0034 5846     		mov	r0, fp
 1607 0036 FFF7FEFF 		bl	ST7789_DrawPixel
 1608              	.LVL169:
 406:../ST7789/st7789.c **** 	ST7789_DrawPixel(x0 - r, y0, color);
 1609              		.loc 1 406 2 view .LVU328
 1610 003a 04EB0B00 		add	r0, r4, fp
 1611 003e 3246     		mov	r2, r6
 1612 0040 5146     		mov	r1, r10
ARM GAS  /tmp/ccvpQaby.s 			page 52


 1613 0042 80B2     		uxth	r0, r0
 1614 0044 FFF7FEFF 		bl	ST7789_DrawPixel
 1615              	.LVL170:
 407:../ST7789/st7789.c **** 
 1616              		.loc 1 407 2 view .LVU329
 1617 0048 ABEB0400 		sub	r0, fp, r4
 1618 004c 3246     		mov	r2, r6
 1619 004e 5146     		mov	r1, r10
 1620 0050 80B2     		uxth	r0, r0
 1621 0052 FFF7FEFF 		bl	ST7789_DrawPixel
 1622              	.LVL171:
 409:../ST7789/st7789.c **** 		if (f >= 0) {
 1623              		.loc 1 409 2 view .LVU330
 400:../ST7789/st7789.c **** 	int16_t y = r;
 1624              		.loc 1 400 10 is_stmt 0 view .LVU331
 1625 0056 0023     		movs	r3, #0
 1626 0058 0293     		str	r3, [sp, #8]
 398:../ST7789/st7789.c **** 	int16_t ddF_y = -2 * r;
 1627              		.loc 1 398 10 view .LVU332
 1628 005a 0123     		movs	r3, #1
 1629 005c 0393     		str	r3, [sp, #12]
 409:../ST7789/st7789.c **** 		if (f >= 0) {
 1630              		.loc 1 409 8 view .LVU333
 1631 005e 5EE0     		b	.L94
 1632              	.LVL172:
 1633              	.L99:
 411:../ST7789/st7789.c **** 			ddF_y += 2;
 1634              		.loc 1 411 4 is_stmt 1 view .LVU334
 411:../ST7789/st7789.c **** 			ddF_y += 2;
 1635              		.loc 1 411 5 is_stmt 0 view .LVU335
 1636 0060 019B     		ldr	r3, [sp, #4]
 1637 0062 013B     		subs	r3, r3, #1
 1638 0064 1BB2     		sxth	r3, r3
 1639 0066 0193     		str	r3, [sp, #4]
 1640              	.LVL173:
 412:../ST7789/st7789.c **** 			f += ddF_y;
 1641              		.loc 1 412 4 is_stmt 1 view .LVU336
 412:../ST7789/st7789.c **** 			f += ddF_y;
 1642              		.loc 1 412 10 is_stmt 0 view .LVU337
 1643 0068 059A     		ldr	r2, [sp, #20]
 1644 006a 0232     		adds	r2, r2, #2
 1645 006c 93B2     		uxth	r3, r2
 1646 006e 12B2     		sxth	r2, r2
 1647 0070 0592     		str	r2, [sp, #20]
 1648              	.LVL174:
 413:../ST7789/st7789.c **** 		}
 1649              		.loc 1 413 4 is_stmt 1 view .LVU338
 413:../ST7789/st7789.c **** 		}
 1650              		.loc 1 413 6 is_stmt 0 view .LVU339
 1651 0072 4B44     		add	r3, r3, r9
 1652 0074 0FFA83F9 		sxth	r9, r3
 1653              	.LVL175:
 1654              	.L95:
 415:../ST7789/st7789.c **** 		ddF_x += 2;
 1655              		.loc 1 415 3 is_stmt 1 view .LVU340
 415:../ST7789/st7789.c **** 		ddF_x += 2;
 1656              		.loc 1 415 4 is_stmt 0 view .LVU341
ARM GAS  /tmp/ccvpQaby.s 			page 53


 1657 0078 029B     		ldr	r3, [sp, #8]
 1658 007a 0133     		adds	r3, r3, #1
 1659 007c 9DB2     		uxth	r5, r3
 1660 007e 1BB2     		sxth	r3, r3
 1661 0080 0293     		str	r3, [sp, #8]
 1662              	.LVL176:
 416:../ST7789/st7789.c **** 		f += ddF_x;
 1663              		.loc 1 416 3 is_stmt 1 view .LVU342
 416:../ST7789/st7789.c **** 		f += ddF_x;
 1664              		.loc 1 416 9 is_stmt 0 view .LVU343
 1665 0082 039A     		ldr	r2, [sp, #12]
 1666 0084 0232     		adds	r2, r2, #2
 1667 0086 93B2     		uxth	r3, r2
 1668 0088 12B2     		sxth	r2, r2
 1669 008a 0392     		str	r2, [sp, #12]
 1670              	.LVL177:
 417:../ST7789/st7789.c **** 
 1671              		.loc 1 417 3 is_stmt 1 view .LVU344
 417:../ST7789/st7789.c **** 
 1672              		.loc 1 417 5 is_stmt 0 view .LVU345
 1673 008c 4B44     		add	r3, r3, r9
 1674 008e 0FFA83F9 		sxth	r9, r3
 1675              	.LVL178:
 419:../ST7789/st7789.c **** 		ST7789_DrawPixel(x0 - x, y0 + y, color);
 1676              		.loc 1 419 3 is_stmt 1 view .LVU346
 1677 0092 05EB0B03 		add	r3, r5, fp
 1678 0096 9BB2     		uxth	r3, r3
 1679 0098 BDF80440 		ldrh	r4, [sp, #4]
 1680 009c 04EB0A08 		add	r8, r4, r10
 1681 00a0 1FFA88F8 		uxth	r8, r8
 1682 00a4 3246     		mov	r2, r6
 1683 00a6 4146     		mov	r1, r8
 1684 00a8 0493     		str	r3, [sp, #16]
 1685 00aa 1846     		mov	r0, r3
 1686 00ac FFF7FEFF 		bl	ST7789_DrawPixel
 1687              	.LVL179:
 420:../ST7789/st7789.c **** 		ST7789_DrawPixel(x0 + x, y0 - y, color);
 1688              		.loc 1 420 3 view .LVU347
 1689 00b0 ABEB0507 		sub	r7, fp, r5
 1690 00b4 BFB2     		uxth	r7, r7
 1691 00b6 3246     		mov	r2, r6
 1692 00b8 4146     		mov	r1, r8
 1693 00ba 3846     		mov	r0, r7
 1694 00bc FFF7FEFF 		bl	ST7789_DrawPixel
 1695              	.LVL180:
 421:../ST7789/st7789.c **** 		ST7789_DrawPixel(x0 - x, y0 - y, color);
 1696              		.loc 1 421 3 view .LVU348
 1697 00c0 AAEB0408 		sub	r8, r10, r4
 1698 00c4 1FFA88F8 		uxth	r8, r8
 1699 00c8 3246     		mov	r2, r6
 1700 00ca 4146     		mov	r1, r8
 1701 00cc 0498     		ldr	r0, [sp, #16]
 1702 00ce FFF7FEFF 		bl	ST7789_DrawPixel
 1703              	.LVL181:
 422:../ST7789/st7789.c **** 
 1704              		.loc 1 422 3 view .LVU349
 1705 00d2 3246     		mov	r2, r6
ARM GAS  /tmp/ccvpQaby.s 			page 54


 1706 00d4 4146     		mov	r1, r8
 1707 00d6 3846     		mov	r0, r7
 1708 00d8 FFF7FEFF 		bl	ST7789_DrawPixel
 1709              	.LVL182:
 424:../ST7789/st7789.c **** 		ST7789_DrawPixel(x0 - y, y0 + x, color);
 1710              		.loc 1 424 3 view .LVU350
 1711 00dc 04EB0B07 		add	r7, r4, fp
 1712 00e0 BFB2     		uxth	r7, r7
 1713 00e2 05EB0A08 		add	r8, r5, r10
 1714 00e6 1FFA88F8 		uxth	r8, r8
 1715 00ea 3246     		mov	r2, r6
 1716 00ec 4146     		mov	r1, r8
 1717 00ee 3846     		mov	r0, r7
 1718 00f0 FFF7FEFF 		bl	ST7789_DrawPixel
 1719              	.LVL183:
 425:../ST7789/st7789.c **** 		ST7789_DrawPixel(x0 + y, y0 - x, color);
 1720              		.loc 1 425 3 view .LVU351
 1721 00f4 ABEB0404 		sub	r4, fp, r4
 1722 00f8 A4B2     		uxth	r4, r4
 1723 00fa 3246     		mov	r2, r6
 1724 00fc 4146     		mov	r1, r8
 1725 00fe 2046     		mov	r0, r4
 1726 0100 FFF7FEFF 		bl	ST7789_DrawPixel
 1727              	.LVL184:
 426:../ST7789/st7789.c **** 		ST7789_DrawPixel(x0 - y, y0 - x, color);
 1728              		.loc 1 426 3 view .LVU352
 1729 0104 AAEB0505 		sub	r5, r10, r5
 1730 0108 ADB2     		uxth	r5, r5
 1731 010a 3246     		mov	r2, r6
 1732 010c 2946     		mov	r1, r5
 1733 010e 3846     		mov	r0, r7
 1734 0110 FFF7FEFF 		bl	ST7789_DrawPixel
 1735              	.LVL185:
 427:../ST7789/st7789.c **** 	}
 1736              		.loc 1 427 3 view .LVU353
 1737 0114 3246     		mov	r2, r6
 1738 0116 2946     		mov	r1, r5
 1739 0118 2046     		mov	r0, r4
 1740 011a FFF7FEFF 		bl	ST7789_DrawPixel
 1741              	.LVL186:
 1742              	.L94:
 409:../ST7789/st7789.c **** 		if (f >= 0) {
 1743              		.loc 1 409 11 view .LVU354
 1744 011e 029B     		ldr	r3, [sp, #8]
 1745 0120 019A     		ldr	r2, [sp, #4]
 1746 0122 9342     		cmp	r3, r2
 1747 0124 03DA     		bge	.L98
 410:../ST7789/st7789.c **** 			y--;
 1748              		.loc 1 410 3 view .LVU355
 410:../ST7789/st7789.c **** 			y--;
 1749              		.loc 1 410 6 is_stmt 0 view .LVU356
 1750 0126 B9F1000F 		cmp	r9, #0
 1751 012a 99DA     		bge	.L99
 1752 012c A4E7     		b	.L95
 1753              	.L98:
 429:../ST7789/st7789.c **** }
 1754              		.loc 1 429 2 is_stmt 1 view .LVU357
ARM GAS  /tmp/ccvpQaby.s 			page 55


 1755              		.syntax unified
 1756              	@ 429 "../ST7789/st7789.c" 1
 1757 012e 00BF     		nop
 1758              	@ 0 "" 2
 430:../ST7789/st7789.c **** 
 1759              		.loc 1 430 1 is_stmt 0 view .LVU358
 1760              		.thumb
 1761              		.syntax unified
 1762 0130 07B0     		add	sp, sp, #28
 1763              	.LCFI40:
 1764              		.cfi_def_cfa_offset 36
 1765              		@ sp needed
 1766 0132 BDE8F08F 		pop	{r4, r5, r6, r7, r8, r9, r10, fp, pc}
 430:../ST7789/st7789.c **** 
 1767              		.loc 1 430 1 view .LVU359
 1768              		.cfi_endproc
 1769              	.LFE82:
 1771              		.section	.text.ST7789_DrawImage,"ax",%progbits
 1772              		.align	1
 1773              		.global	ST7789_DrawImage
 1774              		.syntax unified
 1775              		.thumb
 1776              		.thumb_func
 1778              	ST7789_DrawImage:
 1779              	.LVL187:
 1780              	.LFB83:
 440:../ST7789/st7789.c **** 	if ((x >= ST7789_WIDTH) || (y >= ST7789_HEIGHT))
 1781              		.loc 1 440 1 is_stmt 1 view -0
 1782              		.cfi_startproc
 1783              		@ args = 4, pretend = 0, frame = 0
 1784              		@ frame_needed = 0, uses_anonymous_args = 0
 441:../ST7789/st7789.c **** 		return;
 1785              		.loc 1 441 2 view .LVU361
 441:../ST7789/st7789.c **** 		return;
 1786              		.loc 1 441 5 is_stmt 0 view .LVU362
 1787 0000 B0F5A07F 		cmp	r0, #320
 1788 0004 1ED2     		bcs	.L103
 440:../ST7789/st7789.c **** 	if ((x >= ST7789_WIDTH) || (y >= ST7789_HEIGHT))
 1789              		.loc 1 440 1 view .LVU363
 1790 0006 38B5     		push	{r3, r4, r5, lr}
 1791              	.LCFI41:
 1792              		.cfi_def_cfa_offset 16
 1793              		.cfi_offset 3, -16
 1794              		.cfi_offset 4, -12
 1795              		.cfi_offset 5, -8
 1796              		.cfi_offset 14, -4
 1797 0008 1546     		mov	r5, r2
 1798 000a 1C46     		mov	r4, r3
 441:../ST7789/st7789.c **** 		return;
 1799              		.loc 1 441 26 discriminator 1 view .LVU364
 1800 000c EF29     		cmp	r1, #239
 1801 000e 06D8     		bhi	.L100
 443:../ST7789/st7789.c **** 		return;
 1802              		.loc 1 443 2 is_stmt 1 view .LVU365
 443:../ST7789/st7789.c **** 		return;
 1803              		.loc 1 443 9 is_stmt 0 view .LVU366
 1804 0010 8318     		adds	r3, r0, r2
ARM GAS  /tmp/ccvpQaby.s 			page 56


 1805              	.LVL188:
 443:../ST7789/st7789.c **** 		return;
 1806              		.loc 1 443 5 view .LVU367
 1807 0012 B3F5A07F 		cmp	r3, #320
 1808 0016 02DC     		bgt	.L100
 445:../ST7789/st7789.c **** 		return;
 1809              		.loc 1 445 2 is_stmt 1 view .LVU368
 445:../ST7789/st7789.c **** 		return;
 1810              		.loc 1 445 9 is_stmt 0 view .LVU369
 1811 0018 0B19     		adds	r3, r1, r4
 445:../ST7789/st7789.c **** 		return;
 1812              		.loc 1 445 5 view .LVU370
 1813 001a F02B     		cmp	r3, #240
 1814 001c 00DD     		ble	.L106
 1815              	.LVL189:
 1816              	.L100:
 452:../ST7789/st7789.c **** 
 1817              		.loc 1 452 1 view .LVU371
 1818 001e 38BD     		pop	{r3, r4, r5, pc}
 1819              	.LVL190:
 1820              	.L106:
 448:../ST7789/st7789.c **** 	ST7789_SetAddressWindow(x, y, x + w - 1, y + h - 1);
 1821              		.loc 1 448 2 is_stmt 1 view .LVU372
 1822              		.syntax unified
 1823              	@ 448 "../ST7789/st7789.c" 1
 1824 0020 00BF     		nop
 1825              	@ 0 "" 2
 449:../ST7789/st7789.c **** 	ST7789_WriteData((uint8_t *)data, sizeof(uint16_t) * w * h);
 1826              		.loc 1 449 2 view .LVU373
 449:../ST7789/st7789.c **** 	ST7789_WriteData((uint8_t *)data, sizeof(uint16_t) * w * h);
 1827              		.loc 1 449 34 is_stmt 0 view .LVU374
 1828              		.thumb
 1829              		.syntax unified
 1830 0022 8218     		adds	r2, r0, r2
 1831              	.LVL191:
 449:../ST7789/st7789.c **** 	ST7789_WriteData((uint8_t *)data, sizeof(uint16_t) * w * h);
 1832              		.loc 1 449 34 view .LVU375
 1833 0024 92B2     		uxth	r2, r2
 449:../ST7789/st7789.c **** 	ST7789_WriteData((uint8_t *)data, sizeof(uint16_t) * w * h);
 1834              		.loc 1 449 45 view .LVU376
 1835 0026 9BB2     		uxth	r3, r3
 449:../ST7789/st7789.c **** 	ST7789_WriteData((uint8_t *)data, sizeof(uint16_t) * w * h);
 1836              		.loc 1 449 2 view .LVU377
 1837 0028 013B     		subs	r3, r3, #1
 1838 002a 013A     		subs	r2, r2, #1
 1839 002c 9BB2     		uxth	r3, r3
 1840 002e 92B2     		uxth	r2, r2
 1841 0030 FFF7FEFF 		bl	ST7789_SetAddressWindow
 1842              	.LVL192:
 450:../ST7789/st7789.c **** 	ST7789_UnSelect();
 1843              		.loc 1 450 2 is_stmt 1 view .LVU378
 450:../ST7789/st7789.c **** 	ST7789_UnSelect();
 1844              		.loc 1 450 57 is_stmt 0 view .LVU379
 1845 0034 04FB05F1 		mul	r1, r4, r5
 450:../ST7789/st7789.c **** 	ST7789_UnSelect();
 1846              		.loc 1 450 2 view .LVU380
 1847 0038 4900     		lsls	r1, r1, #1
ARM GAS  /tmp/ccvpQaby.s 			page 57


 1848 003a 0498     		ldr	r0, [sp, #16]
 1849 003c FFF7FEFF 		bl	ST7789_WriteData
 1850              	.LVL193:
 451:../ST7789/st7789.c **** }
 1851              		.loc 1 451 2 is_stmt 1 view .LVU381
 1852              		.syntax unified
 1853              	@ 451 "../ST7789/st7789.c" 1
 1854 0040 00BF     		nop
 1855              	@ 0 "" 2
 1856              		.thumb
 1857              		.syntax unified
 1858 0042 ECE7     		b	.L100
 1859              	.LVL194:
 1860              	.L103:
 1861              	.LCFI42:
 1862              		.cfi_def_cfa_offset 0
 1863              		.cfi_restore 3
 1864              		.cfi_restore 4
 1865              		.cfi_restore 5
 1866              		.cfi_restore 14
 451:../ST7789/st7789.c **** }
 1867              		.loc 1 451 2 is_stmt 0 view .LVU382
 1868 0044 7047     		bx	lr
 1869              		.cfi_endproc
 1870              	.LFE83:
 1872              		.section	.text.ST7789_InvertColors,"ax",%progbits
 1873              		.align	1
 1874              		.global	ST7789_InvertColors
 1875              		.syntax unified
 1876              		.thumb
 1877              		.thumb_func
 1879              	ST7789_InvertColors:
 1880              	.LVL195:
 1881              	.LFB84:
 460:../ST7789/st7789.c **** 	ST7789_Select();
 1882              		.loc 1 460 1 is_stmt 1 view -0
 1883              		.cfi_startproc
 1884              		@ args = 0, pretend = 0, frame = 0
 1885              		@ frame_needed = 0, uses_anonymous_args = 0
 460:../ST7789/st7789.c **** 	ST7789_Select();
 1886              		.loc 1 460 1 is_stmt 0 view .LVU384
 1887 0000 08B5     		push	{r3, lr}
 1888              	.LCFI43:
 1889              		.cfi_def_cfa_offset 8
 1890              		.cfi_offset 3, -8
 1891              		.cfi_offset 14, -4
 461:../ST7789/st7789.c **** 	ST7789_WriteCommand(invert ? 0x21 /* INVON */ : 0x20 /* INVOFF */);
 1892              		.loc 1 461 2 is_stmt 1 view .LVU385
 1893              		.syntax unified
 1894              	@ 461 "../ST7789/st7789.c" 1
 1895 0002 00BF     		nop
 1896              	@ 0 "" 2
 462:../ST7789/st7789.c **** 	ST7789_UnSelect();
 1897              		.loc 1 462 2 view .LVU386
 1898              		.thumb
 1899              		.syntax unified
 1900 0004 20B1     		cbz	r0, .L109
ARM GAS  /tmp/ccvpQaby.s 			page 58


 462:../ST7789/st7789.c **** 	ST7789_UnSelect();
 1901              		.loc 1 462 2 is_stmt 0 discriminator 1 view .LVU387
 1902 0006 2120     		movs	r0, #33
 1903              	.LVL196:
 1904              	.L108:
 462:../ST7789/st7789.c **** 	ST7789_UnSelect();
 1905              		.loc 1 462 2 discriminator 4 view .LVU388
 1906 0008 FFF7FEFF 		bl	ST7789_WriteCommand
 1907              	.LVL197:
 463:../ST7789/st7789.c **** }
 1908              		.loc 1 463 2 is_stmt 1 view .LVU389
 1909              		.syntax unified
 1910              	@ 463 "../ST7789/st7789.c" 1
 1911 000c 00BF     		nop
 1912              	@ 0 "" 2
 464:../ST7789/st7789.c **** 
 1913              		.loc 1 464 1 is_stmt 0 view .LVU390
 1914              		.thumb
 1915              		.syntax unified
 1916 000e 08BD     		pop	{r3, pc}
 1917              	.LVL198:
 1918              	.L109:
 462:../ST7789/st7789.c **** 	ST7789_UnSelect();
 1919              		.loc 1 462 2 discriminator 2 view .LVU391
 1920 0010 2020     		movs	r0, #32
 1921              	.LVL199:
 462:../ST7789/st7789.c **** 	ST7789_UnSelect();
 1922              		.loc 1 462 2 discriminator 2 view .LVU392
 1923 0012 F9E7     		b	.L108
 1924              		.cfi_endproc
 1925              	.LFE84:
 1927              		.section	.text.ST7789_WriteChar,"ax",%progbits
 1928              		.align	1
 1929              		.global	ST7789_WriteChar
 1930              		.syntax unified
 1931              		.thumb
 1932              		.thumb_func
 1934              	ST7789_WriteChar:
 1935              	.LVL200:
 1936              	.LFB85:
 476:../ST7789/st7789.c **** 	uint32_t i, b, j;
 1937              		.loc 1 476 1 is_stmt 1 view -0
 1938              		.cfi_startproc
 1939              		@ args = 20, pretend = 8, frame = 8
 1940              		@ frame_needed = 0, uses_anonymous_args = 0
 476:../ST7789/st7789.c **** 	uint32_t i, b, j;
 1941              		.loc 1 476 1 is_stmt 0 view .LVU394
 1942 0000 82B0     		sub	sp, sp, #8
 1943              	.LCFI44:
 1944              		.cfi_def_cfa_offset 8
 1945 0002 2DE9F04F 		push	{r4, r5, r6, r7, r8, r9, r10, fp, lr}
 1946              	.LCFI45:
 1947              		.cfi_def_cfa_offset 44
 1948              		.cfi_offset 4, -44
 1949              		.cfi_offset 5, -40
 1950              		.cfi_offset 6, -36
 1951              		.cfi_offset 7, -32
ARM GAS  /tmp/ccvpQaby.s 			page 59


 1952              		.cfi_offset 8, -28
 1953              		.cfi_offset 9, -24
 1954              		.cfi_offset 10, -20
 1955              		.cfi_offset 11, -16
 1956              		.cfi_offset 14, -12
 1957 0006 83B0     		sub	sp, sp, #12
 1958              	.LCFI46:
 1959              		.cfi_def_cfa_offset 56
 1960 0008 9346     		mov	fp, r2
 1961 000a 0D93     		str	r3, [sp, #52]
 1962 000c BDF83C80 		ldrh	r8, [sp, #60]
 1963 0010 BDF84070 		ldrh	r7, [sp, #64]
 477:../ST7789/st7789.c **** 	ST7789_Select();
 1964              		.loc 1 477 2 is_stmt 1 view .LVU395
 478:../ST7789/st7789.c **** 	ST7789_SetAddressWindow(x, y, x + font.width - 1, y + font.height - 1);
 1965              		.loc 1 478 2 view .LVU396
 1966              		.syntax unified
 1967              	@ 478 "../ST7789/st7789.c" 1
 1968 0014 00BF     		nop
 1969              	@ 0 "" 2
 479:../ST7789/st7789.c **** 
 1970              		.loc 1 479 2 view .LVU397
 479:../ST7789/st7789.c **** 
 1971              		.loc 1 479 40 is_stmt 0 view .LVU398
 1972              		.thumb
 1973              		.syntax unified
 1974 0016 9DF83450 		ldrb	r5, [sp, #52]	@ zero_extendqisi2
 479:../ST7789/st7789.c **** 
 1975              		.loc 1 479 34 view .LVU399
 1976 001a 2A18     		adds	r2, r5, r0
 1977              	.LVL201:
 479:../ST7789/st7789.c **** 
 1978              		.loc 1 479 34 view .LVU400
 1979 001c 92B2     		uxth	r2, r2
 479:../ST7789/st7789.c **** 
 1980              		.loc 1 479 60 view .LVU401
 1981 001e 9DF835A0 		ldrb	r10, [sp, #53]	@ zero_extendqisi2
 479:../ST7789/st7789.c **** 
 1982              		.loc 1 479 54 view .LVU402
 1983 0022 0AEB0103 		add	r3, r10, r1
 1984 0026 9BB2     		uxth	r3, r3
 479:../ST7789/st7789.c **** 
 1985              		.loc 1 479 2 view .LVU403
 1986 0028 013B     		subs	r3, r3, #1
 1987 002a 013A     		subs	r2, r2, #1
 1988 002c 9BB2     		uxth	r3, r3
 1989 002e 92B2     		uxth	r2, r2
 1990 0030 FFF7FEFF 		bl	ST7789_SetAddressWindow
 1991              	.LVL202:
 481:../ST7789/st7789.c **** 		b = font.data[(ch - 32) * font.height + i];
 1992              		.loc 1 481 2 is_stmt 1 view .LVU404
 481:../ST7789/st7789.c **** 		b = font.data[(ch - 32) * font.height + i];
 1993              		.loc 1 481 9 is_stmt 0 view .LVU405
 1994 0034 4FF00009 		mov	r9, #0
 481:../ST7789/st7789.c **** 		b = font.data[(ch - 32) * font.height + i];
 1995              		.loc 1 481 2 view .LVU406
 1996 0038 1DE0     		b	.L112
ARM GAS  /tmp/ccvpQaby.s 			page 60


 1997              	.LVL203:
 1998              	.L114:
 1999              	.LBB13:
 489:../ST7789/st7789.c **** 				ST7789_WriteData(data, sizeof(data));
 2000              		.loc 1 489 5 is_stmt 1 view .LVU407
 489:../ST7789/st7789.c **** 				ST7789_WriteData(data, sizeof(data));
 2001              		.loc 1 489 13 is_stmt 0 view .LVU408
 2002 003a 3B0A     		lsrs	r3, r7, #8
 2003 003c 8DF80430 		strb	r3, [sp, #4]
 2004 0040 8DF80570 		strb	r7, [sp, #5]
 490:../ST7789/st7789.c **** 			}
 2005              		.loc 1 490 5 is_stmt 1 view .LVU409
 2006 0044 0221     		movs	r1, #2
 2007 0046 01A8     		add	r0, sp, #4
 2008 0048 FFF7FEFF 		bl	ST7789_WriteData
 2009              	.LVL204:
 2010              	.L115:
 490:../ST7789/st7789.c **** 			}
 2011              		.loc 1 490 5 is_stmt 0 view .LVU410
 2012              	.LBE13:
 483:../ST7789/st7789.c **** 			if ((b << j) & 0x8000) {
 2013              		.loc 1 483 32 is_stmt 1 discriminator 2 view .LVU411
 2014 004c 0134     		adds	r4, r4, #1
 2015              	.LVL205:
 2016              	.L113:
 483:../ST7789/st7789.c **** 			if ((b << j) & 0x8000) {
 2017              		.loc 1 483 17 discriminator 1 view .LVU412
 2018 004e A542     		cmp	r5, r4
 2019 0050 0FD9     		bls	.L119
 484:../ST7789/st7789.c **** 				uint8_t data[] = {color >> 8, color & 0xFF};
 2020              		.loc 1 484 4 view .LVU413
 484:../ST7789/st7789.c **** 				uint8_t data[] = {color >> 8, color & 0xFF};
 2021              		.loc 1 484 11 is_stmt 0 view .LVU414
 2022 0052 06FA04F3 		lsl	r3, r6, r4
 484:../ST7789/st7789.c **** 				uint8_t data[] = {color >> 8, color & 0xFF};
 2023              		.loc 1 484 7 view .LVU415
 2024 0056 13F4004F 		tst	r3, #32768
 2025 005a EED0     		beq	.L114
 2026              	.LBB14:
 485:../ST7789/st7789.c **** 				ST7789_WriteData(data, sizeof(data));
 2027              		.loc 1 485 5 is_stmt 1 view .LVU416
 485:../ST7789/st7789.c **** 				ST7789_WriteData(data, sizeof(data));
 2028              		.loc 1 485 13 is_stmt 0 view .LVU417
 2029 005c 4FEA1823 		lsr	r3, r8, #8
 2030 0060 8DF80430 		strb	r3, [sp, #4]
 2031 0064 8DF80580 		strb	r8, [sp, #5]
 486:../ST7789/st7789.c **** 			}
 2032              		.loc 1 486 5 is_stmt 1 view .LVU418
 2033 0068 0221     		movs	r1, #2
 2034 006a 01A8     		add	r0, sp, #4
 2035 006c FFF7FEFF 		bl	ST7789_WriteData
 2036              	.LVL206:
 2037              	.LBE14:
 2038 0070 ECE7     		b	.L115
 2039              	.L119:
 481:../ST7789/st7789.c **** 		b = font.data[(ch - 32) * font.height + i];
 2040              		.loc 1 481 32 discriminator 2 view .LVU419
ARM GAS  /tmp/ccvpQaby.s 			page 61


 2041 0072 09F10109 		add	r9, r9, #1
 2042              	.LVL207:
 2043              	.L112:
 481:../ST7789/st7789.c **** 		b = font.data[(ch - 32) * font.height + i];
 2044              		.loc 1 481 16 discriminator 1 view .LVU420
 2045 0076 CA45     		cmp	r10, r9
 2046 0078 08D9     		bls	.L120
 482:../ST7789/st7789.c **** 		for (j = 0; j < font.width; j++) {
 2047              		.loc 1 482 3 view .LVU421
 482:../ST7789/st7789.c **** 		for (j = 0; j < font.width; j++) {
 2048              		.loc 1 482 21 is_stmt 0 view .LVU422
 2049 007a ABF12003 		sub	r3, fp, #32
 482:../ST7789/st7789.c **** 		for (j = 0; j < font.width; j++) {
 2050              		.loc 1 482 41 view .LVU423
 2051 007e 0AFB0393 		mla	r3, r10, r3, r9
 482:../ST7789/st7789.c **** 		for (j = 0; j < font.width; j++) {
 2052              		.loc 1 482 16 view .LVU424
 2053 0082 0E9A     		ldr	r2, [sp, #56]
 2054 0084 32F81360 		ldrh	r6, [r2, r3, lsl #1]
 2055              	.LVL208:
 483:../ST7789/st7789.c **** 			if ((b << j) & 0x8000) {
 2056              		.loc 1 483 3 is_stmt 1 view .LVU425
 483:../ST7789/st7789.c **** 			if ((b << j) & 0x8000) {
 2057              		.loc 1 483 10 is_stmt 0 view .LVU426
 2058 0088 0024     		movs	r4, #0
 483:../ST7789/st7789.c **** 			if ((b << j) & 0x8000) {
 2059              		.loc 1 483 3 view .LVU427
 2060 008a E0E7     		b	.L113
 2061              	.LVL209:
 2062              	.L120:
 494:../ST7789/st7789.c **** }
 2063              		.loc 1 494 2 is_stmt 1 view .LVU428
 2064              		.syntax unified
 2065              	@ 494 "../ST7789/st7789.c" 1
 2066 008c 00BF     		nop
 2067              	@ 0 "" 2
 495:../ST7789/st7789.c **** 
 2068              		.loc 1 495 1 is_stmt 0 view .LVU429
 2069              		.thumb
 2070              		.syntax unified
 2071 008e 03B0     		add	sp, sp, #12
 2072              	.LCFI47:
 2073              		.cfi_def_cfa_offset 44
 2074              		@ sp needed
 2075 0090 BDE8F04F 		pop	{r4, r5, r6, r7, r8, r9, r10, fp, lr}
 2076              	.LCFI48:
 2077              		.cfi_restore 14
 2078              		.cfi_restore 11
 2079              		.cfi_restore 10
 2080              		.cfi_restore 9
 2081              		.cfi_restore 8
 2082              		.cfi_restore 7
 2083              		.cfi_restore 6
 2084              		.cfi_restore 5
 2085              		.cfi_restore 4
 2086              		.cfi_def_cfa_offset 8
 2087              	.LVL210:
ARM GAS  /tmp/ccvpQaby.s 			page 62


 495:../ST7789/st7789.c **** 
 2088              		.loc 1 495 1 view .LVU430
 2089 0094 02B0     		add	sp, sp, #8
 2090              	.LCFI49:
 2091              		.cfi_def_cfa_offset 0
 2092 0096 7047     		bx	lr
 2093              		.cfi_endproc
 2094              	.LFE85:
 2096              		.section	.text.ST7789_WriteString,"ax",%progbits
 2097              		.align	1
 2098              		.global	ST7789_WriteString
 2099              		.syntax unified
 2100              		.thumb
 2101              		.thumb_func
 2103              	ST7789_WriteString:
 2104              	.LVL211:
 2105              	.LFB86:
 507:../ST7789/st7789.c **** 	ST7789_Select();
 2106              		.loc 1 507 1 is_stmt 1 view -0
 2107              		.cfi_startproc
 2108              		@ args = 20, pretend = 8, frame = 0
 2109              		@ frame_needed = 0, uses_anonymous_args = 0
 507:../ST7789/st7789.c **** 	ST7789_Select();
 2110              		.loc 1 507 1 is_stmt 0 view .LVU432
 2111 0000 82B0     		sub	sp, sp, #8
 2112              	.LCFI50:
 2113              		.cfi_def_cfa_offset 8
 2114 0002 2DE9F043 		push	{r4, r5, r6, r7, r8, r9, lr}
 2115              	.LCFI51:
 2116              		.cfi_def_cfa_offset 36
 2117              		.cfi_offset 4, -36
 2118              		.cfi_offset 5, -32
 2119              		.cfi_offset 6, -28
 2120              		.cfi_offset 7, -24
 2121              		.cfi_offset 8, -20
 2122              		.cfi_offset 9, -16
 2123              		.cfi_offset 14, -12
 2124 0006 85B0     		sub	sp, sp, #20
 2125              	.LCFI52:
 2126              		.cfi_def_cfa_offset 56
 2127 0008 0546     		mov	r5, r0
 2128 000a 0E46     		mov	r6, r1
 2129 000c 1746     		mov	r7, r2
 2130 000e 0D93     		str	r3, [sp, #52]
 2131 0010 BDF83C90 		ldrh	r9, [sp, #60]
 2132 0014 BDF84080 		ldrh	r8, [sp, #64]
 508:../ST7789/st7789.c **** 	while (*str) {
 2133              		.loc 1 508 2 is_stmt 1 view .LVU433
 2134              		.syntax unified
 2135              	@ 508 "../ST7789/st7789.c" 1
 2136 0018 00BF     		nop
 2137              	@ 0 "" 2
 509:../ST7789/st7789.c **** 		if (x + font.width >= ST7789_WIDTH) {
 2138              		.loc 1 509 2 view .LVU434
 509:../ST7789/st7789.c **** 		if (x + font.width >= ST7789_WIDTH) {
 2139              		.loc 1 509 8 is_stmt 0 view .LVU435
 2140              		.thumb
ARM GAS  /tmp/ccvpQaby.s 			page 63


 2141              		.syntax unified
 2142 001a 0DE0     		b	.L122
 2143              	.LVL212:
 2144              	.L123:
 523:../ST7789/st7789.c **** 		x += font.width;
 2145              		.loc 1 523 3 is_stmt 1 view .LVU436
 2146 001c CDF80880 		str	r8, [sp, #8]
 2147 0020 CDF80490 		str	r9, [sp, #4]
 2148 0024 0E9B     		ldr	r3, [sp, #56]
 2149 0026 0093     		str	r3, [sp]
 2150 0028 0D9B     		ldr	r3, [sp, #52]
 2151 002a 3146     		mov	r1, r6
 2152 002c 2846     		mov	r0, r5
 2153 002e FFF7FEFF 		bl	ST7789_WriteChar
 2154              	.LVL213:
 524:../ST7789/st7789.c **** 		str++;
 2155              		.loc 1 524 3 view .LVU437
 524:../ST7789/st7789.c **** 		str++;
 2156              		.loc 1 524 5 is_stmt 0 view .LVU438
 2157 0032 2C44     		add	r4, r4, r5
 2158 0034 A5B2     		uxth	r5, r4
 2159              	.LVL214:
 525:../ST7789/st7789.c **** 	}
 2160              		.loc 1 525 3 is_stmt 1 view .LVU439
 525:../ST7789/st7789.c **** 	}
 2161              		.loc 1 525 6 is_stmt 0 view .LVU440
 2162 0036 0137     		adds	r7, r7, #1
 2163              	.LVL215:
 2164              	.L122:
 509:../ST7789/st7789.c **** 		if (x + font.width >= ST7789_WIDTH) {
 2165              		.loc 1 509 9 is_stmt 1 view .LVU441
 2166 0038 3A78     		ldrb	r2, [r7]	@ zero_extendqisi2
 2167 003a 72B1     		cbz	r2, .L124
 510:../ST7789/st7789.c **** 			x = 0;
 2168              		.loc 1 510 3 view .LVU442
 510:../ST7789/st7789.c **** 			x = 0;
 2169              		.loc 1 510 15 is_stmt 0 view .LVU443
 2170 003c 9DF83440 		ldrb	r4, [sp, #52]	@ zero_extendqisi2
 510:../ST7789/st7789.c **** 			x = 0;
 2171              		.loc 1 510 9 view .LVU444
 2172 0040 2B19     		adds	r3, r5, r4
 510:../ST7789/st7789.c **** 			x = 0;
 2173              		.loc 1 510 6 view .LVU445
 2174 0042 B3F5A07F 		cmp	r3, #320
 2175 0046 E9DB     		blt	.L123
 511:../ST7789/st7789.c **** 			y += font.height;
 2176              		.loc 1 511 4 is_stmt 1 view .LVU446
 2177              	.LVL216:
 512:../ST7789/st7789.c **** 			if (y + font.height >= ST7789_HEIGHT) {
 2178              		.loc 1 512 4 view .LVU447
 512:../ST7789/st7789.c **** 			if (y + font.height >= ST7789_HEIGHT) {
 2179              		.loc 1 512 13 is_stmt 0 view .LVU448
 2180 0048 9DF83530 		ldrb	r3, [sp, #53]	@ zero_extendqisi2
 512:../ST7789/st7789.c **** 			if (y + font.height >= ST7789_HEIGHT) {
 2181              		.loc 1 512 6 view .LVU449
 2182 004c 1E44     		add	r6, r6, r3
 2183              	.LVL217:
ARM GAS  /tmp/ccvpQaby.s 			page 64


 512:../ST7789/st7789.c **** 			if (y + font.height >= ST7789_HEIGHT) {
 2184              		.loc 1 512 6 view .LVU450
 2185 004e B6B2     		uxth	r6, r6
 2186              	.LVL218:
 513:../ST7789/st7789.c **** 				break;
 2187              		.loc 1 513 4 is_stmt 1 view .LVU451
 513:../ST7789/st7789.c **** 				break;
 2188              		.loc 1 513 10 is_stmt 0 view .LVU452
 2189 0050 3344     		add	r3, r3, r6
 513:../ST7789/st7789.c **** 				break;
 2190              		.loc 1 513 7 view .LVU453
 2191 0052 EF2B     		cmp	r3, #239
 2192 0054 01DC     		bgt	.L124
 511:../ST7789/st7789.c **** 			y += font.height;
 2193              		.loc 1 511 6 view .LVU454
 2194 0056 0025     		movs	r5, #0
 2195 0058 E0E7     		b	.L123
 2196              	.LVL219:
 2197              	.L124:
 527:../ST7789/st7789.c **** }
 2198              		.loc 1 527 2 is_stmt 1 view .LVU455
 2199              		.syntax unified
 2200              	@ 527 "../ST7789/st7789.c" 1
 2201 005a 00BF     		nop
 2202              	@ 0 "" 2
 528:../ST7789/st7789.c **** 
 2203              		.loc 1 528 1 is_stmt 0 view .LVU456
 2204              		.thumb
 2205              		.syntax unified
 2206 005c 05B0     		add	sp, sp, #20
 2207              	.LCFI53:
 2208              		.cfi_def_cfa_offset 36
 2209              		@ sp needed
 2210 005e BDE8F043 		pop	{r4, r5, r6, r7, r8, r9, lr}
 2211              	.LCFI54:
 2212              		.cfi_restore 14
 2213              		.cfi_restore 9
 2214              		.cfi_restore 8
 2215              		.cfi_restore 7
 2216              		.cfi_restore 6
 2217              		.cfi_restore 5
 2218              		.cfi_restore 4
 2219              		.cfi_def_cfa_offset 8
 2220              	.LVL220:
 528:../ST7789/st7789.c **** 
 2221              		.loc 1 528 1 view .LVU457
 2222 0062 02B0     		add	sp, sp, #8
 2223              	.LCFI55:
 2224              		.cfi_def_cfa_offset 0
 2225 0064 7047     		bx	lr
 2226              		.cfi_endproc
 2227              	.LFE86:
 2229              		.section	.text.ST7789_DrawFilledRectangle,"ax",%progbits
 2230              		.align	1
 2231              		.global	ST7789_DrawFilledRectangle
 2232              		.syntax unified
 2233              		.thumb
ARM GAS  /tmp/ccvpQaby.s 			page 65


 2234              		.thumb_func
 2236              	ST7789_DrawFilledRectangle:
 2237              	.LVL221:
 2238              	.LFB87:
 538:../ST7789/st7789.c **** 	ST7789_Select();
 2239              		.loc 1 538 1 is_stmt 1 view -0
 2240              		.cfi_startproc
 2241              		@ args = 4, pretend = 0, frame = 0
 2242              		@ frame_needed = 0, uses_anonymous_args = 0
 538:../ST7789/st7789.c **** 	ST7789_Select();
 2243              		.loc 1 538 1 is_stmt 0 view .LVU459
 2244 0000 2DE9F043 		push	{r4, r5, r6, r7, r8, r9, lr}
 2245              	.LCFI56:
 2246              		.cfi_def_cfa_offset 28
 2247              		.cfi_offset 4, -28
 2248              		.cfi_offset 5, -24
 2249              		.cfi_offset 6, -20
 2250              		.cfi_offset 7, -16
 2251              		.cfi_offset 8, -12
 2252              		.cfi_offset 9, -8
 2253              		.cfi_offset 14, -4
 2254 0004 83B0     		sub	sp, sp, #12
 2255              	.LCFI57:
 2256              		.cfi_def_cfa_offset 40
 2257 0006 BDF82890 		ldrh	r9, [sp, #40]
 539:../ST7789/st7789.c **** 	uint8_t i;
 2258              		.loc 1 539 2 is_stmt 1 view .LVU460
 2259              		.syntax unified
 2260              	@ 539 "../ST7789/st7789.c" 1
 2261 000a 00BF     		nop
 2262              	@ 0 "" 2
 540:../ST7789/st7789.c **** 
 2263              		.loc 1 540 2 view .LVU461
 543:../ST7789/st7789.c **** 		y >= ST7789_HEIGHT) {
 2264              		.loc 1 543 2 view .LVU462
 543:../ST7789/st7789.c **** 		y >= ST7789_HEIGHT) {
 2265              		.loc 1 543 5 is_stmt 0 view .LVU463
 2266              		.thumb
 2267              		.syntax unified
 2268 000c B0F5A07F 		cmp	r0, #320
 2269 0010 25D2     		bcs	.L127
 2270 0012 0546     		mov	r5, r0
 2271 0014 0F46     		mov	r7, r1
 2272 0016 9046     		mov	r8, r2
 2273 0018 1E46     		mov	r6, r3
 543:../ST7789/st7789.c **** 		y >= ST7789_HEIGHT) {
 2274              		.loc 1 543 24 discriminator 1 view .LVU464
 2275 001a EF29     		cmp	r1, #239
 2276 001c 1FD8     		bhi	.L127
 550:../ST7789/st7789.c **** 		w = ST7789_WIDTH - x;
 2277              		.loc 1 550 2 is_stmt 1 view .LVU465
 550:../ST7789/st7789.c **** 		w = ST7789_WIDTH - x;
 2278              		.loc 1 550 9 is_stmt 0 view .LVU466
 2279 001e 8318     		adds	r3, r0, r2
 2280              	.LVL222:
 550:../ST7789/st7789.c **** 		w = ST7789_WIDTH - x;
 2281              		.loc 1 550 5 view .LVU467
ARM GAS  /tmp/ccvpQaby.s 			page 66


 2282 0020 B3F5A07F 		cmp	r3, #320
 2283 0024 03DB     		blt	.L129
 551:../ST7789/st7789.c **** 	}
 2284              		.loc 1 551 3 is_stmt 1 view .LVU468
 551:../ST7789/st7789.c **** 	}
 2285              		.loc 1 551 5 is_stmt 0 view .LVU469
 2286 0026 C0F5A078 		rsb	r8, r0, #320
 2287 002a 1FFA88F8 		uxth	r8, r8
 2288              	.LVL223:
 2289              	.L129:
 553:../ST7789/st7789.c **** 		h = ST7789_HEIGHT - y;
 2290              		.loc 1 553 2 is_stmt 1 view .LVU470
 553:../ST7789/st7789.c **** 		h = ST7789_HEIGHT - y;
 2291              		.loc 1 553 9 is_stmt 0 view .LVU471
 2292 002e BB19     		adds	r3, r7, r6
 553:../ST7789/st7789.c **** 		h = ST7789_HEIGHT - y;
 2293              		.loc 1 553 5 view .LVU472
 2294 0030 EF2B     		cmp	r3, #239
 2295 0032 02DD     		ble	.L130
 554:../ST7789/st7789.c **** 	}
 2296              		.loc 1 554 3 is_stmt 1 view .LVU473
 554:../ST7789/st7789.c **** 	}
 2297              		.loc 1 554 5 is_stmt 0 view .LVU474
 2298 0034 C7F1F006 		rsb	r6, r7, #240
 2299              	.LVL224:
 554:../ST7789/st7789.c **** 	}
 2300              		.loc 1 554 5 view .LVU475
 2301 0038 B6B2     		uxth	r6, r6
 2302              	.LVL225:
 2303              	.L130:
 558:../ST7789/st7789.c **** 		/* Draw lines */
 2304              		.loc 1 558 2 is_stmt 1 view .LVU476
 558:../ST7789/st7789.c **** 		/* Draw lines */
 2305              		.loc 1 558 9 is_stmt 0 view .LVU477
 2306 003a 0024     		movs	r4, #0
 558:../ST7789/st7789.c **** 		/* Draw lines */
 2307              		.loc 1 558 2 view .LVU478
 2308 003c 0CE0     		b	.L131
 2309              	.LVL226:
 2310              	.L132:
 560:../ST7789/st7789.c **** 	}
 2311              		.loc 1 560 3 is_stmt 1 view .LVU479
 2312 003e E119     		adds	r1, r4, r7
 2313 0040 89B2     		uxth	r1, r1
 2314 0042 08EB0502 		add	r2, r8, r5
 2315 0046 CDF80090 		str	r9, [sp]
 2316 004a 0B46     		mov	r3, r1
 2317 004c 92B2     		uxth	r2, r2
 2318 004e 2846     		mov	r0, r5
 2319 0050 FFF7FEFF 		bl	ST7789_DrawLine
 2320              	.LVL227:
 558:../ST7789/st7789.c **** 		/* Draw lines */
 2321              		.loc 1 558 23 discriminator 3 view .LVU480
 2322 0054 0134     		adds	r4, r4, #1
 2323              	.LVL228:
 558:../ST7789/st7789.c **** 		/* Draw lines */
 2324              		.loc 1 558 23 is_stmt 0 discriminator 3 view .LVU481
ARM GAS  /tmp/ccvpQaby.s 			page 67


 2325 0056 E4B2     		uxtb	r4, r4
 2326              	.LVL229:
 2327              	.L131:
 558:../ST7789/st7789.c **** 		/* Draw lines */
 2328              		.loc 1 558 16 is_stmt 1 discriminator 1 view .LVU482
 2329 0058 B442     		cmp	r4, r6
 2330 005a F0D9     		bls	.L132
 562:../ST7789/st7789.c **** }
 2331              		.loc 1 562 2 view .LVU483
 2332              		.syntax unified
 2333              	@ 562 "../ST7789/st7789.c" 1
 2334 005c 00BF     		nop
 2335              	@ 0 "" 2
 2336              	.LVL230:
 2337              		.thumb
 2338              		.syntax unified
 2339              	.L127:
 563:../ST7789/st7789.c **** 
 2340              		.loc 1 563 1 is_stmt 0 view .LVU484
 2341 005e 03B0     		add	sp, sp, #12
 2342              	.LCFI58:
 2343              		.cfi_def_cfa_offset 28
 2344              		@ sp needed
 2345 0060 BDE8F083 		pop	{r4, r5, r6, r7, r8, r9, pc}
 563:../ST7789/st7789.c **** 
 2346              		.loc 1 563 1 view .LVU485
 2347              		.cfi_endproc
 2348              	.LFE87:
 2350              		.section	.text.ST7789_DrawTriangle,"ax",%progbits
 2351              		.align	1
 2352              		.global	ST7789_DrawTriangle
 2353              		.syntax unified
 2354              		.thumb
 2355              		.thumb_func
 2357              	ST7789_DrawTriangle:
 2358              	.LVL231:
 2359              	.LFB88:
 572:../ST7789/st7789.c **** 	ST7789_Select();
 2360              		.loc 1 572 1 is_stmt 1 view -0
 2361              		.cfi_startproc
 2362              		@ args = 12, pretend = 0, frame = 0
 2363              		@ frame_needed = 0, uses_anonymous_args = 0
 572:../ST7789/st7789.c **** 	ST7789_Select();
 2364              		.loc 1 572 1 is_stmt 0 view .LVU487
 2365 0000 2DE9F047 		push	{r4, r5, r6, r7, r8, r9, r10, lr}
 2366              	.LCFI59:
 2367              		.cfi_def_cfa_offset 32
 2368              		.cfi_offset 4, -32
 2369              		.cfi_offset 5, -28
 2370              		.cfi_offset 6, -24
 2371              		.cfi_offset 7, -20
 2372              		.cfi_offset 8, -16
 2373              		.cfi_offset 9, -12
 2374              		.cfi_offset 10, -8
 2375              		.cfi_offset 14, -4
 2376 0004 82B0     		sub	sp, sp, #8
 2377              	.LCFI60:
ARM GAS  /tmp/ccvpQaby.s 			page 68


 2378              		.cfi_def_cfa_offset 40
 2379 0006 0446     		mov	r4, r0
 2380 0008 0D46     		mov	r5, r1
 2381 000a 1746     		mov	r7, r2
 2382 000c 9846     		mov	r8, r3
 2383 000e BDF82890 		ldrh	r9, [sp, #40]
 2384 0012 BDF82CA0 		ldrh	r10, [sp, #44]
 2385 0016 BDF83060 		ldrh	r6, [sp, #48]
 573:../ST7789/st7789.c **** 	/* Draw lines */
 2386              		.loc 1 573 2 is_stmt 1 view .LVU488
 2387              		.syntax unified
 2388              	@ 573 "../ST7789/st7789.c" 1
 2389 001a 00BF     		nop
 2390              	@ 0 "" 2
 575:../ST7789/st7789.c **** 	ST7789_DrawLine(x2, y2, x3, y3, color);
 2391              		.loc 1 575 2 view .LVU489
 2392              		.thumb
 2393              		.syntax unified
 2394 001c 0096     		str	r6, [sp]
 2395 001e FFF7FEFF 		bl	ST7789_DrawLine
 2396              	.LVL232:
 576:../ST7789/st7789.c **** 	ST7789_DrawLine(x3, y3, x1, y1, color);
 2397              		.loc 1 576 2 view .LVU490
 2398 0022 0096     		str	r6, [sp]
 2399 0024 5346     		mov	r3, r10
 2400 0026 4A46     		mov	r2, r9
 2401 0028 4146     		mov	r1, r8
 2402 002a 3846     		mov	r0, r7
 2403 002c FFF7FEFF 		bl	ST7789_DrawLine
 2404              	.LVL233:
 577:../ST7789/st7789.c **** 	ST7789_UnSelect();
 2405              		.loc 1 577 2 view .LVU491
 2406 0030 0096     		str	r6, [sp]
 2407 0032 2B46     		mov	r3, r5
 2408 0034 2246     		mov	r2, r4
 2409 0036 5146     		mov	r1, r10
 2410 0038 4846     		mov	r0, r9
 2411 003a FFF7FEFF 		bl	ST7789_DrawLine
 2412              	.LVL234:
 578:../ST7789/st7789.c **** }
 2413              		.loc 1 578 2 view .LVU492
 2414              		.syntax unified
 2415              	@ 578 "../ST7789/st7789.c" 1
 2416 003e 00BF     		nop
 2417              	@ 0 "" 2
 579:../ST7789/st7789.c **** 
 2418              		.loc 1 579 1 is_stmt 0 view .LVU493
 2419              		.thumb
 2420              		.syntax unified
 2421 0040 02B0     		add	sp, sp, #8
 2422              	.LCFI61:
 2423              		.cfi_def_cfa_offset 32
 2424              		@ sp needed
 2425 0042 BDE8F087 		pop	{r4, r5, r6, r7, r8, r9, r10, pc}
 579:../ST7789/st7789.c **** 
 2426              		.loc 1 579 1 view .LVU494
 2427              		.cfi_endproc
ARM GAS  /tmp/ccvpQaby.s 			page 69


 2428              	.LFE88:
 2430              		.section	.text.ST7789_DrawFilledTriangle,"ax",%progbits
 2431              		.align	1
 2432              		.global	ST7789_DrawFilledTriangle
 2433              		.syntax unified
 2434              		.thumb
 2435              		.thumb_func
 2437              	ST7789_DrawFilledTriangle:
 2438              	.LVL235:
 2439              	.LFB89:
 588:../ST7789/st7789.c **** 	ST7789_Select();
 2440              		.loc 1 588 1 is_stmt 1 view -0
 2441              		.cfi_startproc
 2442              		@ args = 12, pretend = 0, frame = 32
 2443              		@ frame_needed = 0, uses_anonymous_args = 0
 588:../ST7789/st7789.c **** 	ST7789_Select();
 2444              		.loc 1 588 1 is_stmt 0 view .LVU496
 2445 0000 2DE9F04F 		push	{r4, r5, r6, r7, r8, r9, r10, fp, lr}
 2446              	.LCFI62:
 2447              		.cfi_def_cfa_offset 36
 2448              		.cfi_offset 4, -36
 2449              		.cfi_offset 5, -32
 2450              		.cfi_offset 6, -28
 2451              		.cfi_offset 7, -24
 2452              		.cfi_offset 8, -20
 2453              		.cfi_offset 9, -16
 2454              		.cfi_offset 10, -12
 2455              		.cfi_offset 11, -8
 2456              		.cfi_offset 14, -4
 2457 0004 8BB0     		sub	sp, sp, #44
 2458              	.LCFI63:
 2459              		.cfi_def_cfa_offset 80
 2460 0006 BDF85040 		ldrh	r4, [sp, #80]
 2461 000a 0594     		str	r4, [sp, #20]
 2462 000c BDF85440 		ldrh	r4, [sp, #84]
 2463 0010 0694     		str	r4, [sp, #24]
 2464 0012 BDF85840 		ldrh	r4, [sp, #88]
 2465 0016 0794     		str	r4, [sp, #28]
 589:../ST7789/st7789.c **** 	int16_t deltax = 0, deltay = 0, x = 0, y = 0, xinc1 = 0, xinc2 = 0,
 2466              		.loc 1 589 2 is_stmt 1 view .LVU497
 2467              		.syntax unified
 2468              	@ 589 "../ST7789/st7789.c" 1
 2469 0018 00BF     		nop
 2470              	@ 0 "" 2
 590:../ST7789/st7789.c **** 			yinc1 = 0, yinc2 = 0, den = 0, num = 0, numadd = 0, numpixels = 0,
 2471              		.loc 1 590 2 view .LVU498
 2472              	.LVL236:
 594:../ST7789/st7789.c **** 	deltay = ABS(y2 - y1);
 2473              		.loc 1 594 2 view .LVU499
 594:../ST7789/st7789.c **** 	deltay = ABS(y2 - y1);
 2474              		.loc 1 594 11 is_stmt 0 view .LVU500
 2475              		.thumb
 2476              		.syntax unified
 2477 001a A2EB000A 		sub	r10, r2, r0
 2478 001e BAF1000F 		cmp	r10, #0
 2479 0022 B8BF     		it	lt
 2480 0024 CAF1000A 		rsblt	r10, r10, #0
ARM GAS  /tmp/ccvpQaby.s 			page 70


 594:../ST7789/st7789.c **** 	deltay = ABS(y2 - y1);
 2481              		.loc 1 594 9 view .LVU501
 2482 0028 0FFA8AFA 		sxth	r10, r10
 2483              	.LVL237:
 595:../ST7789/st7789.c **** 	x = x1;
 2484              		.loc 1 595 2 is_stmt 1 view .LVU502
 595:../ST7789/st7789.c **** 	x = x1;
 2485              		.loc 1 595 11 is_stmt 0 view .LVU503
 2486 002c A3EB010C 		sub	ip, r3, r1
 2487 0030 BCF1000F 		cmp	ip, #0
 2488 0034 B8BF     		it	lt
 2489 0036 CCF1000C 		rsblt	ip, ip, #0
 595:../ST7789/st7789.c **** 	x = x1;
 2490              		.loc 1 595 9 view .LVU504
 2491 003a 0FFA8CFB 		sxth	fp, ip
 2492              	.LVL238:
 596:../ST7789/st7789.c **** 	y = y1;
 2493              		.loc 1 596 2 is_stmt 1 view .LVU505
 596:../ST7789/st7789.c **** 	y = y1;
 2494              		.loc 1 596 4 is_stmt 0 view .LVU506
 2495 003e 04B2     		sxth	r4, r0
 2496              	.LVL239:
 597:../ST7789/st7789.c **** 
 2497              		.loc 1 597 2 is_stmt 1 view .LVU507
 597:../ST7789/st7789.c **** 
 2498              		.loc 1 597 4 is_stmt 0 view .LVU508
 2499 0040 0EB2     		sxth	r6, r1
 2500              	.LVL240:
 599:../ST7789/st7789.c **** 		xinc1 = 1;
 2501              		.loc 1 599 2 is_stmt 1 view .LVU509
 599:../ST7789/st7789.c **** 		xinc1 = 1;
 2502              		.loc 1 599 5 is_stmt 0 view .LVU510
 2503 0042 8242     		cmp	r2, r0
 2504 0044 13D3     		bcc	.L144
 600:../ST7789/st7789.c **** 		xinc2 = 1;
 2505              		.loc 1 600 9 view .LVU511
 2506 0046 0122     		movs	r2, #1
 2507              	.LVL241:
 600:../ST7789/st7789.c **** 		xinc2 = 1;
 2508              		.loc 1 600 9 view .LVU512
 2509 0048 0892     		str	r2, [sp, #32]
 2510              	.L137:
 2511              	.LVL242:
 608:../ST7789/st7789.c **** 		yinc1 = 1;
 2512              		.loc 1 608 2 is_stmt 1 view .LVU513
 608:../ST7789/st7789.c **** 		yinc1 = 1;
 2513              		.loc 1 608 5 is_stmt 0 view .LVU514
 2514 004a 8B42     		cmp	r3, r1
 2515 004c 13D3     		bcc	.L145
 609:../ST7789/st7789.c **** 		yinc2 = 1;
 2516              		.loc 1 609 9 view .LVU515
 2517 004e 0123     		movs	r3, #1
 2518              	.LVL243:
 609:../ST7789/st7789.c **** 		yinc2 = 1;
 2519              		.loc 1 609 9 view .LVU516
 2520 0050 0993     		str	r3, [sp, #36]
 2521              	.L138:
ARM GAS  /tmp/ccvpQaby.s 			page 71


 2522              	.LVL244:
 617:../ST7789/st7789.c **** 		xinc1 = 0;
 2523              		.loc 1 617 2 is_stmt 1 view .LVU517
 617:../ST7789/st7789.c **** 		xinc1 = 0;
 2524              		.loc 1 617 5 is_stmt 0 view .LVU518
 2525 0052 DA45     		cmp	r10, fp
 2526 0054 13DB     		blt	.L139
 618:../ST7789/st7789.c **** 		yinc2 = 0;
 2527              		.loc 1 618 3 is_stmt 1 view .LVU519
 2528              	.LVL245:
 619:../ST7789/st7789.c **** 		den = deltax;
 2529              		.loc 1 619 3 view .LVU520
 620:../ST7789/st7789.c **** 		num = deltax / 2;
 2530              		.loc 1 620 3 view .LVU521
 621:../ST7789/st7789.c **** 		numadd = deltay;
 2531              		.loc 1 621 3 view .LVU522
 621:../ST7789/st7789.c **** 		numadd = deltay;
 2532              		.loc 1 621 7 is_stmt 0 view .LVU523
 2533 0056 0AEBDA78 		add	r8, r10, r10, lsr #31
 2534 005a 48F34F08 		sbfx	r8, r8, #1, #16
 2535              	.LVL246:
 622:../ST7789/st7789.c **** 		numpixels = deltax;
 2536              		.loc 1 622 3 is_stmt 1 view .LVU524
 623:../ST7789/st7789.c **** 	}
 2537              		.loc 1 623 3 view .LVU525
 623:../ST7789/st7789.c **** 	}
 2538              		.loc 1 623 3 is_stmt 0 view .LVU526
 2539 005e 089B     		ldr	r3, [sp, #32]
 2540 0060 0393     		str	r3, [sp, #12]
 619:../ST7789/st7789.c **** 		den = deltax;
 2541              		.loc 1 619 9 view .LVU527
 2542 0062 0023     		movs	r3, #0
 2543 0064 0893     		str	r3, [sp, #32]
 2544              	.LVL247:
 618:../ST7789/st7789.c **** 		yinc2 = 0;
 2545              		.loc 1 618 9 view .LVU528
 2546 0066 0493     		str	r3, [sp, #16]
 2547              	.LVL248:
 2548              	.L140:
 634:../ST7789/st7789.c **** 		ST7789_DrawLine(x, y, x3, y3, color);
 2549              		.loc 1 634 2 is_stmt 1 view .LVU529
 634:../ST7789/st7789.c **** 		ST7789_DrawLine(x, y, x3, y3, color);
 2550              		.loc 1 634 16 is_stmt 0 view .LVU530
 2551 0068 4FF00009 		mov	r9, #0
 634:../ST7789/st7789.c **** 		ST7789_DrawLine(x, y, x3, y3, color);
 2552              		.loc 1 634 2 view .LVU531
 2553 006c 1EE0     		b	.L141
 2554              	.LVL249:
 2555              	.L144:
 604:../ST7789/st7789.c **** 		xinc2 = -1;
 2556              		.loc 1 604 9 view .LVU532
 2557 006e 4FF0FF32 		mov	r2, #-1
 2558              	.LVL250:
 604:../ST7789/st7789.c **** 		xinc2 = -1;
 2559              		.loc 1 604 9 view .LVU533
 2560 0072 0892     		str	r2, [sp, #32]
 2561 0074 E9E7     		b	.L137
ARM GAS  /tmp/ccvpQaby.s 			page 72


 2562              	.LVL251:
 2563              	.L145:
 613:../ST7789/st7789.c **** 		yinc2 = -1;
 2564              		.loc 1 613 9 view .LVU534
 2565 0076 4FF0FF33 		mov	r3, #-1
 2566              	.LVL252:
 613:../ST7789/st7789.c **** 		yinc2 = -1;
 2567              		.loc 1 613 9 view .LVU535
 2568 007a 0993     		str	r3, [sp, #36]
 2569 007c E9E7     		b	.L138
 2570              	.LVL253:
 2571              	.L139:
 626:../ST7789/st7789.c **** 		yinc1 = 0;
 2572              		.loc 1 626 3 is_stmt 1 view .LVU536
 627:../ST7789/st7789.c **** 		den = deltay;
 2573              		.loc 1 627 3 view .LVU537
 628:../ST7789/st7789.c **** 		num = deltay / 2;
 2574              		.loc 1 628 3 view .LVU538
 629:../ST7789/st7789.c **** 		numadd = deltax;
 2575              		.loc 1 629 3 view .LVU539
 629:../ST7789/st7789.c **** 		numadd = deltax;
 2576              		.loc 1 629 7 is_stmt 0 view .LVU540
 2577 007e 0BEBDB78 		add	r8, fp, fp, lsr #31
 2578 0082 48F34F08 		sbfx	r8, r8, #1, #16
 2579              	.LVL254:
 630:../ST7789/st7789.c **** 		numpixels = deltay;
 2580              		.loc 1 630 3 is_stmt 1 view .LVU541
 631:../ST7789/st7789.c **** 	}
 2581              		.loc 1 631 3 view .LVU542
 629:../ST7789/st7789.c **** 		numadd = deltax;
 2582              		.loc 1 629 7 is_stmt 0 view .LVU543
 2583 0086 5346     		mov	r3, r10
 628:../ST7789/st7789.c **** 		num = deltay / 2;
 2584              		.loc 1 628 7 view .LVU544
 2585 0088 DA46     		mov	r10, fp
 2586              	.LVL255:
 630:../ST7789/st7789.c **** 		numpixels = deltay;
 2587              		.loc 1 630 10 view .LVU545
 2588 008a 9B46     		mov	fp, r3
 2589              	.LVL256:
 629:../ST7789/st7789.c **** 		numadd = deltax;
 2590              		.loc 1 629 7 view .LVU546
 2591 008c 099B     		ldr	r3, [sp, #36]
 2592              	.LVL257:
 629:../ST7789/st7789.c **** 		numadd = deltax;
 2593              		.loc 1 629 7 view .LVU547
 2594 008e 0493     		str	r3, [sp, #16]
 627:../ST7789/st7789.c **** 		den = deltay;
 2595              		.loc 1 627 9 view .LVU548
 2596 0090 0023     		movs	r3, #0
 2597 0092 0993     		str	r3, [sp, #36]
 2598              	.LVL258:
 626:../ST7789/st7789.c **** 		yinc1 = 0;
 2599              		.loc 1 626 9 view .LVU549
 2600 0094 0393     		str	r3, [sp, #12]
 2601 0096 E7E7     		b	.L140
 2602              	.LVL259:
ARM GAS  /tmp/ccvpQaby.s 			page 73


 2603              	.L142:
 643:../ST7789/st7789.c **** 		y += yinc2;
 2604              		.loc 1 643 3 is_stmt 1 view .LVU550
 643:../ST7789/st7789.c **** 		y += yinc2;
 2605              		.loc 1 643 5 is_stmt 0 view .LVU551
 2606 0098 039B     		ldr	r3, [sp, #12]
 2607 009a 1C44     		add	r4, r4, r3
 2608              	.LVL260:
 643:../ST7789/st7789.c **** 		y += yinc2;
 2609              		.loc 1 643 5 view .LVU552
 2610 009c 24B2     		sxth	r4, r4
 2611              	.LVL261:
 644:../ST7789/st7789.c **** 	}
 2612              		.loc 1 644 3 is_stmt 1 view .LVU553
 644:../ST7789/st7789.c **** 	}
 2613              		.loc 1 644 5 is_stmt 0 view .LVU554
 2614 009e 049B     		ldr	r3, [sp, #16]
 2615 00a0 1E44     		add	r6, r6, r3
 2616              	.LVL262:
 644:../ST7789/st7789.c **** 	}
 2617              		.loc 1 644 5 view .LVU555
 2618 00a2 36B2     		sxth	r6, r6
 2619              	.LVL263:
 634:../ST7789/st7789.c **** 		ST7789_DrawLine(x, y, x3, y3, color);
 2620              		.loc 1 634 52 is_stmt 1 discriminator 2 view .LVU556
 2621 00a4 09F10109 		add	r9, r9, #1
 2622              	.LVL264:
 634:../ST7789/st7789.c **** 		ST7789_DrawLine(x, y, x3, y3, color);
 2623              		.loc 1 634 52 is_stmt 0 discriminator 2 view .LVU557
 2624 00a8 0FFA89F9 		sxth	r9, r9
 2625              	.LVL265:
 2626              	.L141:
 634:../ST7789/st7789.c **** 		ST7789_DrawLine(x, y, x3, y3, color);
 2627              		.loc 1 634 30 is_stmt 1 discriminator 1 view .LVU558
 2628 00ac CA45     		cmp	r10, r9
 2629 00ae 1BDB     		blt	.L147
 635:../ST7789/st7789.c **** 
 2630              		.loc 1 635 3 view .LVU559
 2631 00b0 A7B2     		uxth	r7, r4
 2632 00b2 B5B2     		uxth	r5, r6
 2633 00b4 079B     		ldr	r3, [sp, #28]
 2634 00b6 0093     		str	r3, [sp]
 2635 00b8 069B     		ldr	r3, [sp, #24]
 2636 00ba 059A     		ldr	r2, [sp, #20]
 2637 00bc 2946     		mov	r1, r5
 2638 00be 3846     		mov	r0, r7
 2639 00c0 FFF7FEFF 		bl	ST7789_DrawLine
 2640              	.LVL266:
 637:../ST7789/st7789.c **** 		if (num >= den) {
 2641              		.loc 1 637 3 view .LVU560
 637:../ST7789/st7789.c **** 		if (num >= den) {
 2642              		.loc 1 637 7 is_stmt 0 view .LVU561
 2643 00c4 D844     		add	r8, r8, fp
 2644              	.LVL267:
 637:../ST7789/st7789.c **** 		if (num >= den) {
 2645              		.loc 1 637 7 view .LVU562
 2646 00c6 1FFA88F3 		uxth	r3, r8
ARM GAS  /tmp/ccvpQaby.s 			page 74


 2647 00ca 0FFA88F8 		sxth	r8, r8
 2648              	.LVL268:
 638:../ST7789/st7789.c **** 			num -= den;
 2649              		.loc 1 638 3 is_stmt 1 view .LVU563
 638:../ST7789/st7789.c **** 			num -= den;
 2650              		.loc 1 638 6 is_stmt 0 view .LVU564
 2651 00ce C245     		cmp	r10, r8
 2652 00d0 E2DC     		bgt	.L142
 639:../ST7789/st7789.c **** 			x += xinc1;
 2653              		.loc 1 639 4 is_stmt 1 view .LVU565
 639:../ST7789/st7789.c **** 			x += xinc1;
 2654              		.loc 1 639 8 is_stmt 0 view .LVU566
 2655 00d2 A3EB0A03 		sub	r3, r3, r10
 2656 00d6 0FFA83F8 		sxth	r8, r3
 2657              	.LVL269:
 640:../ST7789/st7789.c **** 			y += yinc1;
 2658              		.loc 1 640 4 is_stmt 1 view .LVU567
 640:../ST7789/st7789.c **** 			y += yinc1;
 2659              		.loc 1 640 6 is_stmt 0 view .LVU568
 2660 00da 089B     		ldr	r3, [sp, #32]
 2661 00dc 1F44     		add	r7, r7, r3
 2662 00de 3CB2     		sxth	r4, r7
 2663              	.LVL270:
 641:../ST7789/st7789.c **** 		}
 2664              		.loc 1 641 4 is_stmt 1 view .LVU569
 641:../ST7789/st7789.c **** 		}
 2665              		.loc 1 641 6 is_stmt 0 view .LVU570
 2666 00e0 099B     		ldr	r3, [sp, #36]
 2667 00e2 1D44     		add	r5, r5, r3
 2668 00e4 2EB2     		sxth	r6, r5
 2669              	.LVL271:
 641:../ST7789/st7789.c **** 		}
 2670              		.loc 1 641 6 view .LVU571
 2671 00e6 D7E7     		b	.L142
 2672              	.L147:
 646:../ST7789/st7789.c **** }
 2673              		.loc 1 646 2 is_stmt 1 view .LVU572
 2674              		.syntax unified
 2675              	@ 646 "../ST7789/st7789.c" 1
 2676 00e8 00BF     		nop
 2677              	@ 0 "" 2
 647:../ST7789/st7789.c **** 
 2678              		.loc 1 647 1 is_stmt 0 view .LVU573
 2679              		.thumb
 2680              		.syntax unified
 2681 00ea 0BB0     		add	sp, sp, #44
 2682              	.LCFI64:
 2683              		.cfi_def_cfa_offset 36
 2684              		@ sp needed
 2685 00ec BDE8F08F 		pop	{r4, r5, r6, r7, r8, r9, r10, fp, pc}
 647:../ST7789/st7789.c **** 
 2686              		.loc 1 647 1 view .LVU574
 2687              		.cfi_endproc
 2688              	.LFE89:
 2690              		.section	.text.ST7789_DrawFilledCircle,"ax",%progbits
 2691              		.align	1
 2692              		.global	ST7789_DrawFilledCircle
ARM GAS  /tmp/ccvpQaby.s 			page 75


 2693              		.syntax unified
 2694              		.thumb
 2695              		.thumb_func
 2697              	ST7789_DrawFilledCircle:
 2698              	.LVL272:
 2699              	.LFB90:
 657:../ST7789/st7789.c **** 	ST7789_Select();
 2700              		.loc 1 657 1 is_stmt 1 view -0
 2701              		.cfi_startproc
 2702              		@ args = 0, pretend = 0, frame = 16
 2703              		@ frame_needed = 0, uses_anonymous_args = 0
 657:../ST7789/st7789.c **** 	ST7789_Select();
 2704              		.loc 1 657 1 is_stmt 0 view .LVU576
 2705 0000 2DE9F04F 		push	{r4, r5, r6, r7, r8, r9, r10, fp, lr}
 2706              	.LCFI65:
 2707              		.cfi_def_cfa_offset 36
 2708              		.cfi_offset 4, -36
 2709              		.cfi_offset 5, -32
 2710              		.cfi_offset 6, -28
 2711              		.cfi_offset 7, -24
 2712              		.cfi_offset 8, -20
 2713              		.cfi_offset 9, -16
 2714              		.cfi_offset 10, -12
 2715              		.cfi_offset 11, -8
 2716              		.cfi_offset 14, -4
 2717 0004 87B0     		sub	sp, sp, #28
 2718              	.LCFI66:
 2719              		.cfi_def_cfa_offset 64
 2720 0006 0292     		str	r2, [sp, #8]
 2721 0008 9B46     		mov	fp, r3
 658:../ST7789/st7789.c **** 	int16_t f = 1 - r;
 2722              		.loc 1 658 2 is_stmt 1 view .LVU577
 2723              		.syntax unified
 2724              	@ 658 "../ST7789/st7789.c" 1
 2725 000a 00BF     		nop
 2726              	@ 0 "" 2
 659:../ST7789/st7789.c **** 	int16_t ddF_x = 1;
 2727              		.loc 1 659 2 view .LVU578
 659:../ST7789/st7789.c **** 	int16_t ddF_x = 1;
 2728              		.loc 1 659 16 is_stmt 0 view .LVU579
 2729              		.thumb
 2730              		.syntax unified
 2731 000c 95B2     		uxth	r5, r2
 2732 000e C5F10104 		rsb	r4, r5, #1
 659:../ST7789/st7789.c **** 	int16_t ddF_x = 1;
 2733              		.loc 1 659 10 view .LVU580
 2734 0012 24B2     		sxth	r4, r4
 2735              	.LVL273:
 660:../ST7789/st7789.c **** 	int16_t ddF_y = -2 * r;
 2736              		.loc 1 660 2 is_stmt 1 view .LVU581
 661:../ST7789/st7789.c **** 	int16_t x = 0;
 2737              		.loc 1 661 2 view .LVU582
 661:../ST7789/st7789.c **** 	int16_t x = 0;
 2738              		.loc 1 661 21 is_stmt 0 view .LVU583
 2739 0014 C5EBC533 		rsb	r3, r5, r5, lsl #15
 2740              	.LVL274:
 661:../ST7789/st7789.c **** 	int16_t x = 0;
ARM GAS  /tmp/ccvpQaby.s 			page 76


 2741              		.loc 1 661 21 view .LVU584
 2742 0018 5B00     		lsls	r3, r3, #1
 661:../ST7789/st7789.c **** 	int16_t x = 0;
 2743              		.loc 1 661 10 view .LVU585
 2744 001a 1BB2     		sxth	r3, r3
 2745 001c 0593     		str	r3, [sp, #20]
 2746              	.LVL275:
 662:../ST7789/st7789.c **** 	int16_t y = r;
 2747              		.loc 1 662 2 is_stmt 1 view .LVU586
 663:../ST7789/st7789.c **** 
 2748              		.loc 1 663 2 view .LVU587
 665:../ST7789/st7789.c **** 	ST7789_DrawPixel(x0, y0 - r, color);
 2749              		.loc 1 665 2 view .LVU588
 2750 001e 1FFA80F8 		uxth	r8, r0
 2751 0022 8FB2     		uxth	r7, r1
 2752 0024 E919     		adds	r1, r5, r7
 2753              	.LVL276:
 665:../ST7789/st7789.c **** 	ST7789_DrawPixel(x0, y0 - r, color);
 2754              		.loc 1 665 2 is_stmt 0 view .LVU589
 2755 0026 5A46     		mov	r2, fp
 2756              	.LVL277:
 665:../ST7789/st7789.c **** 	ST7789_DrawPixel(x0, y0 - r, color);
 2757              		.loc 1 665 2 view .LVU590
 2758 0028 89B2     		uxth	r1, r1
 2759 002a 4046     		mov	r0, r8
 665:../ST7789/st7789.c **** 	ST7789_DrawPixel(x0, y0 - r, color);
 2760              		.loc 1 665 2 view .LVU591
 2761 002c FFF7FEFF 		bl	ST7789_DrawPixel
 2762              	.LVL278:
 666:../ST7789/st7789.c **** 	ST7789_DrawPixel(x0 + r, y0, color);
 2763              		.loc 1 666 2 is_stmt 1 view .LVU592
 2764 0030 791B     		subs	r1, r7, r5
 2765 0032 5A46     		mov	r2, fp
 2766 0034 89B2     		uxth	r1, r1
 2767 0036 4046     		mov	r0, r8
 2768 0038 FFF7FEFF 		bl	ST7789_DrawPixel
 2769              	.LVL279:
 667:../ST7789/st7789.c **** 	ST7789_DrawPixel(x0 - r, y0, color);
 2770              		.loc 1 667 2 view .LVU593
 2771 003c 05EB0806 		add	r6, r5, r8
 2772 0040 B6B2     		uxth	r6, r6
 2773 0042 5A46     		mov	r2, fp
 2774 0044 3946     		mov	r1, r7
 2775 0046 3046     		mov	r0, r6
 2776 0048 FFF7FEFF 		bl	ST7789_DrawPixel
 2777              	.LVL280:
 668:../ST7789/st7789.c **** 	ST7789_DrawLine(x0 - r, y0, x0 + r, y0, color);
 2778              		.loc 1 668 2 view .LVU594
 2779 004c A8EB0505 		sub	r5, r8, r5
 2780              	.LVL281:
 668:../ST7789/st7789.c **** 	ST7789_DrawLine(x0 - r, y0, x0 + r, y0, color);
 2781              		.loc 1 668 2 is_stmt 0 view .LVU595
 2782 0050 ADB2     		uxth	r5, r5
 2783 0052 5A46     		mov	r2, fp
 2784 0054 3946     		mov	r1, r7
 2785 0056 2846     		mov	r0, r5
 2786 0058 FFF7FEFF 		bl	ST7789_DrawPixel
ARM GAS  /tmp/ccvpQaby.s 			page 77


 2787              	.LVL282:
 669:../ST7789/st7789.c **** 
 2788              		.loc 1 669 2 is_stmt 1 view .LVU596
 2789 005c CDF800B0 		str	fp, [sp]
 2790 0060 3B46     		mov	r3, r7
 2791 0062 3246     		mov	r2, r6
 2792 0064 3946     		mov	r1, r7
 2793 0066 2846     		mov	r0, r5
 2794 0068 FFF7FEFF 		bl	ST7789_DrawLine
 2795              	.LVL283:
 671:../ST7789/st7789.c **** 		if (f >= 0) {
 2796              		.loc 1 671 2 view .LVU597
 662:../ST7789/st7789.c **** 	int16_t y = r;
 2797              		.loc 1 662 10 is_stmt 0 view .LVU598
 2798 006c 0023     		movs	r3, #0
 2799 006e 0393     		str	r3, [sp, #12]
 660:../ST7789/st7789.c **** 	int16_t ddF_y = -2 * r;
 2800              		.loc 1 660 10 view .LVU599
 2801 0070 0123     		movs	r3, #1
 2802 0072 0493     		str	r3, [sp, #16]
 671:../ST7789/st7789.c **** 		if (f >= 0) {
 2803              		.loc 1 671 8 view .LVU600
 2804 0074 4BE0     		b	.L149
 2805              	.LVL284:
 2806              	.L154:
 673:../ST7789/st7789.c **** 			ddF_y += 2;
 2807              		.loc 1 673 4 is_stmt 1 view .LVU601
 673:../ST7789/st7789.c **** 			ddF_y += 2;
 2808              		.loc 1 673 5 is_stmt 0 view .LVU602
 2809 0076 029B     		ldr	r3, [sp, #8]
 2810 0078 013B     		subs	r3, r3, #1
 2811 007a 1BB2     		sxth	r3, r3
 2812 007c 0293     		str	r3, [sp, #8]
 2813              	.LVL285:
 674:../ST7789/st7789.c **** 			f += ddF_y;
 2814              		.loc 1 674 4 is_stmt 1 view .LVU603
 674:../ST7789/st7789.c **** 			f += ddF_y;
 2815              		.loc 1 674 10 is_stmt 0 view .LVU604
 2816 007e 059A     		ldr	r2, [sp, #20]
 2817 0080 0232     		adds	r2, r2, #2
 2818 0082 93B2     		uxth	r3, r2
 2819 0084 12B2     		sxth	r2, r2
 2820 0086 0592     		str	r2, [sp, #20]
 2821              	.LVL286:
 675:../ST7789/st7789.c **** 		}
 2822              		.loc 1 675 4 is_stmt 1 view .LVU605
 675:../ST7789/st7789.c **** 		}
 2823              		.loc 1 675 6 is_stmt 0 view .LVU606
 2824 0088 2344     		add	r3, r3, r4
 2825 008a 1CB2     		sxth	r4, r3
 2826              	.LVL287:
 2827              	.L150:
 677:../ST7789/st7789.c **** 		ddF_x += 2;
 2828              		.loc 1 677 3 is_stmt 1 view .LVU607
 677:../ST7789/st7789.c **** 		ddF_x += 2;
 2829              		.loc 1 677 4 is_stmt 0 view .LVU608
 2830 008c 039B     		ldr	r3, [sp, #12]
ARM GAS  /tmp/ccvpQaby.s 			page 78


 2831 008e 0133     		adds	r3, r3, #1
 2832 0090 9DB2     		uxth	r5, r3
 2833 0092 1BB2     		sxth	r3, r3
 2834 0094 0393     		str	r3, [sp, #12]
 2835              	.LVL288:
 678:../ST7789/st7789.c **** 		f += ddF_x;
 2836              		.loc 1 678 3 is_stmt 1 view .LVU609
 678:../ST7789/st7789.c **** 		f += ddF_x;
 2837              		.loc 1 678 9 is_stmt 0 view .LVU610
 2838 0096 049A     		ldr	r2, [sp, #16]
 2839 0098 0232     		adds	r2, r2, #2
 2840 009a 93B2     		uxth	r3, r2
 2841 009c 12B2     		sxth	r2, r2
 2842 009e 0492     		str	r2, [sp, #16]
 2843              	.LVL289:
 679:../ST7789/st7789.c **** 
 2844              		.loc 1 679 3 is_stmt 1 view .LVU611
 679:../ST7789/st7789.c **** 
 2845              		.loc 1 679 5 is_stmt 0 view .LVU612
 2846 00a0 2344     		add	r3, r3, r4
 2847 00a2 1CB2     		sxth	r4, r3
 2848              	.LVL290:
 681:../ST7789/st7789.c **** 		ST7789_DrawLine(x0 + x, y0 - y, x0 - x, y0 - y, color);
 2849              		.loc 1 681 3 is_stmt 1 view .LVU613
 2850 00a4 A8EB050A 		sub	r10, r8, r5
 2851 00a8 1FFA8AFA 		uxth	r10, r10
 2852 00ac BDF80860 		ldrh	r6, [sp, #8]
 2853 00b0 B919     		adds	r1, r7, r6
 2854 00b2 89B2     		uxth	r1, r1
 2855 00b4 08EB0509 		add	r9, r8, r5
 2856 00b8 1FFA89F9 		uxth	r9, r9
 2857 00bc CDF800B0 		str	fp, [sp]
 2858 00c0 0B46     		mov	r3, r1
 2859 00c2 4A46     		mov	r2, r9
 2860 00c4 5046     		mov	r0, r10
 2861 00c6 FFF7FEFF 		bl	ST7789_DrawLine
 2862              	.LVL291:
 682:../ST7789/st7789.c **** 
 2863              		.loc 1 682 3 view .LVU614
 2864 00ca B91B     		subs	r1, r7, r6
 2865 00cc 89B2     		uxth	r1, r1
 2866 00ce CDF800B0 		str	fp, [sp]
 2867 00d2 0B46     		mov	r3, r1
 2868 00d4 5246     		mov	r2, r10
 2869 00d6 4846     		mov	r0, r9
 2870 00d8 FFF7FEFF 		bl	ST7789_DrawLine
 2871              	.LVL292:
 684:../ST7789/st7789.c **** 		ST7789_DrawLine(x0 + y, y0 - x, x0 - y, y0 - x, color);
 2872              		.loc 1 684 3 view .LVU615
 2873 00dc 08EB0609 		add	r9, r8, r6
 2874 00e0 1FFA89F9 		uxth	r9, r9
 2875 00e4 7919     		adds	r1, r7, r5
 2876 00e6 89B2     		uxth	r1, r1
 2877 00e8 A8EB0606 		sub	r6, r8, r6
 2878 00ec B6B2     		uxth	r6, r6
 2879 00ee CDF800B0 		str	fp, [sp]
 2880 00f2 0B46     		mov	r3, r1
ARM GAS  /tmp/ccvpQaby.s 			page 79


 2881 00f4 3246     		mov	r2, r6
 2882 00f6 4846     		mov	r0, r9
 2883 00f8 FFF7FEFF 		bl	ST7789_DrawLine
 2884              	.LVL293:
 685:../ST7789/st7789.c **** 	}
 2885              		.loc 1 685 3 view .LVU616
 2886 00fc 791B     		subs	r1, r7, r5
 2887 00fe 89B2     		uxth	r1, r1
 2888 0100 CDF800B0 		str	fp, [sp]
 2889 0104 0B46     		mov	r3, r1
 2890 0106 3246     		mov	r2, r6
 2891 0108 4846     		mov	r0, r9
 2892 010a FFF7FEFF 		bl	ST7789_DrawLine
 2893              	.LVL294:
 2894              	.L149:
 671:../ST7789/st7789.c **** 		if (f >= 0) {
 2895              		.loc 1 671 11 view .LVU617
 2896 010e 039B     		ldr	r3, [sp, #12]
 2897 0110 029A     		ldr	r2, [sp, #8]
 2898 0112 9342     		cmp	r3, r2
 2899 0114 02DA     		bge	.L153
 672:../ST7789/st7789.c **** 			y--;
 2900              		.loc 1 672 3 view .LVU618
 672:../ST7789/st7789.c **** 			y--;
 2901              		.loc 1 672 6 is_stmt 0 view .LVU619
 2902 0116 002C     		cmp	r4, #0
 2903 0118 ADDA     		bge	.L154
 2904 011a B7E7     		b	.L150
 2905              	.L153:
 687:../ST7789/st7789.c **** }
 2906              		.loc 1 687 2 is_stmt 1 view .LVU620
 2907              		.syntax unified
 2908              	@ 687 "../ST7789/st7789.c" 1
 2909 011c 00BF     		nop
 2910              	@ 0 "" 2
 688:../ST7789/st7789.c **** 
 2911              		.loc 1 688 1 is_stmt 0 view .LVU621
 2912              		.thumb
 2913              		.syntax unified
 2914 011e 07B0     		add	sp, sp, #28
 2915              	.LCFI67:
 2916              		.cfi_def_cfa_offset 36
 2917              		@ sp needed
 2918 0120 BDE8F08F 		pop	{r4, r5, r6, r7, r8, r9, r10, fp, pc}
 688:../ST7789/st7789.c **** 
 2919              		.loc 1 688 1 view .LVU622
 2920              		.cfi_endproc
 2921              	.LFE90:
 2923              		.section	.text.ST7789_TearEffect,"ax",%progbits
 2924              		.align	1
 2925              		.global	ST7789_TearEffect
 2926              		.syntax unified
 2927              		.thumb
 2928              		.thumb_func
 2930              	ST7789_TearEffect:
 2931              	.LVL295:
 2932              	.LFB91:
ARM GAS  /tmp/ccvpQaby.s 			page 80


 697:../ST7789/st7789.c **** 	ST7789_Select();
 2933              		.loc 1 697 1 is_stmt 1 view -0
 2934              		.cfi_startproc
 2935              		@ args = 0, pretend = 0, frame = 0
 2936              		@ frame_needed = 0, uses_anonymous_args = 0
 697:../ST7789/st7789.c **** 	ST7789_Select();
 2937              		.loc 1 697 1 is_stmt 0 view .LVU624
 2938 0000 08B5     		push	{r3, lr}
 2939              	.LCFI68:
 2940              		.cfi_def_cfa_offset 8
 2941              		.cfi_offset 3, -8
 2942              		.cfi_offset 14, -4
 698:../ST7789/st7789.c **** 	ST7789_WriteCommand(tear ? 0x35 /* TEON */ : 0x34 /* TEOFF */);
 2943              		.loc 1 698 2 is_stmt 1 view .LVU625
 2944              		.syntax unified
 2945              	@ 698 "../ST7789/st7789.c" 1
 2946 0002 00BF     		nop
 2947              	@ 0 "" 2
 699:../ST7789/st7789.c **** 	ST7789_UnSelect();
 2948              		.loc 1 699 2 view .LVU626
 2949              		.thumb
 2950              		.syntax unified
 2951 0004 20B1     		cbz	r0, .L157
 699:../ST7789/st7789.c **** 	ST7789_UnSelect();
 2952              		.loc 1 699 2 is_stmt 0 discriminator 1 view .LVU627
 2953 0006 3520     		movs	r0, #53
 2954              	.LVL296:
 2955              	.L156:
 699:../ST7789/st7789.c **** 	ST7789_UnSelect();
 2956              		.loc 1 699 2 discriminator 4 view .LVU628
 2957 0008 FFF7FEFF 		bl	ST7789_WriteCommand
 2958              	.LVL297:
 700:../ST7789/st7789.c **** }
 2959              		.loc 1 700 2 is_stmt 1 view .LVU629
 2960              		.syntax unified
 2961              	@ 700 "../ST7789/st7789.c" 1
 2962 000c 00BF     		nop
 2963              	@ 0 "" 2
 701:../ST7789/st7789.c **** 
 2964              		.loc 1 701 1 is_stmt 0 view .LVU630
 2965              		.thumb
 2966              		.syntax unified
 2967 000e 08BD     		pop	{r3, pc}
 2968              	.LVL298:
 2969              	.L157:
 699:../ST7789/st7789.c **** 	ST7789_UnSelect();
 2970              		.loc 1 699 2 discriminator 2 view .LVU631
 2971 0010 3420     		movs	r0, #52
 2972              	.LVL299:
 699:../ST7789/st7789.c **** 	ST7789_UnSelect();
 2973              		.loc 1 699 2 discriminator 2 view .LVU632
 2974 0012 F9E7     		b	.L156
 2975              		.cfi_endproc
 2976              	.LFE91:
 2978              		.section	.rodata.ST7789_Test.str1.4,"aMS",%progbits,1
 2979              		.align	2
 2980              	.LC3:
ARM GAS  /tmp/ccvpQaby.s 			page 81


 2981 0000 53706565 		.ascii	"Speed Test\000"
 2981      64205465 
 2981      737400
 2982 000b 00       		.align	2
 2983              	.LC4:
 2984 000c 466F6E74 		.ascii	"Font test.\000"
 2984      20746573 
 2984      742E00
 2985 0017 00       		.align	2
 2986              	.LC5:
 2987 0018 48656C6C 		.ascii	"Hello Steve!\000"
 2987      6F205374 
 2987      65766521 
 2987      00
 2988 0025 000000   		.align	2
 2989              	.LC6:
 2990 0028 52656374 		.ascii	"Rect./Line.\000"
 2990      2E2F4C69 
 2990      6E652E00 
 2991              		.align	2
 2992              	.LC7:
 2993 0034 46696C6C 		.ascii	"Filled Rect.\000"
 2993      65642052 
 2993      6563742E 
 2993      00
 2994 0041 000000   		.align	2
 2995              	.LC8:
 2996 0044 43697263 		.ascii	"Circle.\000"
 2996      6C652E00 
 2997              		.align	2
 2998              	.LC9:
 2999 004c 46696C6C 		.ascii	"Filled Cir.\000"
 2999      65642043 
 2999      69722E00 
 3000              		.align	2
 3001              	.LC10:
 3002 0058 54726961 		.ascii	"Triangle\000"
 3002      6E676C65 
 3002      00
 3003 0061 000000   		.align	2
 3004              	.LC11:
 3005 0064 46696C6C 		.ascii	"Filled Tri\000"
 3005      65642054 
 3005      726900
 3006              		.section	.text.ST7789_Test,"ax",%progbits
 3007              		.align	1
 3008              		.global	ST7789_Test
 3009              		.syntax unified
 3010              		.thumb
 3011              		.thumb_func
 3013              	ST7789_Test:
 3014              	.LFB92:
 709:../ST7789/st7789.c **** 	ST7789_Fill_Color(WHITE);
 3015              		.loc 1 709 1 is_stmt 1 view -0
 3016              		.cfi_startproc
 3017              		@ args = 0, pretend = 0, frame = 0
 3018              		@ frame_needed = 0, uses_anonymous_args = 0
ARM GAS  /tmp/ccvpQaby.s 			page 82


 3019 0000 2DE9F043 		push	{r4, r5, r6, r7, r8, r9, lr}
 3020              	.LCFI69:
 3021              		.cfi_def_cfa_offset 28
 3022              		.cfi_offset 4, -28
 3023              		.cfi_offset 5, -24
 3024              		.cfi_offset 6, -20
 3025              		.cfi_offset 7, -16
 3026              		.cfi_offset 8, -12
 3027              		.cfi_offset 9, -8
 3028              		.cfi_offset 14, -4
 3029 0004 85B0     		sub	sp, sp, #20
 3030              	.LCFI70:
 3031              		.cfi_def_cfa_offset 48
 710:../ST7789/st7789.c **** 	ST7789_DELAY(1000);
 3032              		.loc 1 710 2 view .LVU634
 3033 0006 4FF6FF70 		movw	r0, #65535
 3034 000a FFF7FEFF 		bl	ST7789_Fill_Color
 3035              	.LVL300:
 711:../ST7789/st7789.c **** 	ST7789_WriteString(10, 20, "Speed Test", Font_11x18, RED, WHITE);
 3036              		.loc 1 711 2 view .LVU635
 3037 000e 4FF47A70 		mov	r0, #1000
 3038 0012 FFF7FEFF 		bl	HAL_Delay
 3039              	.LVL301:
 712:../ST7789/st7789.c **** 	ST7789_DELAY(1000);
 3040              		.loc 1 712 2 view .LVU636
 3041 0016 A94C     		ldr	r4, .L161
 3042 0018 4FF6FF76 		movw	r6, #65535
 3043 001c 0296     		str	r6, [sp, #8]
 3044 001e 4FF47847 		mov	r7, #63488
 3045 0022 0197     		str	r7, [sp, #4]
 3046 0024 6368     		ldr	r3, [r4, #4]
 3047 0026 0093     		str	r3, [sp]
 3048 0028 2368     		ldr	r3, [r4]
 3049 002a A54A     		ldr	r2, .L161+4
 3050 002c 1421     		movs	r1, #20
 3051 002e 0A20     		movs	r0, #10
 3052 0030 FFF7FEFF 		bl	ST7789_WriteString
 3053              	.LVL302:
 713:../ST7789/st7789.c **** 	ST7789_Fill_Color(CYAN);
 3054              		.loc 1 713 2 view .LVU637
 3055 0034 4FF47A70 		mov	r0, #1000
 3056 0038 FFF7FEFF 		bl	HAL_Delay
 3057              	.LVL303:
 714:../ST7789/st7789.c **** 	ST7789_DELAY(500);
 3058              		.loc 1 714 2 view .LVU638
 3059 003c 47F6FF70 		movw	r0, #32767
 3060 0040 FFF7FEFF 		bl	ST7789_Fill_Color
 3061              	.LVL304:
 715:../ST7789/st7789.c **** 	ST7789_Fill_Color(RED);
 3062              		.loc 1 715 2 view .LVU639
 3063 0044 4FF4FA70 		mov	r0, #500
 3064 0048 FFF7FEFF 		bl	HAL_Delay
 3065              	.LVL305:
 716:../ST7789/st7789.c **** 	ST7789_DELAY(500);
 3066              		.loc 1 716 2 view .LVU640
 3067 004c 3846     		mov	r0, r7
 3068 004e FFF7FEFF 		bl	ST7789_Fill_Color
ARM GAS  /tmp/ccvpQaby.s 			page 83


 3069              	.LVL306:
 717:../ST7789/st7789.c **** 	ST7789_Fill_Color(BLUE);
 3070              		.loc 1 717 2 view .LVU641
 3071 0052 4FF4FA70 		mov	r0, #500
 3072 0056 FFF7FEFF 		bl	HAL_Delay
 3073              	.LVL307:
 718:../ST7789/st7789.c **** 	ST7789_DELAY(500);
 3074              		.loc 1 718 2 view .LVU642
 3075 005a 1F20     		movs	r0, #31
 3076 005c FFF7FEFF 		bl	ST7789_Fill_Color
 3077              	.LVL308:
 719:../ST7789/st7789.c **** 	ST7789_Fill_Color(GREEN);
 3078              		.loc 1 719 2 view .LVU643
 3079 0060 4FF4FA70 		mov	r0, #500
 3080 0064 FFF7FEFF 		bl	HAL_Delay
 3081              	.LVL309:
 720:../ST7789/st7789.c **** 	ST7789_DELAY(500);
 3082              		.loc 1 720 2 view .LVU644
 3083 0068 4FF4FC60 		mov	r0, #2016
 3084 006c FFF7FEFF 		bl	ST7789_Fill_Color
 3085              	.LVL310:
 721:../ST7789/st7789.c **** 	ST7789_Fill_Color(YELLOW);
 3086              		.loc 1 721 2 view .LVU645
 3087 0070 4FF4FA70 		mov	r0, #500
 3088 0074 FFF7FEFF 		bl	HAL_Delay
 3089              	.LVL311:
 722:../ST7789/st7789.c **** 	ST7789_DELAY(500);
 3090              		.loc 1 722 2 view .LVU646
 3091 0078 4FF6E070 		movw	r0, #65504
 3092 007c FFF7FEFF 		bl	ST7789_Fill_Color
 3093              	.LVL312:
 723:../ST7789/st7789.c **** 	ST7789_Fill_Color(BROWN);
 3094              		.loc 1 723 2 view .LVU647
 3095 0080 4FF4FA70 		mov	r0, #500
 3096 0084 FFF7FEFF 		bl	HAL_Delay
 3097              	.LVL313:
 724:../ST7789/st7789.c **** 	ST7789_DELAY(500);
 3098              		.loc 1 724 2 view .LVU648
 3099 0088 4BF64040 		movw	r0, #48192
 3100 008c FFF7FEFF 		bl	ST7789_Fill_Color
 3101              	.LVL314:
 725:../ST7789/st7789.c **** 	ST7789_Fill_Color(DARKBLUE);
 3102              		.loc 1 725 2 view .LVU649
 3103 0090 4FF4FA70 		mov	r0, #500
 3104 0094 FFF7FEFF 		bl	HAL_Delay
 3105              	.LVL315:
 726:../ST7789/st7789.c **** 	ST7789_DELAY(500);
 3106              		.loc 1 726 2 view .LVU650
 3107 0098 40F2CF10 		movw	r0, #463
 3108 009c FFF7FEFF 		bl	ST7789_Fill_Color
 3109              	.LVL316:
 727:../ST7789/st7789.c **** 	ST7789_Fill_Color(MAGENTA);
 3110              		.loc 1 727 2 view .LVU651
 3111 00a0 4FF4FA70 		mov	r0, #500
 3112 00a4 FFF7FEFF 		bl	HAL_Delay
 3113              	.LVL317:
 728:../ST7789/st7789.c **** 	ST7789_DELAY(500);
ARM GAS  /tmp/ccvpQaby.s 			page 84


 3114              		.loc 1 728 2 view .LVU652
 3115 00a8 4FF61F00 		movw	r0, #63519
 3116 00ac FFF7FEFF 		bl	ST7789_Fill_Color
 3117              	.LVL318:
 729:../ST7789/st7789.c **** 	ST7789_Fill_Color(LIGHTGREEN);
 3118              		.loc 1 729 2 view .LVU653
 3119 00b0 4FF4FA70 		mov	r0, #500
 3120 00b4 FFF7FEFF 		bl	HAL_Delay
 3121              	.LVL319:
 730:../ST7789/st7789.c **** 	ST7789_DELAY(500);
 3122              		.loc 1 730 2 view .LVU654
 3123 00b8 48F21F40 		movw	r0, #33823
 3124 00bc FFF7FEFF 		bl	ST7789_Fill_Color
 3125              	.LVL320:
 731:../ST7789/st7789.c **** 	ST7789_Fill_Color(LGRAY);
 3126              		.loc 1 731 2 view .LVU655
 3127 00c0 4FF4FA70 		mov	r0, #500
 3128 00c4 FFF7FEFF 		bl	HAL_Delay
 3129              	.LVL321:
 732:../ST7789/st7789.c **** 	ST7789_DELAY(500);
 3130              		.loc 1 732 2 view .LVU656
 3131 00c8 4CF21860 		movw	r0, #50712
 3132 00cc FFF7FEFF 		bl	ST7789_Fill_Color
 3133              	.LVL322:
 733:../ST7789/st7789.c **** 	ST7789_Fill_Color(LBBLUE);
 3134              		.loc 1 733 2 view .LVU657
 3135 00d0 4FF4FA70 		mov	r0, #500
 3136 00d4 FFF7FEFF 		bl	HAL_Delay
 3137              	.LVL323:
 734:../ST7789/st7789.c **** 	ST7789_DELAY(500);
 3138              		.loc 1 734 2 view .LVU658
 3139 00d8 42F61230 		movw	r0, #11026
 3140 00dc FFF7FEFF 		bl	ST7789_Fill_Color
 3141              	.LVL324:
 735:../ST7789/st7789.c **** 	ST7789_Fill_Color(WHITE);
 3142              		.loc 1 735 2 view .LVU659
 3143 00e0 4FF4FA70 		mov	r0, #500
 3144 00e4 FFF7FEFF 		bl	HAL_Delay
 3145              	.LVL325:
 736:../ST7789/st7789.c **** 	ST7789_DELAY(500);
 3146              		.loc 1 736 2 view .LVU660
 3147 00e8 3046     		mov	r0, r6
 3148 00ea FFF7FEFF 		bl	ST7789_Fill_Color
 3149              	.LVL326:
 737:../ST7789/st7789.c **** 
 3150              		.loc 1 737 2 view .LVU661
 3151 00ee 4FF4FA70 		mov	r0, #500
 3152 00f2 FFF7FEFF 		bl	HAL_Delay
 3153              	.LVL327:
 739:../ST7789/st7789.c **** 	ST7789_WriteString(10, 50, "Hello Steve!", Font_7x10, RED, WHITE);
 3154              		.loc 1 739 2 view .LVU662
 3155 00f6 734D     		ldr	r5, .L161+8
 3156 00f8 0296     		str	r6, [sp, #8]
 3157 00fa 40F2FF73 		movw	r3, #2047
 3158 00fe 0193     		str	r3, [sp, #4]
 3159 0100 6B68     		ldr	r3, [r5, #4]
 3160 0102 0093     		str	r3, [sp]
ARM GAS  /tmp/ccvpQaby.s 			page 85


 3161 0104 2B68     		ldr	r3, [r5]
 3162 0106 704A     		ldr	r2, .L161+12
 3163 0108 0A21     		movs	r1, #10
 3164 010a 0846     		mov	r0, r1
 3165 010c FFF7FEFF 		bl	ST7789_WriteString
 3166              	.LVL328:
 740:../ST7789/st7789.c **** 	ST7789_WriteString(10, 75, "Hello Steve!", Font_11x18, YELLOW, WHITE);
 3167              		.loc 1 740 2 view .LVU663
 3168 0110 6E4B     		ldr	r3, .L161+16
 3169 0112 DFF8BC81 		ldr	r8, .L161+20
 3170 0116 0296     		str	r6, [sp, #8]
 3171 0118 0197     		str	r7, [sp, #4]
 3172 011a 5A68     		ldr	r2, [r3, #4]
 3173 011c 0092     		str	r2, [sp]
 3174 011e 1B68     		ldr	r3, [r3]
 3175 0120 4246     		mov	r2, r8
 3176 0122 3221     		movs	r1, #50
 3177 0124 0A20     		movs	r0, #10
 3178 0126 FFF7FEFF 		bl	ST7789_WriteString
 3179              	.LVL329:
 741:../ST7789/st7789.c **** 	ST7789_WriteString(10, 100, "Hello Steve!", Font_16x26, MAGENTA, WHITE);
 3180              		.loc 1 741 2 view .LVU664
 3181 012a 0296     		str	r6, [sp, #8]
 3182 012c 4FF6E077 		movw	r7, #65504
 3183 0130 0197     		str	r7, [sp, #4]
 3184 0132 6368     		ldr	r3, [r4, #4]
 3185 0134 0093     		str	r3, [sp]
 3186 0136 2368     		ldr	r3, [r4]
 3187 0138 4246     		mov	r2, r8
 3188 013a 4B21     		movs	r1, #75
 3189 013c 0A20     		movs	r0, #10
 3190 013e FFF7FEFF 		bl	ST7789_WriteString
 3191              	.LVL330:
 742:../ST7789/st7789.c **** 	ST7789_DELAY(1000);
 3192              		.loc 1 742 2 view .LVU665
 3193 0142 0296     		str	r6, [sp, #8]
 3194 0144 4FF61F03 		movw	r3, #63519
 3195 0148 0193     		str	r3, [sp, #4]
 3196 014a 6B68     		ldr	r3, [r5, #4]
 3197 014c 0093     		str	r3, [sp]
 3198 014e 2B68     		ldr	r3, [r5]
 3199 0150 4246     		mov	r2, r8
 3200 0152 6421     		movs	r1, #100
 3201 0154 0A20     		movs	r0, #10
 3202 0156 FFF7FEFF 		bl	ST7789_WriteString
 3203              	.LVL331:
 743:../ST7789/st7789.c **** 
 3204              		.loc 1 743 2 view .LVU666
 3205 015a 4FF47A70 		mov	r0, #1000
 3206 015e FFF7FEFF 		bl	HAL_Delay
 3207              	.LVL332:
 745:../ST7789/st7789.c **** 	ST7789_WriteString(10, 10, "Rect./Line.", Font_11x18, YELLOW, BLACK);
 3208              		.loc 1 745 2 view .LVU667
 3209 0162 0020     		movs	r0, #0
 3210 0164 FFF7FEFF 		bl	ST7789_Fill_Color
 3211              	.LVL333:
 746:../ST7789/st7789.c **** 	ST7789_DrawRectangle(30, 30, 100, 100, WHITE);
ARM GAS  /tmp/ccvpQaby.s 			page 86


 3212              		.loc 1 746 2 view .LVU668
 3213 0168 0025     		movs	r5, #0
 3214 016a 0295     		str	r5, [sp, #8]
 3215 016c 0197     		str	r7, [sp, #4]
 3216 016e 6368     		ldr	r3, [r4, #4]
 3217 0170 0093     		str	r3, [sp]
 3218 0172 2368     		ldr	r3, [r4]
 3219 0174 574A     		ldr	r2, .L161+24
 3220 0176 0A21     		movs	r1, #10
 3221 0178 0846     		mov	r0, r1
 3222 017a FFF7FEFF 		bl	ST7789_WriteString
 3223              	.LVL334:
 747:../ST7789/st7789.c **** 	ST7789_DELAY(1000);
 3224              		.loc 1 747 2 view .LVU669
 3225 017e 0096     		str	r6, [sp]
 3226 0180 6423     		movs	r3, #100
 3227 0182 1A46     		mov	r2, r3
 3228 0184 1E21     		movs	r1, #30
 3229 0186 0846     		mov	r0, r1
 3230 0188 FFF7FEFF 		bl	ST7789_DrawRectangle
 3231              	.LVL335:
 748:../ST7789/st7789.c **** 
 3232              		.loc 1 748 2 view .LVU670
 3233 018c 4FF47A70 		mov	r0, #1000
 3234 0190 FFF7FEFF 		bl	HAL_Delay
 3235              	.LVL336:
 750:../ST7789/st7789.c **** 	ST7789_WriteString(10, 10, "Filled Rect.", Font_11x18, YELLOW, BLACK);
 3236              		.loc 1 750 2 view .LVU671
 3237 0194 2846     		mov	r0, r5
 3238 0196 FFF7FEFF 		bl	ST7789_Fill_Color
 3239              	.LVL337:
 751:../ST7789/st7789.c **** 	ST7789_DrawFilledRectangle(30, 30, 50, 50, WHITE);
 3240              		.loc 1 751 2 view .LVU672
 3241 019a 0295     		str	r5, [sp, #8]
 3242 019c 0197     		str	r7, [sp, #4]
 3243 019e 6368     		ldr	r3, [r4, #4]
 3244 01a0 0093     		str	r3, [sp]
 3245 01a2 2368     		ldr	r3, [r4]
 3246 01a4 4C4A     		ldr	r2, .L161+28
 3247 01a6 0A21     		movs	r1, #10
 3248 01a8 0846     		mov	r0, r1
 3249 01aa FFF7FEFF 		bl	ST7789_WriteString
 3250              	.LVL338:
 752:../ST7789/st7789.c **** 	ST7789_DELAY(1000);
 3251              		.loc 1 752 2 view .LVU673
 3252 01ae 0096     		str	r6, [sp]
 3253 01b0 3223     		movs	r3, #50
 3254 01b2 1A46     		mov	r2, r3
 3255 01b4 1E21     		movs	r1, #30
 3256 01b6 0846     		mov	r0, r1
 3257 01b8 FFF7FEFF 		bl	ST7789_DrawFilledRectangle
 3258              	.LVL339:
 753:../ST7789/st7789.c **** 
 3259              		.loc 1 753 2 view .LVU674
 3260 01bc 4FF47A70 		mov	r0, #1000
 3261 01c0 FFF7FEFF 		bl	HAL_Delay
 3262              	.LVL340:
ARM GAS  /tmp/ccvpQaby.s 			page 87


 755:../ST7789/st7789.c **** 	ST7789_WriteString(10, 10, "Circle.", Font_11x18, YELLOW, BLACK);
 3263              		.loc 1 755 2 view .LVU675
 3264 01c4 2846     		mov	r0, r5
 3265 01c6 FFF7FEFF 		bl	ST7789_Fill_Color
 3266              	.LVL341:
 756:../ST7789/st7789.c **** 	ST7789_DrawCircle(60, 60, 25, WHITE);
 3267              		.loc 1 756 2 view .LVU676
 3268 01ca 0295     		str	r5, [sp, #8]
 3269 01cc 0197     		str	r7, [sp, #4]
 3270 01ce 6368     		ldr	r3, [r4, #4]
 3271 01d0 0093     		str	r3, [sp]
 3272 01d2 2368     		ldr	r3, [r4]
 3273 01d4 414A     		ldr	r2, .L161+32
 3274 01d6 0A21     		movs	r1, #10
 3275 01d8 0846     		mov	r0, r1
 3276 01da FFF7FEFF 		bl	ST7789_WriteString
 3277              	.LVL342:
 757:../ST7789/st7789.c **** 	ST7789_DELAY(1000);
 3278              		.loc 1 757 2 view .LVU677
 3279 01de 3346     		mov	r3, r6
 3280 01e0 1922     		movs	r2, #25
 3281 01e2 3C21     		movs	r1, #60
 3282 01e4 0846     		mov	r0, r1
 3283 01e6 FFF7FEFF 		bl	ST7789_DrawCircle
 3284              	.LVL343:
 758:../ST7789/st7789.c **** 
 3285              		.loc 1 758 2 view .LVU678
 3286 01ea 4FF47A70 		mov	r0, #1000
 3287 01ee FFF7FEFF 		bl	HAL_Delay
 3288              	.LVL344:
 760:../ST7789/st7789.c **** 	ST7789_WriteString(10, 10, "Filled Cir.", Font_11x18, YELLOW, BLACK);
 3289              		.loc 1 760 2 view .LVU679
 3290 01f2 2846     		mov	r0, r5
 3291 01f4 FFF7FEFF 		bl	ST7789_Fill_Color
 3292              	.LVL345:
 761:../ST7789/st7789.c **** 	ST7789_DrawFilledCircle(60, 60, 25, WHITE);
 3293              		.loc 1 761 2 view .LVU680
 3294 01f8 0295     		str	r5, [sp, #8]
 3295 01fa 0197     		str	r7, [sp, #4]
 3296 01fc 6368     		ldr	r3, [r4, #4]
 3297 01fe 0093     		str	r3, [sp]
 3298 0200 2368     		ldr	r3, [r4]
 3299 0202 374A     		ldr	r2, .L161+36
 3300 0204 0A21     		movs	r1, #10
 3301 0206 0846     		mov	r0, r1
 3302 0208 FFF7FEFF 		bl	ST7789_WriteString
 3303              	.LVL346:
 762:../ST7789/st7789.c **** 	ST7789_DELAY(1000);
 3304              		.loc 1 762 2 view .LVU681
 3305 020c 3346     		mov	r3, r6
 3306 020e 1922     		movs	r2, #25
 3307 0210 3C21     		movs	r1, #60
 3308 0212 0846     		mov	r0, r1
 3309 0214 FFF7FEFF 		bl	ST7789_DrawFilledCircle
 3310              	.LVL347:
 763:../ST7789/st7789.c **** 
 3311              		.loc 1 763 2 view .LVU682
ARM GAS  /tmp/ccvpQaby.s 			page 88


 3312 0218 4FF47A70 		mov	r0, #1000
 3313 021c FFF7FEFF 		bl	HAL_Delay
 3314              	.LVL348:
 765:../ST7789/st7789.c **** 	ST7789_WriteString(10, 10, "Triangle", Font_11x18, YELLOW, BLACK);
 3315              		.loc 1 765 2 view .LVU683
 3316 0220 2846     		mov	r0, r5
 3317 0222 FFF7FEFF 		bl	ST7789_Fill_Color
 3318              	.LVL349:
 766:../ST7789/st7789.c **** 	ST7789_DrawTriangle(30, 30, 30, 70, 60, 40, WHITE);
 3319              		.loc 1 766 2 view .LVU684
 3320 0226 0295     		str	r5, [sp, #8]
 3321 0228 0197     		str	r7, [sp, #4]
 3322 022a 6368     		ldr	r3, [r4, #4]
 3323 022c 0093     		str	r3, [sp]
 3324 022e 2368     		ldr	r3, [r4]
 3325 0230 2C4A     		ldr	r2, .L161+40
 3326 0232 0A21     		movs	r1, #10
 3327 0234 0846     		mov	r0, r1
 3328 0236 FFF7FEFF 		bl	ST7789_WriteString
 3329              	.LVL350:
 767:../ST7789/st7789.c **** 	ST7789_DELAY(1000);
 3330              		.loc 1 767 2 view .LVU685
 3331 023a 0296     		str	r6, [sp, #8]
 3332 023c 4FF02809 		mov	r9, #40
 3333 0240 CDF80490 		str	r9, [sp, #4]
 3334 0244 4FF03C08 		mov	r8, #60
 3335 0248 CDF80080 		str	r8, [sp]
 3336 024c 4623     		movs	r3, #70
 3337 024e 1E22     		movs	r2, #30
 3338 0250 1146     		mov	r1, r2
 3339 0252 1046     		mov	r0, r2
 3340 0254 FFF7FEFF 		bl	ST7789_DrawTriangle
 3341              	.LVL351:
 768:../ST7789/st7789.c **** 
 3342              		.loc 1 768 2 view .LVU686
 3343 0258 4FF47A70 		mov	r0, #1000
 3344 025c FFF7FEFF 		bl	HAL_Delay
 3345              	.LVL352:
 770:../ST7789/st7789.c **** 	ST7789_WriteString(10, 10, "Filled Tri", Font_11x18, YELLOW, BLACK);
 3346              		.loc 1 770 2 view .LVU687
 3347 0260 2846     		mov	r0, r5
 3348 0262 FFF7FEFF 		bl	ST7789_Fill_Color
 3349              	.LVL353:
 771:../ST7789/st7789.c **** 	ST7789_DrawFilledTriangle(30, 30, 30, 70, 60, 40, WHITE);
 3350              		.loc 1 771 2 view .LVU688
 3351 0266 0295     		str	r5, [sp, #8]
 3352 0268 0197     		str	r7, [sp, #4]
 3353 026a 6368     		ldr	r3, [r4, #4]
 3354 026c 0093     		str	r3, [sp]
 3355 026e 2368     		ldr	r3, [r4]
 3356 0270 1D4A     		ldr	r2, .L161+44
 3357 0272 0A21     		movs	r1, #10
 3358 0274 0846     		mov	r0, r1
 3359 0276 FFF7FEFF 		bl	ST7789_WriteString
 3360              	.LVL354:
 772:../ST7789/st7789.c **** 	ST7789_DELAY(1000);
 3361              		.loc 1 772 2 view .LVU689
ARM GAS  /tmp/ccvpQaby.s 			page 89


 3362 027a 0296     		str	r6, [sp, #8]
 3363 027c CDF80490 		str	r9, [sp, #4]
 3364 0280 CDF80080 		str	r8, [sp]
 3365 0284 4623     		movs	r3, #70
 3366 0286 1E22     		movs	r2, #30
 3367 0288 1146     		mov	r1, r2
 3368 028a 1046     		mov	r0, r2
 3369 028c FFF7FEFF 		bl	ST7789_DrawFilledTriangle
 3370              	.LVL355:
 773:../ST7789/st7789.c **** 
 3371              		.loc 1 773 2 view .LVU690
 3372 0290 4FF47A70 		mov	r0, #1000
 3373 0294 FFF7FEFF 		bl	HAL_Delay
 3374              	.LVL356:
 776:../ST7789/st7789.c **** 	ST7789_DrawImage(0, 0, 128, 128, (uint16_t *)saber);
 3375              		.loc 1 776 2 view .LVU691
 3376 0298 3046     		mov	r0, r6
 3377 029a FFF7FEFF 		bl	ST7789_Fill_Color
 3378              	.LVL357:
 777:../ST7789/st7789.c **** 	ST7789_DELAY(3000);
 3379              		.loc 1 777 2 view .LVU692
 3380 029e 134B     		ldr	r3, .L161+48
 3381 02a0 0093     		str	r3, [sp]
 3382 02a2 8023     		movs	r3, #128
 3383 02a4 1A46     		mov	r2, r3
 3384 02a6 2946     		mov	r1, r5
 3385 02a8 2846     		mov	r0, r5
 3386 02aa FFF7FEFF 		bl	ST7789_DrawImage
 3387              	.LVL358:
 778:../ST7789/st7789.c **** }
 3388              		.loc 1 778 2 view .LVU693
 3389 02ae 40F6B830 		movw	r0, #3000
 3390 02b2 FFF7FEFF 		bl	HAL_Delay
 3391              	.LVL359:
 779:../ST7789/st7789.c **** 
 3392              		.loc 1 779 1 is_stmt 0 view .LVU694
 3393 02b6 05B0     		add	sp, sp, #20
 3394              	.LCFI71:
 3395              		.cfi_def_cfa_offset 28
 3396              		@ sp needed
 3397 02b8 BDE8F083 		pop	{r4, r5, r6, r7, r8, r9, pc}
 3398              	.L162:
 3399              		.align	2
 3400              	.L161:
 3401 02bc 00000000 		.word	Font_11x18
 3402 02c0 00000000 		.word	.LC3
 3403 02c4 00000000 		.word	Font_16x26
 3404 02c8 0C000000 		.word	.LC4
 3405 02cc 00000000 		.word	Font_7x10
 3406 02d0 18000000 		.word	.LC5
 3407 02d4 28000000 		.word	.LC6
 3408 02d8 34000000 		.word	.LC7
 3409 02dc 44000000 		.word	.LC8
 3410 02e0 4C000000 		.word	.LC9
 3411 02e4 58000000 		.word	.LC10
 3412 02e8 64000000 		.word	.LC11
 3413 02ec 00000000 		.word	saber
ARM GAS  /tmp/ccvpQaby.s 			page 90


 3414              		.cfi_endproc
 3415              	.LFE92:
 3417              		.section	.rodata.ST7789_TestColors.str1.4,"aMS",%progbits,1
 3418              		.align	2
 3419              	.LC12:
 3420 0000 52454400 		.ascii	"RED\000"
 3421              		.align	2
 3422              	.LC13:
 3423 0004 47524545 		.ascii	"GREEN\000"
 3423      4E00
 3424 000a 0000     		.align	2
 3425              	.LC14:
 3426 000c 424C5545 		.ascii	"BLUE\000"
 3426      00
 3427              		.section	.text.ST7789_TestColors,"ax",%progbits
 3428              		.align	1
 3429              		.global	ST7789_TestColors
 3430              		.syntax unified
 3431              		.thumb
 3432              		.thumb_func
 3434              	ST7789_TestColors:
 3435              	.LFB93:
 787:../ST7789/st7789.c ****     ST7789_Fill_Color(RED); 
 3436              		.loc 1 787 1 is_stmt 1 view -0
 3437              		.cfi_startproc
 3438              		@ args = 0, pretend = 0, frame = 0
 3439              		@ frame_needed = 0, uses_anonymous_args = 0
 3440 0000 70B5     		push	{r4, r5, r6, lr}
 3441              	.LCFI72:
 3442              		.cfi_def_cfa_offset 16
 3443              		.cfi_offset 4, -16
 3444              		.cfi_offset 5, -12
 3445              		.cfi_offset 6, -8
 3446              		.cfi_offset 14, -4
 3447 0002 84B0     		sub	sp, sp, #16
 3448              	.LCFI73:
 3449              		.cfi_def_cfa_offset 32
 788:../ST7789/st7789.c **** 	ST7789_WriteString(100, 100, "RED", Font_16x26, WHITE, BLACK);
 3450              		.loc 1 788 5 view .LVU696
 3451 0004 4FF47840 		mov	r0, #63488
 3452 0008 FFF7FEFF 		bl	ST7789_Fill_Color
 3453              	.LVL360:
 789:../ST7789/st7789.c **** 	ST7789_DELAY(1000);
 3454              		.loc 1 789 2 view .LVU697
 3455 000c 1B4C     		ldr	r4, .L165
 3456 000e 0026     		movs	r6, #0
 3457 0010 0296     		str	r6, [sp, #8]
 3458 0012 4FF6FF75 		movw	r5, #65535
 3459 0016 0195     		str	r5, [sp, #4]
 3460 0018 6368     		ldr	r3, [r4, #4]
 3461 001a 0093     		str	r3, [sp]
 3462 001c 2368     		ldr	r3, [r4]
 3463 001e 184A     		ldr	r2, .L165+4
 3464 0020 6421     		movs	r1, #100
 3465 0022 0846     		mov	r0, r1
 3466 0024 FFF7FEFF 		bl	ST7789_WriteString
 3467              	.LVL361:
ARM GAS  /tmp/ccvpQaby.s 			page 91


 790:../ST7789/st7789.c **** 
 3468              		.loc 1 790 2 view .LVU698
 3469 0028 4FF47A70 		mov	r0, #1000
 3470 002c FFF7FEFF 		bl	HAL_Delay
 3471              	.LVL362:
 792:../ST7789/st7789.c **** 	ST7789_WriteString(85, 100, "GREEN", Font_16x26, WHITE, BLACK);
 3472              		.loc 1 792 5 view .LVU699
 3473 0030 4FF4FC60 		mov	r0, #2016
 3474 0034 FFF7FEFF 		bl	ST7789_Fill_Color
 3475              	.LVL363:
 793:../ST7789/st7789.c **** 	ST7789_DELAY(1000);
 3476              		.loc 1 793 2 view .LVU700
 3477 0038 0296     		str	r6, [sp, #8]
 3478 003a 0195     		str	r5, [sp, #4]
 3479 003c 6368     		ldr	r3, [r4, #4]
 3480 003e 0093     		str	r3, [sp]
 3481 0040 2368     		ldr	r3, [r4]
 3482 0042 104A     		ldr	r2, .L165+8
 3483 0044 6421     		movs	r1, #100
 3484 0046 5520     		movs	r0, #85
 3485 0048 FFF7FEFF 		bl	ST7789_WriteString
 3486              	.LVL364:
 794:../ST7789/st7789.c **** 
 3487              		.loc 1 794 2 view .LVU701
 3488 004c 4FF47A70 		mov	r0, #1000
 3489 0050 FFF7FEFF 		bl	HAL_Delay
 3490              	.LVL365:
 796:../ST7789/st7789.c **** 	ST7789_WriteString(90, 100, "BLUE", Font_16x26, WHITE, BLACK);
 3491              		.loc 1 796 5 view .LVU702
 3492 0054 1F20     		movs	r0, #31
 3493 0056 FFF7FEFF 		bl	ST7789_Fill_Color
 3494              	.LVL366:
 797:../ST7789/st7789.c **** 	ST7789_DELAY(1000);
 3495              		.loc 1 797 2 view .LVU703
 3496 005a 0296     		str	r6, [sp, #8]
 3497 005c 0195     		str	r5, [sp, #4]
 3498 005e 6368     		ldr	r3, [r4, #4]
 3499 0060 0093     		str	r3, [sp]
 3500 0062 2368     		ldr	r3, [r4]
 3501 0064 084A     		ldr	r2, .L165+12
 3502 0066 6421     		movs	r1, #100
 3503 0068 5A20     		movs	r0, #90
 3504 006a FFF7FEFF 		bl	ST7789_WriteString
 3505              	.LVL367:
 798:../ST7789/st7789.c **** }
 3506              		.loc 1 798 2 view .LVU704
 3507 006e 4FF47A70 		mov	r0, #1000
 3508 0072 FFF7FEFF 		bl	HAL_Delay
 3509              	.LVL368:
 799:../ST7789/st7789.c **** 
 3510              		.loc 1 799 1 is_stmt 0 view .LVU705
 3511 0076 04B0     		add	sp, sp, #16
 3512              	.LCFI74:
 3513              		.cfi_def_cfa_offset 16
 3514              		@ sp needed
 3515 0078 70BD     		pop	{r4, r5, r6, pc}
 3516              	.L166:
ARM GAS  /tmp/ccvpQaby.s 			page 92


 3517 007a 00BF     		.align	2
 3518              	.L165:
 3519 007c 00000000 		.word	Font_16x26
 3520 0080 00000000 		.word	.LC12
 3521 0084 04000000 		.word	.LC13
 3522 0088 0C000000 		.word	.LC14
 3523              		.cfi_endproc
 3524              	.LFE93:
 3526              		.section	.text.ST7789_DrawFastVLine,"ax",%progbits
 3527              		.align	1
 3528              		.global	ST7789_DrawFastVLine
 3529              		.syntax unified
 3530              		.thumb
 3531              		.thumb_func
 3533              	ST7789_DrawFastVLine:
 3534              	.LVL369:
 3535              	.LFB94:
 812:../ST7789/st7789.c ****     if ((x >= ST7789_WIDTH) || (y >= ST7789_HEIGHT)) return;
 3536              		.loc 1 812 1 is_stmt 1 view -0
 3537              		.cfi_startproc
 3538              		@ args = 0, pretend = 0, frame = 0
 3539              		@ frame_needed = 0, uses_anonymous_args = 0
 813:../ST7789/st7789.c **** 
 3540              		.loc 1 813 5 view .LVU707
 813:../ST7789/st7789.c **** 
 3541              		.loc 1 813 8 is_stmt 0 view .LVU708
 3542 0000 B0F5A07F 		cmp	r0, #320
 3543 0004 21D2     		bcs	.L171
 812:../ST7789/st7789.c ****     if ((x >= ST7789_WIDTH) || (y >= ST7789_HEIGHT)) return;
 3544              		.loc 1 812 1 view .LVU709
 3545 0006 38B5     		push	{r3, r4, r5, lr}
 3546              	.LCFI75:
 3547              		.cfi_def_cfa_offset 16
 3548              		.cfi_offset 3, -16
 3549              		.cfi_offset 4, -12
 3550              		.cfi_offset 5, -8
 3551              		.cfi_offset 14, -4
 3552 0008 1C46     		mov	r4, r3
 813:../ST7789/st7789.c **** 
 3553              		.loc 1 813 29 discriminator 2 view .LVU710
 3554 000a EF29     		cmp	r1, #239
 3555 000c 1CD8     		bhi	.L167
 815:../ST7789/st7789.c **** 
 3556              		.loc 1 815 5 is_stmt 1 view .LVU711
 815:../ST7789/st7789.c **** 
 3557              		.loc 1 815 35 is_stmt 0 view .LVU712
 3558 000e 8B18     		adds	r3, r1, r2
 3559              	.LVL370:
 815:../ST7789/st7789.c **** 
 3560              		.loc 1 815 14 view .LVU713
 3561 0010 F02B     		cmp	r3, #240
 3562 0012 02DD     		ble	.L169
 815:../ST7789/st7789.c **** 
 3563              		.loc 1 815 14 discriminator 1 view .LVU714
 3564 0014 C1F1F002 		rsb	r2, r1, #240
 3565              	.LVL371:
 815:../ST7789/st7789.c **** 
ARM GAS  /tmp/ccvpQaby.s 			page 93


 3566              		.loc 1 815 14 discriminator 1 view .LVU715
 3567 0018 92B2     		uxth	r2, r2
 3568              	.L169:
 3569              	.LVL372:
 817:../ST7789/st7789.c **** 
 3570              		.loc 1 817 5 is_stmt 1 view .LVU716
 817:../ST7789/st7789.c **** 
 3571              		.loc 1 817 40 is_stmt 0 view .LVU717
 3572 001a 02EB010C 		add	ip, r2, r1
 3573 001e 1FFA8CFC 		uxth	ip, ip
 817:../ST7789/st7789.c **** 
 3574              		.loc 1 817 5 view .LVU718
 3575 0022 0CF1FF3C 		add	ip, ip, #-1
 3576 0026 1FFA8CF3 		uxth	r3, ip
 3577 002a 0246     		mov	r2, r0
 3578              	.LVL373:
 817:../ST7789/st7789.c **** 
 3579              		.loc 1 817 5 view .LVU719
 3580 002c FFF7FEFF 		bl	ST7789_SetAddressWindow
 3581              	.LVL374:
 820:../ST7789/st7789.c ****     SendBuffer((uint16_t*)disp_buf, sizeof(disp_buf) / 2);      // Размер в 16-битных 
 3582              		.loc 1 820 5 is_stmt 1 view .LVU720
 3583 0030 064D     		ldr	r5, .L174
 3584 0032 4FF4C862 		mov	r2, #1600
 3585 0036 2146     		mov	r1, r4
 3586 0038 2846     		mov	r0, r5
 3587 003a FFF7FEFF 		bl	memset_16
 3588              	.LVL375:
 821:../ST7789/st7789.c **** #else
 3589              		.loc 1 821 5 view .LVU721
 3590 003e 4FF4C861 		mov	r1, #1600
 3591 0042 2846     		mov	r0, r5
 3592 0044 FFF7FEFF 		bl	SendBuffer
 3593              	.LVL376:
 3594              	.L167:
 829:../ST7789/st7789.c **** 
 3595              		.loc 1 829 1 is_stmt 0 view .LVU722
 3596 0048 38BD     		pop	{r3, r4, r5, pc}
 3597              	.LVL377:
 3598              	.L171:
 3599              	.LCFI76:
 3600              		.cfi_def_cfa_offset 0
 3601              		.cfi_restore 3
 3602              		.cfi_restore 4
 3603              		.cfi_restore 5
 3604              		.cfi_restore 14
 829:../ST7789/st7789.c **** 
 3605              		.loc 1 829 1 view .LVU723
 3606 004a 7047     		bx	lr
 3607              	.L175:
 3608              		.align	2
 3609              	.L174:
 3610 004c 00000000 		.word	disp_buf
 3611              		.cfi_endproc
 3612              	.LFE94:
 3614              		.section	.text.ST7789_DrawFastHLine,"ax",%progbits
 3615              		.align	1
ARM GAS  /tmp/ccvpQaby.s 			page 94


 3616              		.global	ST7789_DrawFastHLine
 3617              		.syntax unified
 3618              		.thumb
 3619              		.thumb_func
 3621              	ST7789_DrawFastHLine:
 3622              	.LVL378:
 3623              	.LFB95:
 840:../ST7789/st7789.c ****     if ((x >= ST7789_WIDTH) || (y >= ST7789_HEIGHT)) return;
 3624              		.loc 1 840 1 is_stmt 1 view -0
 3625              		.cfi_startproc
 3626              		@ args = 0, pretend = 0, frame = 0
 3627              		@ frame_needed = 0, uses_anonymous_args = 0
 841:../ST7789/st7789.c **** 
 3628              		.loc 1 841 5 view .LVU725
 841:../ST7789/st7789.c **** 
 3629              		.loc 1 841 8 is_stmt 0 view .LVU726
 3630 0000 B0F5A07F 		cmp	r0, #320
 3631 0004 1ED2     		bcs	.L180
 840:../ST7789/st7789.c ****     if ((x >= ST7789_WIDTH) || (y >= ST7789_HEIGHT)) return;
 3632              		.loc 1 840 1 view .LVU727
 3633 0006 38B5     		push	{r3, r4, r5, lr}
 3634              	.LCFI77:
 3635              		.cfi_def_cfa_offset 16
 3636              		.cfi_offset 3, -16
 3637              		.cfi_offset 4, -12
 3638              		.cfi_offset 5, -8
 3639              		.cfi_offset 14, -4
 3640 0008 1C46     		mov	r4, r3
 841:../ST7789/st7789.c **** 
 3641              		.loc 1 841 29 discriminator 2 view .LVU728
 3642 000a EF29     		cmp	r1, #239
 3643 000c 19D8     		bhi	.L176
 843:../ST7789/st7789.c **** 
 3644              		.loc 1 843 5 is_stmt 1 view .LVU729
 843:../ST7789/st7789.c **** 
 3645              		.loc 1 843 34 is_stmt 0 view .LVU730
 3646 000e 8318     		adds	r3, r0, r2
 3647              	.LVL379:
 843:../ST7789/st7789.c **** 
 3648              		.loc 1 843 14 view .LVU731
 3649 0010 B3F5A07F 		cmp	r3, #320
 3650 0014 02DD     		ble	.L178
 843:../ST7789/st7789.c **** 
 3651              		.loc 1 843 14 discriminator 1 view .LVU732
 3652 0016 C0F5A072 		rsb	r2, r0, #320
 3653              	.LVL380:
 843:../ST7789/st7789.c **** 
 3654              		.loc 1 843 14 discriminator 1 view .LVU733
 3655 001a 92B2     		uxth	r2, r2
 3656              	.L178:
 3657              	.LVL381:
 845:../ST7789/st7789.c **** 
 3658              		.loc 1 845 5 is_stmt 1 view .LVU734
 845:../ST7789/st7789.c **** 
 3659              		.loc 1 845 37 is_stmt 0 view .LVU735
 3660 001c 0244     		add	r2, r2, r0
 3661              	.LVL382:
ARM GAS  /tmp/ccvpQaby.s 			page 95


 845:../ST7789/st7789.c **** 
 3662              		.loc 1 845 37 view .LVU736
 3663 001e 92B2     		uxth	r2, r2
 845:../ST7789/st7789.c **** 
 3664              		.loc 1 845 5 view .LVU737
 3665 0020 013A     		subs	r2, r2, #1
 3666 0022 0B46     		mov	r3, r1
 3667 0024 92B2     		uxth	r2, r2
 3668 0026 FFF7FEFF 		bl	ST7789_SetAddressWindow
 3669              	.LVL383:
 848:../ST7789/st7789.c ****     SendBuffer((uint16_t*)disp_buf, sizeof(disp_buf) / 2);     
 3670              		.loc 1 848 6 is_stmt 1 view .LVU738
 3671 002a 074D     		ldr	r5, .L183
 3672 002c 4FF4C862 		mov	r2, #1600
 3673 0030 2146     		mov	r1, r4
 3674 0032 2846     		mov	r0, r5
 3675 0034 FFF7FEFF 		bl	memset_16
 3676              	.LVL384:
 849:../ST7789/st7789.c **** #else
 3677              		.loc 1 849 5 view .LVU739
 3678 0038 4FF4C861 		mov	r1, #1600
 3679 003c 2846     		mov	r0, r5
 3680 003e FFF7FEFF 		bl	SendBuffer
 3681              	.LVL385:
 3682              	.L176:
 857:../ST7789/st7789.c **** 
 3683              		.loc 1 857 1 is_stmt 0 view .LVU740
 3684 0042 38BD     		pop	{r3, r4, r5, pc}
 3685              	.LVL386:
 3686              	.L180:
 3687              	.LCFI78:
 3688              		.cfi_def_cfa_offset 0
 3689              		.cfi_restore 3
 3690              		.cfi_restore 4
 3691              		.cfi_restore 5
 3692              		.cfi_restore 14
 857:../ST7789/st7789.c **** 
 3693              		.loc 1 857 1 view .LVU741
 3694 0044 7047     		bx	lr
 3695              	.L184:
 3696 0046 00BF     		.align	2
 3697              	.L183:
 3698 0048 00000000 		.word	disp_buf
 3699              		.cfi_endproc
 3700              	.LFE95:
 3702              		.section	.text.ST7789_DrawFastFilledRectangle,"ax",%progbits
 3703              		.align	1
 3704              		.global	ST7789_DrawFastFilledRectangle
 3705              		.syntax unified
 3706              		.thumb
 3707              		.thumb_func
 3709              	ST7789_DrawFastFilledRectangle:
 3710              	.LVL387:
 3711              	.LFB96:
 867:../ST7789/st7789.c ****     /* Validate input */
 3712              		.loc 1 867 1 is_stmt 1 view -0
 3713              		.cfi_startproc
ARM GAS  /tmp/ccvpQaby.s 			page 96


 3714              		@ args = 4, pretend = 0, frame = 0
 3715              		@ frame_needed = 0, uses_anonymous_args = 0
 867:../ST7789/st7789.c ****     /* Validate input */
 3716              		.loc 1 867 1 is_stmt 0 view .LVU743
 3717 0000 F8B5     		push	{r3, r4, r5, r6, r7, lr}
 3718              	.LCFI79:
 3719              		.cfi_def_cfa_offset 24
 3720              		.cfi_offset 3, -24
 3721              		.cfi_offset 4, -20
 3722              		.cfi_offset 5, -16
 3723              		.cfi_offset 6, -12
 3724              		.cfi_offset 7, -8
 3725              		.cfi_offset 14, -4
 3726 0002 BDF81870 		ldrh	r7, [sp, #24]
 869:../ST7789/st7789.c ****         return; // Out of bounds, exit
 3727              		.loc 1 869 5 is_stmt 1 view .LVU744
 869:../ST7789/st7789.c ****         return; // Out of bounds, exit
 3728              		.loc 1 869 8 is_stmt 0 view .LVU745
 3729 0006 B0F5A07F 		cmp	r0, #320
 3730 000a 39D2     		bcs	.L185
 3731 000c 1646     		mov	r6, r2
 3732 000e 1C46     		mov	r4, r3
 869:../ST7789/st7789.c ****         return; // Out of bounds, exit
 3733              		.loc 1 869 27 discriminator 1 view .LVU746
 3734 0010 EF29     		cmp	r1, #239
 3735 0012 35D8     		bhi	.L185
 874:../ST7789/st7789.c ****         w = ST7789_WIDTH - x;
 3736              		.loc 1 874 5 is_stmt 1 view .LVU747
 874:../ST7789/st7789.c ****         w = ST7789_WIDTH - x;
 3737              		.loc 1 874 12 is_stmt 0 view .LVU748
 3738 0014 8318     		adds	r3, r0, r2
 3739              	.LVL388:
 874:../ST7789/st7789.c ****         w = ST7789_WIDTH - x;
 3740              		.loc 1 874 8 view .LVU749
 3741 0016 B3F5A07F 		cmp	r3, #320
 3742 001a 02DD     		ble	.L187
 875:../ST7789/st7789.c ****     }
 3743              		.loc 1 875 9 is_stmt 1 view .LVU750
 875:../ST7789/st7789.c ****     }
 3744              		.loc 1 875 11 is_stmt 0 view .LVU751
 3745 001c C0F5A076 		rsb	r6, r0, #320
 3746 0020 B6B2     		uxth	r6, r6
 3747              	.LVL389:
 3748              	.L187:
 877:../ST7789/st7789.c ****         h = ST7789_HEIGHT - y;
 3749              		.loc 1 877 5 is_stmt 1 view .LVU752
 877:../ST7789/st7789.c ****         h = ST7789_HEIGHT - y;
 3750              		.loc 1 877 12 is_stmt 0 view .LVU753
 3751 0022 0B19     		adds	r3, r1, r4
 877:../ST7789/st7789.c ****         h = ST7789_HEIGHT - y;
 3752              		.loc 1 877 8 view .LVU754
 3753 0024 F02B     		cmp	r3, #240
 3754 0026 02DD     		ble	.L188
 878:../ST7789/st7789.c ****     }
 3755              		.loc 1 878 9 is_stmt 1 view .LVU755
 878:../ST7789/st7789.c ****     }
 3756              		.loc 1 878 11 is_stmt 0 view .LVU756
ARM GAS  /tmp/ccvpQaby.s 			page 97


 3757 0028 C1F1F004 		rsb	r4, r1, #240
 3758              	.LVL390:
 878:../ST7789/st7789.c ****     }
 3759              		.loc 1 878 11 view .LVU757
 3760 002c A4B2     		uxth	r4, r4
 3761              	.LVL391:
 3762              	.L188:
 882:../ST7789/st7789.c ****     ST7789_Select();
 3763              		.loc 1 882 5 is_stmt 1 view .LVU758
 882:../ST7789/st7789.c ****     ST7789_Select();
 3764              		.loc 1 882 37 is_stmt 0 view .LVU759
 3765 002e 3218     		adds	r2, r6, r0
 3766 0030 92B2     		uxth	r2, r2
 882:../ST7789/st7789.c ****     ST7789_Select();
 3767              		.loc 1 882 48 view .LVU760
 3768 0032 6318     		adds	r3, r4, r1
 3769 0034 9BB2     		uxth	r3, r3
 882:../ST7789/st7789.c ****     ST7789_Select();
 3770              		.loc 1 882 5 view .LVU761
 3771 0036 013B     		subs	r3, r3, #1
 3772 0038 013A     		subs	r2, r2, #1
 3773 003a 9BB2     		uxth	r3, r3
 3774 003c 92B2     		uxth	r2, r2
 3775 003e FFF7FEFF 		bl	ST7789_SetAddressWindow
 3776              	.LVL392:
 883:../ST7789/st7789.c **** 
 3777              		.loc 1 883 5 is_stmt 1 view .LVU762
 3778              		.syntax unified
 3779              	@ 883 "../ST7789/st7789.c" 1
 3780 0042 00BF     		nop
 3781              	@ 0 "" 2
 887:../ST7789/st7789.c ****     uint32_t buffer_size = sizeof(disp_buf) / 2; // Buffer size in 16-bit pixels
 3782              		.loc 1 887 5 view .LVU763
 887:../ST7789/st7789.c ****     uint32_t buffer_size = sizeof(disp_buf) / 2; // Buffer size in 16-bit pixels
 3783              		.loc 1 887 31 is_stmt 0 view .LVU764
 3784              		.thumb
 3785              		.syntax unified
 3786 0044 04FB06F6 		mul	r6, r4, r6
 3787              	.LVL393:
 888:../ST7789/st7789.c **** 
 3788              		.loc 1 888 5 is_stmt 1 view .LVU765
 890:../ST7789/st7789.c ****         memset_16((uint16_t*)disp_buf, color, buffer_size); // Fill buffer with color
 3789              		.loc 1 890 5 view .LVU766
 3790              	.LBB15:
 890:../ST7789/st7789.c ****         memset_16((uint16_t*)disp_buf, color, buffer_size); // Fill buffer with color
 3791              		.loc 1 890 10 view .LVU767
 890:../ST7789/st7789.c ****         memset_16((uint16_t*)disp_buf, color, buffer_size); // Fill buffer with color
 3792              		.loc 1 890 19 is_stmt 0 view .LVU768
 3793 0048 0024     		movs	r4, #0
 3794              	.LVL394:
 890:../ST7789/st7789.c ****         memset_16((uint16_t*)disp_buf, color, buffer_size); // Fill buffer with color
 3795              		.loc 1 890 5 view .LVU769
 3796 004a 0CE0     		b	.L189
 3797              	.LVL395:
 3798              	.L190:
 891:../ST7789/st7789.c ****         SendBuffer((uint16_t*)disp_buf, buffer_size);       // Send filled buffer
 3799              		.loc 1 891 9 is_stmt 1 view .LVU770
ARM GAS  /tmp/ccvpQaby.s 			page 98


 3800 004c 124D     		ldr	r5, .L194
 3801 004e 4FF4C862 		mov	r2, #1600
 3802 0052 3946     		mov	r1, r7
 3803 0054 2846     		mov	r0, r5
 3804 0056 FFF7FEFF 		bl	memset_16
 3805              	.LVL396:
 892:../ST7789/st7789.c ****     }
 3806              		.loc 1 892 9 view .LVU771
 3807 005a 4FF4C861 		mov	r1, #1600
 3808 005e 2846     		mov	r0, r5
 3809 0060 FFF7FEFF 		bl	SendBuffer
 3810              	.LVL397:
 890:../ST7789/st7789.c ****         memset_16((uint16_t*)disp_buf, color, buffer_size); // Fill buffer with color
 3811              		.loc 1 890 59 discriminator 3 view .LVU772
 3812 0064 0134     		adds	r4, r4, #1
 3813              	.LVL398:
 3814              	.L189:
 890:../ST7789/st7789.c ****         memset_16((uint16_t*)disp_buf, color, buffer_size); // Fill buffer with color
 3815              		.loc 1 890 28 discriminator 1 view .LVU773
 890:../ST7789/st7789.c ****         memset_16((uint16_t*)disp_buf, color, buffer_size); // Fill buffer with color
 3816              		.loc 1 890 43 is_stmt 0 discriminator 1 view .LVU774
 3817 0066 0D49     		ldr	r1, .L194+4
 3818 0068 A1FB0631 		umull	r3, r1, r1, r6
 890:../ST7789/st7789.c ****         memset_16((uint16_t*)disp_buf, color, buffer_size); // Fill buffer with color
 3819              		.loc 1 890 28 discriminator 1 view .LVU775
 3820 006c B4EB512F 		cmp	r4, r1, lsr #9
 3821 0070 ECD3     		bcc	.L190
 3822              	.LBE15:
 896:../ST7789/st7789.c ****     if (remaining_pixels > 0) {
 3823              		.loc 1 896 5 is_stmt 1 view .LVU776
 896:../ST7789/st7789.c ****     if (remaining_pixels > 0) {
 3824              		.loc 1 896 14 is_stmt 0 view .LVU777
 3825 0072 4C0A     		lsrs	r4, r1, #9
 3826              	.LVL399:
 896:../ST7789/st7789.c ****     if (remaining_pixels > 0) {
 3827              		.loc 1 896 14 view .LVU778
 3828 0074 4FF4C863 		mov	r3, #1600
 3829 0078 03FB1464 		mls	r4, r3, r4, r6
 3830              	.LVL400:
 897:../ST7789/st7789.c ****         memset_16((uint16_t*)disp_buf, color, remaining_pixels);
 3831              		.loc 1 897 5 is_stmt 1 view .LVU779
 897:../ST7789/st7789.c ****         memset_16((uint16_t*)disp_buf, color, remaining_pixels);
 3832              		.loc 1 897 8 is_stmt 0 view .LVU780
 3833 007c 0CB9     		cbnz	r4, .L193
 3834              	.L191:
 912:../ST7789/st7789.c **** }
 3835              		.loc 1 912 5 is_stmt 1 view .LVU781
 3836              		.syntax unified
 3837              	@ 912 "../ST7789/st7789.c" 1
 3838 007e 00BF     		nop
 3839              	@ 0 "" 2
 3840              	.LVL401:
 3841              		.thumb
 3842              		.syntax unified
 3843              	.L185:
 913:../ST7789/st7789.c **** 
 3844              		.loc 1 913 1 is_stmt 0 view .LVU782
ARM GAS  /tmp/ccvpQaby.s 			page 99


 3845 0080 F8BD     		pop	{r3, r4, r5, r6, r7, pc}
 3846              	.LVL402:
 3847              	.L193:
 898:../ST7789/st7789.c ****         SendBuffer((uint16_t*)disp_buf, remaining_pixels);
 3848              		.loc 1 898 9 is_stmt 1 view .LVU783
 3849 0082 054D     		ldr	r5, .L194
 3850 0084 2246     		mov	r2, r4
 3851 0086 3946     		mov	r1, r7
 3852 0088 2846     		mov	r0, r5
 3853 008a FFF7FEFF 		bl	memset_16
 3854              	.LVL403:
 899:../ST7789/st7789.c ****     }
 3855              		.loc 1 899 9 view .LVU784
 3856 008e 2146     		mov	r1, r4
 3857 0090 2846     		mov	r0, r5
 3858 0092 FFF7FEFF 		bl	SendBuffer
 3859              	.LVL404:
 3860 0096 F2E7     		b	.L191
 3861              	.L195:
 3862              		.align	2
 3863              	.L194:
 3864 0098 00000000 		.word	disp_buf
 3865 009c 1F85EB51 		.word	1374389535
 3866              		.cfi_endproc
 3867              	.LFE96:
 3869              		.global	__aeabi_i2f
 3870              		.global	__aeabi_fdiv
 3871              		.global	__aeabi_fmul
 3872              		.global	__aeabi_fadd
 3873              		.global	__aeabi_f2iz
 3874              		.section	.text.ST7789_DrawFastFilledTriangle,"ax",%progbits
 3875              		.align	1
 3876              		.global	ST7789_DrawFastFilledTriangle
 3877              		.syntax unified
 3878              		.thumb
 3879              		.thumb_func
 3881              	ST7789_DrawFastFilledTriangle:
 3882              	.LVL405:
 3883              	.LFB97:
 918:../ST7789/st7789.c ****     // Sort the vertices by their y-coordinates (y1 <= y2 <= y3)
 3884              		.loc 1 918 1 view -0
 3885              		.cfi_startproc
 3886              		@ args = 12, pretend = 0, frame = 24
 3887              		@ frame_needed = 0, uses_anonymous_args = 0
 918:../ST7789/st7789.c ****     // Sort the vertices by their y-coordinates (y1 <= y2 <= y3)
 3888              		.loc 1 918 1 is_stmt 0 view .LVU786
 3889 0000 2DE9F04F 		push	{r4, r5, r6, r7, r8, r9, r10, fp, lr}
 3890              	.LCFI80:
 3891              		.cfi_def_cfa_offset 36
 3892              		.cfi_offset 4, -36
 3893              		.cfi_offset 5, -32
 3894              		.cfi_offset 6, -28
 3895              		.cfi_offset 7, -24
 3896              		.cfi_offset 8, -20
 3897              		.cfi_offset 9, -16
 3898              		.cfi_offset 10, -12
 3899              		.cfi_offset 11, -8
ARM GAS  /tmp/ccvpQaby.s 			page 100


 3900              		.cfi_offset 14, -4
 3901 0004 87B0     		sub	sp, sp, #28
 3902              	.LCFI81:
 3903              		.cfi_def_cfa_offset 64
 3904 0006 0290     		str	r0, [sp, #8]
 3905 0008 8C46     		mov	ip, r1
 3906 000a 0392     		str	r2, [sp, #12]
 3907 000c 9946     		mov	r9, r3
 3908 000e BDF840A0 		ldrh	r10, [sp, #64]
 3909 0012 BDF844B0 		ldrh	fp, [sp, #68]
 3910 0016 BDF84830 		ldrh	r3, [sp, #72]
 3911              	.LVL406:
 918:../ST7789/st7789.c ****     // Sort the vertices by their y-coordinates (y1 <= y2 <= y3)
 3912              		.loc 1 918 1 view .LVU787
 3913 001a 0593     		str	r3, [sp, #20]
 920:../ST7789/st7789.c ****     if (y2 > y3) { SWAP(x2, x3); SWAP(y2, y3); }
 3914              		.loc 1 920 5 is_stmt 1 view .LVU788
 920:../ST7789/st7789.c ****     if (y2 > y3) { SWAP(x2, x3); SWAP(y2, y3); }
 3915              		.loc 1 920 8 is_stmt 0 view .LVU789
 3916 001c 4945     		cmp	r1, r9
 3917 001e 05D8     		bhi	.L197
 3918 0020 1146     		mov	r1, r2
 3919              	.LVL407:
 920:../ST7789/st7789.c ****     if (y2 > y3) { SWAP(x2, x3); SWAP(y2, y3); }
 3920              		.loc 1 920 8 view .LVU790
 3921 0022 4A46     		mov	r2, r9
 3922              	.LVL408:
 920:../ST7789/st7789.c ****     if (y2 > y3) { SWAP(x2, x3); SWAP(y2, y3); }
 3923              		.loc 1 920 8 view .LVU791
 3924 0024 E146     		mov	r9, ip
 3925              	.LVL409:
 920:../ST7789/st7789.c ****     if (y2 > y3) { SWAP(x2, x3); SWAP(y2, y3); }
 3926              		.loc 1 920 8 view .LVU792
 3927 0026 9446     		mov	ip, r2
 3928              	.LVL410:
 920:../ST7789/st7789.c ****     if (y2 > y3) { SWAP(x2, x3); SWAP(y2, y3); }
 3929              		.loc 1 920 8 view .LVU793
 3930 0028 0390     		str	r0, [sp, #12]
 3931 002a 0291     		str	r1, [sp, #8]
 3932              	.LVL411:
 3933              	.L197:
 920:../ST7789/st7789.c ****     if (y2 > y3) { SWAP(x2, x3); SWAP(y2, y3); }
 3934              		.loc 1 920 34 is_stmt 1 discriminator 3 view .LVU794
 921:../ST7789/st7789.c ****     if (y1 > y2) { SWAP(x1, x2); SWAP(y1, y2); }
 3935              		.loc 1 921 5 view .LVU795
 921:../ST7789/st7789.c ****     if (y1 > y2) { SWAP(x1, x2); SWAP(y1, y2); }
 3936              		.loc 1 921 8 is_stmt 0 view .LVU796
 3937 002c DC45     		cmp	ip, fp
 3938 002e 06D8     		bhi	.L198
 3939 0030 5A46     		mov	r2, fp
 3940 0032 E346     		mov	fp, ip
 3941 0034 9446     		mov	ip, r2
 3942              	.LVL412:
 921:../ST7789/st7789.c ****     if (y1 > y2) { SWAP(x1, x2); SWAP(y1, y2); }
 3943              		.loc 1 921 8 view .LVU797
 3944 0036 5246     		mov	r2, r10
 3945 0038 DDF808A0 		ldr	r10, [sp, #8]
ARM GAS  /tmp/ccvpQaby.s 			page 101


 3946 003c 0292     		str	r2, [sp, #8]
 3947              	.LVL413:
 3948              	.L198:
 921:../ST7789/st7789.c ****     if (y1 > y2) { SWAP(x1, x2); SWAP(y1, y2); }
 3949              		.loc 1 921 34 is_stmt 1 discriminator 3 view .LVU798
 922:../ST7789/st7789.c **** 
 3950              		.loc 1 922 5 view .LVU799
 922:../ST7789/st7789.c **** 
 3951              		.loc 1 922 8 is_stmt 0 view .LVU800
 3952 003e D945     		cmp	r9, fp
 3953 0040 06D8     		bhi	.L199
 3954 0042 5A46     		mov	r2, fp
 3955 0044 CB46     		mov	fp, r9
 3956              	.LVL414:
 922:../ST7789/st7789.c **** 
 3957              		.loc 1 922 8 view .LVU801
 3958 0046 9146     		mov	r9, r2
 3959              	.LVL415:
 922:../ST7789/st7789.c **** 
 3960              		.loc 1 922 8 view .LVU802
 3961 0048 5246     		mov	r2, r10
 3962              	.LVL416:
 922:../ST7789/st7789.c **** 
 3963              		.loc 1 922 8 view .LVU803
 3964 004a DDF80CA0 		ldr	r10, [sp, #12]
 3965              	.LVL417:
 922:../ST7789/st7789.c **** 
 3966              		.loc 1 922 8 view .LVU804
 3967 004e 0392     		str	r2, [sp, #12]
 3968              	.LVL418:
 3969              	.L199:
 922:../ST7789/st7789.c **** 
 3970              		.loc 1 922 34 is_stmt 1 discriminator 3 view .LVU805
 924:../ST7789/st7789.c **** 
 3971              		.loc 1 924 5 view .LVU806
 3972              		.syntax unified
 3973              	@ 924 "../ST7789/st7789.c" 1
 3974 0050 00BF     		nop
 3975              	@ 0 "" 2
 926:../ST7789/st7789.c **** 
 3976              		.loc 1 926 5 view .LVU807
 926:../ST7789/st7789.c **** 
 3977              		.loc 1 926 14 is_stmt 0 view .LVU808
 3978              		.thumb
 3979              		.syntax unified
 3980 0052 ACEB0B02 		sub	r2, ip, fp
 3981 0056 93B2     		uxth	r3, r2
 3982 0058 0493     		str	r3, [sp, #16]
 3983              	.LVL419:
 929:../ST7789/st7789.c ****         // Check whether the current scanline belongs to the lower or upper segment of the triangle
 3984              		.loc 1 929 5 is_stmt 1 view .LVU809
 3985              	.LBB16:
 929:../ST7789/st7789.c ****         // Check whether the current scanline belongs to the lower or upper segment of the triangle
 3986              		.loc 1 929 10 view .LVU810
 929:../ST7789/st7789.c ****         // Check whether the current scanline belongs to the lower or upper segment of the triangle
 3987              		.loc 1 929 19 is_stmt 0 view .LVU811
 3988 005a 5C46     		mov	r4, fp
ARM GAS  /tmp/ccvpQaby.s 			page 102


 3989 005c CDF804C0 		str	ip, [sp, #4]
 929:../ST7789/st7789.c ****         // Check whether the current scanline belongs to the lower or upper segment of the triangle
 3990              		.loc 1 929 5 view .LVU812
 3991 0060 59E0     		b	.L200
 3992              	.LVL420:
 3993              	.L201:
 3994              	.LBB17:
 932:../ST7789/st7789.c **** 
 3995              		.loc 1 932 18 discriminator 1 view .LVU813
 3996 0062 019B     		ldr	r3, [sp, #4]
 3997 0064 A3EB0906 		sub	r6, r3, r9
 3998 0068 B6B2     		uxth	r6, r6
 3999 006a 0127     		movs	r7, #1
 4000              	.L202:
 4001              	.LVL421:
 935:../ST7789/st7789.c ****         float beta = (float)(y - (is_lower ? y2 : y1)) / segment_height; // Progress within the seg
 4002              		.loc 1 935 9 is_stmt 1 view .LVU814
 935:../ST7789/st7789.c ****         float beta = (float)(y - (is_lower ? y2 : y1)) / segment_height; // Progress within the seg
 4003              		.loc 1 935 33 is_stmt 0 view .LVU815
 4004 006c 0094     		str	r4, [sp]
 4005 006e D846     		mov	r8, fp
 935:../ST7789/st7789.c ****         float beta = (float)(y - (is_lower ? y2 : y1)) / segment_height; // Progress within the seg
 4006              		.loc 1 935 23 view .LVU816
 4007 0070 A4EB0B00 		sub	r0, r4, fp
 4008 0074 FFF7FEFF 		bl	__aeabi_i2f
 4009              	.LVL422:
 4010 0078 0546     		mov	r5, r0
 935:../ST7789/st7789.c ****         float beta = (float)(y - (is_lower ? y2 : y1)) / segment_height; // Progress within the seg
 4011              		.loc 1 935 39 view .LVU817
 4012 007a 0498     		ldr	r0, [sp, #16]
 4013 007c FFF7FEFF 		bl	__aeabi_i2f
 4014              	.LVL423:
 4015 0080 0146     		mov	r1, r0
 935:../ST7789/st7789.c ****         float beta = (float)(y - (is_lower ? y2 : y1)) / segment_height; // Progress within the seg
 4016              		.loc 1 935 15 view .LVU818
 4017 0082 2846     		mov	r0, r5
 4018 0084 FFF7FEFF 		bl	__aeabi_fdiv
 4019              	.LVL424:
 4020 0088 0546     		mov	r5, r0
 4021              	.LVL425:
 936:../ST7789/st7789.c **** 
 4022              		.loc 1 936 9 is_stmt 1 view .LVU819
 936:../ST7789/st7789.c **** 
 4023              		.loc 1 936 49 is_stmt 0 view .LVU820
 4024 008a 07B1     		cbz	r7, .L203
 936:../ST7789/st7789.c **** 
 4025              		.loc 1 936 49 discriminator 1 view .LVU821
 4026 008c C846     		mov	r8, r9
 4027              	.L203:
 936:../ST7789/st7789.c **** 
 4028              		.loc 1 936 22 discriminator 4 view .LVU822
 4029 008e 009B     		ldr	r3, [sp]
 4030 0090 A3EB0800 		sub	r0, r3, r8
 4031              	.LVL426:
 936:../ST7789/st7789.c **** 
 4032              		.loc 1 936 22 discriminator 4 view .LVU823
 4033 0094 FFF7FEFF 		bl	__aeabi_i2f
ARM GAS  /tmp/ccvpQaby.s 			page 103


 4034              	.LVL427:
 4035 0098 8046     		mov	r8, r0
 936:../ST7789/st7789.c **** 
 4036              		.loc 1 936 56 discriminator 4 view .LVU824
 4037 009a 3046     		mov	r0, r6
 4038 009c FFF7FEFF 		bl	__aeabi_i2f
 4039              	.LVL428:
 4040 00a0 0146     		mov	r1, r0
 936:../ST7789/st7789.c **** 
 4041              		.loc 1 936 15 discriminator 4 view .LVU825
 4042 00a2 4046     		mov	r0, r8
 4043 00a4 FFF7FEFF 		bl	__aeabi_fdiv
 4044              	.LVL429:
 4045 00a8 8046     		mov	r8, r0
 4046              	.LVL430:
 939:../ST7789/st7789.c ****         int16_t B = is_lower ? x2 + (x3 - x2) * beta : x1 + (x2 - x1) * beta;
 4047              		.loc 1 939 9 is_stmt 1 view .LVU826
 939:../ST7789/st7789.c ****         int16_t B = is_lower ? x2 + (x3 - x2) * beta : x1 + (x2 - x1) * beta;
 4048              		.loc 1 939 24 is_stmt 0 view .LVU827
 4049 00aa 5046     		mov	r0, r10
 4050              	.LVL431:
 939:../ST7789/st7789.c ****         int16_t B = is_lower ? x2 + (x3 - x2) * beta : x1 + (x2 - x1) * beta;
 4051              		.loc 1 939 24 view .LVU828
 4052 00ac FFF7FEFF 		bl	__aeabi_i2f
 4053              	.LVL432:
 4054 00b0 0646     		mov	r6, r0
 4055              	.LVL433:
 939:../ST7789/st7789.c ****         int16_t B = is_lower ? x2 + (x3 - x2) * beta : x1 + (x2 - x1) * beta;
 4056              		.loc 1 939 36 view .LVU829
 4057 00b2 029B     		ldr	r3, [sp, #8]
 4058 00b4 A3EB0A00 		sub	r0, r3, r10
 4059 00b8 FFF7FEFF 		bl	__aeabi_i2f
 4060              	.LVL434:
 4061 00bc 2946     		mov	r1, r5
 4062 00be FFF7FEFF 		bl	__aeabi_fmul
 4063              	.LVL435:
 4064 00c2 0146     		mov	r1, r0
 939:../ST7789/st7789.c ****         int16_t B = is_lower ? x2 + (x3 - x2) * beta : x1 + (x2 - x1) * beta;
 4065              		.loc 1 939 24 view .LVU830
 4066 00c4 3046     		mov	r0, r6
 4067 00c6 FFF7FEFF 		bl	__aeabi_fadd
 4068              	.LVL436:
 939:../ST7789/st7789.c ****         int16_t B = is_lower ? x2 + (x3 - x2) * beta : x1 + (x2 - x1) * beta;
 4069              		.loc 1 939 17 view .LVU831
 4070 00ca FFF7FEFF 		bl	__aeabi_f2iz
 4071              	.LVL437:
 4072 00ce 05B2     		sxth	r5, r0
 4073              	.LVL438:
 940:../ST7789/st7789.c **** 
 4074              		.loc 1 940 9 is_stmt 1 view .LVU832
 940:../ST7789/st7789.c **** 
 4075              		.loc 1 940 17 is_stmt 0 view .LVU833
 4076 00d0 6FB3     		cbz	r7, .L204
 940:../ST7789/st7789.c **** 
 4077              		.loc 1 940 47 discriminator 1 view .LVU834
 4078 00d2 029B     		ldr	r3, [sp, #8]
 4079 00d4 039F     		ldr	r7, [sp, #12]
ARM GAS  /tmp/ccvpQaby.s 			page 104


 4080 00d6 D81B     		subs	r0, r3, r7
 4081 00d8 FFF7FEFF 		bl	__aeabi_i2f
 4082              	.LVL439:
 4083 00dc 4146     		mov	r1, r8
 4084 00de FFF7FEFF 		bl	__aeabi_fmul
 4085              	.LVL440:
 4086 00e2 0646     		mov	r6, r0
 940:../ST7789/st7789.c **** 
 4087              		.loc 1 940 35 discriminator 1 view .LVU835
 4088 00e4 3846     		mov	r0, r7
 4089 00e6 FFF7FEFF 		bl	__aeabi_i2f
 4090              	.LVL441:
 4091 00ea 3146     		mov	r1, r6
 4092 00ec FFF7FEFF 		bl	__aeabi_fadd
 4093              	.LVL442:
 940:../ST7789/st7789.c **** 
 4094              		.loc 1 940 17 discriminator 1 view .LVU836
 4095 00f0 FFF7FEFF 		bl	__aeabi_f2iz
 4096              	.LVL443:
 4097 00f4 00B2     		sxth	r0, r0
 4098              	.L205:
 4099              	.LVL444:
 943:../ST7789/st7789.c **** 
 4100              		.loc 1 943 9 is_stmt 1 view .LVU837
 943:../ST7789/st7789.c **** 
 4101              		.loc 1 943 12 is_stmt 0 view .LVU838
 4102 00f6 A842     		cmp	r0, r5
 4103 00f8 02DB     		blt	.L206
 4104 00fa 0346     		mov	r3, r0
 939:../ST7789/st7789.c ****         int16_t B = is_lower ? x2 + (x3 - x2) * beta : x1 + (x2 - x1) * beta;
 4105              		.loc 1 939 17 view .LVU839
 4106 00fc 2846     		mov	r0, r5
 4107              	.LVL445:
 940:../ST7789/st7789.c **** 
 4108              		.loc 1 940 17 discriminator 4 view .LVU840
 4109 00fe 1D46     		mov	r5, r3
 4110              	.LVL446:
 4111              	.L206:
 943:../ST7789/st7789.c **** 
 4112              		.loc 1 943 20 is_stmt 1 discriminator 3 view .LVU841
 946:../ST7789/st7789.c ****     }
 4113              		.loc 1 946 9 view .LVU842
 4114 0100 80B2     		uxth	r0, r0
 946:../ST7789/st7789.c ****     }
 4115              		.loc 1 946 38 is_stmt 0 view .LVU843
 4116 0102 2A1A     		subs	r2, r5, r0
 4117 0104 92B2     		uxth	r2, r2
 946:../ST7789/st7789.c ****     }
 4118              		.loc 1 946 9 view .LVU844
 4119 0106 0132     		adds	r2, r2, #1
 4120 0108 059B     		ldr	r3, [sp, #20]
 4121 010a 92B2     		uxth	r2, r2
 4122 010c 2146     		mov	r1, r4
 4123 010e FFF7FEFF 		bl	ST7789_DrawFastHLine
 4124              	.LVL447:
 946:../ST7789/st7789.c ****     }
 4125              		.loc 1 946 9 view .LVU845
ARM GAS  /tmp/ccvpQaby.s 			page 105


 4126              	.LBE17:
 929:../ST7789/st7789.c ****         // Check whether the current scanline belongs to the lower or upper segment of the triangle
 4127              		.loc 1 929 37 is_stmt 1 discriminator 2 view .LVU846
 4128 0112 0134     		adds	r4, r4, #1
 4129              	.LVL448:
 929:../ST7789/st7789.c ****         // Check whether the current scanline belongs to the lower or upper segment of the triangle
 4130              		.loc 1 929 37 is_stmt 0 discriminator 2 view .LVU847
 4131 0114 A4B2     		uxth	r4, r4
 4132              	.LVL449:
 4133              	.L200:
 929:../ST7789/st7789.c ****         // Check whether the current scanline belongs to the lower or upper segment of the triangle
 4134              		.loc 1 929 29 is_stmt 1 discriminator 1 view .LVU848
 4135 0116 019B     		ldr	r3, [sp, #4]
 4136 0118 A342     		cmp	r3, r4
 4137 011a 18D3     		bcc	.L209
 4138              	.LBB18:
 931:../ST7789/st7789.c ****         uint16_t segment_height = is_lower ? (y3 - y2) : (y2 - y1);
 4139              		.loc 1 931 9 view .LVU849
 931:../ST7789/st7789.c ****         uint16_t segment_height = is_lower ? (y3 - y2) : (y2 - y1);
 4140              		.loc 1 931 32 is_stmt 0 view .LVU850
 4141 011c A145     		cmp	r9, r4
 4142 011e A0D3     		bcc	.L201
 931:../ST7789/st7789.c ****         uint16_t segment_height = is_lower ? (y3 - y2) : (y2 - y1);
 4143              		.loc 1 931 32 discriminator 2 view .LVU851
 4144 0120 CB45     		cmp	fp, r9
 4145 0122 9ED0     		beq	.L201
 4146              	.LVL450:
 932:../ST7789/st7789.c **** 
 4147              		.loc 1 932 9 is_stmt 1 view .LVU852
 932:../ST7789/st7789.c **** 
 4148              		.loc 1 932 18 is_stmt 0 discriminator 2 view .LVU853
 4149 0124 A9EB0B06 		sub	r6, r9, fp
 4150 0128 B6B2     		uxth	r6, r6
 931:../ST7789/st7789.c ****         uint16_t segment_height = is_lower ? (y3 - y2) : (y2 - y1);
 4151              		.loc 1 931 14 discriminator 6 view .LVU854
 4152 012a 0027     		movs	r7, #0
 4153 012c 9EE7     		b	.L202
 4154              	.LVL451:
 4155              	.L204:
 940:../ST7789/st7789.c **** 
 4156              		.loc 1 940 71 discriminator 2 view .LVU855
 4157 012e 039B     		ldr	r3, [sp, #12]
 4158 0130 A3EB0A00 		sub	r0, r3, r10
 4159 0134 FFF7FEFF 		bl	__aeabi_i2f
 4160              	.LVL452:
 4161 0138 4146     		mov	r1, r8
 4162 013a FFF7FEFF 		bl	__aeabi_fmul
 4163              	.LVL453:
 4164 013e 0146     		mov	r1, r0
 940:../ST7789/st7789.c **** 
 4165              		.loc 1 940 59 discriminator 2 view .LVU856
 4166 0140 3046     		mov	r0, r6
 4167 0142 FFF7FEFF 		bl	__aeabi_fadd
 4168              	.LVL454:
 940:../ST7789/st7789.c **** 
 4169              		.loc 1 940 17 discriminator 2 view .LVU857
 4170 0146 FFF7FEFF 		bl	__aeabi_f2iz
ARM GAS  /tmp/ccvpQaby.s 			page 106


 4171              	.LVL455:
 4172 014a 00B2     		sxth	r0, r0
 4173 014c D3E7     		b	.L205
 4174              	.LVL456:
 4175              	.L209:
 940:../ST7789/st7789.c **** 
 4176              		.loc 1 940 17 discriminator 2 view .LVU858
 4177              	.LBE18:
 4178              	.LBE16:
 949:../ST7789/st7789.c **** }
 4179              		.loc 1 949 5 is_stmt 1 view .LVU859
 4180              		.syntax unified
 4181              	@ 949 "../ST7789/st7789.c" 1
 4182 014e 00BF     		nop
 4183              	@ 0 "" 2
 950:../ST7789/st7789.c **** 
 4184              		.loc 1 950 1 is_stmt 0 view .LVU860
 4185              		.thumb
 4186              		.syntax unified
 4187 0150 07B0     		add	sp, sp, #28
 4188              	.LCFI82:
 4189              		.cfi_def_cfa_offset 36
 4190              		@ sp needed
 4191 0152 BDE8F08F 		pop	{r4, r5, r6, r7, r8, r9, r10, fp, pc}
 950:../ST7789/st7789.c **** 
 4192              		.loc 1 950 1 view .LVU861
 4193              		.cfi_endproc
 4194              	.LFE97:
 4196              		.section	.text.ST7789_DrawFastFilledCircle,"ax",%progbits
 4197              		.align	1
 4198              		.global	ST7789_DrawFastFilledCircle
 4199              		.syntax unified
 4200              		.thumb
 4201              		.thumb_func
 4203              	ST7789_DrawFastFilledCircle:
 4204              	.LVL457:
 4205              	.LFB98:
 960:../ST7789/st7789.c ****     ST7789_Select();
 4206              		.loc 1 960 1 is_stmt 1 view -0
 4207              		.cfi_startproc
 4208              		@ args = 0, pretend = 0, frame = 16
 4209              		@ frame_needed = 0, uses_anonymous_args = 0
 960:../ST7789/st7789.c ****     ST7789_Select();
 4210              		.loc 1 960 1 is_stmt 0 view .LVU863
 4211 0000 2DE9F04F 		push	{r4, r5, r6, r7, r8, r9, r10, fp, lr}
 4212              	.LCFI83:
 4213              		.cfi_def_cfa_offset 36
 4214              		.cfi_offset 4, -36
 4215              		.cfi_offset 5, -32
 4216              		.cfi_offset 6, -28
 4217              		.cfi_offset 7, -24
 4218              		.cfi_offset 8, -20
 4219              		.cfi_offset 9, -16
 4220              		.cfi_offset 10, -12
 4221              		.cfi_offset 11, -8
 4222              		.cfi_offset 14, -4
 4223 0004 85B0     		sub	sp, sp, #20
ARM GAS  /tmp/ccvpQaby.s 			page 107


 4224              	.LCFI84:
 4225              		.cfi_def_cfa_offset 56
 4226 0006 0092     		str	r2, [sp]
 4227 0008 9B46     		mov	fp, r3
 961:../ST7789/st7789.c ****     int16_t f = 1 - r;
 4228              		.loc 1 961 5 is_stmt 1 view .LVU864
 4229              		.syntax unified
 4230              	@ 961 "../ST7789/st7789.c" 1
 4231 000a 00BF     		nop
 4232              	@ 0 "" 2
 962:../ST7789/st7789.c ****     int16_t ddF_x = 1;
 4233              		.loc 1 962 5 view .LVU865
 962:../ST7789/st7789.c ****     int16_t ddF_x = 1;
 4234              		.loc 1 962 19 is_stmt 0 view .LVU866
 4235              		.thumb
 4236              		.syntax unified
 4237 000c 94B2     		uxth	r4, r2
 4238 000e C4F10105 		rsb	r5, r4, #1
 962:../ST7789/st7789.c ****     int16_t ddF_x = 1;
 4239              		.loc 1 962 13 view .LVU867
 4240 0012 2DB2     		sxth	r5, r5
 4241              	.LVL458:
 963:../ST7789/st7789.c ****     int16_t ddF_y = -2 * r;
 4242              		.loc 1 963 5 is_stmt 1 view .LVU868
 964:../ST7789/st7789.c ****     int16_t x = 0;
 4243              		.loc 1 964 5 view .LVU869
 964:../ST7789/st7789.c ****     int16_t x = 0;
 4244              		.loc 1 964 24 is_stmt 0 view .LVU870
 4245 0014 C4EBC436 		rsb	r6, r4, r4, lsl #15
 4246 0018 7600     		lsls	r6, r6, #1
 4247 001a B2B2     		uxth	r2, r6
 4248              	.LVL459:
 964:../ST7789/st7789.c ****     int16_t x = 0;
 4249              		.loc 1 964 13 view .LVU871
 4250 001c 36B2     		sxth	r6, r6
 4251 001e 0396     		str	r6, [sp, #12]
 4252              	.LVL460:
 965:../ST7789/st7789.c ****     int16_t y = r;
 4253              		.loc 1 965 5 is_stmt 1 view .LVU872
 966:../ST7789/st7789.c **** 
 4254              		.loc 1 966 5 view .LVU873
 968:../ST7789/st7789.c **** 
 4255              		.loc 1 968 5 view .LVU874
 4256 0020 80B2     		uxth	r0, r0
 968:../ST7789/st7789.c **** 
 4257              		.loc 1 968 5 is_stmt 0 view .LVU875
 4258 0022 0190     		str	r0, [sp, #4]
 4259 0024 1FFA81FA 		uxth	r10, r1
 4260 0028 C2F10102 		rsb	r2, r2, #1
 4261 002c 001B     		subs	r0, r0, r4
 4262              	.LVL461:
 968:../ST7789/st7789.c **** 
 4263              		.loc 1 968 5 view .LVU876
 4264 002e 92B2     		uxth	r2, r2
 4265 0030 5146     		mov	r1, r10
 968:../ST7789/st7789.c **** 
 4266              		.loc 1 968 5 view .LVU877
ARM GAS  /tmp/ccvpQaby.s 			page 108


 4267 0032 80B2     		uxth	r0, r0
 4268 0034 FFF7FEFF 		bl	ST7789_DrawFastHLine
 4269              	.LVL462:
 970:../ST7789/st7789.c ****         if (f >= 0) {
 4270              		.loc 1 970 5 is_stmt 1 view .LVU878
 965:../ST7789/st7789.c ****     int16_t y = r;
 4271              		.loc 1 965 13 is_stmt 0 view .LVU879
 4272 0038 4FF00008 		mov	r8, #0
 963:../ST7789/st7789.c ****     int16_t ddF_y = -2 * r;
 4273              		.loc 1 963 13 view .LVU880
 4274 003c 0123     		movs	r3, #1
 4275 003e 0293     		str	r3, [sp, #8]
 970:../ST7789/st7789.c ****         if (f >= 0) {
 4276              		.loc 1 970 11 view .LVU881
 4277 0040 49E0     		b	.L211
 4278              	.LVL463:
 4279              	.L216:
 972:../ST7789/st7789.c ****             ddF_y += 2;
 4280              		.loc 1 972 13 is_stmt 1 view .LVU882
 972:../ST7789/st7789.c ****             ddF_y += 2;
 4281              		.loc 1 972 14 is_stmt 0 view .LVU883
 4282 0042 009B     		ldr	r3, [sp]
 4283 0044 013B     		subs	r3, r3, #1
 4284 0046 1BB2     		sxth	r3, r3
 4285 0048 0093     		str	r3, [sp]
 4286              	.LVL464:
 973:../ST7789/st7789.c ****             f += ddF_y;
 4287              		.loc 1 973 13 is_stmt 1 view .LVU884
 973:../ST7789/st7789.c ****             f += ddF_y;
 4288              		.loc 1 973 19 is_stmt 0 view .LVU885
 4289 004a 039A     		ldr	r2, [sp, #12]
 4290 004c 0232     		adds	r2, r2, #2
 4291 004e 93B2     		uxth	r3, r2
 4292 0050 12B2     		sxth	r2, r2
 4293 0052 0392     		str	r2, [sp, #12]
 4294              	.LVL465:
 974:../ST7789/st7789.c ****         }
 4295              		.loc 1 974 13 is_stmt 1 view .LVU886
 974:../ST7789/st7789.c ****         }
 4296              		.loc 1 974 15 is_stmt 0 view .LVU887
 4297 0054 2B44     		add	r3, r3, r5
 4298 0056 1DB2     		sxth	r5, r3
 4299              	.LVL466:
 4300              	.L212:
 976:../ST7789/st7789.c ****         ddF_x += 2;
 4301              		.loc 1 976 9 is_stmt 1 view .LVU888
 976:../ST7789/st7789.c ****         ddF_x += 2;
 4302              		.loc 1 976 10 is_stmt 0 view .LVU889
 4303 0058 08F10108 		add	r8, r8, #1
 4304              	.LVL467:
 976:../ST7789/st7789.c ****         ddF_x += 2;
 4305              		.loc 1 976 10 view .LVU890
 4306 005c 1FFA88F7 		uxth	r7, r8
 4307 0060 0FFA88F8 		sxth	r8, r8
 4308              	.LVL468:
 977:../ST7789/st7789.c ****         f += ddF_x;
 4309              		.loc 1 977 9 is_stmt 1 view .LVU891
ARM GAS  /tmp/ccvpQaby.s 			page 109


 977:../ST7789/st7789.c ****         f += ddF_x;
 4310              		.loc 1 977 15 is_stmt 0 view .LVU892
 4311 0064 029A     		ldr	r2, [sp, #8]
 4312 0066 0232     		adds	r2, r2, #2
 4313 0068 93B2     		uxth	r3, r2
 4314 006a 12B2     		sxth	r2, r2
 4315 006c 0292     		str	r2, [sp, #8]
 4316              	.LVL469:
 978:../ST7789/st7789.c **** 
 4317              		.loc 1 978 9 is_stmt 1 view .LVU893
 978:../ST7789/st7789.c **** 
 4318              		.loc 1 978 11 is_stmt 0 view .LVU894
 4319 006e 2B44     		add	r3, r3, r5
 4320 0070 1DB2     		sxth	r5, r3
 4321              	.LVL470:
 980:../ST7789/st7789.c ****         ST7789_DrawFastHLine(x0 - x, y0 - y, 2 * x + 1, color); 
 4322              		.loc 1 980 9 is_stmt 1 view .LVU895
 4323 0072 019B     		ldr	r3, [sp, #4]
 4324 0074 A3EB0709 		sub	r9, r3, r7
 4325 0078 1FFA89F9 		uxth	r9, r9
 4326 007c BDF80040 		ldrh	r4, [sp]
 980:../ST7789/st7789.c ****         ST7789_DrawFastHLine(x0 - x, y0 - y, 2 * x + 1, color); 
 4327              		.loc 1 980 48 is_stmt 0 view .LVU896
 4328 0080 7E00     		lsls	r6, r7, #1
 4329 0082 B6B2     		uxth	r6, r6
 980:../ST7789/st7789.c ****         ST7789_DrawFastHLine(x0 - x, y0 - y, 2 * x + 1, color); 
 4330              		.loc 1 980 9 view .LVU897
 4331 0084 0136     		adds	r6, r6, #1
 4332 0086 B6B2     		uxth	r6, r6
 4333 0088 0AEB0401 		add	r1, r10, r4
 4334 008c 5B46     		mov	r3, fp
 4335 008e 3246     		mov	r2, r6
 4336 0090 89B2     		uxth	r1, r1
 4337 0092 4846     		mov	r0, r9
 4338 0094 FFF7FEFF 		bl	ST7789_DrawFastHLine
 4339              	.LVL471:
 981:../ST7789/st7789.c **** 
 4340              		.loc 1 981 9 is_stmt 1 view .LVU898
 4341 0098 AAEB0401 		sub	r1, r10, r4
 4342 009c 5B46     		mov	r3, fp
 4343 009e 3246     		mov	r2, r6
 4344 00a0 89B2     		uxth	r1, r1
 4345 00a2 4846     		mov	r0, r9
 4346 00a4 FFF7FEFF 		bl	ST7789_DrawFastHLine
 4347              	.LVL472:
 983:../ST7789/st7789.c ****         ST7789_DrawFastHLine(x0 - y, y0 - x, 2 * y + 1, color); 
 4348              		.loc 1 983 9 view .LVU899
 4349 00a8 019B     		ldr	r3, [sp, #4]
 4350 00aa 1E1B     		subs	r6, r3, r4
 4351 00ac B6B2     		uxth	r6, r6
 983:../ST7789/st7789.c ****         ST7789_DrawFastHLine(x0 - y, y0 - x, 2 * y + 1, color); 
 4352              		.loc 1 983 48 is_stmt 0 view .LVU900
 4353 00ae 6400     		lsls	r4, r4, #1
 4354 00b0 A4B2     		uxth	r4, r4
 983:../ST7789/st7789.c ****         ST7789_DrawFastHLine(x0 - y, y0 - x, 2 * y + 1, color); 
 4355              		.loc 1 983 9 view .LVU901
 4356 00b2 0134     		adds	r4, r4, #1
ARM GAS  /tmp/ccvpQaby.s 			page 110


 4357 00b4 A4B2     		uxth	r4, r4
 4358 00b6 0AEB0701 		add	r1, r10, r7
 4359 00ba 5B46     		mov	r3, fp
 4360 00bc 2246     		mov	r2, r4
 4361 00be 89B2     		uxth	r1, r1
 4362 00c0 3046     		mov	r0, r6
 4363 00c2 FFF7FEFF 		bl	ST7789_DrawFastHLine
 4364              	.LVL473:
 984:../ST7789/st7789.c ****     }
 4365              		.loc 1 984 9 is_stmt 1 view .LVU902
 4366 00c6 AAEB0701 		sub	r1, r10, r7
 4367 00ca 5B46     		mov	r3, fp
 4368 00cc 2246     		mov	r2, r4
 4369 00ce 89B2     		uxth	r1, r1
 4370 00d0 3046     		mov	r0, r6
 4371 00d2 FFF7FEFF 		bl	ST7789_DrawFastHLine
 4372              	.LVL474:
 4373              	.L211:
 970:../ST7789/st7789.c ****         if (f >= 0) {
 4374              		.loc 1 970 14 view .LVU903
 4375 00d6 009B     		ldr	r3, [sp]
 4376 00d8 9845     		cmp	r8, r3
 4377 00da 02DA     		bge	.L215
 971:../ST7789/st7789.c ****             y--;
 4378              		.loc 1 971 9 view .LVU904
 971:../ST7789/st7789.c ****             y--;
 4379              		.loc 1 971 12 is_stmt 0 view .LVU905
 4380 00dc 002D     		cmp	r5, #0
 4381 00de B0DA     		bge	.L216
 4382 00e0 BAE7     		b	.L212
 4383              	.L215:
 987:../ST7789/st7789.c **** }
 4384              		.loc 1 987 5 is_stmt 1 view .LVU906
 4385              		.syntax unified
 4386              	@ 987 "../ST7789/st7789.c" 1
 4387 00e2 00BF     		nop
 4388              	@ 0 "" 2
 988:../ST7789/st7789.c **** 
 4389              		.loc 1 988 1 is_stmt 0 view .LVU907
 4390              		.thumb
 4391              		.syntax unified
 4392 00e4 05B0     		add	sp, sp, #20
 4393              	.LCFI85:
 4394              		.cfi_def_cfa_offset 36
 4395              	.LVL475:
 988:../ST7789/st7789.c **** 
 4396              		.loc 1 988 1 view .LVU908
 4397              		@ sp needed
 4398 00e6 BDE8F08F 		pop	{r4, r5, r6, r7, r8, r9, r10, fp, pc}
 988:../ST7789/st7789.c **** 
 4399              		.loc 1 988 1 view .LVU909
 4400              		.cfi_endproc
 4401              	.LFE98:
 4403              		.section	.text.ST7789_WriteFastString,"ax",%progbits
 4404              		.align	1
 4405              		.global	ST7789_WriteFastString
 4406              		.syntax unified
ARM GAS  /tmp/ccvpQaby.s 			page 111


 4407              		.thumb
 4408              		.thumb_func
 4410              	ST7789_WriteFastString:
 4411              	.LVL476:
 4412              	.LFB100:
1004:../ST7789/st7789.c **** 
1005:../ST7789/st7789.c **** /** 
1006:../ST7789/st7789.c ****  * @brief Write fast a string 
1007:../ST7789/st7789.c ****  * @param  x&y -> cursor of the start point.
1008:../ST7789/st7789.c ****  * @param str -> string to write
1009:../ST7789/st7789.c ****  * @param font -> fontstyle of the string
1010:../ST7789/st7789.c ****  * @param color -> color of the string
1011:../ST7789/st7789.c ****  * @param bgcolor -> background color of the string
1012:../ST7789/st7789.c ****  * @return  none
1013:../ST7789/st7789.c ****  */
1014:../ST7789/st7789.c **** void ST7789_WriteFastString(uint16_t x, uint16_t y, const char *str, FontDef font, uint16_t color, 
1015:../ST7789/st7789.c **** {
 4413              		.loc 1 1015 1 is_stmt 1 view -0
 4414              		.cfi_startproc
 4415              		@ args = 20, pretend = 8, frame = 8
 4416              		@ frame_needed = 1, uses_anonymous_args = 0
 4417              		.loc 1 1015 1 is_stmt 0 view .LVU911
 4418 0000 82B0     		sub	sp, sp, #8
 4419              	.LCFI86:
 4420              		.cfi_def_cfa_offset 8
 4421              	.LVL477:
 4422              		.loc 1 1015 1 view .LVU912
 4423 0002 2DE9F04F 		push	{r4, r5, r6, r7, r8, r9, r10, fp, lr}
 4424              	.LCFI87:
 4425              		.cfi_def_cfa_offset 44
 4426              		.cfi_offset 4, -44
 4427              		.cfi_offset 5, -40
 4428              		.cfi_offset 6, -36
 4429              		.cfi_offset 7, -32
 4430              		.cfi_offset 8, -28
 4431              		.cfi_offset 9, -24
 4432              		.cfi_offset 10, -20
 4433              		.cfi_offset 11, -16
 4434              		.cfi_offset 14, -12
 4435              	.LVL478:
 4436              		.loc 1 1015 1 view .LVU913
 4437 0006 85B0     		sub	sp, sp, #20
 4438              	.LCFI88:
 4439              		.cfi_def_cfa_offset 64
 4440 0008 02AF     		add	r7, sp, #8
 4441              	.LCFI89:
 4442              		.cfi_def_cfa 7, 56
 4443 000a 0546     		mov	r5, r0
 4444 000c 0C46     		mov	r4, r1
 4445 000e 9046     		mov	r8, r2
 4446 0010 7B63     		str	r3, [r7, #52]
 4447 0012 BB8F     		ldrh	r3, [r7, #60]
 4448 0014 7B60     		str	r3, [r7, #4]
 4449 0016 B7F84030 		ldrh	r3, [r7, #64]
 4450 001a 3B60     		str	r3, [r7]
1016:../ST7789/st7789.c ****     uint16_t char_buf[font.height][font.width]; 
 4451              		.loc 1 1016 5 is_stmt 1 view .LVU914
ARM GAS  /tmp/ccvpQaby.s 			page 112


 4452              		.loc 1 1016 40 is_stmt 0 view .LVU915
 4453 001c 97F83430 		ldrb	r3, [r7, #52]	@ zero_extendqisi2
 4454              		.loc 1 1016 27 view .LVU916
 4455 0020 97F83520 		ldrb	r2, [r7, #53]	@ zero_extendqisi2
 4456              	.LVL479:
 4457              		.loc 1 1016 14 view .LVU917
 4458 0024 02FB03F3 		mul	r3, r2, r3
 4459              	.LVL480:
 4460              		.loc 1 1016 14 view .LVU918
 4461 0028 5B00     		lsls	r3, r3, #1
 4462 002a 0733     		adds	r3, r3, #7
 4463 002c DB08     		lsrs	r3, r3, #3
 4464 002e 6A46     		mov	r2, sp
 4465              	.LVL481:
 4466              		.loc 1 1016 14 view .LVU919
 4467 0030 A2EBC303 		sub	r3, r2, r3, lsl #3
 4468 0034 9D46     		mov	sp, r3
 4469 0036 0DF1080B 		add	fp, sp, #8
 4470              	.LVL482:
1017:../ST7789/st7789.c ****     ST7789_Select();
 4471              		.loc 1 1017 5 is_stmt 1 view .LVU920
 4472              		.syntax unified
 4473              	@ 1017 "../ST7789/st7789.c" 1
 4474 003a 00BF     		nop
 4475              	@ 0 "" 2
1018:../ST7789/st7789.c **** 
1019:../ST7789/st7789.c ****     while (*str) {
 4476              		.loc 1 1019 5 view .LVU921
 4477              		.loc 1 1019 11 is_stmt 0 view .LVU922
 4478              		.thumb
 4479              		.syntax unified
 4480 003c 21E0     		b	.L218
 4481              	.LVL483:
 4482              	.L222:
 4483              		.loc 1 1019 11 view .LVU923
 4484 003e AA46     		mov	r10, r5
 4485              	.LVL484:
 4486              	.L219:
1020:../ST7789/st7789.c ****         if (x + font.width >= ST7789_WIDTH) {
1021:../ST7789/st7789.c ****             x = 0;
1022:../ST7789/st7789.c ****             y += font.height;
1023:../ST7789/st7789.c ****             if (y + font.height >= ST7789_HEIGHT) {
1024:../ST7789/st7789.c ****                 break;
1025:../ST7789/st7789.c ****             }
1026:../ST7789/st7789.c **** 
1027:../ST7789/st7789.c ****             //if (*str == ' ') {
1028:../ST7789/st7789.c ****             //    // Skip spaces in the beginning of the new line
1029:../ST7789/st7789.c ****             //    str++;
1030:../ST7789/st7789.c ****             //    continue;
1031:../ST7789/st7789.c ****             //}
1032:../ST7789/st7789.c ****         }
1033:../ST7789/st7789.c **** 
1034:../ST7789/st7789.c ****         ST7789_PrepareCharBuffer(*str, font, color, bgcolor, char_buf);
 4487              		.loc 1 1034 9 is_stmt 1 view .LVU924
 4488 0040 CDF804B0 		str	fp, [sp, #4]
 4489 0044 3B68     		ldr	r3, [r7]
 4490 0046 0093     		str	r3, [sp]
ARM GAS  /tmp/ccvpQaby.s 			page 113


 4491 0048 7B68     		ldr	r3, [r7, #4]
 4492 004a 07F13402 		add	r2, r7, #52
 4493              	.LVL485:
 4494              		.loc 1 1034 9 is_stmt 0 view .LVU925
 4495 004e 06CA     		ldm	r2, {r1, r2}
 4496              	.LVL486:
 4497              		.loc 1 1034 9 view .LVU926
 4498 0050 FFF7FEFF 		bl	ST7789_PrepareCharBuffer
 4499              	.LVL487:
1035:../ST7789/st7789.c ****         ST7789_SetAddressWindow(x, y, x + font.width - 1, y + font.height - 1);
 4500              		.loc 1 1035 9 is_stmt 1 view .LVU927
 4501              		.loc 1 1035 41 is_stmt 0 view .LVU928
 4502 0054 06EB0A05 		add	r5, r6, r10
 4503 0058 ADB2     		uxth	r5, r5
 4504              		.loc 1 1035 67 view .LVU929
 4505 005a 97F83590 		ldrb	r9, [r7, #53]	@ zero_extendqisi2
 4506              		.loc 1 1035 61 view .LVU930
 4507 005e 09EB0403 		add	r3, r9, r4
 4508 0062 9BB2     		uxth	r3, r3
 4509              		.loc 1 1035 9 view .LVU931
 4510 0064 013B     		subs	r3, r3, #1
 4511 0066 6A1E     		subs	r2, r5, #1
 4512 0068 9BB2     		uxth	r3, r3
 4513 006a 92B2     		uxth	r2, r2
 4514 006c 2146     		mov	r1, r4
 4515 006e 5046     		mov	r0, r10
 4516 0070 FFF7FEFF 		bl	ST7789_SetAddressWindow
 4517              	.LVL488:
1036:../ST7789/st7789.c ****         SendBuffer((uint16_t *)char_buf, font.width * font.height);
 4518              		.loc 1 1036 9 is_stmt 1 view .LVU932
 4519 0074 09FB06F1 		mul	r1, r9, r6
 4520 0078 5846     		mov	r0, fp
 4521 007a FFF7FEFF 		bl	SendBuffer
 4522              	.LVL489:
1037:../ST7789/st7789.c **** 
1038:../ST7789/st7789.c ****         x += font.width;
 4523              		.loc 1 1038 9 view .LVU933
1039:../ST7789/st7789.c ****         str++;
 4524              		.loc 1 1039 9 view .LVU934
 4525              		.loc 1 1039 12 is_stmt 0 view .LVU935
 4526 007e 08F10108 		add	r8, r8, #1
 4527              	.LVL490:
 4528              	.L218:
1019:../ST7789/st7789.c ****         if (x + font.width >= ST7789_WIDTH) {
 4529              		.loc 1 1019 12 is_stmt 1 view .LVU936
 4530 0082 98F80000 		ldrb	r0, [r8]	@ zero_extendqisi2
 4531 0086 78B1     		cbz	r0, .L220
1020:../ST7789/st7789.c ****             x = 0;
 4532              		.loc 1 1020 9 view .LVU937
1020:../ST7789/st7789.c ****             x = 0;
 4533              		.loc 1 1020 21 is_stmt 0 view .LVU938
 4534 0088 97F83460 		ldrb	r6, [r7, #52]	@ zero_extendqisi2
1020:../ST7789/st7789.c ****             x = 0;
 4535              		.loc 1 1020 15 view .LVU939
 4536 008c AB19     		adds	r3, r5, r6
1020:../ST7789/st7789.c ****             x = 0;
 4537              		.loc 1 1020 12 view .LVU940
ARM GAS  /tmp/ccvpQaby.s 			page 114


 4538 008e B3F5A07F 		cmp	r3, #320
 4539 0092 D4DB     		blt	.L222
1021:../ST7789/st7789.c ****             y += font.height;
 4540              		.loc 1 1021 13 is_stmt 1 view .LVU941
 4541              	.LVL491:
1022:../ST7789/st7789.c ****             if (y + font.height >= ST7789_HEIGHT) {
 4542              		.loc 1 1022 13 view .LVU942
1022:../ST7789/st7789.c ****             if (y + font.height >= ST7789_HEIGHT) {
 4543              		.loc 1 1022 22 is_stmt 0 view .LVU943
 4544 0094 97F83530 		ldrb	r3, [r7, #53]	@ zero_extendqisi2
1022:../ST7789/st7789.c ****             if (y + font.height >= ST7789_HEIGHT) {
 4545              		.loc 1 1022 15 view .LVU944
 4546 0098 1C44     		add	r4, r4, r3
 4547              	.LVL492:
1022:../ST7789/st7789.c ****             if (y + font.height >= ST7789_HEIGHT) {
 4548              		.loc 1 1022 15 view .LVU945
 4549 009a A4B2     		uxth	r4, r4
 4550              	.LVL493:
1023:../ST7789/st7789.c ****                 break;
 4551              		.loc 1 1023 13 is_stmt 1 view .LVU946
1023:../ST7789/st7789.c ****                 break;
 4552              		.loc 1 1023 19 is_stmt 0 view .LVU947
 4553 009c 2344     		add	r3, r3, r4
1023:../ST7789/st7789.c ****                 break;
 4554              		.loc 1 1023 16 view .LVU948
 4555 009e EF2B     		cmp	r3, #239
 4556 00a0 02DC     		bgt	.L220
1021:../ST7789/st7789.c ****             y += font.height;
 4557              		.loc 1 1021 15 view .LVU949
 4558 00a2 4FF0000A 		mov	r10, #0
 4559 00a6 CBE7     		b	.L219
 4560              	.LVL494:
 4561              	.L220:
1040:../ST7789/st7789.c ****     }
1041:../ST7789/st7789.c ****     ST7789_UnSelect();
 4562              		.loc 1 1041 5 is_stmt 1 view .LVU950
 4563              		.syntax unified
 4564              	@ 1041 "../ST7789/st7789.c" 1
 4565 00a8 00BF     		nop
 4566              	@ 0 "" 2
1042:../ST7789/st7789.c **** }
 4567              		.loc 1 1042 1 is_stmt 0 view .LVU951
 4568              		.thumb
 4569              		.syntax unified
 4570 00aa 0C37     		adds	r7, r7, #12
 4571              	.LCFI90:
 4572              		.cfi_def_cfa_offset 44
 4573 00ac BD46     		mov	sp, r7
 4574              	.LCFI91:
 4575              		.cfi_def_cfa_register 13
 4576              		@ sp needed
 4577 00ae BDE8F04F 		pop	{r4, r5, r6, r7, r8, r9, r10, fp, lr}
 4578              	.LCFI92:
 4579              		.cfi_restore 14
 4580              		.cfi_restore 11
 4581              		.cfi_restore 10
 4582              		.cfi_restore 9
ARM GAS  /tmp/ccvpQaby.s 			page 115


 4583              		.cfi_restore 8
 4584              		.cfi_restore 7
 4585              		.cfi_restore 6
 4586              		.cfi_restore 5
 4587              		.cfi_restore 4
 4588              		.cfi_def_cfa_offset 8
 4589              	.LVL495:
 4590              		.loc 1 1042 1 view .LVU952
 4591 00b2 02B0     		add	sp, sp, #8
 4592              	.LCFI93:
 4593              		.cfi_def_cfa_offset 0
 4594 00b4 7047     		bx	lr
 4595              		.cfi_endproc
 4596              	.LFE100:
 4598              		.global	disp_buf
 4599              		.section	.bss.disp_buf,"aw",%nobits
 4600              		.align	2
 4603              	disp_buf:
 4604 0000 00000000 		.space	3200
 4604      00000000 
 4604      00000000 
 4604      00000000 
 4604      00000000 
 4605              		.global	DMA_MIN_SIZE
 4606              		.section	.data.DMA_MIN_SIZE,"aw"
 4607              		.align	1
 4610              	DMA_MIN_SIZE:
 4611 0000 1000     		.short	16
 4612              		.section	.rodata
 4613              		.align	2
 4614              		.set	.LANCHOR0,. + 0
 4615              	.LC0:
 4616 0000 0C0C0033 		.ascii	"\014\014\00033"
 4616      33
 4617              		.text
 4618              	.Letext0:
 4619              		.file 2 "/opt/st/stm32cubeclt_1.20.0/GNU-tools-for-STM32/lib/gcc/arm-none-eabi/13.3.1/include/stdd
 4620              		.file 3 "/opt/st/stm32cubeclt_1.20.0/GNU-tools-for-STM32/arm-none-eabi/include/machine/_default_ty
 4621              		.file 4 "/opt/st/stm32cubeclt_1.20.0/GNU-tools-for-STM32/arm-none-eabi/include/sys/_stdint.h"
 4622              		.file 5 "../ST7789/fonts.h"
 4623              		.file 6 "Drivers/CMSIS/Device/ST/STM32F1xx/Include/stm32f103xb.h"
 4624              		.file 7 "Drivers/STM32F1xx_HAL_Driver/Inc/stm32f1xx_hal_def.h"
 4625              		.file 8 "Drivers/STM32F1xx_HAL_Driver/Inc/stm32f1xx_hal_gpio.h"
 4626              		.file 9 "Drivers/STM32F1xx_HAL_Driver/Inc/stm32f1xx_hal_dma.h"
 4627              		.file 10 "Drivers/STM32F1xx_HAL_Driver/Inc/stm32f1xx_hal_spi.h"
 4628              		.file 11 "../ST7789/st7789_port.h"
 4629              		.file 12 "/opt/st/stm32cubeclt_1.20.0/GNU-tools-for-STM32/arm-none-eabi/include/string.h"
 4630              		.file 13 "Drivers/STM32F1xx_HAL_Driver/Inc/stm32f1xx_hal.h"
 4631              		.file 14 "<built-in>"
ARM GAS  /tmp/ccvpQaby.s 			page 116


DEFINED SYMBOLS
                            *ABS*:00000000 st7789.c
     /tmp/ccvpQaby.s:19     .text.ST7789_PrepareCharBuffer:00000000 $t
     /tmp/ccvpQaby.s:24     .text.ST7789_PrepareCharBuffer:00000000 ST7789_PrepareCharBuffer
     /tmp/ccvpQaby.s:139    .text.ST7789_WriteData:00000000 $t
     /tmp/ccvpQaby.s:144    .text.ST7789_WriteData:00000000 ST7789_WriteData
     /tmp/ccvpQaby.s:257    .text.ST7789_WriteData:00000058 $d
     /tmp/ccvpQaby.s:4610   .data.DMA_MIN_SIZE:00000000 DMA_MIN_SIZE
     /tmp/ccvpQaby.s:264    .text.ST7789_WriteCommand:00000000 $t
     /tmp/ccvpQaby.s:269    .text.ST7789_WriteCommand:00000000 ST7789_WriteCommand
     /tmp/ccvpQaby.s:323    .text.ST7789_WriteCommand:0000002c $d
     /tmp/ccvpQaby.s:329    .text.ST7789_SetAddressWindow:00000000 $t
     /tmp/ccvpQaby.s:334    .text.ST7789_SetAddressWindow:00000000 ST7789_SetAddressWindow
     /tmp/ccvpQaby.s:429    .text.ST7789_WriteSmallData:00000000 $t
     /tmp/ccvpQaby.s:434    .text.ST7789_WriteSmallData:00000000 ST7789_WriteSmallData
     /tmp/ccvpQaby.s:488    .text.ST7789_WriteSmallData:0000002c $d
     /tmp/ccvpQaby.s:494    .text.memset_16:00000000 $t
     /tmp/ccvpQaby.s:500    .text.memset_16:00000000 memset_16
     /tmp/ccvpQaby.s:537    .text.SendBuffer:00000000 $t
     /tmp/ccvpQaby.s:543    .text.SendBuffer:00000000 SendBuffer
     /tmp/ccvpQaby.s:570    .text.ST7789_SetRotation:00000000 $t
     /tmp/ccvpQaby.s:576    .text.ST7789_SetRotation:00000000 ST7789_SetRotation
     /tmp/ccvpQaby.s:601    .text.ST7789_SetRotation:00000012 $d
     /tmp/ccvpQaby.s:605    .text.ST7789_SetRotation:00000016 $t
     /tmp/ccvpQaby.s:642    .text.ST7789_Fill_Color:00000000 $t
     /tmp/ccvpQaby.s:648    .text.ST7789_Fill_Color:00000000 ST7789_Fill_Color
     /tmp/ccvpQaby.s:725    .text.ST7789_Fill_Color:0000003c $d
     /tmp/ccvpQaby.s:4603   .bss.disp_buf:00000000 disp_buf
     /tmp/ccvpQaby.s:730    .rodata.ST7789_Init.str1.4:00000000 $d
     /tmp/ccvpQaby.s:737    .text.ST7789_Init:00000000 $t
     /tmp/ccvpQaby.s:743    .text.ST7789_Init:00000000 ST7789_Init
     /tmp/ccvpQaby.s:950    .text.ST7789_Init:00000124 $d
     /tmp/ccvpQaby.s:959    .text.ST7789_DrawPixel:00000000 $t
     /tmp/ccvpQaby.s:965    .text.ST7789_DrawPixel:00000000 ST7789_DrawPixel
     /tmp/ccvpQaby.s:1046   .text.ST7789_Fill:00000000 $t
     /tmp/ccvpQaby.s:1052   .text.ST7789_Fill:00000000 ST7789_Fill
     /tmp/ccvpQaby.s:1162   .text.ST7789_DrawPixel_4px:00000000 $t
     /tmp/ccvpQaby.s:1168   .text.ST7789_DrawPixel_4px:00000000 ST7789_DrawPixel_4px
     /tmp/ccvpQaby.s:1244   .text.ST7789_DrawLine:00000000 $t
     /tmp/ccvpQaby.s:1250   .text.ST7789_DrawLine:00000000 ST7789_DrawLine
     /tmp/ccvpQaby.s:1445   .text.ST7789_DrawRectangle:00000000 $t
     /tmp/ccvpQaby.s:1451   .text.ST7789_DrawRectangle:00000000 ST7789_DrawRectangle
     /tmp/ccvpQaby.s:1532   .text.ST7789_DrawCircle:00000000 $t
     /tmp/ccvpQaby.s:1538   .text.ST7789_DrawCircle:00000000 ST7789_DrawCircle
     /tmp/ccvpQaby.s:1772   .text.ST7789_DrawImage:00000000 $t
     /tmp/ccvpQaby.s:1778   .text.ST7789_DrawImage:00000000 ST7789_DrawImage
     /tmp/ccvpQaby.s:1873   .text.ST7789_InvertColors:00000000 $t
     /tmp/ccvpQaby.s:1879   .text.ST7789_InvertColors:00000000 ST7789_InvertColors
     /tmp/ccvpQaby.s:1928   .text.ST7789_WriteChar:00000000 $t
     /tmp/ccvpQaby.s:1934   .text.ST7789_WriteChar:00000000 ST7789_WriteChar
     /tmp/ccvpQaby.s:2097   .text.ST7789_WriteString:00000000 $t
     /tmp/ccvpQaby.s:2103   .text.ST7789_WriteString:00000000 ST7789_WriteString
     /tmp/ccvpQaby.s:2230   .text.ST7789_DrawFilledRectangle:00000000 $t
     /tmp/ccvpQaby.s:2236   .text.ST7789_DrawFilledRectangle:00000000 ST7789_DrawFilledRectangle
     /tmp/ccvpQaby.s:2351   .text.ST7789_DrawTriangle:00000000 $t
     /tmp/ccvpQaby.s:2357   .text.ST7789_DrawTriangle:00000000 ST7789_DrawTriangle
     /tmp/ccvpQaby.s:2431   .text.ST7789_DrawFilledTriangle:00000000 $t
ARM GAS  /tmp/ccvpQaby.s 			page 117


     /tmp/ccvpQaby.s:2437   .text.ST7789_DrawFilledTriangle:00000000 ST7789_DrawFilledTriangle
     /tmp/ccvpQaby.s:2691   .text.ST7789_DrawFilledCircle:00000000 $t
     /tmp/ccvpQaby.s:2697   .text.ST7789_DrawFilledCircle:00000000 ST7789_DrawFilledCircle
     /tmp/ccvpQaby.s:2924   .text.ST7789_TearEffect:00000000 $t
     /tmp/ccvpQaby.s:2930   .text.ST7789_TearEffect:00000000 ST7789_TearEffect
     /tmp/ccvpQaby.s:2979   .rodata.ST7789_Test.str1.4:00000000 $d
     /tmp/ccvpQaby.s:3007   .text.ST7789_Test:00000000 $t
     /tmp/ccvpQaby.s:3013   .text.ST7789_Test:00000000 ST7789_Test
     /tmp/ccvpQaby.s:3401   .text.ST7789_Test:000002bc $d
     /tmp/ccvpQaby.s:3418   .rodata.ST7789_TestColors.str1.4:00000000 $d
     /tmp/ccvpQaby.s:3428   .text.ST7789_TestColors:00000000 $t
     /tmp/ccvpQaby.s:3434   .text.ST7789_TestColors:00000000 ST7789_TestColors
     /tmp/ccvpQaby.s:3519   .text.ST7789_TestColors:0000007c $d
     /tmp/ccvpQaby.s:3527   .text.ST7789_DrawFastVLine:00000000 $t
     /tmp/ccvpQaby.s:3533   .text.ST7789_DrawFastVLine:00000000 ST7789_DrawFastVLine
     /tmp/ccvpQaby.s:3610   .text.ST7789_DrawFastVLine:0000004c $d
     /tmp/ccvpQaby.s:3615   .text.ST7789_DrawFastHLine:00000000 $t
     /tmp/ccvpQaby.s:3621   .text.ST7789_DrawFastHLine:00000000 ST7789_DrawFastHLine
     /tmp/ccvpQaby.s:3698   .text.ST7789_DrawFastHLine:00000048 $d
     /tmp/ccvpQaby.s:3703   .text.ST7789_DrawFastFilledRectangle:00000000 $t
     /tmp/ccvpQaby.s:3709   .text.ST7789_DrawFastFilledRectangle:00000000 ST7789_DrawFastFilledRectangle
     /tmp/ccvpQaby.s:3864   .text.ST7789_DrawFastFilledRectangle:00000098 $d
     /tmp/ccvpQaby.s:3875   .text.ST7789_DrawFastFilledTriangle:00000000 $t
     /tmp/ccvpQaby.s:3881   .text.ST7789_DrawFastFilledTriangle:00000000 ST7789_DrawFastFilledTriangle
     /tmp/ccvpQaby.s:4197   .text.ST7789_DrawFastFilledCircle:00000000 $t
     /tmp/ccvpQaby.s:4203   .text.ST7789_DrawFastFilledCircle:00000000 ST7789_DrawFastFilledCircle
     /tmp/ccvpQaby.s:4404   .text.ST7789_WriteFastString:00000000 $t
     /tmp/ccvpQaby.s:4410   .text.ST7789_WriteFastString:00000000 ST7789_WriteFastString
     /tmp/ccvpQaby.s:4600   .bss.disp_buf:00000000 $d
     /tmp/ccvpQaby.s:4607   .data.DMA_MIN_SIZE:00000000 $d
     /tmp/ccvpQaby.s:4613   .rodata:00000000 $d

UNDEFINED SYMBOLS
HAL_GPIO_WritePin
HAL_SPI_Transmit_DMA
HAL_SPI_Transmit
hspi1
memset
HAL_Delay
Font_11x18
Font_16x26
Font_7x10
saber
__aeabi_i2f
__aeabi_fdiv
__aeabi_fmul
__aeabi_fadd
__aeabi_f2iz
