:020000040800F2
:1000000000500020F5210008BB020008BD020008D6
:10001000BF020008C1020008C3020008000000007F
:10002000000000000000000000000000C502000801
:10003000C702000800000000C9020008CB02000847
:100040003D2200083D2200083D2200083D22000814
:100050003D2200083D2200083D2200083D22000804
:100060003D2200083D2200083D2200083D220008F4
:100070003D220008D50200083D2200083D2200086C
:100080003D2200083D2200083D2200083D220008D4
:100090003D2200083D2200083D2200083D220008C4
:1000A0003D2200083D2200083D2200083D220008B4
:1000B0003D2200083D2200083D2200083D220008A4
:1000C0003D2200083D2200083D2200083D22000894
:1000D0003D2200083D2200083D2200083D22000884
:1000E0003D2200083D2200083D22000800000000DB
:1000F0000000000000000000000000000000000000
:0C01000000000000000000005FF808F1A3
:10010C0010B5054C237833B9044B13B10448AFF345
:10011C0000800123237010BD280000200000000087
:10012C009822000808B5034B1BB103490348AFF3F1
:10013C00008008BD000000002C0000209822000860
:10014C0030B587B000240294039404940594144BA6
:10015C009A6942F004029A619A6902F004020092D0
:10016C00009A9A6942F008029A619B6903F00803AD
:10017C000193019B0B4D22464FF4E071284601F090
:10018C008BFE4FF4E0730293012303930494022338
:10019C00059302A9284601F071FD07B030BD00BFE0
:1001AC0000100240000C014000B583B00A4B5A69A4
:1001BC0042F001025A615B6903F001030193019B58
:1001CC00002211460D2001F0DBFF0D2001F0E8FFAD
:1001DC0003B05DF804FB00BF0010024072B6FEE7EE
:1001EC0008B50E480E4B03604FF482734360002336
:1001FC008360C3600222026143614FF4007282612A
:10020C000822C2610362436283620A23C36200F064
:10021C00D9FF00B908BDFFF7E1FF00BF880000203F
:10022C000030014000B591B02822002106A802F050
:10023C0000F8002301930293039304930593022384
:10024C00069301220A9210220B920D934FF4601325
:10025C000F9306A801F02AFA80B90F23019302210B
:10026C000291002303934FF480620492059301A83A
:10027C0001F04EFC20B911B05DF804FBFFF7AEFFA6
:10028C00FFF7ACFF08B501F0C3F9FFF7CBFFFFF7A1
:10029C0057FFFFF789FFFFF7A3FF00F079F900F094
:1002AC00C5FE002000F054F900F048FDFCE7FEE725
:1002BC00FEE7FEE7FEE7FEE770477047704708B5BC
:1002CC0001F0B8F908BD000008B5024801F070FE55
:1002DC0008BD00BF4400002082B00E4B9A6942F06A
:1002EC0001029A619A6902F001020092009ADA699D
:1002FC0042F08052DA61DB6903F080530193019B79
:10030C00054A536823F0E06343F00073536002B076
:10031C00704700BF001002400000014010B586B0CD
:10032C00002302930393049305930268214B9A4292
:10033C0001D006B010BD044603F560439A6942F43F
:10034C0080529A619A6902F480520092009A9A69DA
:10035C0042F008029A619B6903F008030193019B28
:10036C0028230293022303930323059302A9124823
:10037C0001F084FC114A536843F0E06343F001033D
:10038C0053600F480F4B03601023436000238360BE
:10039C008022C2600361436183614FF40053C361E7
:1003AC0001F096FD18B9064BA3645C62C1E7FFF738
:1003BC0015FFF8E700300140000C0140000001403F
:1003CC00440000203000024070B506460D4600BFC8
:1003DC0001228021124801F05FFD0DE031461148E9
:1003EC0001F02EF80F4B9B6C93F82130DBB2012BF4
:1003FC00F8D1A4B226442D1B85B14FF6FE74AC4245
:10040C0028BF2C46A2B2084B1B88AB42E6D94FF052
:10041C00FF333146034800F030FFEAE700BF70BD00
:10042C00000C0140880000200000002000B583B0C3
:10043C008DF8070000BF00228021074801F02CFD39
:10044C004FF0FF3301220DF10701044800F015FFB6
:10045C0000BF03B05DF804FB000C014088000020D5
:10046C00F0B583B007460D4616461C4600BF2A2041
:10047C00FFF7DCFF3B0A8DF804308DF80570330A6A
:10048C008DF806308DF8076004210DEB0100FFF7A5
:10049C009BFF2B20FFF7CAFF2B0A8DF804308DF839
:1004AC000550230A8DF806308DF8074004210DEB1A
:1004BC000100FFF789FF2C20FFF7B8FF00BF03B046
:1004CC00F0BD000000B583B08DF8070000BF01221D
:1004DC008021074801F0E0FC4FF0FF3301220DF1C1
:1004EC000701044800F0C9FE00BF03B05DF804FB2F
:1004FC00000C0140880000200B0243EA11239BB240
:10050C0002E020F8023B013A002AFAD1704708B504
:10051C004900FFF759FF08BD10B504463620FFF718
:10052C0085FF032C06D8DFE804F002060A0EC02073
:10053C00FFF7C8FF10BDA020FFF7C4FFFAE70020AB
:10054C00FFF7C0FFF6E76020FFF7BCFFF2E7000003
:10055C0070B50646EF2340F23F1200210846FFF724
:10056C007FFF00BF00240DE0084D4FF4C8623146F8
:10057C002846FFF7C1FF4FF4C8612846FFF7C7FFB5
:10058C000134A4B22F2CEFD900BF70BDE0000020C5
:10059C0010B584B04FF448620021464801F049FE82
:1005AC000A2001F059F8444C00224021204601F069
:1005BC0073FC0A2001F050F801224021204601F082
:1005CC006BFC142001F048F83A20FFF72FFF552060
:1005DC00FFF778FFB220FFF729FF384B93E80300B1
:1005EC0000908DF8041005216846FFF7EDFE012000
:1005FC00FFF792FFB720FFF719FF3520FFF762FFD7
:10060C00BB20FFF713FF1920FFF75CFFC020FFF79B
:10061C000DFF2C20FFF756FFC220FFF707FF01202C
:10062C00FFF750FFC320FFF701FF1220FFF74AFF2F
:10063C00C420FFF7FBFE2020FFF744FFC620FFF786
:10064C00F5FE0F20FFF73EFFD020FFF7EFFEA420B2
:10065C00FFF738FFA120FFF735FFE020FFF7E6FE9C
:10066C00174BEC460FCBACE80700ACF800300E2172
:10067C006846FFF7A9FEE120FFF7D8FE114BEC46C8
:10068C000FCBACE80700ACF800300E216846FFF742
:10069C009BFE2120FFF7CAFE1120FFF7C7FE132097
:1006AC00FFF7C4FE2920FFF7C1FE0020FFF750FF23
:1006BC0004B010BDE0000020000C0140B022000886
:1006CC00B8220008C8220008B0F5A07F16D210B5D9
:1006DC0082B01446EF2901D902B010BD0B46024678
:1006EC00FFF7BEFE230A8DF804308DF8054000BFDD
:1006FC00022101A8FFF768FE00BFEDE770472DE966
:10070C00F04F83B08B4615461E46BDF830805A1A02
:10071C0082EAE279A9EBE279291A81EAE17AAAEB79
:10072C00E17AD14504DC2E461D465B4683461846CD
:10073C00B34505D82B460546184633465E469B46C0
:10074C00ABEB0604A3B2009323B2471B002FB8BF38
:10075C007F42C4F3C0341C446410854220D34FF054
:10076C00FF3301930BE0424629463046FFF7ACFFBE
:10077C00E41BA3B224B2002C0BDB0136B6B25E45EF
:10078C0011D8D145EFDD424631462846FFF79CFF94
:10079C00EEE7019A1544ADB2009A13441CB2ECE793
:1007AC0001230193EBE703B0BDE8F08F2DE9F04195
:1007BC0082B007460E4615461C46BDF8208000BF89
:1007CC00CDF800800B46FFF79AFFCDF8008023464A
:1007DC003A4631463846FFF792FFCDF80080234663
:1007EC002A4621463846FFF78AFFCDF8008023467B
:1007FC002A4631462846FFF782FF00BF02B0BDE80B
:10080C00F0812DE9F04F87B083468A4614461E4688
:10081C00C2F10109C2EBC2335B001BB2059313B2E8
:10082C00019300BF5118324689B2FFF74DFFAAEB76
:10083C000401324689B25846FFF746FF04EB0B0021
:10084C003246514680B2FFF73FFFABEB0400324615
:10085C00514680B2FFF738FF002302930123039324
:10086C005EE0019B013B1BB20193059A023293B2ED
:10087C0012B205924B440FFA83F9029B01339DB2DD
:10088C001BB20293039A023293B212B203924B44FC
:10089C000FFA83F905EB0B039BB2BDF8044004EB94
:1008AC000A081FFA88F83246414604931846FFF7A7
:1008BC000BFFABEB0507BFB2324641463846FFF79C
:1008CC0003FFAAEB04081FFA88F832464146049845
:1008DC00FFF7FAFE324641463846FFF7F5FE04EBC9
:1008EC000B07BFB205EB0A081FFA88F832464146DF
:1008FC003846FFF7E9FEABEB0404A4B2324641469E
:10090C002046FFF7E1FEAAEB0505ADB232462946BB
:10091C003846FFF7D9FE324629462046FFF7D4FE6B
:10092C00029B019A934203DAB9F1000F99DAA4E71A
:10093C0000BF07B0BDE8F08FB0F5A07F1ED238B570
:10094C0015461C46EF2906D88318B3F5A07F02DCA8
:10095C000B19F02B00DD38BD00BF821892B29BB290
:10096C00013B013A9BB292B2FFF77AFD04FB05F111
:10097C0049000498FFF728FD00BFECE7704782B0F0
:10098C002DE9F04F83B093460D93BDF83C80BDF834
:10099C00407000BF9DF834502A1892B29DF835A0D3
:1009AC000AEB01039BB2013B013A9BB292B2FFF7F7
:1009BC0057FD4FF000091DE03B0A8DF804308DF80F
:1009CC000570022101A8FFF7FFFC0134A5420FD9E5
:1009DC0006FA04F313F4004FEED04FEA18238DF807
:1009EC0004308DF80580022101A8FFF7EDFCECE73F
:1009FC0009F10109CA4508D9ABF120030AFB03939D
:100A0C000E9A32F813600024E0E700BF03B0BDE893
:100A1C00F04F02B0704782B02DE9F04385B0054627
:100A2C000E4617460D93BDF83C90BDF8408000BFB4
:100A3C000DE0CDF80880CDF804900E9B00930D9B33
:100A4C0031462846FFF79BFF2C44A5B201373A7874
:100A5C0072B19DF834402B19B3F5A07FE9DB9DF8FA
:100A6C0035301E44B6B23344EF2B01DC0025E0E7F1
:100A7C0000BF05B0BDE8F04302B070472DE9F0436C
:100A8C0083B0BDF8289000BFB0F5A07F25D20546F5
:100A9C000F4690461E46EF291FD88318B3F5A07F4A
:100AAC0003DBC0F5A0781FFA88F8BB19EF2B02DD29
:100ABC00C7F1F006B6B200240CE0E11989B208EBDC
:100ACC000502CDF800900B4692B22846FFF717FEB0
:100ADC000134E4B2B442F0D900BF03B0BDE8F083F6
:100AEC002DE9F04782B004460D4617469846BDF8EE
:100AFC002890BDF82CA0BDF8306000BF0096FFF721
:100B0C00FEFD009653464A4641463846FFF7F7FD30
:100B1C0000962B46224651464846FFF7F0FD00BF93
:100B2C0002B0BDE8F0872DE9F04F8BB0BDF8504016
:100B3C000594BDF854400694BDF85840079400BF86
:100B4C00A2EB000ABAF1000FB8BFCAF1000A0FFA03
:100B5C008AFAA3EB010CBCF1000FB8BFCCF1000C6E
:100B6C000FFA8CFB04B20EB2824213D3012208920C
:100B7C008B4213D301230993DA4513DB0AEBDA78A2
:100B8C0048F34F08089B03930023089304934FF0FA
:100B9C0000091EE04FF0FF320892E9E74FF0FF33F7
:100BAC000993E9E70BEBDB7848F34F085346DA4639
:100BBC009B46099B0493002309930393E7E7039B4C
:100BCC001C4424B2049B1E4436B209F101090FFAED
:100BDC0089F9CA451BDBA7B2B5B2079B0093069BEC
:100BEC00059A29463846FFF78AFDD8441FFA88F340
:100BFC000FFA88F8C245E2DCA3EB0A030FFA83F87C
:100C0C00089B1F443CB2099B1D442EB2D7E700BF82
:100C1C000BB0BDE8F08F2DE9F04F87B002929B46E8
:100C2C0000BF95B2C5F1010424B2C5EBC5335B001E
:100C3C001BB205931FFA80F88FB2E9195A4689B294
:100C4C004046FFF741FD791B5A4689B24046FFF7F3
:100C5C003BFD05EB0806B6B25A4639463046FFF75F
:100C6C0033FDA8EB0505ADB25A4639462846FFF7C9
:100C7C002BFDCDF800B03B46324639462846FFF7EF
:100C8C003EFD00230393012304934BE0029B013BA5
:100C9C001BB20293059A023293B212B2059223440C
:100CAC001CB2039B01339DB21BB20393049A023214
:100CBC0093B212B2049223441CB2A8EB050A1FFA99
:100CCC008AFABDF80860B91989B208EB05091FFA50
:100CDC0089F9CDF800B00B464A465046FFF70FFD98
:100CEC00B91B89B2CDF800B00B4652464846FFF707
:100CFC0006FD08EB06091FFA89F9791989B2A8EBE8
:100D0C000606B6B2CDF800B00B4632464846FFF7A1
:100D1C00F6FC791B89B2CDF800B00B46324648463A
:100D2C00FFF7EDFC039B029A934202DA002CADDA3A
:100D3C00B7E700BF07B0BDE8F08F00002DE9F04326
:100D4C0085B04FF6FF70FFF703FC4FF47A7000F09C
:100D5C0083FCA94C4FF6FF7602964FF47847019727
:100D6C00636800932368A54A14210A20FFF753FEF9
:100D7C004FF47A7000F070FC47F6FF70FFF7E8FB59
:100D8C004FF4FA7000F068FC3846FFF7E1FB4FF4C3
:100D9C00FA7000F061FC1F20FFF7DAFB4FF4FA70D9
:100DAC0000F05AFC4FF4FC60FFF7D2FB4FF4FA70E2
:100DBC0000F052FC4FF6E070FFF7CAFB4FF4FA70EC
:100DCC0000F04AFC4BF64040FFF7C2FB4FF4FA70C0
:100DDC0000F042FC40F2CF10FFF7BAFB4FF4FA7070
:100DEC0000F03AFC4FF61F00FFF7B2FB4FF4FA701D
:100DFC0000F032FC48F21F40FFF7AAFB4FF4FA70E8
:100E0C0000F02AFC4CF21860FFF7A2FB4FF4FA70CA
:100E1C0000F022FC42F61230FFF79AFB4FF4FA7006
:100E2C0000F01AFC3046FFF793FB4FF4FA7000F019
:100E3C0013FC734D029640F2FF7301936B680093A1
:100E4C002B68704A0A210846FFF7E5FD6E4BDFF868
:100E5C00BC81029601975A6800921B684246322167
:100E6C000A20FFF7D8FD02964FF6E07701976368EA
:100E7C000093236842464B210A20FFF7CCFD0296D3
:100E8C004FF61F0301936B6800932B684246642155
:100E9C000A20FFF7C0FD4FF47A7000F0DDFB002054
:100EAC00FFF756FB002502950197636800932368B2
:100EBC00574A0A210846FFF7AEFD009664231A46EE
:100ECC001E210846FFF772FC4FF47A7000F0C4FB49
:100EDC002846FFF73DFB0295019763680093236852
:100EEC004C4A0A210846FFF796FD009632231A4613
:100EFC001E210846FFF7C2FD4FF47A7000F0ACFBE0
:100F0C002846FFF725FB0295019763680093236839
:100F1C00414A0A210846FFF77EFD334619223C213F
:100F2C000846FFF76EFC4FF47A7000F095FB2846EC
:100F3C00FFF70EFB02950197636800932368374A0D
:100F4C000A210846FFF767FD334619223C21084663
:100F5C00FFF761FE4FF47A7000F07EFB2846FFF736
:100F6C00F7FA029501976368009323682C4A0A21CB
:100F7C000846FFF750FD02964FF02809CDF8049073
:100F8C004FF03C08CDF8008046231E221146104637
:100F9C00FFF7A6FD4FF47A7000F05EFB2846FFF7D2
:100FAC00D7FA029501976368009323681D4A0A21BA
:100FBC000846FFF730FD0296CDF80490CDF800807E
:100FCC0046231E2211461046FFF7ADFD4FF47A70F2
:100FDC0000F042FB3046FFF7BBFA134B0093802323
:100FEC001A4629462846FFF7A7FC40F6B83000F011
:100FFC0033FB05B0BDE8F0830C000020D8220008BC
:10100C0004000020E422000814000020F022000854
:10101C00002300080C2300081C23000824230008CC
:10102C00302300083C2300085C23000870B584B012
:10103C004FF47840FFF78CFA1B4C002602964FF6C3
:10104C00FF750195636800932368184A642108466C
:10105C00FFF7E1FC4FF47A7000F0FEFA4FF4FC60FD
:10106C00FFF776FA02960195636800932368104A9D
:10107C0064215520FFF7CFFC4FF47A7000F0ECFAA6
:10108C001F20FFF765FA02960195636800932368A9
:10109C00084A64215A20FFF7BEFC4FF47A7000F026
:1010AC00DBFA04B070BD00BF040000204823000828
:1010BC004C230008542300082DE9F04782B0054664
:1010CC00884617461E4600F0C1FA0A9B1B1A03EB12
:1010DC00060900F0BBFA8246284B1B68C3F3CB33DE
:1010EC0009FB03F301932B689C6838EA04040CBFDA
:1010FC0001230023BB423DD0B6F1FF3FF3D000F0FB
:10110C00A5FAA0EB0A00484507D2019A02B14A465B
:10111C00019B013B01939146E5E72A68536823F054
:10112C00E00353606B68B3F5827F0BD0AB6AB3F509
:10113C00005F14D0012385F85130002385F850301E
:10114C00032018E0AB68B3F5004F02D0B3F5806F05
:10115C00ECD12A68136823F040031360E6E72A6891
:10116C00136823F4005313602A68136843F4005384
:10117C001360DFE7002002B0BDE8F08724000020F8
:10118C0070B582B006460C46154600920B460122FD
:10119C000221FFF791FF48B90095234600228021D8
:1011AC003046FFF789FF38B902B070BD736D43F05C
:1011BC00200373650320F7E7736D43F02003736519
:1011CC000320F1E7002856D010B50446436A33B922
:1011DC004368B3F5827F05D00023C36102E000238E
:1011EC00036143610023A36294F85130002B3CD07F
:1011FC00022384F851302268136823F040031360F3
:10120C00636803F48273A26802F404421343E26835
:10121C0002F400621343226902F002021343626972
:10122C0002F001021343A26902F400721343E26953
:10123C0002F038021343226A02F080021343A26ABE
:10124C0002F40052216813430B60638B226803F095
:10125C00040353602268D36923F40063D361002034
:10126C006065012384F8513010BD84F8503020465D
:10127C00FFF754F8BCE7012070472DE9F04383B029
:10128C000446894690461D4600F0E0F994F85160FA
:10129C00F6B2012E40F0CC800746B9F1000F00F0F9
:1012AC00C880B8F1000F00F0C48094F85030012BC6
:1012BC0000F0C380012384F85030032384F85130AC
:1012CC0000236365C4F83090A4F83480A4F8368009
:1012DC00A363A387E38763642364A368B3F5004F18
:1012EC001ED023681A6812F0400F03D11A6842F01E
:1012FC0040021A60E368B3F5006F1CD0636813B149
:10130C00B8F1010F5FD1226B236812781A73236B2B
:10131C0001332363E38E9BB2013B9BB2E38652E025
:10132C002268136823F0400313602268136843F4A7
:10133C0080431360D5E7636813B1B8F1010F15D181
:10134C00226B23681288DA60236B02332363E38EEB
:10135C009BB2013B9BB2E38608E000F077F9C01B1F
:10136C00A84202D3B5F1FF3F15D1A5B1E38E9BB2D4
:10137C00002B42D023689A6812F0020FEDD0226B3A
:10138C001288DA60236B02332363E38E9BB2013B3A
:10139C009BB2E386EAE7012384F85130002384F8FA
:1013AC005030032645E0226B12781A73236B0133FD
:1013BC002363B4F836C01FFA8CFC0CF1FF3C1FFA07
:1013CC008CFCA4F836C0E38E9BB2B3B123689A6848
:1013DC0012F0020FE7D100F039F9C01BA84202D37A
:1013EC00B5F1FF3F01D1002DEDD1012384F851302F
:1013FC00002384F8503003261BE03A462946204649
:10140C00FFF7BEFE08B120236365A36833B90193CF
:10141C002368DA6801929B680193019B012384F88D
:10142C005130002384F85030636D13B9002600E06E
:10143C000226304603B0BDE8F0830226F9E700002F
:10144C0038B590F85150EDB2012D5DD1044600290C
:10145C005BD0002A59D090F85030012B57D0012383
:10146C0080F85030032380F851300023436501632A
:10147C008286C2868363436403648387C3878368DD
:10148C00B3F5004F2DD0A36C224ADA62A36C224A2A
:10149C009A62A36C214A1A63A36C00225A632268D5
:1014AC00E38E9BB20C32216BA06C00F045FD014623
:1014BC0010BB23681A6812F0400F03D11A6842F06F
:1014CC0040021A60002384F850302268536843F0BD
:1014DC00200353602268536843F0020353600D46A7
:1014EC0013E00268136823F040031360026813686A
:1014FC0043F480431360C6E7636D43F010036365E8
:10150C00002384F8503000E00225284638BD02251F
:10151C00FBE700BF311500085F1500083D150008FA
:10152C007047704708B5406AFFF7FBFF08BD70476E
:10153C0008B5406A0268536823F003035360436D97
:10154C0043F010034365012380F85130FFF7EFFFA0
:10155C0008BD30B583B00546446A00F077F82B68B7
:10156C001B6813F0200F23D1024621684B6823F02F
:10157C0020034B6021684B6823F002034B6064210D
:10158C002046FFF7FDFD18B1636D43F02003636542
:10159C00A36833B901932368DA6801929B680193BD
:1015AC00019B0023E386012384F85130636D23B93A
:1015BC002046FFF7B5FF03B030BD2046FFF7B7FF5D
:1015CC00F9E7000010B504460E4B1A784FF47A7305
:1015DC00B3FBF2F30C4A1068B0FBF3F000F0EEFD35
:1015EC0068B90F2C01D901200AE0002221464FF0E6
:1015FC00FF3000F0C5FD054B1C60002000E0012011
:10160C0010BD00BF1C000020240000202000002082
:10161C0008B5074A136843F010031360032000F069
:10162C009DFD0F20FFF7CEFFFEF756FE002008BDF4
:10163C0000200240034A1168034B1B780B441360D3
:10164C00704700BF600D00201C000020014B186883
:10165C00704700BF600D002038B50446FFF7F6FF59
:10166C000546B4F1FF3F02D0044B1B781C44FFF736
:10167C00EDFF401BA042FAD338BD00BF1C00002078
:10168C0082B0084B1B68084AA2FB03235B0A00FBD1
:10169C0003F3019300BF019B5A1E0192002BF9D159
:1016AC0002B0704724000020D34D6210002800F0D7
:1016BC00F18170B582B00446036813F0010F2CD091
:1016CC00994B5B6803F00C03042B1DD0964B5B68A5
:1016DC0003F00C03082B12D06368B3F5803F41D0A4
:1016EC00002B55D103F1804303F504331A6822F41F
:1016FC0080321A601A6822F480221A6037E08A4B12
:10170C005B6813F4803FE7D0874B1B6813F4003FF2
:10171C0003D06368002B00F0BF81236813F0020F25
:10172C0075D0814B5B6813F00C0F5FD07E4B5B6800
:10173C0003F00C03082B54D02369002B00F08A8093
:10174C007A4B01221A60FFF781FF0546764B1B6826
:10175C0013F0020F75D1FFF779FF401B0228F5D962
:10176C0003209EE1704A136843F48033136063686E
:10177C0043B3FFF76BFF05466B4B1B6813F4003F3D
:10178C00CBD1FFF763FF401B6428F5D9032088E118
:10179C00B3F5A02F09D0644B1A6822F480321A607A
:1017AC001A6822F480221A60E1E703F18043A3F562
:1017BC003C331A6842F480221A601A6842F4803270
:1017CC001A60D4E7FFF742FF0546574B1B6813F42A
:1017DC00003FA2D0FFF73AFF401B6428F5D9032045
:1017EC005FE1514B5B6813F4803FA5D14E4B1B68F6
:1017FC0013F0020F03D02369012B40F04F814A4AAA
:10180C00136823F0F803616943EAC103136023688A
:10181C0013F0080F33D0A369002B5CD0434B01228B
:10182C00C3F88024FFF712FF05463F4B5B6A13F0A9
:10183C00020F21D1FFF70AFF401B0228F5D9032024
:10184C002FE1394A136823F0F803616943EAC103B5
:10185C001360DCE7354B00221A60FFF7F7FE0546F4
:10186C00314B1B6813F0020FD1D0FFF7EFFE401B7A
:10187C000228F5D9032014E10120FFF701FF2368AA
:10188C0013F0040F00F09680274BDB6913F0805F98
:10189C0034D1254BDA6942F08052DA61DB6903F00E
:1018AC0080530193019B0125214B1B6813F4807F0E
:1018BC0026D0E368012B3DD0002B53D103F180439C
:1018CC0003F504331A6A22F001021A621A6A22F032
:1018DC0004021A6233E0154B0022C3F88024FFF790
:1018EC00B5FE0546104B5B6A13F0020FC7D0FFF72D
:1018FC00ADFE401B0228F5D90320D2E00025D3E72A
:10190C000B4A136843F480731360FFF79FFE06467F
:10191C00074B1B6813F4807FCBD1FFF797FE801B1E
:10192C006428F5D90320BCE00010024000004242BC
:10193C00007000405F4A136A43F001031362E368CE
:10194C0033B3FFF783FE06465A4B1B6A13F0020FA4
:10195C002FD1FFF77BFE801B41F288339842F3D9DD
:10196C0003209EE0052B09D0524B1A6A22F001028B
:10197C001A621A6A22F004021A62E0E74D4B1A6AE4
:10198C0042F004021A621A6A42F001021A62D6E7A5
:10199C00FFF75CFE0646474B1B6A13F0020F08D09C
:1019AC00FFF754FE801B41F288339842F3D9032091
:1019BC0077E0E5B9E369002B72D03E4A526802F039
:1019CC000C02082A56D0022B17D03B4B00221A6669
:1019DC00FFF73CFE0446374B1B6813F0007F47D0E3
:1019EC00FFF734FE001B0228F5D9032059E0314AD9
:1019FC00D36923F08053D361DCE72F4B00221A66A6
:101A0C00FFF724FE05462B4B1B6813F0007F06D016
:101A1C00FFF71CFE401B0228F5D9032041E0236A86
:101A2C00B3F5803F1AD023494B6823F47413226A10
:101A3C00606A024313434B601F4B01221A66FFF787
:101A4C0005FE04461B4B1B6813F0007F0ED1FFF7FD
:101A5C00FDFD001B0228F5D9032022E0154A53682E
:101A6C0023F40033A1680B435360DCE7002018E03B
:101A7C00002016E0012B16D00E4B5B6803F480316E
:101A8C00226A914211D103F47013626A93420ED10F
:101A9C00002006E001207047012002E0012000E058
:101AAC00002002B070BD0120FBE70120F9E7012006
:101ABC00F7E700BF00100240000042420F4B5B688A
:101ACC0003F00C02082A01D00D487047C3F383427F
:101ADC000C49885C13F4803F0BD0084B5B68C3F354
:101AEC004043094AD35C064A02FB00F0B0FBF3F01A
:101AFC007047064B03FB00F0704700BF001002401C
:101B0C0000127A0074CB000870CB000800093D006D
:101B1C00002800F0A08070B50D460446524B1B689F
:101B2C0003F007038B420BD24F4A136823F00703D1
:101B3C000B431360136803F007038B4240F08D8056
:101B4C00236813F0020F17D013F0040F04D0474A88
:101B5C00536843F4E0635360236813F0080F04D018
:101B6C00424A536843F460535360404A536823F02D
:101B7C00F003A1680B435360236813F0010F31D0BD
:101B8C006368012B20D0022B25D0384A126812F042
:101B9C00020F64D035494A6822F0030213434B60AC
:101BAC00FFF754FD0646314B5B6803F00C0362688B
:101BBC00B3EB820F16D0FFF749FD801B41F288333F
:101BCC009842F0D9032045E0284A126812F4003FED
:101BDC00E0D101203EE0254A126812F0007FD9D1F5
:101BEC00012037E0204B1B6803F00703AB420AD9F6
:101BFC001D4A136823F007032B431360136803F08B
:101C0C000703AB422DD1236813F0040F06D0174AFB
:101C1C00536823F4E063E1680B435360236813F0CB
:101C2C00080F07D0114A536823F46053216943EA23
:101C3C00C1035360FFF742FF0C4B5B68C3F3031304
:101C4C000B4AD35CD8400B4B18600B4B1868FFF752
:101C5C00B9FC002070BD012070470120FAE701207B
:101C6C00F8E70120F6E700BF002002400010024018
:101C7C0084CB0008240000202000002070B582B026
:101C8C000024A446A1E07E4DAB4214D00CD8A5F59F
:101C9C008015AB420FD005F57025AB420BD0A5F5E6
:101CAC008015AB4210D106E0764DAB4203D005F562
:101CBC008035AB4208D18B68002B50D0012B49D01A
:101CCC004261082400E0CC68BEF1FF0F49D80646FB
:101CDC004FEA8C0233680F25954023EA050304FA7A
:101CEC0002F2134333604B6813F0805F6BD0664B8A
:101CFC009A6942F001029A619B6903F00103019316
:101D0C00019B4FEA9C02951C604B53F825600CF02C
:101D1C000305AD000F23AB4026EA03065C4B98424B
:101D2C0026D003F58063984200F08C8003F5806325
:101D3C00984200F0898003F58063984216D0042302
:101D4C0017E0CC680434BFE7CC680834BCE7CC6837
:101D5C000C34B9E702610824B6E70024B4E7042484
:101D6C00B2E7061DACF108029200B3E7032300E0D2
:101D7C000023AB4033430232444D45F822304B68CC
:101D8C0013F4801F62D0434A936843EA0E039360B6
:101D9C004B6813F4001F5FD03E4AD36843EA0E032E
:101DAC00D3604B6813F4003F5CD03A4A536843EA63
:101DBC000E0353604B6813F4803F59D0354A1368B7
:101DCC0043EA0E0313600CF1010C0B6833FA0CF2AE
:101DDC0054D0012202FA0CF203EA020E32EA030397
:101DEC00F1D14B68122B3FF64EAF122B3FF66CAF76
:101DFC0001A555F823F000BFC31C0008D31C000834
:101E0C00551D0008671D0008D51C0008D51C0008CE
:101E1C00D51C0008D51C0008D51C0008D51C0008D2
:101E2C00D51C0008D51C0008D51C0008D51C0008C2
:101E3C00D51C0008D51C0008D51C00084F1D000837
:101E4C005B1D0008012394E7022392E7114A936873
:101E5C0023EA0E0393609BE70E4AD36823EA0E0332
:101E6C00D3609EE70B4A536823EA0E035360A1E745
:101E7C00084A136823EA0E031360A4E702B070BD8E
:101E8C000000221000003110001002400000014040
:101E9C0000080140000401400AB1016170470904C7
:101EAC000161704730B40124056CAC40C56B6C60AB
:101EBC00046863604368102B05D00368996003685D
:101ECC00DA6030BC704703689A600368D960F8E741
:101EDC0050B310B402460168144B0B441448A0FBD9
:101EEC0003031B099B001364124BD363022382F878
:101EFC00213008686FF30D10536894682343D4683D
:101F0C002343146923435469234394692343D469B9
:101F1C00234303430B6000209063012382F821309C
:101F2C0082F8200010BC704701207047F8FFFDBFFD
:101F3C00CDCCCCCC0000024038B5044690F8200043
:101F4C00012832D0012084F8200094F82100C0B27E
:101F5C00012804D0002384F82030022038BD022050
:101F6C0084F821000020A0632568286820F0010077
:101F7C0028602046FFF796FFE36A5BB1226813687E
:101F8C0043F00E0313602268136843F001031360DF
:101F9C000020E3E72268136823F00403136022682F
:101FAC00136843F00A031360EDE70220D6E7000044
:101FBC0038B5C36B1A6804682568016C04238B4020
:101FCC00134235D015F0040F32D0236813F0200FD4
:101FDC0003D1236823F0040323600368434A93422C
:101FEC0014D01432934218D01432934217D01432B6
:101FFC00934217D01432934217D01432934202D02A
:10200C004FF0806203E04FF4800200E00422384B72
:10201C005A60C36A03B1984738BD4022F7E74FF4C2
:10202C008062F4E74FF48042F1E74FF48022EEE750
:10203C0002238B4013423CD015F0020F39D0236899
:10204C0013F0200F06D1236823F00A032360012329
:10205C0080F821300368254A934214D014329342FD
:10206C001CD0143293421BD0143293421BD0143226
:10207C0093421BD01432934202D04FF0007203E013
:10208C004FF4001200E00222194B5A60002380F832
:10209C002030836A002BBFD09847BDE72022F3E79E
:1020AC004FF40072F0E74FF40052EDE74FF40032BA
:1020BC00EAE708238B401342AED015F0080FABD0E3
:1020CC00236823F00E032360026CC16B012303FA17
:1020DC0002F24A60836380F82130002380F82030BC
:1020EC00036B002B98D0984796E700BF080002407E
:1020FC0000000240002808DB0901C9B200F1604071
:10210C0000F5614080F80013704700F00F000901E2
:10211C00C9B2014B1954704714ED00E000B500F042
:10212C000700C0F1070CBCF1040F28BF4FF0040CE2
:10213C00031D062B0FD9C31E4FF0FF3E0EFA0CF0F9
:10214C0021EA000199400EFA03FE22EA0E0241EA4E
:10215C0002005DF804FB0023EEE70000074AD36899
:10216C0023F4E0631B041B0C000200F4E060034347
:10217C0043F0BF6343F40033D360704700ED00E0DD
:10218C0010B50446054BD868C0F30220FFF7C6FF14
:10219C0001462046FFF7AEFF10BD00BF00ED00E08A
:1021AC00002807DB00F01F02400901239340024A7C
:1021BC0042F82030704700BF00E100E00138B0F178
:1021CC00807F0BD24FF0E0235861054AF02182F852
:1021DC0023100020986107221A6170470120704774
:1021EC0000ED00E070470000FFF7FCFF0B480C49C6
:1021FC000C4A002302E0D458C4500433C4188C4257
:10220C00F9D3094A094C002301E013600432A242BD
:10221C00FBD300F017F8FEF735F8704700000020EC
:10222C00280000209CCB000828000020640D002012
:10223C00FEE703460244934200D1704703F8011BAA
:10224C00F9E7000070B500260C4D0D4C641BA41072
:10225C00A64209D100F01AF800260A4D0A4C641B5C
:10226C00A410A64205D170BD55F8043B9847013621
:10227C00EEE755F8043B98470136F2E794CB00089B
:10228C0094CB000894CB000898CB0008F8B500BF9D
:10229C00F8BC08BC9E467047F8B500BFF8BC08BC3B
:0422AC009E46704793
:1022B0000C0C003333000000D0040D11132B3F54DD
:1022C0004C180D0B1F230000D0040C11132C3F449D
:1022D000512F1F1F20230000537065656420546533
:1022E00073740000466F6E7420746573742E000062
:1022F00048656C6C6F2053746576652100000000A2
:10230000526563742E2F4C696E652E0046696C6CA5
:10231000656420526563742E000000004369726397
:102320006C652E0046696C6C6564204369722E00F2
:10233000547269616E676C650000000046696C6CE0
:102340006564205472690000524544004752454577
:102350004E000000424C5545000000000000000007
:1023600000210000002100000000082000400020A3
:1023700000010841000000000040000008000800C3
:102380000802000008000800000008000000080023
:102390000800080010420000000000200000084172
:1023A0000000000008210000000008400000082094
:1023B00000000000080000000000082008000000E5
:1023C0000000000000000000000000000802000003
:1023D00000000002000200010000080008000000E8
:1023E000000000000800000008210001080008218A
:1023F0000000000000000000080008000841000084
:102400000000002000000000000100010820000082
:1024100000600000100008000000002008000020FC
:10242000000000000800080000000020004000003C
:10243000002100000060006000001000002000008B
:102440000820000000001000080000000800000044
:102450000020000008000800104200000861FFDFB3
:10246000F7BEFFFFF7BDCE77F79BFFBBFFFBE6F99B
:10247000D637C5B5C5B4F779F799FFBAFFDAEF38A3
:10248000BDB4C5F4EF58F798F758FF9AE718C5F4AC
:10249000C5D3DE96D655FFBAF7B9F7D9F7B9F7998C
:1024A000F79AF799F799FFDAFFDAF7B9FFBAF799D0
:1024B000FFBAFFBAFFB9FFBAF799FFDAFFBAFFBA5E
:1024C000FFBAFFBAFFB9FFB9FFB9FFBAF77AFFFA4F
:1024D000CE749CB1AD54C5D4DEB6FF9AFFBAF7995D
:1024E000FFB9FFB9F7B9FFDAEF58BDF3F77AFFDBB1
:1024F000FFFBFFDAFFDAEF58EF58FFFBF799FFDA3F
:10250000FFDAF7B9FFFADEF7BDF4EF59FFBCF7BB0E
:10251000F7FCF7BBF75AFF7BFFFCF7BBF77BE73A0B
:10252000BE15CE36FF7CF73AFFBCFFFCCE58C5D5B2
:10253000F75AFFDDF79CB5759410A450B431C4115F
:10254000CC93BC92BC72CC72CC72BC92C472BC9262
:10255000BCF4ACB2B4D3C5769CB308620000FFFFF4
:10256000FFFFF79DC636E6F7FFB9FF97FF57DE344A
:10257000DE36B4F0CDB1FF76FF76FFD7F757D653EE
:102580009C8DCE32FFB6F754F775FFB7D633ACCE7D
:10259000C5B1CDF2E6B4FFF8FFD7FFF7FFF7FFD7DD
:1025A000FFD7FFB7FFB6FFF7FFD7FFB6FFB7EF556F
:1025B000FFD7FFD7FFB6FFD7FFB6FFD7FFB7FFD7CD
:1025C000FFD7FFB7FFB7FFB6FFB7FFD7FF97FFF7FC
:1025D000E7348C4D83CD9CAED653EED5FFD7FFD7D5
:1025E000FF96FFD6FFB6FFF7FFB6D692BDB0EF3627
:1025F000FFF9F776FFB6F755E6F4EF36FFF8F77513
:10260000FFF7FFD7FFD7F776BDD0BDD1FF38FFDA90
:10261000FFFBFFFAE736EF36FFD8FFD8FFB9FFFB25
:10262000BDD2BD92DE35FF79FFB9F7F9F73CBD7237
:10263000DE54FF58FFDDE69A8BAE832BBB2ECAEE2D
:10264000CB2EBB2EBB4EC30ED32EC32ECB0EBB2E1A
:10265000B3AFABEFA410B4F4AD1400001061F79E5B
:10266000FFFFF79DA531FFFAFFB7FFD6FF35CD700D
:10267000BCD09C0CDE34FF36FF96FF56F6D7B4EF85
:102680009C2CF716FF76E6B2F735E6B4A44EACAF55
:10269000D5F3D613FF77FF77F755FFB7F776FFD758
:1026A000FFB7FF96FFB6FF96FF77FFB8E6D4EF15AA
:1026B000FF96FF96FF76FF96FF76FF96FF76FF76F2
:1026C000FF96FF76FF76FF76FF76FF76FFB7F795EA
:1026D000F7967BAC5208832BB4CFD5D3FF56FF9728
:1026E000FF55FF95FF75FF96FF96FFB7AD0EBD90A6
:1026F000F716FF76FFB6FF96EF15CDF2FF56FF7681
:10270000F735FFB7FF76FF97F757A4ADCD71F717F1
:10271000FFD9FFF9E736DEB3E6D4FFD8F7B8FFF903
:10272000F778ACAEC530E613FF98EF56FFDCD65411
:10273000A48CC570FF19FFBDC5946288B2CCC28C51
:10274000BA2AAA4AB2CBB24AC26BB24ACA4BBA6BD5
:102750009A6A9B2D9B8E9C30A4F300610000FFFFC2
:10276000FFDFFFFEAD51F757F734FFB4D5AFD5B15A
:1027700093EC83ABA48EBD70E6B5EEB6E6568B8BBC
:10278000A46EFF57EEB3F6F3FF97BD308B6BBD1110
:10279000C571F6F6FF76FF97FF56FF56EED4FF960B
:1027A000FF75FF75FF96FF76FF98FF57DE51FF56C6
:1027B000FF96FF76FF96FF96FF96FF76FF97FF76D0
:1027C000FF96FF76FF96FF76FF76F714FF35FFB58D
:1027D000FFF8944E938EB470936BCD73DE32FF3658
:1027E000FF96FF96FF55FF55FF75FF76EED5A46C5B
:1027F000C571FF37FF76FF75FF56BD50CD6FFF5790
:10280000FF56FF56FF76FF77FFB8D633A40CCD7284
:10281000F717FFFAFFF9E715D632FF37FFD9EF7840
:10282000FFFBCDD3A42DC530EEB5FFB9F797FFFA66
:10283000B530A4CED632F716FFBA7BAC89C6B1E963
:10284000B9A8A9C7AA29A987B9E8A9A7A967AA0900
:1028500089E7828982EB93CFA4D200000000FFFFBA
:10286000F7BEFFDEAD32E6D5FFD6FF52C52EC52F2F
:102870007308DE96AD307BA97B69A48FAC8E72E7BE
:10288000D5D1FF55DE4FF733EEB38B89AC2CBD0E9F
:10289000D5F0FF74FF74FF74FFB6EE92EED2FF74B2
:1028A000FF74FF73FF53FF95FF76D611DE2FFF9461
:1028B000FF94FF74FF94FF74FF74FF73FF74FF3382
:1028C000FF95FF54FF74FF74FF54E691FEF3F77316
:1028D000FFF5B54FAC4FE5939B6AB48EC52DEE92D4
:1028E000FFB6FF54EED1F712FFB5FF53FFD6B50D7B
:1028F000A42BD590F6B2FF74FF75BD8FAC4BCD6F96
:10290000FF35FF75FF54FF95F733FFD6A46E9C0C7F
:10291000D5D3FF79FFFBF778D633D5B1FFFAFFBAED
:10292000F799FFBB93ECBCAFBD0FFF37FFF7FFFA82
:10293000E739946DA4ACD631FFB9D67671449105D0
:10294000B947B126A946A0C5B926B126A96699C737
:1029500079A672287269834DA49200000020EF9E30
:10296000FFFFFFFFBD94C5D2FFF7E690BCADBCCE24
:102970008388FFB8F796F775C5B08BCA6A856AA5D4
:10298000F6D4EED2EED0FF53C54E8B69C4EDC52D03
:10299000F6F3FF73FFB4FF53FF34D5EFFF54FF741A
:1029A000FFB4FF93FF73FF95E692ACCCEEF1FF947A
:1029B000FF73FF73FF94FF73FF73FF93F6F2EED183
:1029C000FF74FF74FF53FF74FF74DE2FF693F7520A
:1029D000F7B3DE729349E531BC2C8B29BD0DD5CF01
:1029E000FF75FF54EED1DE2FFF53FF74FFB3EEF4FB
:1029F000A44CAC4CDDF0FF73FFB5E6D3B46CAC6B0C
:102A0000D5D0FF54FF94FF73FF94FFB4D65393EADD
:102A1000B4ADDE53FF98FFB9EEF6BD0FEED6FFFA68
:102A2000FFFAFFDACDF393AAB48DCD50FFB8F79932
:102A3000FFFCB5928BEABD2EDE52FFF99B8C78C36A
:102A4000B106A8C5A0C4A8A4A8C4A8E5A90689047D
:102A500060C361A67249834D9C5108000000FFFFCE
:102A6000FFDFFFDFD678942DFF56D630CCEE9BC922
:102A70009C09FF95FFF4F772FFB5F6F483298BAA42
:102A8000FF37D5F0F713F6F493AA8B8CBCCDD58F16
:102A9000FF55FF95F773FFB6D610E632FF75FF546A
:102AA000FF94FF53FF95FF75C5909C4BFF96FF95D4
:102AB000FF75FF75FF95FF74FF74FFB5E671E69132
:102AC000FF75FF75FF55FF75FF95DE30CD0FFF9544
:102AD000FFD4FF569308DCF0CCD082C9B4ADB4ADBE
:102AE000EE93FF96FF96C58EDE31FF55F773FF9785
:102AF000AC6FA3EDBCCDE650FF95FFB7BCAFB46D96
:102B0000AC6CDE11FF55FF74FF94F774FFD79C4A3D
:102B100093C9BD0DEEF5FFD8FFD9C590B4EEFFFA0D
:102B2000F7F9FFFAFFD993A9B4ADAC6BD5B2FFDAD0
:102B3000F798FFFB9C0D9BABC52EFF33E6B77124C6
:102B400098C4A0C498E5A10598A498E4A885A10616
:102B500070E461456A08832D941008000001FFFFAE
:102B6000FFBEFFFFE73C7BACFEF6DD4DBCEE8B49C4
:102B70008B6ADE12FF96FF33FF74CDCE6A68C56D97
:102B8000F6F2D5EFFF75D5B172A8B4ACB4ACF6F3DC
:102B9000FF73FFB4FF75FF56A46BFF15FF76FF921E
:102BA000FF73FF74FF73F7157B08DE52FFB3F73333
:102BB000FF75FF55FF74FF73FF74FF95D590F6F313
:102BC000FF74FF95FF53FF73FF75DE31BCADFF143B
:102BD000FF94FFF69C4AC44DE4B0BBEC7B29BC8E4D
:102BE000D58FFFB5FFD5EE51BCCCF6F4FF53FFD522
:102BF000E7339429B4ADC4CEF6B4FF75E7359C2C09
:102C0000B450C46FE5D0FF52FFD4F713FF91F71310
:102C100072A7C4F0C4EEFF15FF97EEF7AC4CDE13BD
:102C2000FFDAF7DAFFFACE138B68C4EFB4ACF6B470
:102C3000FFD9F7DBCEB86B2ABCCFE52EFF977C0A15
:102C40007884B0A6A8C5A08290C3A8E4A0A598C423
:102C500068C351C55A07930CA41100000021EF7DF1
:102C6000FFFFFFFFF7DE8C4ECD91D52DC53072A64C
:102C70006225B4CEEE93FF54FF75BD0D6A68DE1079
:102C8000E670E671FF34AC8D832AB4CCC54EFF5498
:102C9000FF73FFB4FF96C58FBD0DFF35FF56FF7262
:102CA000FF73FF75FFB4C56F8B8AF715FFB3FF7411
:102CB000FF75FF75FF94FF74FF95F714C52EFF1481
:102CC000FF74FF74FF74FF73FF74DE31B48CF693EE
:102CD000FF74FFD5ACCCB3ECE4F1D4CF8B2AAC2D90
:102CE000C50EEEF3FF74F6F3C52DCDAFFF75F753A8
:102CF000FFB5ACCC9BEBBCAECD6FFF34FFD5BD4E6A
:102D0000A44DC4CEC4CCFEF2FF33FF96FFB4FF77D0
:102D1000AC8F9BCCBCEED610FF75FF56CD30AC8D82
:102D2000F757FFFAFFFAFF998B89B48DBCADCD6FD1
:102D3000FF98FFFAF7DB944E8B6AD4CEEEB4D6B58B
:102D400068E3A085A8C5A8E4A0E498A3A0A598C4BA
:102D500068C359A56207930CAC1100000000F7BED0
:102D6000FFFFFFFFFFFFB574836ACD2FAC8D93CAC1
:102D700093EB6243B4EDEEB3FF36AC4C7AE9F6D494
:102D8000D5CEFF14EEB38B68A3ECBCCCE651FF9517
:102D9000FF53FF95F7148BC8DE31FF75FF55FF52C7
:102DA000FF73FF75FF758BA8ACADFF97FF93FF9482
:102DB000FF54FF75FF74FF74FF95D611B48CFF3478
:102DC000FF74FF54FF94FF74FF75DE31B46CDDF0C7
:102DD000FF75FFD5C5AFA369DCF0D510B3ED8B4906
:102DE000B4CDD5CFFF34FF74CDAEB4ABEE91FF744C
:102DF000FFB5E6B38B48C4CEB48CE631FFB3F774AD
:102E00008C09B4CDBCACCD2DFF14FFD8FFD8FFDAB0
:102E1000EEB8836AB4EEBD0CE691FFB6E5F1AC4BBB
:102E2000C590FFFAFFFAFFFABD508BAAC4EEB46C4E
:102E3000E653FFFAFFFBDEB672C8BC8FC54EFFB883
:102E40008AE888A3A8A4A8C4A88390E4A0C598C4CD
:102E500068C3598562079B2DB43100000000FFFF55
:102E6000F7DFFFFFFFFFBD946266C5309C0C8BCA85
:102E7000FF77A48B5A02B4CDCD71AC4E93CBF6D470
:102E8000CD8DFF75D5B07AE7B48DBD0DF713FF94E6
:102E9000F733FFB6CDAF8BA8F714FF95FF54FF7340
:102EA000FF73FF75E6727305D611FF96FF73FF740B
:102EB000FF34FF95FF53FF74FF75ACCCAC8BFF550F
:102EC000FF74FF54FF94FF74FF75D5D0AC6CCD4EEA
:102ED000FF54FFB5DE929B49DCF0C4AEDCF182C842
:102EE000B4ADC4CDFF13FFB4CE0FB48BBCECFF75F3
:102EF000FF34FFB79C2B9BEBC4EEC4EDFF12FFB673
:102F0000BE1183C9C4EEC48DD5D1FFF9FFFAFFFB12
:102F1000FFDB9C6EA46CB4ECBD4CFF54F693C50D66
:102F2000A44BEF16FFB9FFB9F75883A9BCCEB46D17
:102F3000C50EF736FFD9FFFB942E834BBCCCEE5366
:102F4000CDD170E2A8C4A8A4A0239145A0C598C47F
:102F500070C359846A07A32DBC5200000020FFFFF4
:102F6000FFFFFFDFF77CA4907B29A44D8B8A9C2B6D
:102F7000FF97FF55B4ED5A03A42D8B6BB4AEE65208
:102F8000DE0FFF75AC6D8308BCEDD5AFFF94FF532A
:102F9000FF54FF7693C9B4CDFF75FF74FF74FF74BF
:102FA000FF74FF95ACCD8367F734FF54FF73FF5474
:102FB000FF54FF95F6F2FF74FF358BA9BCEDFF754A
:102FC000FF74FF74FF74FF53FF54C54E9BEBBCCDE1
:102FD000FEF3F774F7359BCADD51C4CFE4F1A3AB20
:102FE0009BCBC4ADEE31FFB5DE91AC4BB48BE6317B
:102FF000FF55FF56D6126A85C50FBC8CDDB1FF7830
:10300000F7DA7BCBB48EC4AEBCEEE6F5FFFAFFD8A0
:10301000FFD9D6337B48BD0FB4ACE631FF55CD6E3A
:10302000AC8BC590F736FFD9FFFAAD4F93CABCCE33
:10303000C4EECD90FFF8FFFAD67649C5B48CCD2FFB
:10304000F77779E498C3A8C5A8648904A0C598C592
:1030500078C361647207AB4EBC7200000020F7DFDA
:10306000FFFFFFFFC5B4ACAFA44D7B087B29CDB1FA
:10307000FF55FF95FF55CD906A866246C56FCDB06E
:10308000F6D2F6D38B6A93ABBD0DEE72FF94FF536D
:10309000FF75E65272C6DE12FF75FF73FF73FF7491
:1030A000FF74FF558369A44BFF95FF54FF94FF54B1
:1030B000FF75FF74EED1FF75EE937B07C52EFF55AC
:1030C000FF74FF74FF74FF73FF75C56E838ABCCDF8
:1030D000F672FF74F775A42BDD72DDB3CC6DD4F0FE
:1030E00082C8C4AEC52EFF55EF1593EBBCCEBCCD48
:1030F000FF35FF97F77873489BCBC4AEBCAFF7188A
:10310000FFFCB5518B8ABCAFBCCEC54FFF96FF9577
:10311000FF75FF766AC6AC6EBCCFC50EFF55DDF0FD
:10312000B4ACB4ACEE94FF97FFF9E7367B08B48EED
:10313000C4CEBCEDF735FFF8FFDA5A887265C4AE2D
:10314000EF15A3EB7882A8A5B0E690C3A0C4A0E5D4
:1031500078E461647A08B34EC47208000000FFFF8F
:10316000FFFFEF3BA48FD5D2BCEE7B2751C4DE32EC
:10317000FFB5EF11FFB5FFB7B4CF6245D5D0C54F4E
:10318000FF13E63082C9AC2DC52DFF14FF93FF73EA
:10319000FF55AC8C8307F6B5FF75FF92FF72FF55A4
:1031A000FF95E69272C7C590FF73FF94FF74FF54BA
:1031B000FF75F6F2E690FF75CDB072A6C54EFF55CD
:1031C000FF53FF74FF74FF74FF95CDCF6AE8BCCE48
:1031D000E5EFFF74FF95A42BCD10FE96D4CDE5113D
:1031E0009B4BA3ECB4EDEEB3FF789C8FB46DB48C25
:1031F000DE11FFF9FFDAB59272C8B42DBCCDCD91C6
:10320000FFBAE6B66AC7BD0FB46CC4ADE651FF3372
:10321000F752FFB69C2B72C8C4F0BC8CE651F6F492
:10322000BCACBCADCD90EED4FFF8FFF7944C8B6AEC
:10323000BC8EC4CED5D0FFD7FFFAAD5140C1A38B11
:10324000D5D2CDF270E3A064A0E5A0C3A0C4A105CF
:10325000810469658208BB4ECC9308000800FFDF3B
:10326000FFFFBD95BD31E633BCEE9C2B5A05FF77C1
:10327000FF53FF71FF73F6F49C4B72E7D5F0C54F17
:10328000FF13D58E7AC9BCAFCD6DFF55FF92FF738A
:10329000FF147B069BEBF6D6FF95FF92FF72FF555E
:1032A000FF95CDCE6AA7DE53F732FF94FF54FF544B
:1032B000FF75E670DE70FF54BD0E6A86CD90FF96F6
:1032C000FF74FF74FF74F753FF54D5D05225BC8DA3
:1032D000D54DFF74FFD6A44BBC8EFF39EDD0CC6E1C
:1032E000CC707AE8AD0EDE12FFBAB5B493ABB4AED3
:1032F000BD0EF777FFFADEF87B09932AB4CBBD0D3C
:10330000E673FFB87347940ACD0FCC8CC50DFF133D
:10331000F731FF95D6134122B48EBC8CBD4DFF56BC
:10332000CD4FBCACAC4BF6D4F775FFF7CE5451E49F
:10333000C4D0BC6DBD0DF734FFD8EF5849437A6750
:10334000C4CEDEB581C5A8A590A4A8A4A0C4A1053B
:10335000892571858228BB4ECC9308000021F7BFD8
:10336000FFFEA4AFEED5DE31B4CDAC6C832AFF14E2
:10337000FF33FF33FF53EEB38BAB8389DD8FCD6D0E
:10338000FF35A44D8B49BCECDE30FF75FF54FFB513
:10339000D58F7286C4EEFF52FF71FF94FF74FF5306
:1033A000FF55A3EC8309EE73FF94FF74FF93FF7343
:1033B000FF91CDCFF6F4F73193AB59E6DDEEFF7414
:1033C000FF54FF34FF55FF75FF75D58E51C59BEC3B
:1033D000BD0FFF57FFDAA4CFA46EFF18F716CC8EEF
:1033E000ECF1932A93ACC511FF98E733834ACD0ED5
:1033F000BC6BE612F775FFF59429ABEE8B48BCCF9A
:10340000CD70FF95B56D51E4C4F1C4ACC4ACE630E9
:10341000FF35FF75FF5352036A89C551AC8CEE73BB
:10342000DDAFBC8BBCADBCEEFF77FFB6FFB76AC6A5
:10343000836BC4D0BC6CDDD0FFB7F7FA7B27584153
:10344000ABCEEE5483479021B085A8E5B0C5B0C59A
:10345000994569649249D34FC3F100400000FFFFD2
:10346000DE98B551FF56CDAFBCEDAC4C7AE9FF35D7
:10347000EE91FF33FF73E6528B8A93CAD54ECD8E01
:10348000FF159BEB93AABCCCE670FF75FF54FF546D
:10349000B4CC7AC7CD70FF53FF72FF75FF93FF73F3
:1034A000F71393A993CAF6F2FF73F773FF53FF5410
:1034B000F751BD2EFF56EED172E76227D5CFFF96AA
:1034C000FF96FF76FF76FF97FF97C56E622693CB38
:1034D000BD0EF6F5FFDAAD309C4DFF18FF57EDB28B
:1034E000D48FB40D7AC9C4F0EE94F7958BABBCCDF4
:1034F000C48CC4EDF734F794C58EA3CD9BCBA3EC5D
:10350000C4EEEED3EF1449C3AC6EC4ADBC6BCD2D8D
:10351000FF36F754FFB48BAA6228AC6EB4CDD58FBA
:10352000E5F0B46BBCCDB4CEE693FFD7FFD7A4AD26
:1035300051E4BCD0BCADC50DF756FFF9A4AD58821F
:103540007A28CDB1B44C88C388648083688288832C
:10355000A18789E789C7C30ED4D400000001FFFF0B
:10356000B573CE13FFB6CD8EBCEDAC4D6226F6F52D
:10357000DE30EEB2FF94DE117B099C2BCCEDD5CF73
:10358000EED38349A40CBCECEED2FF95FF75F6F3A5
:1035900093C98B69E633FF95FF95F796FF95FF94E6
:1035A000DE517B07AC8CFF54FF94FF75FF96FF76CE
:1035B000EEF2ACCDFFB8DE306A8672CACDD1FFD84C
:1035C000FFD9FFD9FFB8FFF9FFD9BD707AC8938A38
:1035D000BCCDE673FFD9BDB1940BFF18FF77FEB5E4
:1035E000D4AECCD07AA8AC2DCD90FFD6944CAC4BB9
:1035F000C4ADBC4CE672FF94EEF493ABBCAF8AE86A
:10360000BC8DCDAFFFB773487AE8C4EEBCACB48BC9
:10361000F694FF34FFD5BD2F72898B49C50FB4AC2A
:10362000E611AC2ABCCDB4ADCD8FFF97FFF7D69491
:1036300041829BECC4EEB46BE673FFD9C5F160C365
:1036400060E4A4EFC4CF58A1716692EBA490A30CE0
:1036500081467986A2ABBB0EC45200000021FFDF79
:10366000B573EF36FF75C56DBCCDB46E4163CDB09B
:10367000DE31D5CFFF34D5D172A7AC8CBCACDE1017
:10368000E65272C7B48EBCECFF13FF95FF75E6726D
:103690007B079C0CF6D6FFB7FFB7FFD8FFB9FFB981
:1036A000CDB272A8C551FFB8FFD8FFBAFFD8FFB995
:1036B000C5D1ACADFFB9B50E7B29834BCDB1FFD8D9
:1036C000FFD8FFD8F757FFB8FF98B4EE83298B696E
:1036D000B4ACD5F0FFD7CE118BA9FF18FF57FEF67B
:1036E000E591CCCFA3CC9349C52FFF75AD4F93EA9D
:1036F000CCCFC48DC52DFF95FF76940BC4D09B4ACB
:10370000A3AABCEDF6F5B54F5A24AC6DC50EB48C2A
:10371000CD6FFF35FFB4C5908B6C82C7BCAEB4AD26
:10372000DDD0A40AB46CBCCEB4CDFF15FFF7EF57C3
:103730006B086AA7C4CFB44BCD6FFF57DF15716517
:1037400068837B49CC8F51C5C575F77BF7FDFF5C5E
:10375000C4D27A499A8BC34FBC1100000000EF7DA0
:10376000B572FFB8FF75BD2CBD0EA40D39038BC912
:10377000DE31C52EEE92D5907287B4ADBC8CE65189
:10378000D5D072A6BCCFC50CFF53FF74FF55CDB08A
:1037900072A6B4ADFF36FF97FFD7FFF8FF99FF98E9
:1037A000BD3172A9CDB2FF97FFD8FFBAFFB7FFB9FD
:1037B000942CACEEFF9893CA93CB830ACD4FFF763F
:1037C000FF75FF75EEB3F755F715AC6C8B4A936A2E
:1037D000AC4CCD8FFF96D6518368FEF7FF37FF16AE
:1037E000F694CCCFCCAF8AE8B4CDEED3D6B37B275A
:1037F000CD10C4AEB46AF6F4FF96B52DBC6FCCF014
:103800008AC7B46DDE33D6127B07832ABCEFC4EDC2
:10381000BC8DF6B3FFB5C5B19BADA38A938ABCEE50
:10382000CD4FAC6B9BEBBCCEB48CE632FFD6FFB772
:103830009CCE5A46A3ECC4AEBCCDF6B4F7F8824891
:10384000788459A4BC4E736BF7DEE79CEF3BEF7CAA
:10385000EFDC9C2F8A2ACB2FC43200000000EF5CE3
:10386000A4F1F737FFB7BD2DCD508B0949A572E6FE
:10387000C54FBCEED5AFC50F72A7B4CDBC8CEE5210
:10388000BD4E72C7BCCFCD4DFF73FF74F6D3B4AD40
:1038900072A7BD0EFF35FF76FF96FFB6EEF3F73445
:1038A000AC8C72E7D5D1FF93FF93F756F755F756D7
:1038B0006AC8C570FF568309AC4D7AC8CD2DFF3458
:1038C000FF54FF53E670FF54FF14B44A8B4AA3CC55
:1038D000A3CACD4EFF74DE718B68FEB7FF38FF5769
:1038E000F6F5DD51D4B09B6AA42BDDF1EF556AA645
:1038F000C4D0C48DBCACDDD0FF96D650B48FE5B338
:10390000A38A9B6AC530E67393CA82EAA44CBCCEF4
:10391000BC6DDDF0FFD5D632936BCCAE7A87B48E1A
:10392000BCEEB4CD9389BCCEBC8DD54EFF75FFF8EF
:10393000B570730872A7BCAFBC8DDDF1FFF79B4A71
:1039400080C560A2934B736BEF5CD719EEDBDF1A77
:10395000EFFDA4B1A26BD30FBBF100200000F7BDB7
:10396000B573C5B2FF57C54ECD307AC85A48940BCF
:1039700093C9B48DC50EB48E7AA7BCEEBC8CEE5242
:10398000B4CC8308BCCFD58EFF74FF74E65193CBC3
:103990007AE8C54EFF33FF55FF55F732DE6FF6F27A
:1039A0009C0B8309DE11FF92FF92FF74FF74DE51BE
:1039B00051E5E652F6B382EABCCF7AA7C4ECFF1415
:1039C000FF74FF53DE2FFF74F6F3AC09934BB42E54
:1039D0009329C52EFF34E6928B89FE98FF18FF7855
:1039E000FF57F5F3D48FAC0D8B89CD4FF77572E788
:1039F000938CBCCEC4EDC4EDFF55EEF2B48FEE1443
:103A0000CCF08B09A40BE6739BEAA3AE8369BCAD33
:103A1000BC8EC52EFFB4DE73936BE53082E9A3EB59
:103A2000B4CEBCEE8B49BCAEBC8DC4ACF6F3FFD7B4
:103A3000CE3383AA51C4A40CBCADCD2EF7D5AC4D6A
:103A400080A48862624662A9CD96FFFDF73CFFFE26
:103A5000E73A9B4DB24BD32FBC3100200000FFFF53
:103A6000DEB9A46EE674C54FBCCE8B4A6AAACDB14E
:103A70006AA5A42CBCEDB46D7287BD0EBC8DE65258
:103A8000A46B8B49BCAED5AEFF93FF94D61083498F
:103A90008B49CD8EFF32FF74FF34EECFDE4FF6D46C
:103AA0009BAB82EBE5F3FF74FF52FF76FFB4BD4C96
:103AB0004963F6B3DDCF8AEACCEF7A87BCCCF71442
:103AC000FF95F733D60EFF74EEB39BC9936BC4908A
:103AD0008AC8C50EFF33EEB293AAFE78FEF8EF5700
:103AE000FFB8FE55E4D1BC4E8348BCCDFF958BAAF0
:103AF0006226C4EFBCACBCADF6F4FF939C0DFEF7A0
:103B0000DD729B8C8B49DE11AC2CBC3172E7BCAEF4
:103B1000BC6EBCEDF753D673A3CDE510A3CD936A6D
:103B2000BCEEB4CE8348BCAEC4AEC46BF692FF35D7
:103B3000EF367B8A49838B4ABCCEBCCCEF94BD0F59
:103B40007883A8A55205498561A7B513C637AD335B
:103B5000830B8987C24CCB2FBCB300000000FFFE53
:103B6000FFDFBD969C4FCDB0C4ED932993CC93E974
:103B7000EE956A86AC8DAC6D7AE8BD0DB4ABEE53B4
:103B800093AA9BAABCCDDDEFFF54FF54CD5082E732
:103B9000A3CAD5B0FF74FF74FF95D58FF6B1E63395
:103BA000938A8B8ADE31FF74FF53FF74FF947B8C02
:103BB00049E3FF35B4AF9B6AD50F6247B48DFE92DF
:103BC000FF93FF14D5CFFFB4F6519BAA9B6CD4D0C2
:103BD0008AE8BC8DF6D2E7139B6AFEB7FF58FF1741
:103BE000FF37F717E5B2DC6F9B29A48EEED4BD2F0B
:103BF0007286B46EBCCFAC8CD630FFB59CCDDE5592
:103C0000F676CCEF82C6BCCDAC2DB3EEABCB8AE85A
:103C1000CCEFBCABF692EE34AC2DDDD2D4AF6A243F
:103C2000B48ECCEF8B489C4BC50DC40AE591FF3593
:103C3000FF959C2A72E83963BD30BC6CEEB2CDB101
:103C40004861B0677905418390C4704280E388423F
:103C5000A0C5B1A8BA2BD30FBBF100200000FFFF15
:103C6000FFFFF77E942FA48CC52F8309BCF08367D8
:103C7000CD90D5B37B0783498329BD0DB4ACE61342
:103C8000938A9BCABCCDDE10FF75F713C4EF7AC6CA
:103C9000A3EBDDF1FFB5FF94FF34C50DF6B2DE12E4
:103CA0008B6A8B8ADE31FF94FF73FF74FF3362C827
:103CB0005A45FF35AC4DAC0DDD2F7288AC4CF67219
:103CC000FF93F6F4CD8FFF94EE30938AA3ADDCD052
:103CD0008AE8BC6DF6B1E6F3936AFEB7FF38FF17CA
:103CE000FF58FF57EE14DCB0A36A93EBDE32DE120E
:103CF0008328938AC4EFB48CC54DFFB5A4EDD5F3EA
:103D0000FF39DDB38B6993CABCAFA3ADC511830A7C
:103D1000BCD0B4EDDE32DE14BD12F718DD5293AB29
:103D200093CCC4F183495A84BD4FC46DC4ADFF9692
:103D3000FFB5B4ED832A49C5940CBC8CD5EFD6539E
:103D40004963806550C331228802B10790C4A0C482
:103D5000B187A9E8B28BD3B0C49300000000FFFF85
:103D6000FFFFFFFFCE168BEACDB17AC9C551BD2D3D
:103D70007B06FED7BD0E7AE88309BCEDB4ACDDD17D
:103D8000938A9BCABCCDDE10FF75EEB2B4AE7A86C4
:103D9000AC4CDDF1FFB5FFB4EEB2BCACF6D2D5B1A0
:103DA0008329938ADE31FF94FF73FF54F6B241C535
:103DB0006AC7FF3593EBCCF1DD2F7AC89BEBEE3170
:103DC000FF74F6B3C56EFF94E5F08B49AC0EDCF0E2
:103DD0008AE8B44DEE91E6D3934AFED7FF38FF3818
:103DE000FF58FF58FEB6E511B3CC8349CDB0DE12C3
:103DF0009BAA9349BC6DB4ADC52DFF54CE11B4EF51
:103E0000FF3AEE98B51073089C0D62279BCD518543
:103E100072A97B287307628841A5734A620651C55F
:103E20004984AC7093ED3182A4AFBC8EBC6CFF555D
:103E3000FF75BD0E93CC83AC838ABCAED5AFCE32BA
:103E400094D0BC1120801860A8A6B845A8C5A8C405
:103E5000A946A1C7AAABAB2DBCB300000000FFFF71
:103E6000FFDFFFDFFFFE83CA9C6D93CDA44DFF559E
:103E70007AE5A42CF6D59BCB7AE9C50FB4CCCD70EE
:103E800093699BCBB4CDDE10FF75DE30B4AE7266A5
:103E9000B48DD5F0FF94FF94DE30BCACFEF2D5902B
:103EA000832993AADE31FF94FF74FF54E63139432E
:103EB0008349FF148BABDDD4DD2F8B0993ABE5F089
:103EC000FF94F693C54DFF94DDAF834ABC8FDD10A0
:103ED0008B09AC0CEE71DEB2934AFED7FF58FF3867
:103EE000FF37FF57FEF7ED72C44E7AE8C54EDDF29C
:103EF000AC0BAC0CA3CBBC8DBCACEE92E6B3ACAEC1
:103F0000FF9CEEB9A48F39625A47392359A438C3AC
:103F100041237B0883698BAD7B8CBDB3C552938BEA
:103F200049836A47628718607B29C4F0BC8DE672BA
:103F3000FFB7A44B93CC944E940DB48ED54EB54F91
:103F4000A5B3FF5D842E086088A49865A0C4B10560
:103F5000B126B1A8BAABA30CC55500200000FFFFE5
:103F6000FFDFFFFFF79D7BCA62C69C0E93CBFF3538
:103F7000D5D06A64B4CDA42D8B4BC50FBCCDC52F55
:103F8000936A9BEBB4ADDE10FF75CDCFB48E726635
:103F9000BCCEDDF0FF94FF74D5AFC4ADFEF3CD6FA2
:103FA000832993AAD5F1FF74FF73FF75CD6F49A5DF
:103FB0008B89F6D383ABEE77D50F9B4A8B6ADDAF47
:103FC000FF94EE72C52DFF74D56F836AD531DD1075
:103FD000934AA3CBE651D652936AFED7FF58FF38D7
:103FE000FF17F737FF37F5D3D4D07AC8AC6BEE5351
:103FF000AC4CC4AE9B69BCADAC4BEE73FF778BCAC7
:10400000AC9072EA5A4749C451E641858B099B8CB2
:104010007247BCCEC550C552BD73FFBAFF38D551EB
:10402000A3AB936AAC8F6A868308BCAFBC8CC5AF68
:10403000FFD8A40BA44D83ABAD118B8CDD2FBD0F2E
:10404000A4F1FFDEE73B31A47A2861047883992547
:10405000B147C9A9BA2AAB2DDE5900200000FFFFE5
:10406000FFFFFFFFD67883CA83AA5A068329DE1191
:10407000FF56B4AD8BA782E7938BBCEEBCEDC50FAA
:10408000936AA3EBB4ADDE10FF55C58EA44E6A252E
:10409000C4EFDE31FFB4F753C52DC4AEFEF3CD4FF0
:1040A00083098B6ACDB0FF53FF53FF75BCCD6248C7
:1040B00093A9EE9183ECF6F9D50FABAB832ACD2E05
:1040C000FF74EE52C50DFF53C50E838CE5F3DD0F73
:1040D0009BAB9B8BE652CE119B8BFED7FF38FF1715
:1040E000FF17F757FF58FE55D4F18B099BEADDF215
:1040F000AC4CDD929329BC8DBCCED5B1BD70418254
:104100005A4651A561C5728751C56AEAD50FDD329D
:1041100082A8AC2BC50EA40DC572FF77FF37EDD377
:10412000B3EC82E8AC8E8B4AA3ABA3CBBCCDC58FDE
:10413000FF97A42BBCCF734AC5F593CDD50EB48E93
:10414000B533F75CDEDA73CDF79CB5948A8A6904DF
:1041500080A4C1CABA4BB3F0EF1B00200001FFFFDF
:10416000FFFFF79EBD94942BC52F61C56226CD6FCE
:10417000E632EE94B4CC6A64936BC50EC50EC50FDF
:10418000938AA3ECB4ADDE10FF55C56D9C0D62049F
:10419000C4EFE651FFB4F712BCCCC4AEF6D2C52FC3
:1041A0007AC88308CD8FFF53FF53FF54AC4B72CABC
:1041B00093A9DE508C2DFF5BDD50BC2C7AE9BCCD81
:1041C000F733EE31C4ECF713BCCD8BACFE95DD0FAD
:1041D000A3EC932AE652C5D0A3CCFEF7F737FF171E
:1041E000FF17F757FF58FEB7DD31A38B8BAACD51D0
:1041F000B48EF6759BAB9BCBAC8DA42CCDF3396202
:1042000059C5932ACC8FDD527AA86AC9EE13D531ED
:10421000932A9389CD4F834AE675F756F736FE55B4
:10422000C44E72869BEC9BCCBC6F6A87BCCDCDB074
:10423000FF97A40BB4AE7BAB8C4F8BCEBCEEA44DE2
:10424000BD94F7BEE6FB8C2FEFBCE7BCFF9CB4D25D
:10425000824991879A2AC534EF7C08210021F7DE34
:10426000FFFFFFFFA4B1A48CC50EBCAF59E6B4CDCF
:10427000AC8CCD6FD5CF9BCA9BCBBCCDC52EC50F0B
:10428000938AA3ECB4ADDE10FF55C56D93EC59E4F1
:10429000BCCEDE30FF94EED1B4ABCCCFF6D2C50E9F
:1042A000728772C7C56FFF54FF53FF549BEA7AEBC6
:1042B0008B89DE308C4DFF9CE570CC6D72C9B48B60
:1042C000F6F2EE11C4CCEEF2B48C8BADFEF6DCEE61
:1042D000AC0C8B09E652BD8FABEDFEF8FF58FF1812
:1042E000FF17F737FF37FEF7E552B40D72C7C571F8
:1042F000B48EEE76BCCF83088B6A8B8A9C4D5A2590
:10430000AC4EDD11DCCFD4AF7AA872E9FF58D5529C
:10431000AC0E8328C5707309FFBBF777FF98FEB713
:10432000E55272C88BACA3EEAC2F2880B46CB50EEE
:10433000FF779BEAB4CF9CAF21024165B52E83AADB
:10434000A533EFDEE6FBBD74EF7BE77BDF5BF7FEBB
:10435000DE388AAB82AADEDAF7DE08000000FFFF53
:10436000FFFFFFFFA46EC4EFBCCEC4EE41E593ADEA
:10437000C4F0BCACBCED9BEB8B69BD2DD58FC50EDD
:10438000938A9BAABCCCDDCFFEF4C50C938C52253E
:10439000BCEEE631FF94E64FBC6BBCCFF6B1C52F47
:1043A0005A056A67BD4EF6F2FF74FF54938B936A09
:1043B0008B4ACDD39C6DFF78EDF3D4AE7AA8A42CB4
:1043C000DE52E651BCABF653A40CA42EF739D5113E
:1043D000BBCC8B27DE94B4EEAC6DFF38FF38FF18F2
:1043E000FF18FF17FF37FF17EDF3CC4D7AC6BD71ED
:1043F0008C2CFF5BCD3341235A4672C8DE32938941
:10440000C4CFCCAEC44CCCEF936B7AEAFF9BDE9763
:104410008BEC5226730A4164940FA4B1B595F6B89B
:10442000EDB3A3AB6A68A470942E49A37B88D4B083
:10443000FF9693CABCAFBD7058A37882B5107206C0
:1044400050A27B0BCE98F7BDEF3BEF3BF6DAF71BA4
:10445000FFBDCE98B5B5F75DFF7E00000000FFFF01
:10446000F7DFF79DA44EC50FC4EEC4CE5A8772C9BC
:10447000C4F0BCACC4ED8B6A938ABD0DD5AFC50E3C
:104480009BCB9389BCCDD5AFFEF3C50D830A5225D6
:10449000BD0FE611FF94DE2FBC8CB48EEE50C54FDD
:1044A00062266A66B4EDEEB1FF74FF347AA7AC0DF4
:1044B0008B6AC571A48EFF99F654D4CF82E993AA72
:1044C000DE11E610BCABE5D1A3EBB511FF79DD52EF
:1044D000C40C8B07DE73AC8DB48EFEF8FF38FF186A
:1044E000FF18FF17FF37FF37F634D48E82C79C4D75
:1044F000946EFF1A69E638C07B4AC531FF5793CAEC
:10450000AC0D9B4AABEBF656C53362AA9CB129228F
:10451000102020C1732B10200820000000004163F0
:10452000BC6EB42D5184ACD28BED8BAA6B06B3CD8F
:10453000F6F48B68B48EC5B058C378A37C0C818622
:10454000A0C6808459459450DEF9F7BCE73AEF9C49
:10455000D6D9EF9CFF9DF75DFF9E00200000FFFF76
:10456000F7DFEF3B9C4DC50FC4EEBCCD62A87B0AC4
:104570009BABC4EDC52F8B6A938AC50DDDF0C50ECC
:10458000A42C8B48BCEDCD4EFED3C50D6A675225D9
:10459000BCEFE5F0FF73D5CEBC8C9BECD5CFC52F1F
:1045A0007AA87287AC6CE650FF74F6F282A7BC8FD3
:1045B00082C8B4AFACCFFFB9F6B5D50F9B6B8B28D3
:1045C000D5B0DDF0BCABCD2F8349BD51FF99E5924D
:1045D000C42C8306DE739C0BC4F0FEF8FF38FF1773
:1045E000FF18FF17FF37FF58FE75DCF082A8A44EB6
:1045F000942D82C98A88B48F7AE8C510EEB55A2402
:104600008309CD32FF39DE365A8908210000104077
:10461000736C52694A485AEB632D31E70041080038
:104620009BCCBCB02880B51372C9AC4D7B479B6B4B
:10463000E6948348B48ED6125904808372E981458A
:10464000A043A864990568A35985B574EFBCDF5AE7
:10465000EFDCEF5CEEDBFF5DEF7D00200000FFFF95
:10466000F7FFE6FA9C2DC50FBCCDBCCD5A66A44E13
:104670007AA7B46BD5918B8B93ABBCEDE631BCEDD7
:10468000AC6D8307BCCDC52DF693BCED61E552251D
:10469000BCCEDDB0FF53CD8DBC8D7B09C54DC52F84
:1046A0008B2A83099BEBD5D0FF95EEB18AC7C48FC7
:1046B00082A7AC4DACCFFF58FEF7E5B2C44F7A8766
:1046C000BCEECD4FBCACC50F7B28CDF4FF57EDF34E
:1046D000BC2C8B48EE95938AD552FF18FF38FF18F3
:1046E000FF17FF17FF37FF58FEB6DD31930A8B8B9C
:1046F0006A67A38CDD12C4B07AC7B46D93EB6246CF
:10470000E637EEB98BCD188000000022000018E4D7
:10471000949284304A69BE38C69AB65A320A082042
:104720008B8BBCF12881C5956A87BCAE93EA8B2A36
:10473000D5F28B49BC8DE693618580836A2668C378
:10474000A105A9059862A0A490C57083938DE6FA8F
:10475000EFBCEF3BFF7DE6FBDF1B00000000FFFF2F
:10476000FFFFD6989C2CCD2FC4CDBCCD5A65A42E6E
:104770009BAB7AE6BD0F93AC9BCCBCCDEE71BCED90
:10478000B48D82E7B4ADC50DEE52BCCD62065A665B
:10479000B4AED54FFF34C56DBC8D5A46BD0DC50FA7
:1047A000934A9B8C9349CD4EFF75EEB182A7CCF016
:1047B00093099BEDACEFFF9AFF38E614D4F182C861
:1047C000BCCFCD4FBCCDC50F836AEF18FF58F63470
:1047D000A38A8308DE349349DDB3FEF8FF38FF185F
:1047E000FF17FF17F737FF58FED6E551932B93AC11
:1047F0008B6BDD32D490C48F72867AE7ACEFB51143
:10480000BD543165000000400082004208A4000150
:1048100010A33A085B4DBE59ADF8BE9B5B6F0841D3
:10482000A44FC5323943D6376A67BC8DA42B72A812
:10483000B4CE8B49BC6DEED46A06886349437904D3
:10484000A08398A39924A0E5A864B04570437A8A10
:10485000D6B9F79CF73CD679CE5808000000FFFF88
:10486000FFFFD6789C4DCD2FCD0EBCCD72E77B09D6
:10487000C4F07AC6836993AC938BC4CDEE92BCED41
:10488000B4AE8308AC4CBCEDDDD1B4AC6A6762A7B2
:10489000B48ECD0EFF54CD6EBCAE41A4B4CDC50FC9
:1048A000934AB40E8AE8BCADFEF3EEF26A46CD310F
:1048B000936B8B4AA48FF739E676C5318B2B49422F
:1048C0005A0472C7728683295A25C5B4F718F6763A
:1048D000AC0D8B8ABD318B29EE14FF79FF38FF3781
:1048E000FF17FF37F717FF57FEF7E5719B6B72C88D
:1048F000A42DCC8FDCD0BC4E5182AC4ECDF439848B
:10490000106100000060006000810062006110C35F
:10491000000000209D13CEBABE38B6387C52080085
:10492000CD93B4D05A47D6576A87C4AEB46C6AC820
:1049300093AA9BABB44CEED36A879064586190E421
:10494000A8C5A0A498C4A0A4A8C5A0C5A8C748622B
:10495000CE78F7BDC5D7BDD6CE7908000000FFFFE1
:10496000FFFFEF1BACAFB46DC4EEC4CE8BAA6226C2
:10497000C510A42B72E772A98B4ACCEEF6B2C50E15
:10498000BCCE93699BCABCEDD570B48C72C86AC7A3
:10499000B48ECCCDFF34C54EB4AE3142A44BC4EF7F
:1049A0008AE8C4708AE9AC4CDE30F6F27B08C53286
:1049B0008B4B624751E56B095A2651A459E649A42D
:1049C0005225AC8EB4B09BCC390241C56AA8938CF9
:1049D0008B4B8BAC9C4E9BABF676FF58FF38FF376A
:1049E000FF17FF38F737FF58FF17E5929B8B72C709
:1049F000CD91D4F0CC4E93298309AC6F526710400F
:104A00000000002008C200C1008008C308E308E3DA
:104A100000600040CE98FFFEF7DEF7BE8C92186073
:104A2000F697B4CF83CCBD946AA7C4CEC4AD732A25
:104A30007B08B44EBC4CE69272C8904498A498632C
:104A4000A084A0C5A084A864A0A49124988671E83D
:104A5000E77BC5D6C596BDF7847108000000FFFF4F
:104A6000FFFFFFFEBD119BAABCADC4EF940B59E440
:104A7000BCAFC52FA44D38E2938BC4CDF6B2C52E82
:104A8000BCEF9BAB9369BCCDC52FB46C7AC96AC728
:104A9000B46DC48CFF14C52DB48E290293C9C4EF24
:104AA00082C8D4D19B2AAC0BCD6EEED149C46AC862
:104AB00041434984312341C551E6728872AA62A8F4
:104AC00029016AA86A876206414362885A4759C623
:104AD00038C231025A05A3ECFF17F736FF37FF380B
:104AE000FF17FF58F737FF58FF37E592938B6AE7B8
:104AF000F6B6EDD3C3EDD55293CC622731630000F7
:104B0000086208A3006000A008C10081090208C172
:104B1000216300208C6FFFBDFFFEFFFEAD5549C530
:104B2000FF18BD10C5B3B5327B09C4CEC48D734A1E
:104B30007286C4B0BC4CE65173099044A0C4B06402
:104B4000B045A0859906A0E5A063B0C47003BD136D
:104B5000D73AAD13D5968C50849100000020FFFF0A
:104B6000F7BFFFFFFFFFB57483AC9C4EACED5A0559
:104B70009BABCD0EBCED8B698308C50FF6F4C50F5A
:104B8000BCCCB46B72A8C531BCACB42B7B096A87B2
:104B9000AC6DBCCCF6B2CD6E938A61E59B6ABC8FDE
:104BA00082C8D512BC508B0A834B738A292349458E
:104BB00061C6496461E5BC0EC42DD510DCF0E53159
:104BC0009B4A938ABD309BCBA38AE531D48DD531E6
:104BD00093AD624830C193ABFF18FF38FF17FF3722
:104BE000FF37FF57FF17FF17FEF7E5B293ED834935
:104BF000FF17FF36D633FF59730A41A61042000053
:104C0000088108E200C100A1090200C2112309E4E1
:104C1000126608E220E3F77CFFFDFFFCA4F1944D4F
:104C2000FF58DE13EEB6ACAE8328C50FD4D0628732
:104C30008368BD0DB42CD5B293E98042A8A4A8A482
:104C400098C490C398C3A0C5A0A498436249EF7CC0
:104C5000A533A574A5747ACCA3D000600000FFFF33
:104C6000FFFFFFDFFFFFFFDECE16734A7B897B0964
:104C700082E9BCADBCED9C0C8329CD2FEED3BCCE1C
:104C8000CD2EC4ED7AC8B48EB4ACB42B832A72A8EE
:104C90009BEBB48CE610DDD09BCB7AC98309CD7237
:104CA000832ABCF18B0A2000416283AB6AC99BCD89
:104CB000E5F6938C6A06CCB0D4F0C48ECC8ECC6E64
:104CC000CCAF7266C5308B699B6AD48FDCADCCAF3C
:104CD0009BAD7B0A834AD592FF38FF18FF37FF3719
:104CE000FF37FF57FF17FF17FEF7E5D38BCC93CBAA
:104CF000FF99F716FFB9C59220A0188118A22124A8
:104D0000004000C100C1092300C200A221A51A670A
:104D100022E929E61881C5D6FFFEFFFDBDB4CDD43A
:104D2000FF38FF17FF79940C9BEBB4ADCC8E7B4919
:104D30009C2ACD8FA3CBD5B19C6B7842A884A0834D
:104D4000A0E490A3A0E4A084A0C57863B554B57492
:104D5000A554AD7472AB932E9C1000200000FFDFB1
:104D6000FFFFFFDFFFFFFFFFFFDEDEB9840D62897B
:104D70005184BCEFB4EE93EC7AC7CD2FDE52A44C35
:104D8000D56FCD6E83299BECBCEDB44C834A7AE998
:104D90008B8AC50EDDCFDDD08B498B4B8369BD512E
:104DA0004A0549A451837AC88B6ACDB2B46EA44D2A
:104DB000E6559B6B61A4B44EC4CFD4CFD4CFC44EC0
:104DC000C48F82E8A42D8B6AABCBED32D46CDD109E
:104DD000ABED59C5934BE614FF18FF59FF37FF376A
:104DE000FF37FF37FF17FF37FEF7E5F393ECB4F01B
:104DF000FF79FF17E6757B2993ED08007BCE52CA39
:104E0000004009230923092200C108A11964334B7A
:104E10003B8C2A0700009491FFFEF7DDEF19FF5944
:104E2000FF17FF37FF797B69AC8EBCCEC48D9C0D1C
:104E3000B4EDE6729BCAC550B4EE7042A8C4A0633C
:104E4000A8C498A3A0A4B0A580837207C637ACF30A
:104E5000A573836D89E9A34E8C5000000000FFFF0D
:104E6000FFFFFFDFFFFFF79EF7BEFFFFD6D95249D6
:104E700028A18B89B4EF9C2D7286CD2ED61193CAB2
:104E8000D56FDDF093AB8B6AC50EBC6D7B098B6B68
:104E90007AE8BCEEC50DDDD193AA9BED7B495A465D
:104EA00028E1ACB0DDD4CCF07A86B48EBC8D8BCA50
:104EB000EEB6BC6E61838B6AAC8E9B4A8AE89B4AD5
:104EC00082A872884122496382A8A34BCC2BD4EFDD
:104ED0009B8B4922B46EFEF7FF17F6F7FF37FF37BB
:104EE000FF37FF37FF37FF37FEF6E5F393ECE67643
:104EF000F6F7FF58D5F3DE15836B30E2C6575B0A31
:104F0000004019C519E50102090208A111244C0E3F
:104F100054B05BAD5AEBC5F7FFFEFFFEFF7AFF38DA
:104F2000FF17FF37FF597B49A44DBCAEC4ADAC8E13
:104F3000C52EFF34A42BBCEEBD6F6882A8E4A0632D
:104F4000A083A0E4A063B0C668A39CB0AD53B594A1
:104F50007BAD6166BA8D9AED949100200000FFDE72
:104F6000FFFFFFDFFFFFFFFFFFFFF7BFFFFF736DD7
:104F700062684981A48EB4D06A86CD4ED5F193CAB9
:104F8000CD6EEE72A44D7B28BCCDBC6D72E88B8BD0
:104F900059E4B4AEC50EE61293AA7AC959A372A811
:104FA000730AD5D5EE55CCCFB3CB8A87BCAE7B4840
:104FB000EED7FED882C983ABF739F677EE77F6776E
:104FC000EE57E6579C2F51E59BACBC6FAB89B42DD7
:104FD0007AA851A4D552FED7FEF7FF59FF37FF3705
:104FE000FF37FF37FF37FF37FED6E613ACAFF6F8D3
:104FF000FF18FF38FF18EEB74963A44FEF9B7BEE15
:1050000000802A2732E909A400E110C109233B8C62
:105010006D73BEDAF7BEFFFFF7BDFFFEFF59F6F670
:10502000FEF6FF57FF587B29A42CBC8DBCCDB48D58
:10503000CD4EFFB5BCCEAC6CC5D168C2A0A4A084D7
:10504000A083A8E5A0A588848249B616B553844FED
:1050500051449167AA6B8A8BACD300400820FFFFB4
:10506000FFFFFFFFFFFFFFFFFFFFFFFFF7DF83AE45
:10507000ACB051C27B29A44F72A7C54ECDF193A904
:10508000CD4DF6D3B4AE8349AC4BC4CF73097B0985
:105090004962B4CFC50EB48C6A866226D4EF8AE921
:1050A0007B2BB4D1FF18D530CCAF92C9AC8E7B49E5
:1050B0009C6FBD335A48186039A539643963396427
:1050C00062686ACA62CA41C5A490FF1BFEB7EE5669
:1050D0008B8C830AE634FF37FF58FF38FF37FF37E2
:1050E000FF37FF37FF37FF37FED6EE54DE34FF18A9
:1050F000FF38FEF7FF58A44DA42DFF18F7BBB5935A
:1051000000402A27542E3BAC00E111020923336BE7
:1051100075F4D7FEFFFFEF9DF7BDFFDDFF38FF37CA
:10512000F6D5FF57F73872E7B4AEC4CDB4ACB48D42
:10513000DD8FFFB5CD90A40ACE326943A083A0C411
:10514000A0A4A084A0E56083B4D2B5D59CD1522799
:105150007105A9A9922982CBBD3500200000FFFF6F
:10516000FFFFF7BEFFFFFFFFFFFFFFFFFFFF838D86
:10517000AC8F832851E47B4C6A87C54ECDF18B8977
:10518000C50CFF13C5309C0B9388CD107B297B2A5F
:1051900051A4A42DA42B8B487AC78B8BE5308AE8C9
:1051A000834C940DFF59E633C4F0BC9141C562892C
:1051B00020A2000000200000000000400020086045
:1051C000080008200020000018C251E7940DC59483
:1051D000ACF2DE36FF38FF17FF37F737FF17FF1740
:1051E000FF57FF37FF37FF37FF17FED6F717FF5878
:1051F000FEF7FF17FF38E634DE13FF18F79AEEF9D3
:1052000018A119A55CB0651101830060114343EC3E
:105210006DB39E367C507BEEFFDDFF9CFEF7FF37C3
:10522000FEF6FF58F7186AE8BCCEC4ADB4CBB46C38
:10523000EDD0FF94E6739BC9D67269A4A08498C48C
:10524000A0C4A04488A47A89CE16ACD273CD6125BF
:10525000A988996782697B4CB53500000021FFFF62
:10526000FFFFFFFFFFFEFFFEFFFFFFDEFFBEA4709C
:10527000A40DAC6C51E46ACA49A4CD8FDE538B896E
:10528000C50CFF14CD91AC8D7AE6CCF07B298BACAC
:105290006A47938BAC6DBCCEAC4D8B4AE50FBC6EB0
:1052A00062686B4AFF99FF5793CB390300005A2875
:1052B00028E40021006110620021008100800020AC
:1052C00008627C108C9229A600000800188029230F
:1052D0002903ACF1F6B7FEF6FF57FF78FF17FF176B
:1052E000FF57FF37FF37FF58FF37FF17FF58FF37CC
:1052F000FF37FF17FF17FEF7FF17FF17F739FFDC20
:1053000039A50903546F7E1443AB090122065CCF13
:105310005D516CF021642122FFDCFF9CFEF6FEF55E
:10532000FF36FF17E6D77308B4ADCCCDBCECB44C58
:10533000F5F0F773F6F593A9D67369E5A06390C30A
:10534000A0E4B0A57863B512B5F6AC3163AC89675B
:10535000A0C699C87A287B8DA51410010000FFFF14
:10536000FFFFFFFFFFFFFFFFFFFFFFFFFFFFAD544A
:1053700083ABC50E936841225206B551E69283680D
:10538000BD0FFF14E630B46C9BCB9BCC93CE6AC4AC
:105390008BCB72CBC4CEC4CCB42C8B29F50FD4EFFD
:1053A0007B2949E5ACD2524908200020000000408A
:1053B000194300C108A1006000C100E100C108C19B
:1053C000002031C7C659BE384AAA00414986C55493
:1053D000C5948BECB530F6F7FF17FF38FF37FF3772
:1053E000FF37FF37FF37FF37FF37FF37FF37FF370D
:1053F000FF37FF37FF37FF37FF37FF37F738FFBB80
:105400008C6F00603AEB6D3265724CEF4D714CF071
:105410006D746CB108E25AC9FFDBFF38FF38FF1723
:10542000FF37FF38E6967308BCAECCEDCCECB44B3E
:10543000E612FF54FF539C2AD5B37AC8886298E4D9
:10544000A88490A46A47D6B9ACD36B6DA32B9125E1
:10545000A0E691876A287B6DACF400000000FFFF96
:10546000FFFFFFFFFFFFFFFFFFFFFFFFF77EE6FBF2
:105470007329C50EA40B6A673922BD50E6B2834872
:10548000BCEEFEF3F6B2BCEDB46E8B699BED51E35E
:1054900093EC72CAAC2DC4ACBCCE7AC8CC2DFE76CF
:1054A000BD5220E200000800000042890820006090
:1054B00008E2008008A108A100C100C100A11123D9
:1054C00011240000740FDF5CBE388C9130A251C6ED
:1054D000BD52FFBAFF58F717FF79F6D6FF37FF37EF
:1054E000FF37FF37FF37FF37FF37FF37FF37FF370C
:1054F000FF37FF37FF37FF37FF37FF37F717FFBAA1
:10550000CE56006019855C4F75726D72655175B32A
:105510007D53430B00406309FF59FF38FF38FF17E5
:10552000FF17FF38E6977308BCCECCEDD56EB44CB0
:10553000D5B1FF54FF74A44BCD928B4A8862A0E58D
:10554000A8C57062AC90D6B97B6D8C5189E790E5A7
:10555000A90689877249838DA4F400000000FFFF2B
:10556000FFFFFFFFFFFFFFFFFFFFFFFFFFFFE6FC67
:1055700062A8BD0FB48D9BAC51C4C52FE6B27B278A
:10558000B4CEF6B3FF13C50ECD7193899C0D416364
:105590007B499C0D82C9C4ADC4ED72A8C44EE5D44C
:1055A000ACD10020004118E48C928CB2000008813C
:1055B00000E1008000A108C200C10102090200C28E
:1055C000112300404A89F7BDF79CE73AD5D5940DE1
:1055D0007308A48DF6F6FF79FEF7FF38FF37FF3723
:1055E000FF37FF37FF37FF37FF37FF37FF37FF370B
:1055F000FF37FF37FF37FF37FF37FF37FF37FF58DA
:10560000FFDC7BAD002032685C2E6CAF648E5C0CDE
:10561000328710E131A4BD72FF9AF6D6FF38FF172A
:10562000FF17FF38E6977B29BCCECCEDE5F0B46CD4
:10563000C54FFF54FF94ACCCC531A40D7841B8C61A
:10564000906369A5EF1AB5946B4CA49278A398A4C3
:10565000A92689667269838DA4D300000000FFFF2C
:10566000FFFFFFFFFFFFFFFFFFFFFFFFFFDFFFFF6A
:105670009CB19C2CC510A42E6225CD2EEED3834860
:10568000B4CEE651FF54C50DE633B4CD8B8A51E656
:105690006287BD306A47AC2CCD4F72C9B42EB4B10D
:1056A00028C2002100007431DF7E638E000008C232
:1056B0000102010200E108C208E20902114311845B
:1056C000096409020060D678FFFDFFDCFF9AF73815
:1056D000E695E674F6F6FF38FF38FF38FF37FF37F8
:1056E000FF37FF37FF37FF37FF37FF37FF37FF370A
:1056F000FF37FF37FF37FF37FF37FF37FF37FEF63C
:10570000FF39CE1510800040196321843A45424587
:105710006B6AB593F739FF9AFF17FF37FF38FF170A
:10572000FF17FF38DE767308BCCECCEDEE31B46CDB
:10573000C50EFF54FF94BD4EACAEAC8E7062B8C6C1
:1057400070639C90F79C7BCD94D18B2C8863A8A52B
:10575000B12781466A487B6DA4D300000000FFFF9B
:10576000FFFFFFFFFFFFFFFFFFFFFFFFFFFFFFFF49
:10577000CE376AE8834A93CD72A7BCCCF71483482E
:10578000B4CFDE31FF75BD2DEE73DE318B8972C96A
:105790005A66C5918B6A82C7CD4F834A9BAD728989
:1057A000080000004ACB6BF0CEBB6BCF000008C2F4
:1057B00009430984094300E208E200E200E22247CB
:1057C00022673AC900209490FFFDFFFDFFBAF7372A
:1057D000FF98FFB9FF17FF37FF79FF18FF37FF3733
:1057E000FF37FF37FF37FF37FF37FF37FF37FF3709
:1057F000FF37FF37FF37FF37FF37FF37FEF5FF581B
:10580000FF38FF59DE56BD93C5D4CE36E6D7FF79B3
:10581000FFBBFF38F717FF38FF37FF16FF38FF17BA
:10582000FF37FF38D63572E8BCCECD0DE631B46D0A
:10583000BCEEFF13FF53CDB0A44CB4EF78C3A0640B
:105840007986DF5BCE78736CBDF56925A0A4B0A521
:10585000B10681666A277B4CACF400000000FFFFB4
:10586000FFFFFFFFFFFFFFFFFFFFFFFFFFFFF7BF90
:10587000FFFFC5D56AC9628951E5BCEDFF557B289C
:10588000B4AFDE11FF95CDAFDE31F6F3AC8C834AB9
:105890003942D612C5506A459C0BA48D832A8B6C65
:1058A00010000841B6187C719D559D140020090315
:1058B00011C51A2619C500C100E200E200A1224765
:1058C000332A3AE900405268F77CFFFDFFBAFF79BE
:1058D000F717FF17FF58FF17F6F7FF59FF37FF3786
:1058E000FF37FF37FF37FF37FF37FF37FF37FF3708
:1058F000FF37FF37FF37FF37FF37FF37FF17FF57F8
:10590000F6F7FF18FF59FFBBF6F8FF9AFF79FF176C
:10591000FF17FF58FF79FF37FF37FEF6FF38FF17F5
:10592000FF37FF38D63572E8BCCECCEDDE11AC4C7B
:10593000BCEEF6D2FF53DE31940BB52F70C3786303
:105940009BCEF7FEB554A512BD327062A0C5B085DE
:10595000A92689A76A48834CACF400000000FFFF29
:10596000FFFFFFFFFFFFFFFFFFFFFFFFFFDEF7FF70
:10597000FFFFFFFEEF3CBDB75A68ACCEFF556AC6CD
:10598000AC8EDE11FF75EE92D610FF74D5B08BAAE7
:1059900028A0B50EF6B39BCA7B09B50E72A7BCB1A1
:1059A00051C600008492B658DF1BC5F70040198429
:1059B000228722C832C900C100C10902008032C852
:1059C00064F0540E4AEA8C50FFFFF7FEFFFBF759D4
:1059D000FF58FF58FF37FF58FF78F6F7FF37FF37BC
:1059E000FF37FF37FF37FF37FF37FF37FF37FF3707
:1059F000FF37FF37FF37FF37FF37FF37FF58FF37D6
:105A0000FF58FF78EEB5FF78F6F7FF38FEF7FF177F
:105A1000FF58F6F6F6F6FF17FF38FF58FF38FF1766
:105A2000FF37FF59DE557B29BCEECCCDDE119BEB59
:105A3000B4ADEE91FF74E67293EABD70608271C7F7
:105A4000CE57EFBDBD34DEB88B2B988498A4A8A5A3
:105A5000A92689A77248832CACD300000000FFFF61
:105A6000FFFFFFFFFFFFFFFFFFFFFFFFFFDEFFFF67
:105A7000F7FFF7BEFFFFFFDFA512A4ADF7356264A5
:105A8000A46ED5F1FF34FF14D60FFFB4F693ACAC7F
:105A900049A36AC6FF54CD707B0A83A7936AA3ED1E
:105AA000B4D129030081B637FFFFE6BA088121E6A9
:105AB0002AC833294BCC094300C1090208C111C4CB
:105AC0006D31AED9DFBDFFFFFFFFF7FFFFBBF75919
:105AD000FF38FF38FEF7FEF7FF58FF58FF37FF3754
:105AE000FF37FF37FF37FF37FF37FF37FF37FF3706
:105AF000FF37FF37FF37FF37FF37FF37F717FF58FD
:105B0000FF78F716FFB8F6F5FF57FF16FF37FF17B8
:105B1000FF57F6F6FF57FF37F6D6FF17FF38FF1788
:105B2000FF17FF59DE76836AC4EFC4CCDE3293AA36
:105B3000AC6DEE71FF94EEB38BEAC5B1586293CEB3
:105B4000EFFDE71BCD96EF1A6185A86498A4A8E540
:105B5000A94689A672287AEBA4B200200000FFFFB4
:105B6000FFFFFFFFFFFFFFFFFFFFFFFFFFFFFFDF65
:105B7000FFFFFFFFF7FFFFFFAD129C2EFF5349E62B
:105B8000B48DD54EFF75FF52EE30FF74F713C5503C
:105B90007B09A44DACCBDE50B4CE5185836A7AC864
:105BA000CD32CD9331224226FFFFFFFF4207110283
:105BB00032E82B496D911AA700A0112308E11A05BC
:105BC0006D51A6F8F7FFFF9EFFBFFFDFFFB9FF781B
:105BD000F737FF37FF38FF17FF17FF17FF37FF377C
:105BE000FF37FF37FF37FF37FF37FF37FF37FF58E4
:105BF000FF37FF16FF78FF37FF78F738FF37FF379B
:105C0000FF37FF37FF37FF37FF37FF37FF37FF37E4
:105C1000FF37FF37FF37FF37FF37FF37FF38FF37D3
:105C2000FF16FF79D635A46EB4ADCCCDE6D18B6A24
:105C3000BCCEDDD0FF74FF948BABC5303164DE99F0
:105C4000F71BDF1AE7FCC553788390C4A084A8C56E
:105C5000A946A1A8922982EB9C7100000000FFFFD9
:105C6000FFFFFFFFFFFFFFFFFFFFFFFFFFFFFFDF64
:105C7000FFFFFFFFF7FFFFFFAD339C2EFF5341A552
:105C8000AC6DCD4EFF75FF52F691FF74FFB5D5D1C7
:105C90006AA7C530EEB2E691C54F7AC972C859C439
:105CA000B44EEE56D63639E594B0FFFE7BCE00A159
:105CB0002A874C4D65305C6E1184006000A032E88C
:105CC0006D517DB46C4F39C7A4F3FFDEFFB9FF7887
:105CD000FF38FF37FF38FF17FF17FF17FF37FF3772
:105CE000FF37FF37FF37FF37FF37FF37FF17FF5803
:105CF000F6F6FF57F6D5FF78F6D6FF58FF37FF3791
:105D0000FF37FF37FF37FF37FF37FF37FF37FF37E3
:105D1000FF37FF37FF37FF37FF37FF37FF38FF37D2
:105D2000FF37FF18D635A46EC4EFCCCDF71293AB76
:105D3000B48DD5B0FF74FF958BABB4AF736CF77CAB
:105D4000FF3CE73AE7DCAC4F806298C4A084A0C572
:105D5000A926A1C792498AEC9C5100000000FFFFD0
:105D6000FFFFFFFFFFFFFFFFFFFFFFFFFFFFFFFF43
:105D7000FFFFFFFFFFFFFFFFB5539C0DFF5441A541
:105D8000A42CCD2DFF75FF72FEF3F754FF74EED4F3
:105D900072C7BD2FFF95F733E6738349B4B07A67B6
:105DA0005943CD11FFBBE6D79CAFF77AC638004008
:105DB00022475CAF6D726D313B29012209A44C4D25
:105DC00065516D52430A006094D1FFFEFF79FF5880
:105DD000FF38FF37FF38FF37FF17FF17FF37FF3751
:105DE000FF37FF37FF37FF37FF37FF37FF37FF3703
:105DF000FF78FF58FF37FF38F6F6FF38FF37FF37D9
:105E0000FF37FF37FF37FF37FF37FF37FF37FF37E2
:105E1000FF37FF37FF37FF37FF37FF37FF57FF37B2
:105E2000FF38F718CDF4ACCFC52FC4CCF7749BCC9A
:105E3000AC6CCD6FFF74FFB593CCA44D8C2FEF5B92
:105E4000EEFAE73BEFBC932B8863A0C4A8A4A0C5DF
:105E5000A126A1C7A26A930C9C3100000000FFFF9D
:105E6000FFFFFFFFFFFFFFFFFFFFFFFFFFFFFFFF42
:105E7000FFFFFFFFFFFFFFFFBD9493ECFF334A06D8
:105E8000A40CC4EDFF75FF72FF34F754F732FF56D0
:105E90008368A46BFF54FF74FF9693C98B4ACD327D
:105EA0008267A38BE614FF58FF99FFBAFFBE214417
:105EB000010243CC75936571653054CE5CCF659219
:105EC00065927592430A0020840EF7DCFF58FF3874
:105ED000FF38FF38FF38FF37FF17FF17FF37FF374F
:105EE000FF37FF37FF37FF37FF37FF37FF58FF37E1
:105EF000F717F717FF79F6F7FF38FF17FF37FF3768
:105F0000FF37FF37FF37FF37FF37FF37FF37FF37E1
:105F1000FF37FF37FF37FF37FF37FF37FF57FF17D1
:105F2000FF18FF9AB530C5B1C54FC4CCFFB49C0D66
:105F3000AC2CCD2EFF54FFB59C2D9C0C83EED6B916
:105F4000E6DAE73BEF7B82089884A084A8A5A0C589
:105F5000A125A9A8AA8BA30CA43100000000FFFF73
:105F6000FFFFFFFFFFFFFFFFFFFFFFFFFFFFFFFF41
:105F7000FFFFFFFFFFFFFFFFC5D58BABF71362C924
:105F8000A42CBCCCFF54FF72FF34F774FF94FF5570
:105F90009C0A93C9FF54FF74FF95CDAF6246D5129A
:105FA000D4D092E8DD71FF37FF37FF78FFFD949082
:105FB000006022875CD05D7155705DD155306DF306
:105FC0006DB23B4A090120E1ACD0FF9BFF38FF389E
:105FD000FF38FF38FF38FF38FF37FF17FF37FF372D
:105FE000FF37FF37FF37FF37FF37FF37FF37FF79BF
:105FF000CDD3DE34FF38FF38FF18FF17FF37FF37E8
:10600000FF37FF37FF37FF37FF37FF37FF37FF37E0
:10601000FF37FF37FF37FF37FF37FF37FF37FF17F0
:10602000FF18FF9A942BEEF5C54EC4CCFFB5A44DD6
:10603000AC2BC50EFF54FFB5A48E93EB7B8DC637FA
:10604000E6FAE73BE6FA7165A0A4A084A8A4A0E55F
:10605000A125A9A8BA6BAB0DAC3100000000FFFF71
:10606000FFFFFFFFFFFFFFFFFFFFFFFFFFFFFFFF40
:10607000FFFFFFFFF7FFFFFFCE168B8BEF137B8D2C
:10608000A42DBCCCF714FF73FF14F754FF53FF7516
:10609000BD0E8347FF55FF74FF53FF545A05B42EBE
:1060A000DD11D48EC4AEF695FF16FF37FF59F77A8F
:1060B000422600A03B2A5CF06DB25D707DD35CAEE1
:1060C0003B4921835AE9D615FF9AFF18FF17FF387D
:1060D000FF38FF38FF38FF38FF37FF37FF37FF370C
:1060E000FF37FF37FF37FF37FF37FF37F6B5FF18AA
:1060F000CDB2ACAFFF59FF59FF17FF17FF37FF377E
:10610000FF37FF37FF37FF37FF37FF37FF37FF37DF
:10611000FF37FF37FF37FF37FF37FF37FF36FF38CF
:10612000FF19E6968C2BFFB8CD6ECD0DF7D5AC8E52
:10613000AC0BC50DFF34FFB5ACF08BCA732BB57437
:10614000E6FAE75BDEB97145A0C5A0C4A8A4A0E447
:10615000A125B1A8C26BBB0DB45100000000FFFF28
:10616000FFFFFFFFFFFFFFFFFFFFFFFFFFFFFFFF3F
:10617000FFFFFFFFF7FFFFFFD6578BABEF138C0F2F
:10618000A42DBCCCE6D2FF93FF14EEF3E690FF966D
:10619000DE1272C5F6F4FF74FF53FFB58BAA6A25B1
:1061A000E552DCAFC44DE5F2FF17FF17FF37FFBA2A
:1061B0009C8E0840006011643AE932C8220529E447
:1061C0006B6BBD93FF3AFF79FF17FF57FF17FF185F
:1061D000FF38FF37FF38FF38FF37FF37FF37FF370C
:1061E000FF37FF37FF37FF37FF37FF37EDD3E5D3F3
:1061F000F6B78BCCEED8FF59FF38FF37FF37FF37A4
:10620000FF37FF37FF37FF37FF37FF37FF37FF37DE
:10621000FF37FF37FF37FF37FF37FF37FF36FF38CE
:10622000FF3AACD0BD90FFB7CD8FD54EFFF5ACAFE8
:10623000A40BC4EDFF33FFB5B5107B697B4C9CD13B
:10624000DED9EF7BDED97165988498A4A084A0E4A0
:10625000A145B1A7C22AC30EBC7200000000FFFF17
:10626000FFFFFFFFFFFFFFFFFFFFFFFFFFFFFFFF3E
:10627000FFFEFFFFF7FFFFFFDE9893CCEF13945074
:106280009C2CBCCCDE72FF94FF34E6D2DE70FF960D
:10629000F6D57B06EED4FF75FF74FF94BD516A45B9
:1062A000BC0DDCAFD4EFC4CEFF17FF37FF56FF376E
:1062B000FF59C553628A52495AAA7BEE9CD1DEB877
:1062C000FF5BFF3AFF39FF17FF77FF77FF17FF18D4
:1062D000FF38FF37FF38FF58FF57FF37FF37FF37CB
:1062E000FF37FF37FF37FF37FF37FF37DD30C4CFCA
:1062F000FF398BCCB532FF7AF6F7FF57FF37FF3700
:10630000FF37FF37FF37FF37FF37FF37FF37FF37DD
:10631000FF37FF37FF37FF37FF37FF37FF56F6F7F7
:10632000FF3A838BEF36F755CD8FDD8FFFF5B4CF76
:10633000A3EBC4CDFF33FFB5B51073278BAE94909C
:10634000DEB9EF9CE71A79A6908498E4A084A0E4D3
:10635000A146B1A7C20ACB0EC49300000000FFFF04
:10636000FFFFFFFFFFFFFFFFFFFFFFFFFFFFFFFF3D
:10637000FFFFF7DEFFFFFFDFE6FA7BACEED3AD11E8
:106380008C2FB4AEE5EFFF74FF95DE52D5F1FF948C
:10639000FF7393E8D5F1FF96FF53FF95E6539BA952
:1063A000C46DDC8FD44ED4CFE5B2FF58FF37FF1752
:1063B000FF57FF78FF98FF98FFB8FFB9FF58FF58C5
:1063C000FF57FF37FF37FF37FF37FF37FF37FF37FD
:1063D000FF37FF37FF37FF37FF37FF37FF17FF174D
:1063E000FF37FF58FF37FF57FF37F6B5D4CECC8DB8
:1063F000EDD4D5B45AA7FFDBF739FF18FF37FF37C5
:10640000FF37FF37FF37FF37FF37FF37FF59FF18D9
:10641000FF58FF37FF16FF37FF17FF17FF78F758B2
:10642000C5B2B50EFF55FF75D5EFDDF1FFF6B50F1F
:106430009BEAC4AEFF33FF72ACEF62A993EE848F88
:10644000CE37FF5CE79B730988A3B863A0A498E5E7
:10645000A926B1C8BA8BCB0ECC3200200000FFFFBA
:10646000FFFFFFFFFFFFFFFFFFFFFFFFFFFFFFFF3C
:10647000FFFFF7FFFFFFFFFFEF3B7BACEEB3A51085
:106480009430AC6DDDEFFF74FF75DE31CD90FF749D
:10649000FFB4B4ECC590FF75FF74EED2FF579BCAF2
:1064A000CCEFE510D46ED4CFCCEFFEF6FF58FF371B
:1064B000FF37FF58FF57F737FF78FF78FF58FF582F
:1064C000FF57FF37FF37FF37FF37FF37FF37FF37FC
:1064D000FF37FF37FF37FF37FF37FF37FF37FF370C
:1064E000FF37FF37FF17FF58FF58EE95D48DD48E36
:1064F000CCAFFF5A6AE8AD51FF79FF38FF37FF375D
:10650000FF37FF37FF37FF37FF37FF37FF18FF58D9
:10651000FF17FF57FF57F6F6FF37FF38EF17FF9AC1
:1065200083AAE694EEF3FF74CDAEEE72FFF5ACCE27
:10653000A3EAC4CEFF14FF93ACEF5A278BCD8C4F48
:10654000C5D6E73BEFDC936C88A3A0A3A0A498E595
:10655000A925B1A7BA8ACB0ECC3200000000FFFFFC
:10656000FFFFFFFFFFFFFFFFFFFFFFFFFFFFFFFF3B
:10657000FFFFFFFFFFFFFFFFF79D7BCDE692A4F03B
:1065800094709C2CDDAEFF74FF75D610BD2FFF7488
:10659000FFB4DE51BD4EFF75FF74D60FEEF5B4EEBD
:1065A000B46DC46EE511C42DDD31DD51FF58FF58C7
:1065B000FF17FF57FF57F737FF57FF37FF57FF57B3
:1065C000FF57FF57FF37FF37FF37FF37FF37FF37DB
:1065D000FF37FF37FF37FF37FF37FF37FF37FF370B
:1065E000FF37FF37FF17FF58FF17DE13D46DDC8E20
:1065F000CC8FEE15CDF45AA7EED7FF18FF37FF3733
:10660000FF37FF37FF37FF37FF37FF37FF18FF38F8
:10661000FF37FF57FF37FF17FF38FF17FF9BB530D6
:10662000ACCEFF96E690FF94DE0FEEB3FFD5A46DDF
:10663000A40BC4EEFF13FFB3ACCF418583ADA4B16F
:10664000942FF7BDDED98A28906390E3A0A498E543
:10665000A925B1A7B26ACB0ECC3200000000FFFF23
:10666000FFFFFFFFFFFFFFFFFFFFFFFFFFFFFFFF3A
:10667000FFFFFFFFFFFFFFFFFFDE7BCDE672A4F011
:10668000A4D293CCD58EFF74FF75D610AC6CFF549A
:10669000FF73F734C54EFF75FF94CDCED673C5B1E9
:1066A0004120B42DD4F1D4B0CC6EDCCFF6B5FF5878
:1066B000FF37F737FF78FF37FF37FF37FF57FF57B1
:1066C000FF57FF57FF37FF37FF37FF37FF37FF37DA
:1066D000FF37FF37FF37FF37FF37FF37FF37FF370A
:1066E000FF37FF37FF37FF78FEF6CD71D44DED1041
:1066F000CC4ED531FF9A9C8ED654FF59FF37FF37C9
:10670000FF37FF37FF37FF37FF37FF37FF38FEF719
:10671000FF78FF17FF16FF78FF17FF79EEB872E8D2
:10672000FF57F754DE6FFF73E670F6D3FFB593EBB8
:10673000A40BC4EEF713FFD4ACAF39238BCD9C90E0
:1067400073ADB574934D70229884A125A0A498E5EB
:10675000A926B1A7B26ACB0ECC3200000000FFFF21
:10676000FFFFFFFFFFFFFFFFFFFFFFFFFFFFFFFF39
:10677000FFFFFFFFFFFFFFFFFFFE83EDDE51A4F1F0
:10678000AD348BABCD4EFF54FF95DE5093AAFF3452
:10679000FF73FF75CDAFFF54FF74DE71B58FEF1639
:1067A0005A246A269B4BE552DCD0CC4DD5B1FF175D
:1067B000FF57F717FF57FF37FF17FF17FF37FF5731
:1067C000FF57FF57FF57FF37FF37FF37FF37FF37B9
:1067D000FF37FF37FF37FF37FF37FF37FF17FF3729
:1067E000FF58FF37FF17FF58FEF7DDD2D46ED48E67
:1067F000C42DE5D3FF17FF99EEF7FF58FF37FF379A
:10680000FF37FF37FF37FF37FF37FF37FF38FF17F7
:10681000FF37F716FF37FF58FF18FF798B8C9C2C3A
:10682000FF56F713D62EFF74E671FF54FFB593ABF6
:10683000AC2BBCEEF713FFF4A46E30C28B8C738CC0
:1068400094B1490468638043A906A022A0A4A105CD
:10685000A946B1A7B28ACB2ECC3200000000FFFFC0
:10686000FFFFFFFFFFFFFFFFFFFFFFFFFFFFFFFF38
:10687000FFFFFFFFFFFFFFDFFFFE8C2ED610A4F10E
:10688000BDB78B8BC52DFF33FF95EED28329F6F470
:10689000FF73FF75DE31EED2FF73F7349C8BFFB9C7
:1068A00072E7832A7247C48FD4AFD4AECCCFF675CB
:1068B000FF58FF37FF57FF37FF17FF37FF37FF3707
:1068C000FF57FF57FF57FF37FF37FF37FF37FF37B8
:1068D000FF37FF37FF37FF37FF37FF37FF17FF5807
:1068E000FF78FF37F717FF37FF58F6B6E592C48EEB
:1068F000D510F655FF58FF99FF58FF17FF37FF37A0
:10690000FF37FF37FF37FF37FF37FF37FF17FF38F6
:10691000FF17FF58FF37FF58FF79BD516A66D5F260
:10692000FF14F733CDADFF95F6D2FF54FF958BAA38
:10693000AC4CBCCEF713FFD4940C30A2838C1880DF
:106940003984380088C670027001B0C5A0849905EA
:10695000A946B1A7B26ACB2ECC3200200000FFFFBF
:10696000FFFFFFFFFFFFFFFFFFFFFFFFFFFFFFFF37
:10697000FFFFFFFFFFFFFFFFFFFE9490CDEFA4F1AD
:10698000CE198B6BC50DEEF2FF94FF538B4AE67266
:10699000FF74FF54EED3E690FF74FF95A4ACFF376D
:1069A000940C5A0572688288E531DCCFD4AFDD7172
:1069B000FEF7FF78FF37FF57FF37FF37FF37FF3707
:1069C000FF37FF37FF37FF37FF57FF57FF37FF37D7
:1069D000FF37FF37FF37FF37FF37FF37FF17FF5806
:1069E000FF57FF37FF37FF37FF58FF37FED6EE342C
:1069F000EE14FF37FF58F757F6F6FF38FF37FF372B
:106A0000FF37FF37FF37FF37FF37FF37FF17FF37F6
:106A1000FF37FF58FF37FF79E6967B4A9BCAE6525D
:106A2000FFB6E691C58DFF76FF34FF33FF9593AA3D
:106A3000AC4CBCCEFF54FFB4838A30617BAB38C111
:106A400028403821684378C458417062986498E5BA
:106A5000A946A9A7B26AC30ECC3200200000FFFFEE
:106A6000FFFFFFFFFFFFFFFFFFFFFFFFFFFFFFFF36
:106A7000FFFFFFFFFFFFFFFFFFFE9CD1CDCF9CF18B
:106A8000CE5A8B6BBCECEED2FF94FF9493ACD5F056
:106A9000FF73FF54FF34E670FF94FF95C54FCDD1CF
:106AA000CDB3834AA40E51639B29DCEFDCAFCC6EDF
:106AB000EE34FF58F737FF78FF78FF17FF37FF37BF
:106AC000FF37FF37FF37FF37FF57FF57FF37FF37D6
:106AD000FF37FF37FF37FF37FF37FF37FF17FF3726
:106AE000FF17FF37FF58FF37FF17FF17FF79F6F73C
:106AF000FF38FF17F736FF57FF58FEF7FF37FF370E
:106B0000FF37FF37FF37FF37FF37FF37FF37FF17F5
:106B1000FF58F6F6FF78FF58ACCF7B29BCEDEE723C
:106B2000FF74CDADD5F0FF55FF55FF53FF7593AA08
:106B3000B46DBCCEFF75FFB37B0928416BAA300052
:106B400040622821400068E438204040986398E57E
:106B5000A926A9A7AA6AC30DCC3200200000FFFF16
:106B6000FFFFFFFFFFFFFFFFFFFFFFFFFFFFFFFF35
:106B7000FFFFFFFFFFDFFFFFFFFFAD75BD6FAD2F15
:106B8000DEBB838CB48DEE32FFB3F7D59C2CBD2FCA
:106B9000FF94FFB2FF54EEB2FF53FF55DE6F940C2B
:106BA000FF788309CCF1C4AE5966A3EDE4B1D44EAD
:106BB000DCCFFEF5FF97F777F757FF39FF58FF3720
:106BC000FF58FF57FF17FF37FF37FF17FF37FF3714
:106BD000FF37FF37FF37FF37FF37FF37FEF7FF1766
:106BE000FF37FF17FF37FF37FF57FF37FF37FF58D4
:106BF000FF58FF37FF38FF58FF58FF18FF58FF793D
:106C0000F717FF17FF38FF38FF78FF37FF38FF58B7
:106C1000FF37F737FF99CDF451A3C4B1BCACFED315
:106C2000FF75C54FD5D0FF74FF73FF34FF93834AC0
:106C3000AC4DCD4FFF33FF94728830007B0B40A2E8
:106C4000380130002800284140415821480070A3F5
:106C50009966B1C8AA09AB0CC4B308000000FFFFD5
:106C6000FFFFFFFFFFFFFFFFFFFFFFFFFFFFFFFF34
:106C7000FFFFFFFFFFDFFFFFFFFFB596BD4EAD2F0C
:106C8000E6FC8BCDB46DE5F1FF92FFD5AC8DACADDC
:106C9000FF74FF92FF54F6F3FF53FF54FF748C0B05
:106CA000EEF49BCBCCB0E570B3AC8288DCCFD48E55
:106CB000DCCFDD71FF78F737FF58FF38FF37FF373C
:106CC000FF57FF57FF37FF58FF78FF37FF37FF3772
:106CD000FF37FF37FF37FF37FF37FF37FF58FF37E3
:106CE000FF17FF17FF37FF58FF37F6F7FF58FF373B
:106CF000FF37FF58FF38F6F7FF18FF79C570F6F732
:106D0000FF79FF58FF37F6F7FF17FF17FF58FF37D8
:106D1000FF37FF9AEF19398451A4CD10BCEDFF1451
:106D2000FF54C52ED5F1FF94FF73FF54EF127B097A
:106D3000B48EC50EFF33FF7459E63041730A3060DC
:106D40003800382128202840384140005082502106
:106D500068629166AA8AA32C9C1008200000FFFF9D
:106D6000FFFFFFFFFFFFFFFFFFFFFFFFFFFFFFFF33
:106D7000FFFFFFFFFFFFFFFFFFFFB5B6ACEDAD501C
:106D8000EF3D942FAC4CDD90FF72FFD5BD2F93EA01
:106D9000FF74FF92FF54FF54FF73FF34FFD78C2B17
:106DA000CE2ECD909B4CE530EDB2ABCD8B07DD31D7
:106DB000D48FCC8FEDF4FF79F6F7FF58FF58FF57CB
:106DC000FF57FF37FF37FF57FF58FF37FF37FF37B2
:106DD000FF37FF37FF37FF37FF37FF37FF37FF3703
:106DE000FF58FF38FF38FF38FF59FF59F717FF38B2
:106DF000FF38FF38FF79FF18CDB2940CB50FEED6EF
:106E0000FF58FF37FF38FF38FF58FF58FEF7FF578E
:106E1000FF57F73A6B0D188372C9BCCEC52EFF34ED
:106E2000FEF3BCEDD5F1FF94FF73FF75E6B17AE890
:106E3000BCCFC50EFF94F7544164286162A838E2C4
:106E40003820380028201800200040A2304140613E
:106E500058A271248A48934C9C7100000000FFFFE7
:106E6000FFFFFFFFFFFFFFFFFFFFFFFFFFFFFFFF32
:106E7000FFFFFFFFFFFFFFFFFFFFC618A46CAD3051
:106E8000EF5DA4B1A42CD54FFF52FFB5D5F18368B7
:106E9000FF34FF73FF54FF54FF53FF14FFB7AD0FD0
:106EA0009489EED359A582AAA3ED9C103924938D21
:106EB000D4F2CC6EDCEFF654FF58F738FF37FF37CB
:106EC000FF37FF57FF37FF37FF37FF37FF37FF37F2
:106ED000FF37FF37FF37FF37FF37FF37FF57FF1702
:106EE000FF17FF38FF59FF5AFF5AFF7BFF9AF73809
:106EF000EEB6DE75CDB2B530BD71D614FF17FF9971
:106F0000FF58FF17FF38FF37FF17FEF6FF17FF3751
:106F1000FF99A4D31887398B6ACABCEDC54FFF55BA
:106F2000F6B2B4ACD5D0FF74FF73FF75D6506A8843
:106F3000BCCFCD4EFF95E6F33123100062E8390255
:106F4000300030003862288218001800286140E3C1
:106F500048A269657A4882CBA47108000000FFFF4F
:106F6000FFFFFFFFFFFFFFFFFFFFFFFFFFFFFFFF31
:106F7000FFFFFFFFFFFFFFFFFFFFCE799C2BB53028
:106F8000E71DB5339BEBCD2FF711FF95EE937B47B4
:106F9000EED3FF94FF54FF53FF52F6F3FF94CE1449
:106FA0005AC5FFB57B4A206520C610E6292B394813
:106FB000A3CFDD31D4ADD50EFEF6FF58FF37FF1756
:106FC000FF17FF57FF58FF57FF37FF37FF37FF37D0
:106FD000FF37FF37FF37FF37FF37FF37FF57FF57C1
:106FE000FF78FF58E676BD51A48FA46F9C6DA46D09
:106FF000B510D634EED7EED7F718FF79FF79FF3802
:10700000F6F7FF17FF38FF37FF37FF37F6F6FF9821
:10701000DE762926316C314B6ACAC50CCD8FFF75DF
:10702000E651B48CDDF1FF74F752FF95CE116A88FA
:10703000C4EFD58FFF75CE314A0720A24A252080A4
:107040002841304118001841208208000800308291
:10705000510461657A288B0BA43110000000FFFFFA
:10706000FFFFFFFFFFFFFFFFFFFFFFFFFFFFFFFF30
:10707000FFFFFFFFFFFFFFFFFFFFDEFB9C0BB530B5
:10708000DEDCC5D58BAAC50EF6D1FF95F714838833
:10709000DE51FF74FF54FF53FF52EEB2FF93E6D56B
:1070A00041C5D6B2D69320A831AE21CC31B0294CFF
:1070B00049A8AC4EDD0EDD2ECD0FFEF7FF78FF5850
:1070C000FF37FF17FF57FF57FF37FF57FF37FF37D0
:1070D000FF37FF37FF37FF37FF37FF37FF17FF3720
:1070E000FF38F6D7CDD3ACEFACCFBD51DE55FF386E
:1070F000FF9AFF59F718FF58FF79FF58FF38FF171D
:10710000FF38FF58FF37FF17FF37FF17FF78F738B3
:107110006AEB108639EF290A836DBCECD611FF7536
:10712000DDEFB48CDE11FF74FF73FFD6AD0E6A681D
:10713000BC8DDDD0FF95C611A4F39CB239C420A14B
:107140001000180028A341C74A284A492904100002
:107150004904614571C79B4DA43108000000FFFF41
:10716000FFFFFFFFFFFFFFFFFFFFFFFFFFFFFFFF2F
:10717000FFFFFFFFFFFFFFFFFFFFEF5D9BEBB55141
:10718000D6BCD6788369BCCEE670FF95FF5493CA0F
:10719000C58FFF74FF54FF53FF72E671FF73F754FE
:1071A00049E7840AF7944A0A316E320F29B031CE8A
:1071B00021283944BC6FD4AFC46DE5B2F6F6FF5850
:1071C000FF58FF17FF17FF37FF37FF37FF37FF372E
:1071D000FF37FF37FF37FF37FF37FF37FF58FF38DD
:1071E000FF58FF58FF58FF58FF79FFBAFF38F718CC
:1071F000FF18FF58FF58F717F6F6FF17FF38FF384C
:10720000FF58FF58FF38FF38FF37FF37FFFA944E1B
:10721000106439EE298E29098B6DC4CDE673FF7594
:10722000CD8DB46CE612FF74F773FFD69C6C7AEACE
:10723000BCAEE610FF75A52EC618E75C5A8831640F
:1072400018824A299CD4C619B5D7B5F8951439C700
:1072500030A361667A288AEC9BF008000000FFFFEB
:10726000FFFFFFFFFFFFFFFFFFFFFFFFFFFFFFFF2E
:10727000FFFFFFFFFFFFFFFFFFFFEF7D9BEBBD72F7
:10728000D69BDEB97B49BCADDE2FFF96FF759C2BEC
:10729000B50DFF54FF75FF52FF92DE31FF75FFD42D
:1072A0006AAB49E4F772A49128CA318E29AE29ED60
:1072B00010E708025966CC90E510CC8DD5D2F6D6F1
:1072C000FF78FF37FF37FF57FF57FF37FF37FF378D
:1072D000FF37FF37FF37FF37FF37FF37FF17FF173E
:1072E000FF17FF17FF38FF58FF57F737FF38FF58D2
:1072F000FF58FF17FF17FF58FF58FF37FF38FF5899
:10730000FF38FF17FF38FF38FF37FF58C6333144C7
:1073100039CB18EB216D316993ADC48DE6D4FF54A0
:10732000BD0CAC2BE612FF74F773FFD67B897AEBAA
:10733000C4CEEE52FFB68C8BB5D7F7FE5A894A48B9
:107340008410C639B5B7A535A576A576A638A57536
:1073500052075125824982EBA4B200000000FFFFD2
:10736000FFFFFFFFFFFFFFFFFFFFFFFFFFFFF7BE76
:10737000FFFFFFFFFFFFFFDFFFFFFFFF942BC57144
:10738000ACF65B115248C4ACDD4EFF55FFB5A4AC62
:107390009C4BFF56FF53FF72FF33DE52F733FFF56E
:1073A0007BEC2084C54FDE4F3186217231AD08E879
:1073B00008A9108810A4292793B0E4EFDC4EE5510A
:1073C000F654FF37FF57FF16FF56F756FF17FF1704
:1073D000FF57FF57FF37FF37FF57FF77FF37FF375D
:1073E000FF37FF37FF37FF37FF37FF37FF37FF37ED
:1073F000FF37FF37FF37FF37FF37FF37FF19F71822
:10740000FF78FF58FEF6FF17FF58EFB962866A68EB
:10741000B5D89CB639A918C3AC0DBCADEEF1FF359B
:107420009BCBB48DE631FF33FF53FF7562CA8BAA45
:10743000B4ABF692FF358C2CD698AD7531859CD3C4
:10744000B5D7AD97A576A576ADB8A596AD57B5F8E5
:107450009D1339657228930DA43100000000FFFFD1
:10746000FFFFFFFFFFFFFFFFFFFFFFFFFFDFFFFF4C
:10747000FFDFFFFFFFFFFFFFFFFFF79D944CB4CE40
:10748000520910A841E7C4EDCCCCFF75FFB6B50D8D
:107490008BA9F6F5FF74FF73FF54D611F713FFD4D1
:1074A000AD71208572C9FF755AA8216E290A088717
:1074B000088920EA10A6002530E76184B4CECCF01C
:1074C000DCD0F5B3FF38FF78FF37FF37FF38FF37E1
:1074D000FF58FF38FF17FF38FF38FF18FF37FF3717
:1074E000FF37FF37FF37FF37FF37FF37FF37FF37EC
:1074F000FF37FF37FF37FF37FF37FF37FF18FF59D9
:10750000EEF6FF58FF37FEF7FF9A8C2C8B6A938DAF
:10751000A555BDFAA51639E69BCCC50EF753EED49A
:10752000938ABCAEF6B3FF53FF74EEF339859C2CFF
:10753000C52DF692FF769C8EA5334A493165B5B6C6
:10754000BDD7A556A577B5D894D48C93AD77ADD7D4
:10755000A59583CE62088B0CA43100000000FFFFCC
:10756000FFFFFFFFFFFFFFFFFFFFFFFFFFFFFFFF2B
:10757000FFDFFFFFFFDEFFFFF79DFFFF946EACCE46
:10758000394610872945BCADC4ACF6F4FFB5C5B08B
:107590007B27EEB4FF74FF73FF74D610EE92FFD416
:1075A000BDF02907498ACDD1B59010A6104718C85B
:1075B000210B292B10C808C910A818012880726750
:1075C000B46FD532E552FE35FF38FF17FF38FF386C
:1075D000FF38FF38FF18FF39FF39FEF9FF37FF3753
:1075E000FF37FF37FF37FF37FF37FF37FF37FF37EB
:1075F000FF37FF37FF37FF37FF37FF37F717FF3703
:10760000FF37FF37F717FFBAC5726A67CD10934B84
:107610009D14ADB8BE3A73EDA3ECC50DFF94D5F142
:107620008B69BCCEFEF4FF53FF95CE1130E2ACAEB9
:10763000B4ABF6B2FF774A4531A531A741E76B4DB0
:10764000A535ADB7ADB8ADB794F45B2DB597AD9694
:10765000ADF7B5D67B2C7B0C9C3008000000FFFFFB
:10766000FFFFFFFFFFFFFFFFFFFFFFFFFFFFFFFF2A
:10767000FFFFFFFFFFDEFFFFFFFFDEFB5A89ACCFFE
:1076800049E7210918C4AC4CC4ACEE92FF95DE5218
:1076900072C6DE32FF54FF52FF94DE51DDD0FFB4DC
:1076A000D6D23188208A9C6FEF7429030847296C51
:1076B000298E20EB0889218E216C184340004081DF
:1076C00030E16246B42ED4F1E572FEB6FF17FF3703
:1076D000FF18FF18FEF7FEF7FF18FF18FF37FF37F8
:1076E000FF37FF37FF37FF37FF37FF37FF37FF37EA
:1076F000FF37FF37FF37FF37FF37FF37F716FF57E3
:10770000FEF7FF78E6D6FF9A72C8A38CDD5182C9D6
:10771000A534A597ADF8846FA40BC50DFF95B4CD26
:107720008B69C50EFEF3FF33FFB6AD0E3943AC8E49
:10773000BCECFF75DE746B2B9CF39CD339A694B222
:10774000634D94D4A576AD978C7252ABBDD8B5F786
:10775000AE17B617AD54838E941008000000FFFFDB
:10776000FFFFFFFFFFFFFFFFFFFFFFFFFFDFFFFF49
:10777000FFFFFFFEFFFFFFFFF7BF5AEC1063ACAE49
:107780005207086710C59C0CBC8BDE31FFB4EEF4C9
:1077900072C6CDB0FF54FF52FF94E692DDB0FF52A7
:1077A000EFB44A6B312E3985E6F37B6910A829AE18
:1077B000298F18EB10AB214D188728434842400110
:1077C0004021384030A06266B42EDCF2EE34FEB6C2
:1077D000FEF7FF38FF58FF37FF57FF78FF37FF37B7
:1077E000FF37FF37FF37FF37FF37FF37FF37FF37E9
:1077F000FF37FF37FF37FF37FF37FF37FF77FF3799
:10780000FEF6FF18FFDB9C6E8B4ACC90E5B29B6BBB
:107810008CB1ADD8B6396BCCA40BD56FFF9693C99C
:10782000938ACD2FF6F3FF53FFB78C0B3102AC8D4B
:10783000CD6DFF96AD307BEEBE18843139C7BDD714
:10784000A5355B0D94D4AD9684315AECC5F8DEFBBA
:10785000ADF7ADD6CE799CD3945100000000FFFF68
:10786000FFFFFFFFFFFFFFFFFFFFFFFFFFFFFFFF28
:10787000FFFFFFFFFFFFF7BF7BF110840825942C6B
:107880006288086708858349C4CCCD8FFF94FF5672
:107890007B28B4EEFF34FF93FF73EEF3D570FF53F4
:1078A000F7945AEB20EA1883A4EDDE5218E8218EF3
:1078B00029AF10CA210D296D10034041486248418B
:1078C000400048214861300030806247AC0CCD3127
:1078D000E5F4F6B6FF38FF57FF77FF97FF37FF371E
:1078E000FF37FF37FF37FF37FF37FF37FF37FF37E8
:1078F000FF37FF37FF37FF37FF37FF37FF77F6F6E2
:10790000FF38FF79DE356A87BC8FE553FEF79BCCE5
:107910008470B5F9ADB773EDAC4CD56EFF767B07CF
:107920009BEBD590FF13FF95F7366B085A27B4CE23
:10793000C56DFF96A4F08C92B5D894D34208AD766D
:10794000BE199D356B6E9CF47BF05AECC618FFDFB8
:10795000BE18ADD7C659C639AD3400000000FFFFD0
:10796000FFFFFFFFFFFFFFFFFFFFFFFFFFFFF7BE70
:10797000FFFFFFFFFFFFC5F9104518A710687B49FF
:10798000732A10A800455A46CD2EC50EF773FF97EF
:1079900093CA9C2BF6D3FF94FF53F734BCAEFF730E
:1079A000FFD6634A18C4947349E5F7155A6B294CFE
:1079B00029CE190B212E294D18214820480040209E
:1079C00040614020400048423041102018006207CA
:1079D000938CBCF1EE55FEF7FF17FEF6FF37FF372D
:1079E000FF37FF37FF37FF37FF37FF37FF37FF37E7
:1079F000FF37FF37FF37FF37FF37FF37FEF6FF58F8
:107A0000F738FF597AE8AC2DCCAFFE76FF589BEDE6
:107A100073EFB5D8A5367BEEB44DD56EF6D56A8535
:107A2000AC4CD5D0FF54FF95D6535246834CAC8D09
:107A3000DE0FFF96738B9D35BE1973AF4A6ABE1871
:107A40009D35B5F89D355B0C73AE5AEBCE58FFFFF4
:107A5000D6DBB5D8BDD8CE7ACE5900200000FFFFC6
:107A6000FFFFFFFFFFFFFFFFFFFFFFFFFFFFFFFF26
:107A7000FFFFFFFFFFFF6B50082518A908487B296F
:107A80007B2A002708A749C4BCCCBCEDEF32FFB766
:107A9000A44C93CAEE92FF94F732FF74BCCEE6B0CA
:107AA000FFF794AEA552BDB81842B50DAC9120C9F0
:107AB000298C31AD212F18CA180050404840506120
:107AC000484130003040388238014001186249A7EF
:107AD000498659A68B2AC4B0EDF4FE96FF37FF37CE
:107AE000FF37FF37FF37FF37FF37FF37FF37FF37E6
:107AF000FF37FF37FF37FF37FF37FF37FEF7FF58F6
:107B0000FFDBA48E82E9D4D0EDB3FED7FF78B4F1C9
:107B100031E7A536C61A738CAC2DE5F0DE536A64E6
:107B2000B48DDDF0FF54FF74B55041C57B0AB4CE6F
:107B3000E671EEF45AE9AD98ADB873F052CBADB73B
:107B4000A556AD97B5D894B34A495AEBD6B9F7BE06
:107B5000F77EB597BDF9BDF8DEFB00000000FFFF22
:107B6000FFFFFFFFFFFFFFFFFFFFFFFFFFFFF7BE6E
:107B7000FFFFFFFFF7BD2986108610A908664A6936
:107B80007387108529502126AC8EC46DE630FF9591
:107B9000BD4E7B08D5D1FF74FF72FF95A40EE65051
:107BA000FF73C5B0D697635020EA41E9DEB2314693
:107BB000315131EF192B106728604842484040602E
:107BC0003080280040214063180010617C30BE18CE
:107BD0008C0F93AD8AC869C482A9B471E5F4F69795
:107BE000FF38FF38FF37FF56FF56FF56FED7FF1806
:107BF000FF38FF38FF17FF38FF38FF17EF18F77A05
:107C0000D63461E4C44EE551FED6EF77FF38CDB3EC
:107C100041C58C71BE39738D9BEBEDD0CD907A87C9
:107C2000CCD0E610FF92FFF77BCC41E893ACB4AB2D
:107C3000FF13C5B25AECADD9B618634C6B6FAD9754
:107C4000A576C659A575B5F8632D630DE71CF79E9B
:107C5000F7BEBE18BDF8AD96DEFB00000000FFFFCA
:107C6000FFFFFFFFFFFFFFFFFFFFFFFFFFFFFFFF24
:107C7000FFFFFFFFF7DE31A7088518A8086739A8BE
:107C80007BC93149319118E693ECCCCDD5CFFF7546
:107C9000CDF17307CD70FF33FF73FF95AC6EBD0D53
:107CA000FF95D67273CD31CB212B2949AD2F83ADF2
:107CB000188A31CF190B10253880482150413820BF
:107CC000304028003801384218016B8EB638BE3873
:107CD0008C508B8CDD52C46E930961E67247A3AC65
:107CE000D593FED7FF38FF38FF37FF58FF37FF37F0
:107CF000FF37FF37F737F716FF37FF78FFDBF6F868
:107D00006205ABECD4F0F614FF37FF98FF38E65568
:107D100062A87BEFBE1873ADAC8DE58FA44B82C813
:107D2000C4AFF671FF93EF55420531668B4BC54EDC
:107D3000FF34940C7BD0ADD8ADF7632C7BD0B5D895
:107D4000AD76DF1CADD6B5D78C7273D0EF5DF7BEC4
:107D5000EF7EB5F8B5B7AD76DEFB00000000FFFFA3
:107D6000FFFFFFFFFFFFFFFFFFFFFFFFFFFFFFFF23
:107D7000FFFFFFFFF7DE8C9210A52129214C294936
:107D80007BAB39AA31B118E76AC8C4CDC52DFF75E0
:107D9000E6B372E7BD0FF6D2FF73FF95BD2F9C2BA4
:107DA000FF96F75539E718E931AD212B5ACACDB204
:107DB00028C5298E10CA1802406040415021402039
:107DC00030202800300120014A08B617A5B6ADD7EB
:107DD000AD557AEAD511DCCFD4D0CCB0A36C7A47BC
:107DE00061A582C9BCF1EE97FF3AFF3AFF37FF3732
:107DF000FF37F757FF78FF78FF57F6F6F718938BA2
:107E0000A3ABD4F0D551FF38FF37F6F6FF37F6F7BE
:107E10007B6B73AEAD967BADAC8EDD4E8BA9936A5A
:107E2000BCAEF6D2FF93DEB44206526AAC2DB4ABC0
:107E3000FFD75A879CF5A577ADD75B0C8C72B597A9
:107E4000BDF8F7DFBE18ADB694B38411EF5DF7BE91
:107E5000E75DB5D7AD96AD76E71C00000000FFFFEB
:107E6000FFFFFFFFFFFFFFFFFFFFFFFFFFFFFFFF22
:107E7000FFFFFFFFFFFEF7BE632E210839EF314BF6
:107E8000734C31693190214A4A07BCEDBCCCFF14D8
:107E9000FF567328AC8DEE71FF74FF95CE108BAA40
:107EA000FF35FFD65ACA212B31EF296F2129C56F23
:107EB0006AC818EB088928014840404148004861D9
:107EC0002820200020212082A514B617A5B6ADF7E2
:107ED000C5F77B0ACCAFD48EDCAED4AFD4B0D4B06F
:107EE000BC2E930961C559C48B4BC512E655FF5989
:107EF000FFDAFF59F738FF9AFF9AF718938A9B2AFF
:107F0000DCD1D4D0FF18F737FF58FF37FF17FF3801
:107F10008BED738D9D3483EE9C2CCD0E72E79BAB65
:107F2000C4EFFF13FF95A52F5ACA41C7AC4CCDAF84
:107F3000D6324A478C73A576B5F852AB9CF4A5555A
:107F4000D6BBFFFFCE79AD9684318431E71BF7BEF7
:107F5000E73CBDF8AD76B5B6E73C00000000FFFF9A
:107F6000FFFFFFFFFFFFFFFFFFFFFFFFFFFFFFFF21
:107F7000FFFFF7BEFFFFFFFEDEFC3188296B312CCF
:107F80007B6D3988318F318D3146ACCCBC8CEE7134
:107F9000FF968BAA9C0BDE10FF74FF95DEB17B2948
:107FA000E653FFD58C6F190929AE3191192C7B4806
:107FB000B50E10870826384148004020482140412E
:107FC0002000180010215A8AC6799D76A5D7A5965B
:107FD0009CF372CAC46EE50FDC8ED48EDCCFD4AFB6
:107FE000D4CFD4CFBC8EA3AB7A6661A459E572A876
:107FF00093ACB4D1CDD4CDB49C2E6A67A3ABDD11C4
:10800000BBEDFE56FF38F737FF37FEF7FF17FF5976
:10801000B5116B0B94D283EE9C2CC4EE6A86A3EC54
:10802000C52FF713FF967C0CA53462EAA3EADE3273
:10803000B55029456B4F9D14ADD64A8B9D35ADB7D4
:10804000E73CFFDFE71BBDF784518451D6BAF7BE8A
:10805000E73DBDF8A555B5D7EF5D00000000FFFF77
:10806000FFFFFFFFFFFFFFFFFFFFFFFFFFFFFFFF20
:10807000FFFFFFDFFFFFF7DDFFFF9CF510C720AA22
:108080006AEC41E8318E298F20E7940BBC8DD5AF87
:10809000FF96A48D8349D58FFF13FF74EF527B4960
:1080A000CD91FF95B5701086298E298F29AF39653E
:1080B000C5B1318708023860480048404862300046
:1080C0002000182020A3A535ADB7A5B7A5B6B5F8F3
:1080D00094D37B4CABCCD48ED46DD4AFD48DD4AEF2
:1080E000D4CED4EFD4EFCCCFC48EBC4D9B6C82C920
:1080F00072476A476A476A4782EAA3CDD4F0CC8EBA
:10810000DD31FF59EEB6FFB9FF37FF37FF17FF38F4
:10811000E6765A89843083EEA46DBCAD6245AC4DE1
:10812000CD6FFF54EF566B4BBDD76B2BAC4AEEB403
:1081300083EC73B03A2B7BF09D145AED9D35C659F4
:10814000EF5DFFBFF77DC6189D146BCFC638F79E55
:10815000E73DB5D79CF4BDF8EF7D00000000FFFFC0
:10816000FFFFFFFFFFFFFFFFFFFFFFFFFFFFFFDF3F
:10817000FFFFFFFFFFFEFFFEF79DFFFF634E28EAB4
:1081800052084A28298D31B1210B7329C4AEC52D5F
:10819000FF76BD716AA7C52EEEB2FF74FFB493EAF5
:1081A000B4AEFF74D6701905318F31AE29CE20C917
:1081B0008C0D83CC1000304040425040384130009C
:1081C000180018415ACBC6599D35B5D8A595ADD7DD
:1081D0008451732CABEDDD10DCCFD4CFD4CFD4AE33
:1081E000CC6ECC6DCC8ED4CFDCCFD4AFCC90BC0ECB
:1081F000ABCCABCCA3ABA38BB40DD4F1CC2DDD3188
:10820000FED7EEB6FF79FF17F6F7FF38FF17FEF738
:10821000FF3983AD6B6C8C4F940CB48D6226B48E99
:10822000CD8FFF95C5F27BCFB5976B4BC4ECE6B411
:108230005AE9B5F97C333A088C9252ACA576C63926
:10824000F79EFF9EFFBED69AB5D7638EAD54E71C4E
:10825000E73CB5D794B3C638EF7D00000000FFFFC0
:10826000FFFFFFFFFFFFFFFFFFFFFFFFFFFFFFFF1E
:10827000FFFFFFDFFFFEFFDDFFFEFFFFEFBE5A6FD8
:1082800041865248298D31D3210C4A25CCCFBCCC14
:10829000FF75CE136225B4CDE651FF74FFD4ACACAC
:1082A0009BCBFEF3EF5239C7318F31AC298D210EB4
:1082B0004206C5B2286130814883482030003062D0
:1082C000202118619D14B5F8A597AD97ADB6B5F806
:1082D0008CB3732CA3EDD4D0D4CFCC8FD4AFD4D067
:1082E000D4D0D4AFD4AFD4AFDCAFDCAFD4AFDCF0FC
:1082F000DD10CC8EC44DCC8ED4AFD4AFD48EEE1462
:10830000FF58FF78FF17FF18FF38FF58FF38FEF7B8
:10831000FF59BD945ACAA4F2838BBCCE7287BCEFBE
:10832000CD8EFFD694AD94D3AD76736BCD2CC58F27
:10833000634BADB9B5DA7BEF39E75AEEB5F8AD96D8
:10834000FFDFF77DFFBEEF7DC6797C308C71D6BA3A
:10835000DF1CB5D794B3CE79F79E00000020FFFF55
:10836000FFDFFFFFFFFFFFDFFFFFFFFFFFFFFFFF5D
:10837000FFFFFFFFFFFFFFFFFFFFFFFFFFFFFFDF2D
:1083800094B242083166210539C841E9AC8EBCED92
:10839000EE91F7155204ACD0D5F1FF33FF73D6112F
:1083A0008B69EEB4FF96736931A9421231CE318CDC
:1083B00020C7ACB38B8B30E0310228C430C328C354
:1083C00020A26B4DB5D7B5F8B5F8ADB7B597B638AF
:1083D00095145AA9B40DED10DCAED4EFDCB0D4D0B6
:1083E000EDB3EDF4D531CCD0D4B0D46FD4CFD4AF7D
:1083F000D4CFDCF0DCF0D4CFD4AFD4D0DE13F6F79A
:10840000FF58FF37FF17FF37FF37FF37FF59FF17B9
:10841000FF17D6356B6CAD967B8CB46E72EABCCE12
:10842000E610FF777C0DADB7AD96734BDDF1ACD0A8
:108430008C31C63AAD96B5D5634D426BBDD8B5B754
:10844000DEDBFFDFF7BEF79DDEFAAD74632DC659A4
:10845000D6DBBDD79CF4DEFBF79E08410000FFFF92
:10846000FFFFFFFFFFFFFFDFF7BEFFFFFFDFFFFFA5
:10847000FFFFFFFFFFFFFFFFFFFFFFFFFFFFFFFF0C
:10848000E73C83EFB576B5B7D69BBDD89C2DBD0E26
:10849000DE0FFF5673298C0DCDB1FF13FF95EEB59E
:1084A00093EBD5D2FF98948E420B4A73424F31AC76
:1084B00039AA730CBD733962524862CB52083986AF
:1084C00062EBB596C659ADB7B5D7B5D8BDF8BE39CC
:1084D000A59662EAB44EE510DD0FD530D510D53043
:1084E000EE54FF38FF37F6D6EE75EE14E572DD5127
:1084F000D511D510CCF0CCCFD510DD52F6D6FF5823
:10850000FF79FF38FF38FF58FF58FF58FF79FF38D1
:10851000FF58E6767BEFBDF78C0EB4AF838CCD5061
:10852000EE71EEF594D0C69AAD967B6CE63293ED83
:108530009CD3C63ADEFBCE5894D34AACA515B5D72A
:10854000D6BBF79EF7BEFFDEF7BED6B973AFA55513
:10855000DEFCB596A514EF5DFFFF00000000FFFFF5
:10856000FFFFFFDFFFFFFFFFFFFFFFDFFFFFFFFF5B
:10857000FFFFFFFFFFFFFFFFFFFFFFFFFFFEFFDE2D
:10858000FFFF9492D69AFFDFFFFFEF5E9C2ECD9106
:10859000CDAFFF77A4AF736BCDD2FF34FF96FF78DA
:1085A000ACCFBD50FFD8C63352AB52D152CF4A4D9B
:1085B000526C4A08D65683CCA513CE7ACE38949204
:1085C000A555CEBAC659B618BE19BE19C638BE3999
:1085D000B6387BADC4F1DD51DD51D572DD92D57178
:1085E000D5F2F717FFB9FF99FF79FF58FF18FEF88A
:1085F000FEB7F696EE55EE55F696FEF8FF59FF7962
:10860000FF59FF38FF59FF59FF59FF59FF5AFF59CA
:10861000FF59D6568450C6599C91AC6F9C2FCDB251
:10862000EE93CDF1AD93DF3CB5B683EDDDF37B6B1F
:1086300094B3BDF8EF7DDF1BBE1873F094B3B5B7EC
:10864000CE7AEF5DFFDEF7BEFFDEEF5CA55584104E
:10865000D69ABDD7BDF7EF5DFFFF08410000FFFFD1
:10866000FFFFFFFFFFFFFFDFFFFFFFFFFFFFFFFF3A
:10867000FFFFFFFFFFFFFFFFFFFFFFFFFFFFFFFF0A
:10868000F7BDA534AD54D699B596AD75942FC5B246
:10869000CDD1FF58CE157BADC5B3E694FFB7FFB97A
:1086A000C5B2B52EEF55DF157C0D8C736B7073B1B1
:1086B000630E62EB9CD1B5B4ADB6D6FCB5D6AD9524
:1086C000BE58C699BE39C659C659CE7ACE79C67A31
:1086D000CEBBA4F3CDB4E5F4E5D4DDF5EDD4DD9364
:1086E000D593EE97FF59FF39FF5AFF5AFF9BFF7A48
:1086F000FF7AFF7AFF5AFF5AFF7AFF9BFF9BFF7BAF
:10870000FF7AFF7AFF9BFF9BFF7BFF7BFF7BFF9B3B
:10871000FF7AD6369CD2DEFBBDB5B4D1A4B1CDD3A1
:10872000EEF6CE13D6B9E77EBDF79C91DE35A4D127
:108730009CF4C639DEDBF7BED6DABE39AD76B59627
:10874000C638EF5DFFFFF7BEF7BEFFFFD6BB9492C2
:10875000CE79B596CE79FFFFEF3C00200000FFDF19
:10876000FFFFF7BEFFFFFFFFF7BEFFDFFFFFF7BE14
:10877000E71CCE79BDF7BDD7BDF7C618CE79CE7947
:10878000BDD6A5349CF3C638BDD6CE59A534C5D5C3
:10879000D635E6D8D698A4F3C5F6DE56FFBAFF9ACA
:1087A000DE98C614E737F7BAC616D6BBD69AD69B5C
:1087B000B597AD7594B1CE98B5D6CE9BA575C67953
:1087C000DF3CD6FBCEDBCEBACE7AD69ACE99CE9A05
:1087D000D6BBBDD7CDF6E677E636E678EE17EE17D0
:1087E000E637F6DAFF5CFF7CFFBDFFBDF77CF77C68
:1087F000FF9CFFBDFFBDFFBCFF9CFF9CFF7CFF7C7F
:10880000FF7CFF9CFF9CFF7CFF7CFF7CF79CFF7B39
:10881000F75BD678B595DEDBCE17BD74BD95D61661
:10882000EF18CE56E73CDF1DCE59BDB5D616BDF6C6
:10883000AD96CE7ACE59FF9EDEFBEF9EDEFBC639AB
:10884000CE9AEF5DF7BEF7BEF79DFFDEEF7DB596E2
:10885000CE59C638EF5DF79DAD540840002010A2F8
:10886000000010A20000000008410000000000000D
:1088700000000000000000000000002000000000D8
:108880000000000000000020002000200021000067
:108890001000080008400000002010400000080000
:1088A000080100000000108000000002002000000D
:1088B00000210020000000600000002100000021D5
:1088C0000000000000200020000000200000002127
:1088D000002100000000102008001000080008001F
:1088E0000000000000000020002000000820000020
:1088F0000000000008000800000000000800000060
:10890000080008000000000008000800082000001F
:1089100008200800000008410000000000000800D6
:108920000860000008620001002108000800002023
:108930000041000000000800000000400841000065
:108940000000000000000841000000000841000095
:108950000020002000000000108200000000B596FA
:10896000BDD7AD55AD75AD7594B29CF3949294920C
:1089700094B294B294B294B29CD39CD39CF49CF4E1
:108980009CD394B294928C919CD394D28CF48C927C
:1089900094709C90A51394B28C7194919CB1A4F3A3
:1089A0009CD49CD48C719CD29CD3947394D18C71A4
:1089B00094938C729CF38C9094919471A4F49CB3D6
:1089C00094B39CF394F394D394B294B294B294B3CA
:1089D0009CD49CD39CD2949094B19C9294B194B129
:1089E0009CD29CB294D29CF39D1394F2A4F3A4F372
:1089F0009CD39CD39CD39CD39CD39CD3A4F3A4F3AF
:108A0000A4F3A4F39CD2A4F3A4F39CD29CF39CF310
:108A10009CD294B1A4F39CB294B28C72947294B12F
:108A200094D194D29CF49CB49CB394718C518C924C
:108A300094F38C92A4D49C929CF39CF3A5139D1365
:108A4000A5349CF39CF3AD34A4F4A4F49CF3A514D6
:108A50009CD39CD3AD34AD349CB210610000B5B64C
:108A6000B596AD559CD38C718410738E7BEF8410BA
:108A7000841084107BEF7BEF7BEF7BEF84118411FC
:108A80007BD08410632D73CF7BCF84306BF073CF9A
:108A9000736C83EE84306B8D6B6D7BCF7BEC8C8F36
:108AA000840E842E73CC842D8C4E738C7C0E84307B
:108AB0006B6E73D07BEF7BEE7BAD734C8BD083AF53
:108AC00083F07BF07BF07C107BEF7BEF842F7BF0DF
:108AD0007BF07BAF7BEF6B6C7BEF7BD083EE83CE49
:108AE0008BEE83AD83AE942F943094308C108C3108
:108AF0008C518C318C308C308C308C318430843083
:108B00008C308C3084308C508C71843084308C92DA
:108B100084306B6D840F8C308C516B6E738E7BCE7A
:108B200073EE7C0F84318C3183EF736D738E7C30E8
:108B300073CF738E83D083D084108C918C718C71A1
:108B4000843084308C518410841094728C71841021
:108B50007BCF7BEF94919CD2B57500000000B5B639
:108B6000A55594D38C516B8E5B0B5B0C630C632D02
:108B7000632D630C632C632D5B0C52AB52AA630C08
:108B80005ACB630C5ACB4A69632D632C5B4D634D02
:108B90005AAA6AEA734A62E95AEA52AB6B2A6B4BE9
:108BA0007BAD736C5A8962EA7B8D62C9630D5ACBC7
:108BB00052CB632C632B634C52CA5ACA5B4C634D35
:108BC000632C5AEB634D6B4D5AEB6B6C630C634C2F
:108BD000632C632C634D5B0B5ACB632C6B2A6B0AA3
:108BE0006B2C6ACC6AEB6B097BAC734E7B8D738DFF
:108BF000738D7BAD7B8D736C736C7BAD6B4C738DA8
:108C00007BCE736C738C738D738C738D7B6C7B8D4F
:108C1000630B52AA6B4D7BEF6B6D5ACA52686B2B7C
:108C20005ACA6B6D738E7BAF632D5ACB5289738D8D
:108C3000634C52A95B0B632C632B73AE7BAE736DDD
:108C40007BCE7BCF632C52695249628A632B634C83
:108C50005AEB632C7BEF8C71A51400000000AD75FE
:108C60009D138C51738E5AEB52AA52AA528A52AA61
:108C7000528A528A528A52AA528A4A8A39E8420849
:108C800039E74229420831A7422852AA4ACB4AAAC8
:108C900042284A075267524642273A084A465AA88B
:108CA00062E962EA4A474A2762C952684A49420869
:108CB0004A6952CA4AA952AA42284A284A8B4A6A91
:108CC0004A6A5AEB420852AB5ACB526A52AA52CA6B
:108CD00052AA528A52AA4A69422842085248526706
:108CE000734C83CF8C2F8C2D6B2A732D62EA62EA32
:108CF00062EA62EA62EA62CA62EA630B630B62EAF0
:108D0000630B5ACA62EA630B6B2B630A62EA62EA7C
:108D10004A2842085AEB632D5ACB4A6931A54A4882
:108D200042075AEB630C630C5ACB4A4A4208632C45
:108D300052AA39E74A69528A4A89630B630C630C69
:108D4000632C5ACA41E7396541654966394541A6F0
:108D500041A652286B0C7BCF9CD300000000A534A9
:108D600094B273CF52CA424942484228420842084C
:108D700039E83A084208420842284A49420831A7DD
:108D800029652125294518E318C339E83A283A0806
:108D900041E8398539C44205318431A731634A2617
:108DA0004A465A884A26318442064A47296531860E
:108DB00039E742483A074207296439C639E85ACCAC
:108DC000528A5AEB5AEB528A420941EA39E8420880
:108DD000420842084228420831C7318649E86B0AF6
:108DE0007B6CA4B1CE36F779BDB34A0852685A8974
:108DF0005A895268526852685A895A895268524848
:108E0000528952685AA95268526852685A684A2769
:108E1000316539C7528A52AA4A694A4821033185C5
:108E2000316552AA52AA528A4A49420831865ACB1F
:108E30004A49294539E842293A084A8A52CA52CA57
:108E40004A69318628E330C338E440C43883410599
:108E5000494651C76AAA7B6D949200000000A53470
:108E60008C716B6D4A693A0839E731C731C731A750
:108E700031A631A739C731A639C74A49422839E74F
:108E800039C72965318621040020212421852165E7
:108E900039C72944316339A42103316620E239847A
:108EA00041E552674A46294231634A262103294453
:108EB00031A631C631C631C620E339C652AA6B6D20
:108EC0007BEE73AD6B6B4A684A4939A8318631A78E
:108ED00039C731C731C739C739C739C741A8526700
:108EE000A511EF19DEB7A50F7BAB41A64A074A27AC
:108EF0004A274A074A074A274A274A074A474A272A
:108F00004A0741E652684A06420652484A273985CE
:108F1000210439C74A6A4A494A494228210320E3C1
:108F2000292452894A694A49420839E8296652AADD
:108F3000420818E4296539C731A7422939A639867C
:108F4000290418611000204128622821284238C3D2
:108F5000412549A7628A734D947100000000A53431
:108F60008410630C528A422831C631A631A631A63C
:108F7000318631A631A7318631A74A494A4942286C
:108F80004228318639C739C718C3296521441904D5
:108F9000294621032123316320E2292420C229020A
:108FA000398442054A25316220C139C531642944DA
:108FB000298531A6298631A629444A686B6AAD52B3
:108FC000C637EF7BE739AD7239E53186318631A698
:108FD00031A629662965318631C739E762CC7BCD58
:108FE000E6F86B2A290129202921314441E64A0764
:108FF0004A074A074A074A274A2741E64A074A07D3
:109000004A0741C652474A074A274A0741A528E36B
:10901000210342084A494228422842072924108253
:1090200021044A4942084A4939C739E721254A49B2
:109030004208212421253186318631A7184120415B
:109040001821180018001800100010001000184116
:1090500028C3396552496B2C945108000000A514AF
:109060007BEF5B0B52AA422831A62986318631A6B6
:109070003186318631A6298631A6422939E74A2828
:109080004A6942284A494A493185292431C6294535
:10909000212521042103294329232104290420E235
:1090A000316339C44A2539C418C1294339E521023D
:1090B000296539E72966318639C66B2BAD4FDEB796
:1090C0006B2B39A55286B5D3298339C629663186DB
:1090D000318631863186298631A739E86AECA511B7
:1090E000CE55294218A131633142292439A541E6E0
:1090F0004A274A274A074A074A074A074A064A06AA
:109100005268526852684A07524841C6316420E2A8
:1091100031654A49422942284A494208318618A203
:1091200021044A2942084A4939E742283165420860
:109130004228296518E32104212418C2180020219F
:1091400028212841284120211820184108201041B9
:1091500020A231244A286B0C8C30000000009CD3E4
:109160007BCF632C52AA3A0831A62986318631A7D3
:109170003186298631A6318631A6422842284A49BD
:10918000422842284228422842082944420739E717
:109190002946294518E220E2316420C2396620E3DD
:1091A000292339A44A264A26290218A141E5292360
:1091B00029443A0831A731864A28840EEF366B09D4
:1091C00028E4314531849CD02122294531A7420829
:1091D0004A494A6A4A4939E839C74A496B2CE6F88C
:1091E000A53029022925314439A539A639A54A07D0
:1091F0005A895AA952484A074A27526862A95A8886
:109200006AEA736C83CE5A884A0741A52923290349
:1092100041E74A4942494A4942284A2841E8290443
:1092200021044A494A294A6942284A48420739C61C
:1092300039C62924084010A221030820180028411B
:109240002842282128212821202128611820204176
:1092500028A331244A0862EB84300020002094B215
:109260007BEF6B4D52AA3A0831A631A6318631C741
:109270003186296631A631A631A742284A484A4894
:1092800039E74A49422842084A69294439E64229CD
:1092900031A731A718E318A131851882398820E455
:1092A00020E231634A054A262923082039C4316463
:1092B000212439E84209318642279CD2EF3639848D
:1092C0003968312739A7840E318531A74A6A5AECAB
:1092D0006B6E738E632D4A4939E8528A7B8DE7188D
:1092E000948D4A2862EC5AAA314441C6524862EA37
:1092F0007B8D7BAD6B2B5AA962EA736C7BAD736C73
:1093000083ADB533DE998BEE41C6396420C231247A
:109310004A28422842284A4942084A484A2931668E
:1093200020E44A494228422842284207296418E298
:109330003185318518C2294439C610811000206159
:1093400028422801302130212821280030223042B3
:1093500038C4392549E762CB84300020000094B23C
:109360007BEF632D528A420831A731A631A62986A8
:10937000298631A631A6298631A6422942284A48A3
:109380004208422842284A494A4939C63186420899
:10939000422831A62944212318E318E3214431A6A9
:1093A00018C3290341C44A2541C518A220C241E57A
:1093B00018C0422731C7296621247BEEEF149C2E6A
:1093C00041A7318529C521A729874A295AC98C3047
:1093D000CE16F778EF179C91318752AB946EE71653
:1093E000738ACDF5EEF6D63552483A2752888C2F3F
:1093F000D656EF36DEB462C8734B946FE694E6D669
:109400007309DE77B532526639A43124210439C795
:10941000422842284A49422842074248422841E716
:10942000212442284A494A6939A62924396441A598
:109430004A27420639C518C13985396408001841E0
:10944000286228213021302128202820284130621C
:1094500038C449455A296B0C84300020000094B26E
:109460007BEF632D528A420831A7318631A62986C7
:10947000298631A631A6298631A6424942284228AA
:1094800042284A48422842074208422831A6420858
:109490004A4839E731A6296421231903190339C73A
:1094A000210420E239834A0541C520E320E3294411
:1094B00039C529644A4931A710C32964B591DEB67C
:1094C00083CC4A4831C729A64A695ACB94909491D3
:1094D00041C46B47D6745AA829655AEBA4D1DEF56E
:1094E0008C6D41E7B531EF1683ED52AA8C2EDE98D4
:1094F0005267948DCE335A888C2FB593DE94BD710C
:109500008BCD732A41E53142316420C229654A4935
:109510004A69420742084A484A4842274A6942087B
:1095200021044207422839C62103292441853123D9
:1095300041E64A4739E6316428E249E618611000FD
:109540001821284128202820304128202841306235
:1095500038C449455A29730C8C300000000094B37C
:109560007BEF632D528A420831A7318631A62986C6
:10957000298631A631A6298631A6424942284228A9
:109580004A494A69420839C639C74A6939C742084F
:109590004228422839E731A6294418E310E239C7A6
:1095A000316620C22922420541E52103316518C2F6
:1095B00039C518E339E839A718C3294418E3BDD2DF
:1095C000E6F57BAC318652CA6B4A94708C5039E711
:1095D0005268AD50BD91210331A752AACE15AD4EB0
:1095E00039C44A0A8BEDE6D37BAA73AEDEB6946F1C
:1095F00041E5946E948E314494715AA8DEB483AAE6
:1096000062C83984314339A5292420E439E7422846
:10961000422842284A494A684228420742284A4981
:109620002124210329443185210321033964312375
:1096300039A54A4741E641E620A141A53145102020
:10964000100020412000282028612020284130627D
:1096500040C4494662297B2C8C300000000094B342
:109660007BF0632D528A420831A7318631A62986C4
:1096700031A6298631A6298631A6424942284208C8
:109680004A484A48422839E731A64A49422842080E
:1096900042284A48422839E7296518E310C2318632
:1096A00031A7210318E141C44A26290331A7210427
:1096B000210331853185420810A3214410E431A2F1
:1096C000CE31D65552284A287BEDE71739E839A91B
:1096D00062ECDE989CB020E4528B634DE6B683EAE0
:1096E000316562ADAD10E6F47BCB94D1E6D59C8EAE
:1096F000BD94A4F139A420C33145840DEF167B8AB3
:10970000314341C64A063985188239874A49422879
:10971000420842284228422742284A4842284A48CA
:10972000316520C331444A0741E6318520C13144C7
:10973000396441E641E64A27316420E241E720A24C
:109740000800100018001820204120212041286224
:1097500040E4494662297B0C94300000000094B339
:109760007BF0634D528A420831A7318631A62986A3
:1097700031A6298631A6298631A6422842284228C8
:10978000422842284A48422831A631A64A6942283E
:10979000422842284228422831A6212310A1212410
:1097A00039C7296518C131834A262903212539C7BC
:1097B000210441E739A54A482945296619664246E8
:1097C0009CADD6737B8C5AACAD32C61031A56B4DB7
:1097D0009CB2EF39738A4A074A698450EEF55266A3
:1097E0003167630CCE13C5D341E5CE74F735B5317F
:1097F0005AA84A2639C539A75A8AA4F0CE3362C777
:1098000020C1398539C618C218A3316731A64A4923
:109810004A69422842074A484A6842284A693185CB
:109820002904314449E74A074A07420720C120C1B9
:10983000316439854A0752274A072903398531445B
:10984000188108000800102010001820204128610D
:1098500038E4494662297B0C94300800000094B338
:109860007BF0634D528A420831A7318629862986CA
:1098700031A6298631A6298629863A084A494A48C6
:10988000422842084A484A4939C629444A494A496D
:109890004A4942284A494A494207318518C218C3F1
:1098A000318739C718E221224A06314419453A085E
:1098B00039A75268736B4A6731A531C73A28630BE1
:1098C000A4CED653738B4A09CE16E6D252C5A53024
:1098D000E718E6F57BA8B572634B9510EEF53143BA
:1098E00052AB842EDEB5732B4A08DEF5CDF041A2D3
:1098F000734BB593A53252AA6B4CCE55BDD3316391
:1099000020E318A221030840212420E52104294551
:1099100031A642284A694A68422842274227210341
:109920002903312449C649E64206420641E6106051
:10993000396439644A074A0741E641E620E339A51C
:1099400029240820000008000800100010202061D1
:1099500030E3494562297B0C94300800000094D321
:109960007BF0634D528A420831A7318629862986C9
:1099700031A6298631A62986298631C742284A4838
:10998000422842284A484A484208318531864208DE
:109990004A49422842284A49422839E72943108245
:1099A00018E431C7216418E141E53984196431A60E
:1099B0004A49734BDEB8A4F15ACA52AB6B4C6B4B9D
:1099C000CE14B57229643185D656E6B4CE93C5F36C
:1099D000A4CFCDF2BD918C0D31858C8FDE555265B3
:1099E0005AE9C6569CAE418641C8DED5EED4E6762D
:1099F000D677A55152C84227738CDED6946F18A132
:109A0000290410831081108131A631A729652945C9
:109A1000212431A64A484A4842284A6931852944C6
:109A2000398528C2416449E64A47422652682903DB
:109A300031443964418549E641C54A27314431857D
:109A4000298518C2002000000800080008201040E6
:109A500028C341455A297B2C94300800000094D338
:109A60007BF0634D528A420831A7318629862986C8
:109A700031A6298631A62986296531A642084228C1
:109A800042284A48422842284A49420718E339E70F
:109A90004A494228420842284A48422839A50861D2
:109AA000004231A731A618E139C441A51123298606
:109AB0004A285A68E6D7D655634B632D8C10CDF4EF
:109AC000C5D341C6190431C4840BB50F7BEB290201
:109AD0008BCDA48F5A673966312739C7B4D1BDD130
:109AE000B5F26B8B20E149E849C89CAEBD0D9C2DB9
:109AF0005AA831A23A0439C58C6FBDD24A27210336
:109B0000318739C72124294410A2086118C3296567
:109B10002124086118C331853185212418C221020E
:109B2000396520813924418541E64227420641E6D4
:109B300028E23964394449E64A2741E64A2729445C
:109B40002964296408600000082108000000104012
:109B500028C339455A29730C94300800000094B387
:109B60007BEF632D52AA3A0839E82966318631869F
:109B700031863186318631863186318631A642087A
:109B80004A494A494228422842284A493186210402
:109B900031864A494A4942284A49420842272965AA
:109BA000086218C43187296521223A0518E431C7B3
:109BB00031A639E65288946FC5F4E6D8C61673AD5F
:109BC00031A5210321042966296618E521042125F0
:109BD000212521252125294529662966214521257B
:109BE00021452125296539E7422839C7318629448D
:109BF000318539C739C742284208296510C3214534
:109C00002125108218A22943214318E100200020B9
:109C1000292441C6398620E32924420741C631441C
:109C200028E220C22903398441E641E649E64A2771
:109C300039A52903312339A541E649E64A064A27D1
:109C400031643185292308200800082000001061B4
:109C500018A23145524962EB94510000002094D380
:109C600084106B4D5ACB420831A639E731C731C752
:109C700031C731C731C731C731C731C739C74208CA
:109C80004A494A694A694A694A694A6942282965CA
:109C90003186420842284A494A694A694A6839E78E
:109CA000210418E4318631A621234205212531E71C
:109CB00039C742283185294320C120E12963214346
:109CC000296431A529652125294639C8318631867F
:109CD00031863186318631A731A731C73186318649
:109CE0003186318631A642084A494228422839E75E
:109CF00042084A484A284A6942082944296618E421
:109D0000108220E331854A484A47422618E220E380
:109D100039C64A07524839C63185422752484A2730
:109D200041A5290318A1312341E64A0752274A27B2
:109D30004A0739A5314339854A0752484A274A47D5
:109D400041E6316439A6106010601060188210611D
:109D500020A231455269732D8C10000000209CF424
:109D60008C926B4D630C5ACB420842284208420841
:109D70004208420842084208420842084208422873
:109D80004A6952AA52AA52AA52AA52AA5ACB4208C5
:109D900031A639E742084A49528A52AA52AA52AA1F
:109DA00039E82125318639E731844226216539E7B2
:109DB00042085ACA4A6942073144314439E74207E6
:109DC000420842284A4939C731A642284208420877
:109DD000420842083A083A0842084208420839E86C
:109DE0003A084208420842294A8952AA5AAA52AA63
:109DF00052AA52AA5AAA5ACB4A69318631A72104DB
:109E000018A3398641C6526952895AA939C6318484
:109E10004A0752285A895A89420641E652685A88A6
:109E20005A884A073144314341A54A075A895A683A
:109E30005A89524841C539854A0752685268526862
:109E40005A8939854A2820E320C218A220E320E35A
:109E5000398641C75A8A7B8E8C51084100009CF498
:109E600094B37BCF6B6D630C52AA528A528A528A8A
:109E7000528A528A528A528A528A528A528A528A02
:109E800052AA5AEB632C632C630C630C632C5ACBE1
:109E90004A694A494A69528A5ACB5ACB630B634D85
:109EA0005AEB420842084A694A484A47422852AA9D
:109EB00052AA630C5AEC5AEB4A494A29528A528AEE
:109EC0004A494A695ACA528A4A484A68528A528A50
:109ED000528A528A528A4A8A528A528A528A4A8AB2
:109EE000528A528A4A8A4A8A5ACB632C630B630B82
:109EF000630B630B630B5AEB526939E731A72945B2
:109F00003145524949E762AA62CA630A62EA41E6F8
:109F1000524862895A896AEA62CA4A2752685A894B
:109F20006B0B6B2B5ACA52484A274A275AA962EA36
:109F3000630B630B62CA526852485ACA5ACA62EA31
:109F4000630B4A285AAA42073165316531453165AC
:109F500041E7524962EB83CF949200000862AD76EC
:109F600094B38C7184306B6D6B4D6B4D632D632D91
:109F7000632D632D632D632D632D632D6B4D632C3A
:109F8000632C6B6D73AE73AE73AE73AE73AE73AEA4
:109F90006B6D630C630C632C632C632C6B8D73AE45
:109FA000738E632C5ACB5AEB632C52AA4A695B0C12
:109FB000630C738E73AF7BF0738F6B2D5ACB5AEC9F
:109FC000632D6B4D738E6B6D632B52CA632C632CA8
:109FD000632D632D632C632C632D632D632D632D03
:109FE000632D634D632C630C6B4D73AE73AE7BCEF0
:109FF0007BCE7BCE738E6B4C5AEB52AA528A4A4967
:10A000004A086AEC62AA7B8E7BAD736D7BCE62EAF6
:10A0100062CA732B6B0B736C7BCE6B2B62CA630BA8
:10A02000736C7BAD7BAD7B8D734C62EA6B0B734CB9
:10A03000736D7B8D7BAE736D6B4C738D738D7BCE2F
:10A04000738D6B2C632B6B2C42084A284A2852498B
:10A0500052696B2C738E8C30AD3408200000B5969D
:10A06000A5559CD394B3843184317BEF7BEF7BEF98
:10A070007BEF7BEF7BEF7BEF7BEF7BEF84107BF065
:10A080007BEF841084308C518C518C518C518C71AD
:10A090008C517BEF73AE7BCF7BEF7BEF7C0F84101B
:10A0A0008430841073AE736E83EF6B4D73AE7BF0B0
:10A0B0007BCF841084518C728C51843183F07BCFA0
:10A0C0007BCF7BCF7BEF8C508C507BCE7BCF7BEFDD
:10A0D0007BEF7BEF7BEF7BEF7BF07BF07BF07BF02C
:10A0E0007BF07BF07BF07BCF7BEF84518C718C51CC
:10A0F0008C50843083EF7BCF7BEF840F84307BCF19
:10A10000736D83CE734D83EF840F8C308C70840F0E
:10A11000738D83CE83CE83EF8C508C5083EF7BCEB8
:10A120007BCE840F8C308C508C50840F842F840F06
:10A130008C508C50842F8C308C508C308C2F8C70A9
:10A14000840F840F738D840F62EB630B62EB736D6E
:10A15000736D841094519CD3AD3400000882A535F2
:10A16000B5B6AD769CF49CF49CF3949294D394D3BE
:10A1700094D394D394D394D394D394D39CD39CD397
:10A180009CD39CD39CF39CF3A5139CF3A514A5141A
:10A19000A5149CF394B294B29CD39CD39CD394D337
:10A1A0009CF39CF39CD294729CD3947294929CB333
:10A1B00094929CD39CF39CF39CF39CF3A5149CF485
:10A1C0009CF394B394B29CD39CF49CD394D294D338
:10A1D0009CD39CD39CD39CD39CD39CF394D39CD3EF
:10A1E0009CD39CD39CD39CD39CD39CF39CD294B201
:10A1F000949294918C7194919CD2A4F39D339D136D
:10A200009CD29CB29471947194B2A5139CF39CF36C
:10A2100094919CB29CB29CB29CD2A513A51394912C
:10A2200094B29CF39CF39CF3A4F3A513A5139CF3A5
:10A23000A513A5139CD29CD29CF39CD29CF39CF3B7
:10A240009CF39CD294919CF38C308C5083EF8C5176
:10A250008C519C92AD34AD349CB2108200000862E7
:10A260000000084100000021000000000000000084
:10A2700000000000000000000000000000000000DE
:10A2800000000000000000000000000000200000AE
:10A29000000000200000000000000000000000009E
:10A2A000002000000020000000000000000000006E
:10A2B000000000200020002000000020000000001E
:10A2C000000000000020000000000000000000006E
:10A2D000000000000000000000000000000000007E
:10A2E000000000000000000000000000000000006E
:10A2F00000000000000000000020000000200020FE
:10A3000000000000082000000000002000200000E5
:10A3100000000820000000000000002000000000F5
:10A32000000000000000000000200000000000000D
:10A3300000000000082000200000000000000000D5
:10A340000840000000200020000000000000000085
:10A350000820000000000000108200000000000043
:10A3600000000000000000000000000000000000ED
:10A3700000000000000000000000000000000000DD
:10A3800000000000000000000000000000000000CD
:10A39000E003E003E003E003E003E003E003E003A5
:10A3A000C003C003C001C001C001C001C001000062
:10A3B00000000000E003E003E003000000000000F4
:10A3C000000000003C1E3C1E3C1E3C1E3C1E3C1E71
:10A3D0003C1E000000000000000000000000000023
:10A3E000000000000000000000000000000000006D
:10A3F0000000000000000000CE01CE03DE039E033B
:10A400009C039C07FF3FFF7F3807380F780F780FBA
:10A41000780EFFFFFFFFF01EF01CE01CE03CE03D6B
:10A42000E03900000000000000000000FC03FE0F07
:10A43000EE1FE01EE01EE01EE01EE01FE00FE00742
:10A44000F003FC01FE01FE01FE01FE01FE01FE0122
:10A45000FE3DFC3FF00FE001E001000000000000C5
:10A46000033E07F78FE78EE79EE3BCE3B8E7F8E724
:10A47000F0F7E03FC001FF03FF07F307F30FF31E00
:10A48000F33CF338F3787FF03FE000000000000079
:10A4900000000000E007F80F780F781F781F781F82
:10A4A000780FF00FE00F801FC37FC3FBE7F3F7F1D6
:10A4B000F7F0FFF07FF03EF87F7CFF3FEF1F0000DA
:10A4C0000000000000000000E003E003E003E00300
:10A4D000E003C003C0010000000000000000000015
:10A4E000000000000000000000000000000000006C
:10A4F0000000000000000000000000003F007C00A1
:10A50000F001E001C003C00780078007800F000F43
:10A51000000F000F000F000F000F800F8007800753
:10A52000C007C003E001F0017C003F000F00000005
:10A53000007E001FC007C003E001F001F000F00042
:10A54000F800780078007800780078007800F8004B
:10A55000F000F000F001E001C003C007001F007E22
:10A5600000780000E003C003C001CE39FF3F7F3F09
:10A5700020037003F807780F3C1F38060000000026
:10A5800000000000000000000000000000000000CB
:10A5900000000000000000000000000000000000BB
:10A5A00000000000C001C001C001C001C001C00125
:10A5B000C001FFFFFFFFC001C001C001C001C00119
:10A5C000C0010000000000000000000000000000CA
:10A5D000000000000000000000000000000000007B
:10A5E0000000000000000000000000000000E00388
:10A5F000E003E003E003E001E001E001C0018003CB
:10A60000000000000000000000000000000000004A
:10A61000000000000000FE3FFE3F000000000000C0
:10A62000000000000000000000000000000000002A
:10A63000000000000000000000000000000000001A
:10A64000000000000000000000000000000000000A
:10A65000000000000000E003E003E003E00300006E
:10A6600000000000000000000F000F001E001E0090
:10A670003C003C0078007800F000F000E001E001D0
:10A68000C003C00380078007000F000F001E001EDC
:10A69000003C003C0078007800F00000F007F80F64
:10A6A0007C1F3E3E1E3C1F7C1F7C0F780F780F786E
:10A6B0000F780F780F780F781F7C1F7C1E3C3E3E72
:10A6C0007C1FF80FF00700000000000000000000F1
:10A6D000F000F007F03FF03FF001F001F001F00171
:10A6E000F001F001F001F001F001F001F001F001E2
:10A6F000F001F001F001FF3FFF3F0000000000000B
:10A7000000000000E00FF83F7C3C3C003E003E00B3
:10A710003E003C003C007C00F800F001E003C00774
:10A720008007000F001E003E003CFE3FFE3F000081
:10A730000000000000000000F00FF81F7C1C3E002D
:10A740003E003E003C003C00F800F00FF80F7C009B
:10A750003E001E001E001E001E003E007C1CF81F56
:10A76000E01F000000000000000000007800F8007A
:10A77000F800F801F803F807F807780F781E781E3C
:10A78000783C78787878FFFFFFFF780078007800D1
:10A790007800780078000000000000000000000051
:10A7A000FC1FFC1FFC1F001E001E001E001E001EC2
:10A7B000E01FF81FFC007C003E003E001E003E0033
:10A7C0003E003C007C1CF81FE01F00000000000061
:10A7D00000000000FC01FE078E0F001F001E003E5F
:10A7E000003C003CF83DFC3F3E7F1F7E0F3C0F3C91
:10A7F0000F3C0F3C0F3E1F1E3E1FFC0FF0030000DE
:10A800000000000000000000FF3FFF3FFF3F0F007F
:10A810001E001E003C0038007800F000F000E0014F
:10A82000E001C003C0038007800F800F000F001FEE
:10A83000001F00000000000000000000F807FC0FEF
:10A840003E1F1E1E1E3E1E3E1E1E3C1FF80FF00722
:10A85000F80FFC1E3E3E1F3C1F7C0F7C0F7C1F3CF4
:10A860003E3FFC1FF0070000000000000000000059
:10A87000F007F80F7C1E3E3C1E3C1F7C1F7C1F7C9B
:10A880001F7C1F3C3F3EFF1FEF071F001E001E00E6
:10A890003E003C00F838F03FE01F000000000000E0
:10A8A00000000000000000000000000000000000A8
:10A8B000E003E003E003E00300000000000000000C
:10A8C000000000000000E003E003E003E0030000FC
:10A8D0000000000000000000000000000000000078
:10A8E00000000000E003E003E003E00300000000DC
:10A8F00000000000000000000000E003E003E003AF
:10A90000E003E001E001E001C0038003000000007B
:10A91000000000000000000003000F003F00FC00EA
:10A92000F003C00F003F00FE003FC00FF003FC002B
:10A930003F000F00030000000000000000000000C6
:10A940000000000000000000000000000000000007
:10A9500000000000FFFFFFFF000000000000FFFFFD
:10A96000FFFF0000000000000000000000000000E9
:10A9700000000000000000000000000000000000D7
:10A9800000E000F8007E801FE007F8017E001F0055
:10A990007E00F801E007801F007E00F800E0000064
:10A9A0000000000000000000F01FFC3F3E381F3890
:10A9B0001F381E001E003C007800F000E001C003BC
:10A9C000C003C007C007000000000000C007C007A8
:10A9D000C00700000000000000000000F803FE0FA8
:10A9E0001E1F0F3E7F3CFF78EF79C773C7F38FF3CD
:10A9F0008FF38FF39FF39FF3FF73FF7BF779003C97
:10AA00001C1FFC0FF8030000000000000000000005
:10AA1000000000000000E003E003F007F007F0078B
:10AA2000780F780F7C0E3C1E3C1E3E3CFE3FFF3FE5
:10AA30001F780F780FF007F007F00000000000000B
:10AA400000000000000000000000F83FFC3F3E3C1A
:10AA50001E3C1E3C1E3C3E3C7C3CF03FF83F7E3C96
:10AA60001F3C1F3C0F3C0F3C1F3CFE3FF83F0000CB
:10AA70000000000000000000000000000000FF01D6
:10AA8000FF07871F003E003C007C007800780078BC
:10AA900000780078007C007C003E003F831FFF07A9
:10AAA000FF010000000000000000000000000000A6
:10AAB0000000F07FFC7F7E781F781F780F780F787A
:10AAC0000F780F780F780F780F780F781F781E782F
:10AAD0007E78F87FE07F00000000000000000000AA
:10AAE000000000000000FF3FFF3F003E003E003E30
:10AAF000003E003E003EFE3FFE3F003E003E003E68
:10AB0000003E003E003EFF3FFF3F0000000000000F
:10AB100000000000000000000000FF1FFF1F001EDB
:10AB2000001E001E001E001E001EFF1FFF1F001E35
:10AB3000001E001E001E001E001E001E001E000043
:10AB40000000000000000000000000000000FE0304
:10AB5000FF0F871F003E007C007C007800F800F8A3
:10AB60007FF87FF80F780F7C0F7C0F3E8F1FFF0F51
:10AB7000FE030000000000000000000000000000D4
:10AB800000001F7C1F7C1F7C1F7C1F7C1F7C1F7C88
:10AB90001F7CFF7FFF7F1F7C1F7C1F7C1F7C1F7C17
:10ABA0001F7C1F7C1F7C00000000000000000000D4
:10ABB000000000000000FF3FFF3FE003E003E00370
:10ABC000E003E003E003E003E003E003E003E0036D
:10ABD000E003E003E003FF3FFF3F00000000000050
:10ABE00000000000000000000000FC1FFC1F7C00B3
:10ABF0007C007C007C007C007C007C007C007C0075
:10AC00007C007C0078007800F838F03FC03F0000FE
:10AC100000000000000000000000000000001F3CD9
:10AC20001E3C3C3C783CF03CE03DE03FC03F803F78
:10AC3000C03FE03FF03DF03C783C7C3C3E3C1F3C5C
:10AC40000F3C0000000000000000000000000000B9
:10AC50000000003E003E003E003E003E003E003E42
:10AC6000003E003E003E003E003E003E003E003EF4
:10AC7000003EFF3FFF3F000000000000000000001A
:10AC80000000000000001FF81FFC1FFC3FFE3FFEFD
:10AC90003FFE7FFF77FF77FFF7F7E7F7E7F3E7F38D
:10ACA000C7F307F007F007F007F00000000000000E
:10ACB000000000000000000000000F7C0F7C0F7EF1
:10ACC0000F7F0F7F8F7F8F7FCF7FEF7BEF79FF79B4
:10ACD000FF78FF787F783F783F781F781F780000F3
:10ACE0000000000000000000000000000000F0076D
:10ACF000FC1F3E3E1F7C0F780F780FF80FF80FF8FF
:10AD00000FF80FF80FF80F780F781F7C3E3EFC1FEE
:10AD1000F00700000000000000000000000000003C
:10AD20000000FC3FFF3F1F3E0F3E0F3E0F3E0F3E19
:10AD30001F3E3F3EFC3FF03F003E003E003E003ED7
:10AD4000003E003E003E0000000000000000000049
:10AD5000000000000000F007FC1F3E3E1F7C0F7843
:10AD60000F780FF80FF80FF80FF80FF80FF80F78AB
:10AD70000F781F7C3E3EFC1FF8077C003F000F0051
:10AD800003000000000000000000F03FFC3F7E3C9C
:10AD90003E3C1E3C1E3C3E3C3C3CFC3CF03FE03F0D
:10ADA000F03DF83C7C3C3E3C1E3C1F3C0F3C000010
:10ADB0000000000000000000000000000000FC0790
:10ADC000FE1F0E3E003C003C003C003EC01FF80F42
:10ADD000FE037F001F000F000F001F203E3CFC3FC2
:10ADE000F01F000000000000000000000000000054
:10ADF0000000FFFFFFFFE003E003E003E003E003E8
:10AE0000E003E003E003E003E003E003E003E0032A
:10AE1000E003E003E0030000000000000000000089
:10AE20000000000000000F7C0F7C0F7C0F7C0F7C6B
:10AE30000F7C0F7C0F7C0F7C0F7C0F7C0F7C0F7CBA
:10AE40001E3C1E3C3E3EFC1FF007000000000000C0
:10AE50000000000000000000000007F007F007F805
:10AE60000F780F7C1E3C1E3C1E3E3C1E3C1F781F74
:10AE7000780FF80FF007F007F007E003E003000099
:10AE8000000000000000000000000000000003E0DF
:10AE900003F003F007F0E7F3E7F3E7F3E773F77B7B
:10AEA000F77FFF7F7F7F7F7F7E7F7E3F3E3E3E3E00
:10AEB0003E3E000000000000000000000000000016
:10AEC000000007F80F7C1E3E3E3E3C1FF80FF007C7
:10AED000E007E003E003F007F80F7C0F7C1E3E3C28
:10AEE0001F780F780FF00000000000000000000045
:10AEF00000000000000007F807780F7C1E3C1E3E93
:10AF00003C1F780FF80FF007E003E003E003E003D5
:10AF1000E003E003E003E003E003000000000000C2
:10AF200000000000000000000000FF7FFF7F0F0016
:10AF30001F003E007C00F800F000E001E003C007C5
:10AF4000800F000F001E003E007CFF7FFF7F00008F
:10AF50000000000000000000FF0780078007800756
:10AF600080078007800780078007800780078007A9
:10AF70008007800780078007800780078007800799
:10AF8000800780078007FF07FF0700000078007830
:10AF9000003C003C001E001E000F000F80078007D1
:10AFA000C003C003E001E001F000F0007800780089
:10AFB0003C003C001E001E000F000F0007000000B8
:10AFC000F07FF000F000F000F000F000F000F00082
:10AFD000F000F000F000F000F000F000F000F000F1
:10AFE000F000F000F000F000F000F000F000F07F62
:10AFF000F07F0000C000C001C001E003E003F007E3
:10B00000F0077807780F380F3C1E3C1E1E3C1E3C94
:10B010000F380F78077800000000000000000000E3
:10B020000000000000000000000000000000000020
:10B030000000000000000000000000000000000010
:10B040000000000000000000000000000000000000
:10B050000000FFFFFFFF000000000000F000000004
:10B0600000000000000000000000000000000000E0
:10B0700000000000000000000000000000000000D0
:10B0800000000000000000000000000000000000C0
:10B09000000000000000000000000000F80FFC3F6E
:10B0A0007C3C3E003E003E00FE07FE1F3E3E3E7CD6
:10B0B0003E783E7C7E7CFF3FCF1F000000000000FA
:10B0C00000000000003C003C003C003C003C003C18
:10B0D000F83DFE3F3E3F1F3E0F3C0F3C0F3C0F3CF8
:10B0E0000F3C0F3C1F3C1E3C3E3FFC3FF03B000032
:10B0F0000000000000000000000000000000000050
:10B1000000000000FE03FF0F871F003E003E003CD2
:10B11000007C007C007C003C003E003E871FFF0F4F
:10B12000FE03000000000000000000001F001F00E0
:10B130001F001F001F001F00FF07FF1F3F3E1F3C97
:10B140001F7C1F7C1F7C1F781F781F7C1F7C3F3C4F
:10B150007F3EFF1FDF0F0000000000000000000026
:10B16000000000000000000000000000F803FC0FD9
:10B170003E1F1E3E1F3C1F7CFF7FFF7F007C007C2C
:10B18000003C003E071FFF0FFE0300000000000010
:10B1900000000000FF01E103C003C007C007C007B3
:10B1A000FF7FFF7FC007C007C007C007C007C007F9
:10B1B000C007C007C007C007C007C007C00700001E
:10B1C000000000000000000000000000000000007F
:10B1D00000000000EF07FF1F7F3E1F3C1F7C1F7C0D
:10B1E0001F781F781F781F7C1F7C3F3C7F3EFF1F0E
:10B1F000DF0F1E001E001E007C38F83F003C003CA4
:10B20000003C003C003C003CFC3DFE3F9E3F1F3F9D
:10B210001F3E1F3C1F3C1F3C1F3C1F3C1F3C1F3C54
:10B220001F3C1F3C1F3C000000000000000000000D
:10B23000F001F0010000000000000000E07FE07F6E
:10B24000E001E001E001E001E001E001E001E001F6
:10B25000E001E001E001E001E00100000000000089
:10B2600000000000F800F8000000000000000000EE
:10B27000F83FF83FF800F800F800F800F800F80090
:10B28000F800F800F800F800F800F800F800F800FE
:10B29000F800F000F071E07F003C003C003C003C16
:10B2A000003C003C1F3C3E3C7C3CF83CF03DE03D1B
:10B2B000C03FC03FE03FF03DF83C7C3C3E3C1F3C83
:10B2C0001F3C00000000000000000000F07FF001C3
:10B2D000F001F001F001F001F001F001F001F001E6
:10B2E000F001F001F001F001F001F001F001F001D6
:10B2F000F001F001F001000000000000000000007B
:10B300000000000000000000000000009EF7FFFFAA
:10B31000FFFFFFFFE7FBE7F9C7F1C7F1C7F1C7F18F
:10B32000C7F1C7F1C7F1C7F1C7F100000000000085
:10B33000000000000000000000000000000000000D
:10B34000FC3DFE3F9E3F1F3F1F3E1F3C1F3C1F3CDE
:10B350001F3C1F3C1F3C1F3C1F3C1F3C1F3C000070
:10B3600000000000000000000000000000000000DD
:10B3700000000000F007FC1F3E3E1F3C1F7C0F78C2
:10B380000F780F780F780F781F7C1F3C3E3EFC1F14
:10B39000F0070000000000000000000000000000B6
:10B3A0000000000000000000F83DFE3F3E3F1F3E51
:10B3B0000F3C0F3C0F3C0F3C0F3C0F3C1F3C1E3E14
:10B3C0003E3FFC3FF83F003C003C003C003C003C62
:10B3D000000000000000000000000000EE07FE1F5B
:10B3E0007E3E1E3C1E7C1E781E781E781E781E78BF
:10B3F0001E7C3E7C7E3EFE1FDE0F1E001E001E00D9
:10B400001E001E0000000000000000000000000000
:10B410007F1FFF1FE71FC71F871F001F001F001F81
:10B42000001F001F001F001F001F001F001F000043
:10B43000000000000000000000000000000000000C
:10B4400000000000FC07FE1F0E1E003E003E003FF5
:10B45000E01FFC07FE003E001E001E003E3CFC3FBD
:10B46000F01F0000000000000000000000000000CD
:10B470000000800780078007FF7FFF7F800780072D
:10B480008007800780078007800780078007800784
:10B49000C007FF03FF0100000000000000000000E3
:10B4A0000000000000000000000000001E3C1E3CE8
:10B4B0001E3C1E3C1E3C1E3C1E3C1E3C1E3C1E3CBC
:10B4C0003E3C7E3CFE3EFE1FDE0F00000000000002
:10B4D000000000000000000000000000000000006C
:10B4E00007F00F780F781E3C1E3C1E3E3C1E3C1E93
:10B4F000780F780FF00FF007F007E003E00300008B
:10B50000000000000000000000000000000000003B
:10B510000000000003F0E3F1E3F3E7F3F7F3F7F3E0
:10B52000F77F777F7F7F7F7F7F7F3E3E3E3E3E3E41
:10B530003E3E00000000000000000000000000008F
:10B5400000000000000000000F7C1E3E3C3E3C1F3F
:10B55000F80FF007F007E003F007F807F80F7C1E7C
:10B560003E3E1F3C1F78000000000000000000006D
:10B5700000000000000000000000000007F80F7845
:10B580000F7C1E3C1E3C3C1E3C1E3C1F780FF80FDF
:10B59000F007F007E003E003C003C003C003800727
:10B5A000800F007F0000000000000000000000008D
:10B5B000FF3FFF3F1F003E007C00F800F001E0036A
:10B5C000C007800F001F001E003CFF7FFF7F0000B0
:10B5D0000000000000000000FE01E003C003C00303
:10B5E000C003C003E001E001E001C001C003803FEF
:10B5F000803FC003C001E001E001E001C003C003DF
:10B60000C003C003E003FE017E000000C001C001D2
:10B61000C001C001C001C001C001C001C001C00122
:10B62000C001C001C001C001C001C001C001C00112
:10B63000C001C001C001C001C001C001C0010000C3
:10B64000C03FE003E001E001E001E001C001C00310
:10B65000C003C001E001FE00FE00E001C001C00324
:10B66000C003C001E001E001E001E001E003C03FF0
:10B67000003F00000000000000000000000000008B
:10B6800000000000000000000000073FC77FE773D4
:10B69000FFF17EF00000000000000000000000004C
:10B6A000000000000000000000000000000000009A
:10B6B000000000000000000000000000000000008A
:10B6C0000000000000000000000000000000000C6E
:10B6D000000C000C000C000C000C000C000C000C0A
:10B6E000000C000C0000000C000C0000000000002A
:10B6F0000000001B001B001B001B001B00000000C3
:10B700000000000000000000000000000000000039
:10B710000000000000008019801980198019C07F86
:10B72000C07F80190033C07FC07F003300330033F7
:10B7300000330000000000000000001E003F807584
:10B7400080650074003C001E0007800580658065F0
:10B750008075003F001E000400040000000000701F
:10B7600000D840D8C0D880D900730006000C801BD8
:10B77000C036C066C046C00680030000000000005E
:10B780000000001E003F003300330033001E000C99
:10B79000C03CC066806380618063C03E801C000046
:10B7A000000000000000000C000C000C000C000C5D
:10B7B0000000000000000000000000000000000089
:10B7C00000000000000000008000000100030006EF
:10B7D00000060004000C000C000C000C000C000C17
:10B7E0000004000600060003000180000020001095
:10B7F0000018000C000C00040006000600060006FD
:10B80000000600060004000C000C001800100020C8
:10B810000000000C002D003F001E0033000000005F
:10B820000000000000000000000000000000000018
:10B8300000000000000000000000000C000C000CE4
:10B84000000CC0FFC0FF000C000C000C000C00003E
:10B8500000000000000000000000000000000000E8
:10B8600000000000000000000000000000000000D8
:10B870000000000C000C00040004000800000000A0
:10B880000000000000000000000000000000001E9A
:10B89000001E00000000000000000000000000008A
:10B8A0000000000000000000000000000000000098
:10B8B00000000000000000000000000C000C000070
:10B8C0000000000000000003000300030006000663
:10B8D00000060006000C000C000C000C00180018FC
:10B8E00000180000000000000000001E003F0033B0
:10B8F000806180618061806D806D80618061806128
:10B900000033003F001E00000000000000000006A1
:10B91000000E001E00360026000600060006000687
:10B9200000060006000600060006000000000000F9
:10B930000000001E003F8073806180618001000371
:10B940000006000C001800300060807F807F00003F
:10B95000000000000000001C003E006300630003C4
:10B96000000E000E00038001800180618073003FA3
:10B97000001E00000000000000000006000E000E87
:10B98000001E001E0016003600360066807F807F95
:10B990000006000600060000000000000000007F16
:10B9A000007F006000600060006E007F80638001A7
:10B9B000800180618073003F001E000000000000D5
:10B9C0000000001E003F803380610060006E007F39
:10B9D00080738061806180618033003F001E0000C1
:10B9E000000000000000807F807F800100030003D2
:10B9F00000060006000C000C000C000800180018DF
:10BA000000180000000000000000001E003F8063DE
:10BA1000806180610021001E003F80618061806143
:10BA20008061003F001E0000000000000000001EBA
:10BA3000003F00738061806180618073803F801D62
:10BA4000800180610073003F001E000000000000C4
:10BA500000000000000000000000000C000C0000CE
:10BA600000000000000000000000000C000C0000BE
:10BA700000000000000000000000000000000000C6
:10BA8000000C000C00000000000000000000000C92
:10BA9000000C00040004000800000000000000008A
:10BAA00080008003000E003800600038000E800324
:10BAB0008000000000000000000000000000000006
:10BAC000000000000000807F807F00000000807F79
:10BAD000807F000000000000000000000000000067
:10BAE000000000000000000000400070001C000783
:10BAF00080010007001C00700040000000000000F2
:10BB0000000000000000001F803FC071C060C00046
:10BB1000C00180030007000E000C000C0000000CA8
:10BB2000000C0000000000000000001E003F8031FB
:10BB300080718063806F806D806D806F8067006032
:10BB40000032003E001C0000000000000000000E5B
:10BB5000000E001B001B001B001B80318031803F4A
:10BB6000803F8031C060C060C06000000000000005
:10BB70000000007C007E0063006300630063007EC1
:10BB8000007E0063806180618063007F007E000032
:10BB9000000000000000001E003F80318061006056
:10BBA0000060006000600060006080618031003FE4
:10BBB000001E0000000000000000007C007F006309
:10BBC00080638061806180618061806180610063E9
:10BBD0000063007E007C0000000000000000807F09
:10BBE000807F0060006000600060007F007F006078
:10BBF000006000600060807F807F00000000000027
:10BC00000000807F807F0060006000600060007F37
:10BC1000007F006000600060006000600060000065
:10BC2000000000000000001E003F803180610060C5
:10BC30000060006080638063806180618031803F4C
:10BC4000001E000000000000000080618061806133
:10BC5000806180618061807F807F806180618061A0
:10BC60008061806180610000000000000000003FF2
:10BC7000003F000C000C000C000C000C000C000C31
:10BC8000000C000C000C003F003F00000000000012
:10BC9000000080018001800180018001800180011D
:10BCA00080018001806180618073003F001E000080
:10BCB000000000000000C060806100630066006654
:10BCC000006C0078007C0066006600638061806123
:10BCD000C060000000000000000000600060006024
:10BCE0000060006000600060006000600060006054
:10BCF0000060807F807F0000000000000000C071B5
:10BD0000C071C07BC07AC06AC06AC06EC064C060C7
:10BD1000C060C060C060C060C06000000000000083
:10BD2000000080718071807980798079806D806D6C
:10BD3000806D8065806780678067806380630000B6
:10BD4000000000000000001E003F003380618061A1
:10BD50008061806180618061806180610033003F2B
:10BD6000001E0000000000000000007E007F8063D5
:10BD70008061806180618063007F007E0060006080
:10BD80000060006000600000000000000000001E75
:10BD9000003F0033806180618061806180618061EB
:10BDA000806580670033803F401E00000000000077
:10BDB0000000007E007F8063806180618063007F7F
:10BDC000007E00660063006380618061C0600000E7
:10BDD000000000000000000E001F803180310030A4
:10BDE0000038001E00078003806180618031003FC1
:10BDF000001E0000000000000000C0FFC0FF000C9B
:10BE0000000C000C000C000C000C000C000C000CD2
:10BE1000000C000C000C000000000000000080611D
:10BE2000806180618061806180618061806180610A
:10BE3000806180618073003F001E000000000000F0
:10BE40000000C060C060C060803180318031001B64
:10BE5000001B001B001B000E000E000E0004000063
:10BE6000000000000000C0C0C0C0C0C0C0C0C0C052
:10BE7000C0CC804C804C805E805280528073806148
:10BE800080610000000000000000C0C08060806190
:10BE90000033003B001E000C000C001E001F003B86
:10BEA00080718061C0C00000000000000000C0C0C0
:10BEB0008061806100330033001E001E000C000C06
:10BEC000000C000C000C000C000C00000000000036
:10BED0000000803F803F8001000300030006000C4B
:10BEE000000C0018001800300060807F807F000088
:10BEF00000000000000F000F000C000C000C000CF4
:10BF0000000C000C000C000C000C000C000C000CD1
:10BF1000000C000C000F000F0000001800180018A3
:10BF2000000C000C000C000C0006000600060006C9
:10BF3000000300030003000000000000001E001EBC
:10BF400000060006000600060006000600060006C1
:10BF5000000600060006000600060006001E001E81
:10BF60000000000C000C001E001200330033806142
:10BF700080610000000000000000000000000000E0
:10BF800000000000000000000000000000000000B1
:10BF900000000000000000000000000000000000A1
:10BFA00000000000E0FF0000000000380018000C56
:10BFB0000000000000000000000000000000000081
:10BFC0000000000000000000000000000000000071
:10BFD000000000000000001F803F80618001801F82
:10BFE000803F80618063807FC038000000000000D7
:10BFF00000000060006000600060006E007F8073E1
:10C0000080618061806180618073007F006E0000CC
:10C010000000000000000000000000000000001E02
:10C02000003F807380610060006080618073003F2A
:10C03000001E00000000000000008001800180015F
:10C040008001801D803F807380618061806180619C
:10C050008073803F801D0000000000000000000091
:10C06000000000000000001E003F00738061807F20
:10C07000807F00608071003F001E00000000000013
:10C080000000C007C00F000C000C807F807F000CF8
:10C09000000C000C000C000C000C000C000C00004C
:10C0A000000000000000000000000000801D803F34
:10C0B000807380618061806180618073803F801DBA
:10C0C00080018063007F003E00000060006000602F
:10C0D0000060006F807F807180618061806180611D
:10C0E00080618061806100000000000000000006A7
:10C0F000000600000000003E003E000600060006AC
:10C100000006000600060006000600000000000011
:10C110000006000600000000003E003E000600068B
:10C12000000600060006000600060006000600469F
:10C13000007E003C000000600060006000608061E4
:10C1400000630066006C007C007600630063806121
:10C15000C0600000000000000000003E003E00063D
:10C16000000600060006000600060006000600069F
:10C1700000060006000600000000000000000000AD
:10C1800000000000000080DDC0FFC0CEC0CCC0CCED
:10C19000C0CCC0CCC0CCC0CCC0CC000000000000E3
:10C1A00000000000000000000000006F807F807130
:10C1B0008061806180618061806180618061000058
:10C1C0000000000000000000000000000000001E51
:10C1D000003F807380618061806180618073003F77
:10C1E000001E000000000000000000000000000031
:10C1F000006E007F807380618061806180618073E8
:10C20000007F006E006000600060006000000000C1
:10C2100000000000801D803F80738061806180612C
:10C2200080618073803F801D8001800180018001DA
:10C23000000000000000000000000067803F00399F
:10C24000003000300030003000300030003000009E
:10C250000000000000000000000000000000001EC0
:10C26000803F80610060007F803F80018061007FAF
:10C27000001E000000000000000000000008001880
:10C280000018007F007F0018001800180018001820
:10C290000018801F800F0000000000000000000058
:10C2A0000000000000008061806180618061806129
:10C2B000806180618063807F803D0000000000001D
:10C2C00000000000000000000000C06080318031EC
:10C2D0008031001B001B001B000E000E000600003A
:10C2E000000000000000000000000000000080DDF1
:10C2F00080DD80DD00550055005500770077002275
:10C30000002200000000000000000000000000000B
:10C310000000806100330033001E000C000C001E82
:10C3200000330033806100000000000000000000C6
:10C330000000000080618061803100330033001B09
:10C34000001B001B000E000E000E001C007C007085
:10C3500000000000000000000000C07FC07F8001DE
:10C3600000030006000C00180030C07FC07F0000F2
:10C37000000000008003800700060006000600069B
:10C380000006000E001C001C000E00060006000641
:10C39000000600068007800300060006000600066F
:10C3A000000600060006000600060006000600065D
:10C3B0000006000600060006000600060038003CE5
:10C3C000000C000C000C000C000C000E0007000715
:10C3D000000E000C000C000C000C000C003C00389F
:10C3E0000000000000000000000000000000803895
:10C3F000807F0047000000000000000000000000F7
:10C40000000000000000000000000000000000002C
:10C4100000000000000000000010001000100010DC
:10C42000001000100000001000000000002800288C
:10C4300000280000000000000000000000000000D4
:10C4400000240024007C00240048007C00480048B0
:10C450000000000000380054005000380014005460
:10C460000054003800100000002000540058003034
:10C4700000280054001400080000000000100028EC
:10C48000002800100034004800480034000000007C
:10C49000001000100010000000000000000000006C
:10C4A00000000000000800100020002000200020F4
:10C4B00000200020001000080020001000080008E4
:10C4C00000080008000800080010002000100038D4
:10C4D0000010002800000000000000000000000024
:10C4E0000000000000100010007C00100010000090
:10C4F000000000000000000000000000000000003C
:10C5000000000010001000100000000000000000FB
:10C5100000000038000000000000000000000000E3
:10C5200000000000000000000000001000000000FB
:10C53000000800080010001000100010002000206B
:10C54000000000000038004400440054004400444F
:10C5500000440038000000000010003000500010BF
:10C56000001000100010001000000000003800440F
:10C5700000440004000800100020007C00000000BF
:10C58000003800440004001800040004004400388F
:10C590000000000000080018002800280048007C67
:10C5A0000008000800000000007C00400040007807
:10C5B000000400040044003800000000003800447B
:10C5C00000400078004400440044003800000000AF
:10C5D000007C000400080010001000200020002053
:10C5E00000000000003800440044003800440044CB
:10C5F00000440038000000000038004400440044BB
:10C60000003C00040044003800000000000000006E
:10C6100000100000000000000000001000000000FA
:10C6200000000000000000100000000000000010EA
:10C630000010001000000000000C0030004000302E
:10C64000000C000000000000000000000000007C62
:10C650000000007C0000000000000000000000005E
:10C6600000600018000400180060000000000000D6
:10C670000038004400040008001000100000001002
:10C680000000000000380044004C0054005C0040F2
:10C69000004000380000000000100028002800289A
:10C6A0000028007C004400440000000000780044A2
:10C6B000004400780044004400440078000000007A
:10C6C0000038004400400040004000400044003872
:10C6D0000000000000700048004400440044004492
:10C6E0000048007000000000007C00400040007C1A
:10C6F000004000400040007C00000000007C004042
:10C700000040007800400040004000400000000071
:10C710000038004400400040005C00440044003801
:10C7200000000000004400440044007C0044004439
:10C730000044004400000000003800100010001009
:10C740000010001000100038000000000004000479
:10C75000000400040004000400440038000000004D
:10C760000044004800500060005000480048004469
:10C770000000000000400040004000400040004039
:10C780000040007C000000000044006C006C00547D
:10C7900000440044004400440000000000440064E1
:10C7A000006400540054004C004C004400000000A1
:10C7B0000038004400440044004400440044003871
:10C7C000000000000078004400440044007800406D
:10C7D00000400040000000000038004400440044D5
:10C7E0000044004400540038000400000078004475
:10C7F0000044004400780048004800440000000065
:10C8000000380044004000300008000400440038B4
:10C8100000000000007C001000100010001000104C
:10C8200000100010000000000044004400440044D8
:10C83000004400440044003800000000004400446C
:10C84000004400280028002800100010000000000C
:10C8500000440044005400540054006C0028002898
:10C8600000000000004400280028001000100028EC
:10C870000028004400000000004400440028002874
:10C88000001000100010001000000000007C0004E8
:10C8900000080010001000200040007C0000000094
:10C8A0000018001000100010001000100010001000
:10C8B00000100018002000200010001000100010D0
:10C8C00000080008000000000030001000100010F8
:10C8D00000100010001000100010003000100028A0
:10C8E00000280044000000000000000000000000DC
:10C8F0000000000000000000000000000000000038
:10C90000000000FE002000100000000000000000F9
:10C91000000000000000000000000000003800449B
:10C92000003C0044004C0034000000000040004087
:10C9300000580064004400440064005800000000F7
:10C94000000000000038004400400040004400386F
:10C9500000000000000400040034004C00440044C7
:10C96000004C0034000000000000000000380044CB
:10C97000007C00400044003800000000000C001063
:10C98000007C0010001000100010001000000000DB
:10C99000000000000034004C00440044004C00340F
:10C9A0000004007800400040005800640044004447
:10C9B000004400440000000000100000007000105F
:10C9C0000010001000100010000000000010000017
:10C9D000007000100010001000100010001000E0A7
:10C9E00000400040004800500060005000480044F3
:10C9F0000000000000700010001000100010001077
:10CA0000001000100000000000000000007800543A
:10CA100000540054005400540000000000000000C6
:10CA2000005800640044004400440044000000003A
:10CA30000000000000380044004400440044003876
:10CA400000000000000000000058006400440044A2
:10CA50000064005800400040000000000034004C1A
:10CA600000440044004C00340004000400000000B6
:10CA700000580064004000400040004000000000FA
:10CA80000000000000380044003000080044003876
:10CA9000000000000020002000780020002000207E
:10CAA00000200018000000000000000000440044C6
:10CAB00000440044004C003400000000000000006E
:10CAC0000044004400280028002800100000000056
:10CAD00000000000005400540054006C002800289E
:10CAE00000000000000000000044002800100010BA
:10CAF0000028004400000000000000000044004442
:10CB00000028002800100010001000600000000045
:10CB1000007C0008001000200040007C00000000A5
:10CB2000001800100010001000200020001000105D
:10CB3000001000180010001000100010001000106D
:10CB40000010001000100010003000100010001045
:10CB50000008000800100010001000300000000065
:10CB600000000074004C0000000000000000000005
:10CB70000102000002030405060708090A0B0C0D58
:10CB80000E0F10100000000000000000010203045E
:04CB90000607080983
:04CB94003101000863
:04CB98000D01000883
:10CB9C0010000000101A00005CA300080B1200002B
:10CBAC00A8B60008070A000004C400080100000031
:08CBBC001000000000127A00D5
:04000005080021F5D9
:00000001FF
